Data;Abertura;Máxima;Mínima;Fechamento
24/03/2025 14:00;78,7;78,83;78,6;78,64
24/03/2025 13:00;78,9;79,17;78,65;78,7
24/03/2025 12:00;78,71;78,99;78,7;78,9
24/03/2025 11:00;78,45;78,79;78,42;78,72
24/03/2025 10:00;78,68;78,7;78,35;78,45
24/03/2025 09:00;79,9;80,07;78,21;78,67
21/03/2025 17:05;79,66;80;79,65;79,9
21/03/2025 16:00;79,61;79,71;79,49;79,65
21/03/2025 15:00;79,57;79,9;79,46;79,6
21/03/2025 14:00;80,77;80,79;78,91;79,6
21/03/2025 13:00;80,87;80,87;80,63;80,78
21/03/2025 12:00;81,36;81,39;80,83;80,85
21/03/2025 11:00;81,24;81,67;81,22;81,39
21/03/2025 10:00;81,18;81,3;80,9;81,25
21/03/2025 09:00;80,6;81,42;80,53;81,19
20/03/2025 17:05;80,35;80,76;80,1;80,3
20/03/2025 16:00;80,58;80,59;80,17;80,36
20/03/2025 15:00;80,87;80,87;80,21;80,55
20/03/2025 14:00;81,3;81,48;80,53;80,9
20/03/2025 13:00;82,45;82,81;81,19;81,3
20/03/2025 12:00;82,33;82,48;82,25;82,48
20/03/2025 11:00;82,65;82,75;82,29;82,37
20/03/2025 10:00;82,87;83,08;82,45;82,66
20/03/2025 09:00;83,5;83,74;82,8;82,88
19/03/2025 17:05;83,29;83,65;83,04;83,22
19/03/2025 16:00;83,25;83,34;82,9;83,31
19/03/2025 15:00;83,7;83,77;83,1;83,24
19/03/2025 14:00;83,94;84,15;83,6;83,66
19/03/2025 13:00;84,35;84,4;83,43;83,98
19/03/2025 12:00;84,56;84,6;84,25;84,33
19/03/2025 11:00;84,3;84,8;84,16;84,53
19/03/2025 10:00;84,18;84,39;83,91;84,36
19/03/2025 09:00;84,16;84,4;83,7;84,22
18/03/2025 17:05;84,43;84,56;83,73;83,83
18/03/2025 16:00;84,29;84,5;84,25;84,48
18/03/2025 15:00;84,37;84,46;83,81;84,3
18/03/2025 14:00;84;84,58;83,98;84,38
18/03/2025 13:00;84,1;84,25;83,93;84,01
18/03/2025 12:00;83,71;84,2;83,7;84,14
18/03/2025 11:00;83,12;83,75;83;83,72
18/03/2025 10:00;83,02;83,24;82,87;83,12
18/03/2025 09:00;82,2;83,5;82,2;83,08
17/03/2025 17:05;82,14;82,8;82,14;82,6
17/03/2025 16:00;81,32;82,49;81,22;82,01
17/03/2025 15:00;80,6;81,34;80,6;81,33
17/03/2025 14:00;80,26;80,85;80,26;80,6
17/03/2025 13:00;80,17;80,36;80,05;80,24
17/03/2025 12:00;80,37;80,39;80,07;80,19
17/03/2025 11:00;80,24;80,4;80,21;80,39
17/03/2025 10:00;80,03;80,3;79,91;80,26
17/03/2025 09:00;80,06;80,45;79,8;80
14/03/2025 17:05;79,62;79,94;79,5;79,65
14/03/2025 16:00;80,06;80,08;79,83;79,83
14/03/2025 15:00;80;80,12;79,77;80,07
14/03/2025 14:00;80,25;80,28;79,9;80,01
14/03/2025 13:00;79,89;80,25;79,89;80,25
14/03/2025 12:00;79,73;79,98;79,73;79,89
14/03/2025 11:00;79,79;79,95;79,7;79,78
14/03/2025 10:00;79,61;79,79;79,26;79,79
14/03/2025 09:00;80,28;80,45;79,53;79,6
13/03/2025 17:05;79,88;80;79,52;79,8
13/03/2025 16:00;79,79;79,85;79,61;79,69
13/03/2025 15:00;80;80,08;79,7;79,79
13/03/2025 14:00;80,06;80,1;79,86;79,99
13/03/2025 13:00;79,67;80,27;79,66;80,08
13/03/2025 12:00;79,2;79,88;79,1;79,7
13/03/2025 11:00;79,2;79,3;79;79,22
13/03/2025 10:00;79,09;79,38;79;79,22
13/03/2025 09:00;79,72;80,08;78,83;79,06
12/03/2025 17:05;79,6;79,6;79,45;79,5
12/03/2025 16:00;79,56;79,56;79,31;79,5
12/03/2025 15:00;79,65;79,96;79,31;79,6
12/03/2025 14:00;80,15;80,15;79,26;79,65
12/03/2025 13:00;80,39;80,62;80,01;80,15
12/03/2025 12:00;80,06;80,64;79,93;80,4
12/03/2025 11:00;80,23;80,48;79,8;80,15
12/03/2025 10:00;80,47;80,5;79,83;80,2
12/03/2025 09:00;80,43;81,04;80,26;80,47
11/03/2025 17:05;79,66;79,95;79,66;79,94
11/03/2025 16:00;79,55;79,72;79,49;79,72
11/03/2025 15:00;80,11;80,14;79,55;79,55
11/03/2025 14:00;80,02;80,24;80,01;80,11
11/03/2025 13:00;79,88;80,08;79,77;80,07
11/03/2025 12:00;79,86;80,01;79,69;79,91
11/03/2025 11:00;79,9;80,02;79,83;79,89
11/03/2025 10:00;80,01;80,04;79,82;79,95
11/03/2025 09:00;79,99;80,07;79,76;79,99
10/03/2025 17:05;80,09;80,16;79,99;80,13
10/03/2025 16:00;80,12;80,16;79,87;79,99
10/03/2025 15:00;80,07;80,15;79,97;80,12
10/03/2025 14:00;80,01;80,08;79,95;80,07
10/03/2025 13:00;79,82;80,04;79,82;80
10/03/2025 12:00;79,77;79,86;79,75;79,83
10/03/2025 11:00;79,67;79,85;79,67;79,75
10/03/2025 10:00;79,54;79,71;79,46;79,67
10/03/2025 09:00;79,7;79,89;79,49;79,54
07/03/2025 17:05;78,43;78,69;78,35;78,66
07/03/2025 16:00;78,5;78,53;78,31;78,32
07/03/2025 15:00;78,28;78,72;78,27;78,5
07/03/2025 14:00;78,15;78,31;78,13;78,26
07/03/2025 13:00;78,52;78,53;78,08;78,19
07/03/2025 12:00;78,66;78,85;78,39;78,5
07/03/2025 11:00;78,42;78,67;78,38;78,65
07/03/2025 10:00;78,76;78,81;77,82;78,44
07/03/2025 09:00;79,15;79,15;78,69;78,77
06/03/2025 17:05;78,87;79,09;78,78;79,08
06/03/2025 16:00;78,86;78,96;78,76;78,88
06/03/2025 15:00;79,26;79,31;78,86;78,86
06/03/2025 14:00;79,4;79,42;79,04;79,23
06/03/2025 13:00;79,31;79,47;79,28;79,4
06/03/2025 12:00;79,37;79,45;78,63;79,36
06/03/2025 11:00;79,24;79,38;79,23;79,37
06/03/2025 10:00;79,34;79,43;79,17;79,25
06/03/2025 09:00;78,83;79,48;78,83;79,31
05/03/2025 17:05;78,7;78,9;78,54;78,84
05/03/2025 16:00;78,66;78,71;78,54;78,59
05/03/2025 15:00;78,52;78,79;78,46;78,66
05/03/2025 14:00;78,56;78,71;78,41;78,53
05/03/2025 13:00;78,76;78,98;78,25;78,56
28/02/2025 17:05;79,06;79,08;78,83;78,93
28/02/2025 16:00;78,96;78,99;78,83;78,86
28/02/2025 15:00;79,1;79,35;78,86;78,96
28/02/2025 14:00;79,08;79,27;79,06;79,11
28/02/2025 13:00;79,17;79,21;78,99;79,08
28/02/2025 12:00;79,17;79,26;79,05;79,17
28/02/2025 11:00;79,28;79,31;79,16;79,2
28/02/2025 10:00;79,24;79,38;79,24;79,26
28/02/2025 09:00;79,18;79,4;79,11;79,24
27/02/2025 17:05;79,13;79,17;78,83;78,99
27/02/2025 16:00;79,1;79,16;78,95;78,95
27/02/2025 15:00;78,65;79,26;78,65;79,1
27/02/2025 14:00;78,43;78,78;78,4;78,67
27/02/2025 13:00;78,36;78,54;78,35;78,41
27/02/2025 12:00;78,37;78,43;78,28;78,36
27/02/2025 11:00;78,45;78,5;78,27;78,37
27/02/2025 10:00;78,32;78,52;78,17;78,46
27/02/2025 09:00;78,86;78,86;77,81;78,35
26/02/2025 17:05;78,76;78,79;78,4;78,4
26/02/2025 16:00;78,65;78,68;78,47;78,63
26/02/2025 15:00;78,92;79,08;78,54;78,65
26/02/2025 14:00;78,81;78,97;78,76;78,91
26/02/2025 13:00;78,65;78,81;78,54;78,81
26/02/2025 12:00;78,69;78,71;78,57;78,64
26/02/2025 11:00;78,73;78,79;78,52;78,68
26/02/2025 10:00;78,75;78,99;78,56;78,74
26/02/2025 09:00;78,6;78,94;78,4;78,76
25/02/2025 17:05;77,51;77,79;77,35;77,7
25/02/2025 16:00;77,09;77,22;77,09;77,22
25/02/2025 15:00;76,2;77,12;76,1;77,12
25/02/2025 14:00;76,35;76,44;76,19;76,19
25/02/2025 13:00;76,35;76,53;76,3;76,35
25/02/2025 12:00;76,33;76,62;76,14;76,34
25/02/2025 11:00;76,68;76,81;76,11;76,38
25/02/2025 10:00;76,61;76,74;76,53;76,7
25/02/2025 09:00;76,94;76,99;76,49;76,63
24/02/2025 17:05;76,13;76,72;76;76,72
24/02/2025 16:00;76,4;76,4;75,83;76,17
24/02/2025 15:00;77,22;77,24;76,23;76,41
24/02/2025 14:00;77,4;77,4;77,13;77,24
24/02/2025 13:00;77,4;77,67;77,4;77,42
24/02/2025 12:00;77,44;77,69;77,36;77,41
24/02/2025 11:00;77,24;77,5;77,12;77,43
24/02/2025 10:00;77,2;77,34;77,14;77,24
24/02/2025 09:00;77,36;77,52;76,92;77,21
21/02/2025 17:05;77,41;77,53;77,04;77,22
21/02/2025 16:00;77,52;77,55;77,28;77,44
21/02/2025 15:00;77,6;77,75;77,41;77,5
21/02/2025 14:00;77,17;77,67;77,11;77,59
21/02/2025 13:00;77,08;77,26;77,02;77,17
21/02/2025 12:00;76,65;77,09;76,5;77,04
21/02/2025 11:00;76,7;76,81;76,63;76,65
21/02/2025 10:00;76,73;76,84;76,58;76,7
21/02/2025 09:00;76,44;76,98;76,44;76,71
20/02/2025 17:05;75,22;75,72;75,22;75,63
20/02/2025 16:00;75,31;75,37;75,18;75,35
20/02/2025 15:00;75,09;75,4;75,09;75,32
20/02/2025 14:00;75;75,17;74,97;75,09
20/02/2025 13:00;74,71;75,07;74,67;75
20/02/2025 12:00;74,71;74,88;74,62;74,7
20/02/2025 11:00;74,71;74,77;74,57;74,71
20/02/2025 10:00;74,39;74,75;74,31;74,71
20/02/2025 09:00;74,44;74,62;74,3;74,39
19/02/2025 17:05;73,56;73,74;73,53;73,65
19/02/2025 16:00;73,53;73,62;73,5;73,53
19/02/2025 15:00;73,44;73,59;73,35;73,53
19/02/2025 14:00;73,5;73,58;73,3;73,44
19/02/2025 13:00;73,62;73,7;73,44;73,48
19/02/2025 12:00;73,09;73,62;72,94;73,62
19/02/2025 11:00;73,12;73,2;73;73,08
19/02/2025 10:00;73,13;73,35;72,8;73,15
19/02/2025 09:00;72,99;73,26;72,99;73,12
18/02/2025 17:05;73,58;73,76;73,5;73,71
18/02/2025 16:00;73,4;73,67;73,29;73,49
18/02/2025 15:00;73,31;73,62;73,27;73,41
18/02/2025 14:00;73,55;73,66;73,17;73,32
18/02/2025 13:00;73,72;73,77;73,39;73,55
18/02/2025 12:00;73,71;73,86;73,49;73,71
18/02/2025 11:00;73,8;73,88;73,57;73,67
18/02/2025 10:00;73,44;73,9;73,4;73,79
18/02/2025 09:00;73,03;73,66;72,9;73,42
17/02/2025 17:05;73,26;73,6;73,23;73,58
17/02/2025 16:00;73,32;73,46;73,15;73,17
17/02/2025 15:00;73,85;73,98;73,3;73,36
17/02/2025 14:00;73,99;74;73,51;73,84
17/02/2025 13:00;74,06;74,08;73,96;73,99
17/02/2025 12:00;74,04;74,12;73,97;74,04
17/02/2025 11:00;74,13;74,15;74,01;74,05
17/02/2025 10:00;73,95;74,15;73,93;74,15
17/02/2025 09:00;73,6;74,08;73,6;73,99
14/02/2025 17:05;73,36;73,52;73,26;73,5
14/02/2025 16:00;73,47;73,53;73,39;73,42
14/02/2025 15:00;73,31;73,53;73,31;73,46
14/02/2025 14:00;73,35;73,51;73,13;73,31
14/02/2025 13:00;73,22;73,34;73,19;73,3
14/02/2025 12:00;73,13;73,24;73,09;73,21
14/02/2025 11:00;72,79;73,15;72,76;73,12
14/02/2025 10:00;72,79;72,91;72,71;72,79
14/02/2025 09:00;72,6;72,8;72,46;72,78
13/02/2025 17:05;72,59;72,79;72,53;72,67
13/02/2025 16:00;72,69;72,72;72,5;72,59
13/02/2025 15:00;72,53;72,79;72,52;72,67
13/02/2025 14:00;72,69;72,7;72,29;72,53
13/02/2025 13:00;72,57;72,71;72,53;72,69
13/02/2025 12:00;72,61;72,66;72,49;72,57
13/02/2025 11:00;72,46;72,67;72,46;72,59
13/02/2025 10:00;72,21;72,53;72,21;72,43
13/02/2025 09:00;72,21;72,45;72,17;72,2
12/02/2025 17:05;71,58;71,98;71,47;71,85
12/02/2025 16:00;71,43;71,68;71,36;71,45
12/02/2025 15:00;71,31;71,58;71,19;71,41
12/02/2025 14:00;71,52;71,55;71,3;71,31
12/02/2025 13:00;71,46;71,62;71,46;71,54
12/02/2025 12:00;71,39;71,66;71,16;71,46
12/02/2025 11:00;71,22;71,45;71,13;71,38
12/02/2025 10:00;71,78;71,81;71,1;71,19
12/02/2025 09:00;71,87;71,87;71,41;71,8
11/02/2025 17:05;71,26;71,71;71,26;71,61
11/02/2025 16:00;71,8;71,81;71,26;71,26
11/02/2025 15:00;71,97;72,03;71,71;71,8
11/02/2025 14:00;72,3;72,35;71,83;71,97
11/02/2025 13:00;72,28;72,47;72,18;72,33
11/02/2025 12:00;72,2;72,34;72,18;72,32
11/02/2025 11:00;72,12;72,18;71,94;72,18
11/02/2025 10:00;72,17;72,3;72,1;72,12
11/02/2025 09:00;71,77;72,28;71,68;72,16
10/02/2025 17:05;72,12;72,17;72;72,04
10/02/2025 16:00;72,23;72,28;72,03;72,03
10/02/2025 15:00;72,08;72,29;72,03;72,23
10/02/2025 14:00;72,08;72,15;71,95;72,1
10/02/2025 13:00;71,92;72,15;71,92;72,08
10/02/2025 12:00;71,89;71,93;71,75;71,93
10/02/2025 11:00;71,96;72,07;71,8;71,89
10/02/2025 10:00;71,84;72,03;71,68;71,98
10/02/2025 09:00;71,62;71,89;71,44;71,83
07/02/2025 17:05;71,17;71,27;71,07;71,21
07/02/2025 16:00;71,41;71,44;71,07;71,07
07/02/2025 15:00;71,22;71,44;71,08;71,41
07/02/2025 14:00;71,31;71,4;71,23;71,27
07/02/2025 13:00;71,23;71,31;71;71,3
07/02/2025 12:00;71,26;71,36;71,1;71,23
07/02/2025 11:00;71,07;71,52;71,04;71,27
07/02/2025 10:00;71,12;71,25;71,07;71,08
07/02/2025 09:00;71,17;71,3;70,87;71,08
06/02/2025 17:05;71,17;71,31;71,17;71,31
06/02/2025 16:00;71,26;71,3;70,99;71,05
06/02/2025 15:00;71,35;71,4;71,21;71,3
06/02/2025 14:00;71,13;71,35;71,07;71,34
06/02/2025 13:00;70,81;71,15;70,67;71,15
06/02/2025 12:00;70,72;70,95;70,62;70,82
06/02/2025 11:00;70,44;70,72;70,16;70,7
06/02/2025 10:00;70,67;70,67;69,92;70,43
06/02/2025 09:00;70,97;71,24;70,36;70,68
05/02/2025 17:05;70,97;70,97;70,77;70,85
05/02/2025 16:00;70,88;70,97;70,86;70,9
05/02/2025 15:00;70,63;70,89;70,61;70,88
05/02/2025 14:00;70,57;70,76;70,46;70,63
05/02/2025 13:00;70,36;70,7;70,35;70,59
05/02/2025 12:00;70,3;70,44;70,27;70,36
05/02/2025 11:00;70,66;70,68;70,25;70,32
05/02/2025 10:00;70,44;70,73;70,36;70,67
05/02/2025 09:00;70,03;70,46;69,96;70,42
04/02/2025 17:05;69,8;69,93;69,72;69,86
04/02/2025 16:00;69,66;69,82;69,64;69,78
04/02/2025 15:00;69,45;69,7;69,42;69,65
04/02/2025 14:00;69,53;69,62;69,41;69,47
04/02/2025 13:00;69,35;69,57;69,34;69,52
04/02/2025 12:00;69,47;69,57;69,17;69,36
04/02/2025 11:00;69,45;69,55;69,31;69,52
04/02/2025 10:00;69,52;69,6;69,39;69,47
04/02/2025 09:00;69,04;69,52;69,03;69,52
03/02/2025 17:05;68,84;68,97;68,77;68,79
03/02/2025 16:00;68,86;68,89;68,75;68,84
03/02/2025 15:00;68,71;68,89;68,64;68,84
03/02/2025 14:00;68,66;68,71;68,41;68,66
03/02/2025 13:00;68,53;68,73;68,35;68,64
03/02/2025 12:00;68,92;68,96;68,5;68,57
03/02/2025 11:00;68,96;69,03;68,73;68,93
03/02/2025 10:00;68,59;69,04;68,49;68,96
03/02/2025 09:00;68,44;68,62;68,07;68,6
31/01/2025 17:05;68,72;68,81;68,44;68,53
31/01/2025 16:00;68,82;68,89;68,71;68,71
31/01/2025 15:00;68,83;68,98;68,75;68,8
31/01/2025 14:00;68,87;68,96;68,73;68,82
31/01/2025 13:00;68,9;68,98;68,84;68,84
31/01/2025 12:00;68,74;68,93;68,71;68,92
31/01/2025 11:00;68,65;68,78;68,53;68,75
31/01/2025 10:00;69,09;69,14;68,44;68,64
31/01/2025 09:00;69,25;69,33;69;69,11
30/01/2025 17:05;69,24;69,41;69,23;69,39
30/01/2025 16:00;69,14;69,25;69,14;69,19
30/01/2025 15:00;69,03;69,21;69,03;69,13
30/01/2025 14:00;69,06;69,11;68,94;69,02
30/01/2025 13:00;68,96;69,16;68,9;69,06
30/01/2025 12:00;68,8;68,98;68,72;68,96
30/01/2025 11:00;68,95;69,07;68,72;68,81
30/01/2025 10:00;69,05;69,07;68,88;68,95
30/01/2025 09:00;69,07;69,35;68,99;69,05
29/01/2025 17:05;69,03;69,09;68,8;68,8
29/01/2025 16:00;68,84;68,99;68,81;68,91
29/01/2025 15:00;68,53;68,89;68,53;68,87
29/01/2025 14:00;68,64;68,7;68,46;68,52
29/01/2025 13:00;68,42;68,66;68,32;68,63
29/01/2025 12:00;68,26;68,43;68,24;68,42
29/01/2025 11:00;68,5;68,56;68,21;68,24
29/01/2025 10:00;68,26;68,52;68,26;68,49
29/01/2025 09:00;68,44;68,58;68,25;68,25
28/01/2025 17:05;68,1;68,32;68,08;68,22
28/01/2025 16:00;68,07;68,17;67,99;68,12
28/01/2025 15:00;68,07;68,14;68,03;68,04
28/01/2025 14:00;68,14;68,17;68,01;68,08
28/01/2025 13:00;68,06;68,23;68,06;68,14
28/01/2025 12:00;68,07;68,16;68,04;68,08
28/01/2025 11:00;68,08;68,25;68,03;68,07
28/01/2025 10:00;68,07;68,19;67,91;68,07
28/01/2025 09:00;68,37;68,69;68;68,09
27/01/2025 17:05;68,14;68,28;67,89;68,01
27/01/2025 16:00;67,95;68,37;67,83;68,3
27/01/2025 15:00;68,01;68,03;67,8;67,93
27/01/2025 14:00;67,94;68,07;67,8;67,98
27/01/2025 13:00;68,03;68,04;67,89;67,95
27/01/2025 12:00;67,92;68,06;67,87;68,03
27/01/2025 11:00;67,95;68,42;67,83;67,92
27/01/2025 10:00;67,83;68,05;67,71;67,96
27/01/2025 09:00;68,3;68,3;67,83;67,83
24/01/2025 17:05;68,35;68,55;68,35;68,46
24/01/2025 16:00;68,74;68,89;68,35;68,39
24/01/2025 15:00;68,19;68,89;68,11;68,8
24/01/2025 14:00;68,34;68,34;68,04;68,21
24/01/2025 13:00;68,41;68,43;68,3;68,35
24/01/2025 12:00;68,46;68,59;68,36;68,39
24/01/2025 11:00;68,33;68,52;68,3;68,44
24/01/2025 10:00;68,63;68,66;68,25;68,32
24/01/2025 09:00;69,16;69,28;68,53;68,64
23/01/2025 17:05;69,46;69,76;69,46;69,48
23/01/2025 16:00;69,5;69,55;69,37;69,55
23/01/2025 15:00;69,52;69,54;69,35;69,47
23/01/2025 14:00;69,87;70,03;69,26;69,52
23/01/2025 13:00;69,92;70,07;69,76;69,92
23/01/2025 12:00;69,67;70,06;69,67;69,9
23/01/2025 11:00;69,78;70,06;69,62;69,65
23/01/2025 10:00;69,16;69,98;68,95;69,82
23/01/2025 09:00;69,34;69,64;68,98;69,16
22/01/2025 17:05;69,22;69,25;69,04;69,11
22/01/2025 16:00;69,16;69,35;69,07;69,26
22/01/2025 15:00;69,35;69,35;69,08;69,14
22/01/2025 14:00;69,51;69,66;69,21;69,31
22/01/2025 13:00;69,54;69,6;69,46;69,51
22/01/2025 12:00;69,48;69,66;69,39;69,55
22/01/2025 11:00;69,89;70,07;69,35;69,49
22/01/2025 10:00;69,82;70,03;69,67;69,89
22/01/2025 09:00;70,49;70,49;69,55;69,79
21/01/2025 17:05;70,49;70,49;70,26;70,32
21/01/2025 16:00;70,75;70,8;70,44;70,49
21/01/2025 15:00;70,77;70,86;70,62;70,76
21/01/2025 14:00;70,84;70,88;70,74;70,77
21/01/2025 13:00;70,61;70,93;70,58;70,77
21/01/2025 12:00;70,64;70,75;70,36;70,61
21/01/2025 11:00;70,94;70,99;70,46;70,57
21/01/2025 10:00;70,44;71,06;70,35;70,89
21/01/2025 09:00;71;71,17;70,17;70,47
20/01/2025 17:05;71,21;71,25;70,98;71,21
20/01/2025 16:00;71,08;71,17;70,98;71,14
20/01/2025 15:00;70,87;71,12;70,71;71,05
20/01/2025 14:00;70,61;71,23;70,61;70,87
20/01/2025 13:00;70,61;70,62;70,52;70,6
20/01/2025 12:00;70,45;70,76;70,45;70,61
20/01/2025 11:00;70,45;70,56;70,36;70,44
20/01/2025 10:00;70,77;70,83;70,35;70,41
20/01/2025 09:00;69,98;70,96;69,31;70,79
17/01/2025 17:05;69,66;69,94;69,26;69,89
17/01/2025 16:00;70,16;70,21;69,71;69,8
17/01/2025 15:00;70,29;70,35;70,07;70,14
17/01/2025 14:00;70,42;70,62;69,91;70,27
17/01/2025 13:00;69,97;70,69;69,81;70,41
17/01/2025 12:00;69,76;69,97;69,66;69,94
17/01/2025 11:00;69,92;70,07;69,63;69,75
17/01/2025 10:00;69,11;70,07;69,11;69,9
17/01/2025 09:00;68,98;69,25;68,7;69,07
16/01/2025 17:05;69,3;69,38;69,14;69,25
16/01/2025 16:00;69,65;69,66;69,26;69,33
16/01/2025 15:00;70,03;70,16;69,64;69,65
16/01/2025 14:00;69,91;70,21;69,9;70,03
16/01/2025 13:00;70,06;70,06;69,69;69,9
16/01/2025 12:00;70,14;70,16;70;70,06
16/01/2025 11:00;70,19;70,4;70,14;70,15
16/01/2025 10:00;70,06;70,35;70,05;70,21
16/01/2025 09:00;70,75;70,85;69,89;70,06
15/01/2025 17:05;70,96;70,97;70,81;70,89
15/01/2025 16:00;70,94;70,98;70,87;70,98
15/01/2025 15:00;71,57;71,59;70,75;70,94
15/01/2025 14:00;71,53;71,68;71,34;71,59
15/01/2025 13:00;71,54;71,66;71,48;71,53
15/01/2025 12:00;71,68;71,7;71,4;71,52
15/01/2025 11:00;71,44;71,83;71,4;71,68
15/01/2025 10:00;71,68;71,68;71,37;71,42
15/01/2025 09:00;71,44;71,77;71,14;71,67
14/01/2025 17:05;72,08;72,14;71,94;72,08
14/01/2025 16:00;72;72,15;71,9;72,04
14/01/2025 15:00;72,69;72,71;71,96;72,04
14/01/2025 14:00;72,93;72,99;72,44;72,69
14/01/2025 13:00;72,59;72,99;72,59;72,93
14/01/2025 12:00;72,33;72,94;72,3;72,59
14/01/2025 11:00;72,05;72,39;72,03;72,32
14/01/2025 10:00;71,78;72,07;71,67;72,04
14/01/2025 09:00;72,52;72,52;71,63;71,8
13/01/2025 17:05;72,7;72,71;72,58;72,7
13/01/2025 16:00;72,71;72,73;72,58;72,73
13/01/2025 15:00;72,82;72,85;72,49;72,75
13/01/2025 14:00;72,71;72,99;72,64;72,81
13/01/2025 13:00;72,49;72,75;72,44;72,7
13/01/2025 12:00;72,39;72,49;72,29;72,49
13/01/2025 11:00;71,98;72,41;71,78;72,39
13/01/2025 10:00;71,94;72,23;71,75;71,98
13/01/2025 09:00;71,19;72,52;71,19;71,94
10/01/2025 17:05;70,94;71,02;70,67;70,88
10/01/2025 16:00;70,88;70,98;70,84;70,94
10/01/2025 15:00;70,7;70,89;70,46;70,87
10/01/2025 14:00;70,35;71,07;70,32;70,7
10/01/2025 13:00;70,44;70,47;70,32;70,33
10/01/2025 12:00;69,97;70,44;69,97;70,42
10/01/2025 11:00;70,43;70,65;69,96;69,97
10/01/2025 10:00;69,73;70,51;69,61;70,43
10/01/2025 09:00;70,07;70,08;69,66;69,73
09/01/2025 17:05;69,89;69,99;69,86;69,89
09/01/2025 16:00;69,82;69,88;69,73;69,84
09/01/2025 15:00;69,6;69,96;69,53;69,8
09/01/2025 14:00;69,3;69,74;69,3;69,59
09/01/2025 13:00;69,31;69,53;68,99;69,3
09/01/2025 12:00;69,32;69,42;69,23;69,34
09/01/2025 11:00;68,96;69,38;68,95;69,3
09/01/2025 10:00;69,05;69,11;68,84;68,96
09/01/2025 09:00;68,99;69,23;68,83;69,04
08/01/2025 17:05;69,27;69,35;69,2;69,25
08/01/2025 16:00;69,23;69,34;69,18;69,19
08/01/2025 15:00;69,21;69,29;69,2;69,24
08/01/2025 14:00;69,26;69,41;69,2;69,21
08/01/2025 13:00;69,16;69,44;69,14;69,24
08/01/2025 12:00;69,08;69,16;69,04;69,16
08/01/2025 11:00;69,15;69,2;69,02;69,08
08/01/2025 10:00;69,24;69,27;69,13;69,16
08/01/2025 09:00;69,28;69,35;69,13;69,23
07/01/2025 17:05;68,84;68,98;68,84;68,98
07/01/2025 16:00;68,84;68,9;68,73;68,81
07/01/2025 15:00;68,56;68,87;68,54;68,83
07/01/2025 14:00;68,65;68,76;68,56;68,56
07/01/2025 13:00;68,83;68,85;68,62;68,66
07/01/2025 12:00;68,85;68,96;68,73;68,82
07/01/2025 11:00;68,76;68,99;68,72;68,84
07/01/2025 10:00;69,07;69,22;68,71;68,71
07/01/2025 09:00;69,23;69,23;68,84;69,08
06/01/2025 17:05;69,18;69,36;69,13;69,31
06/01/2025 16:00;69,04;69,15;69,03;69,13
06/01/2025 15:00;68,86;69,11;68,76;69,09
06/01/2025 14:00;68,21;68,93;68,16;68,84
06/01/2025 13:00;68,43;68,47;68,17;68,21
06/01/2025 12:00;68,5;68,6;68,37;68,44
06/01/2025 11:00;68,36;68,6;68,36;68,5
06/01/2025 10:00;68,23;68,56;68,1;68,41
06/01/2025 09:00;68,07;68,37;67,95;68,24
03/01/2025 17:05;68;68,14;67,97;68,06
03/01/2025 16:00;67,98;68,06;67,9;68,01
03/01/2025 15:00;68,37;68,4;67,98;67,98
03/01/2025 14:00;68,45;68,5;68,37;68,38
03/01/2025 13:00;68,39;68,51;68,38;68,45
03/01/2025 12:00;68,42;68,49;68,29;68,38
03/01/2025 11:00;68,51;68,56;68,4;68,44
03/01/2025 10:00;68,5;68,67;68,44;68,51
03/01/2025 09:00;68,5;68,78;68,5;68,53
02/01/2025 17:05;68,39;68,53;68,35;68,45
02/01/2025 16:00;68,56;68,56;68,4;68,49
02/01/2025 15:00;68,82;68,83;68,39;68,56
02/01/2025 14:00;69,12;69,15;68,81;68,84
02/01/2025 13:00;69,33;69,36;69,05;69,12
02/01/2025 12:00;69,33;69,41;69,18;69,26
02/01/2025 11:00;69,34;69,36;69,25;69,29
02/01/2025 10:00;69,31;69,56;69,18;69,32
02/01/2025 09:00;69,23;69,51;68,82;69,34
30/12/2024 17:05;69,13;69,13;68,92;68,99
30/12/2024 16:00;68,91;69,13;68,9;68,9
30/12/2024 15:00;68,81;69,15;68,75;68,95
30/12/2024 14:00;68,76;68,84;68,53;68,75
30/12/2024 13:00;68,86;69,18;68,76;68,76
30/12/2024 12:00;68,63;68,89;68,62;68,88
30/12/2024 11:00;68,7;68,87;68,62;68,62
30/12/2024 10:00;68,8;68,95;68,56;68,66
30/12/2024 09:00;68,81;68,87;68,53;68,8
27/12/2024 17:05;68,56;68,62;68,44;68,61
27/12/2024 16:00;68,43;68,64;68,43;68,44
27/12/2024 15:00;68,34;68,54;68,28;68,45
27/12/2024 14:00;68,42;68,48;68,35;68,37
27/12/2024 13:00;68,37;68,43;68,3;68,41
27/12/2024 12:00;68,27;68,41;68,2;68,38
27/12/2024 11:00;68,29;68,32;68,23;68,26
27/12/2024 10:00;68,45;68,47;68,3;68,3
27/12/2024 09:00;68,16;68,48;68,15;68,45
26/12/2024 17:05;68,41;68,5;68,34;68,43
26/12/2024 16:00;68,6;68,62;68,25;68,43
26/12/2024 15:00;68,58;68,66;68,53;68,62
26/12/2024 14:00;68,51;68,62;68,49;68,56
26/12/2024 13:00;68,38;68,52;68,28;68,52
26/12/2024 12:00;68,53;68,56;68,15;68,42
26/12/2024 11:00;68,65;68,66;68,47;68,49
26/12/2024 10:00;68,61;68,76;68,47;68,62
26/12/2024 09:00;68,69;68,91;68,49;68,63
23/12/2024 17:05;68,71;68,79;68,64;68,69
23/12/2024 16:00;68,56;68,68;68,53;68,67
23/12/2024 15:00;68,56;68,7;68,49;68,58
23/12/2024 14:00;68,62;68,67;68,53;68,59
23/12/2024 13:00;68,77;68,81;68,48;68,62
23/12/2024 12:00;68,89;68,99;68,79;68,79
23/12/2024 11:00;68,84;68,94;68,7;68,87
23/12/2024 10:00;68,78;68,84;68,69;68,83
23/12/2024 09:00;68,63;68,9;68,63;68,76
20/12/2024 17:05;68,45;68,51;68,43;68,44
20/12/2024 16:00;68,52;68,58;68,44;68,57
20/12/2024 15:00;68,56;68,7;68,48;68,49
20/12/2024 14:00;68,68;68,7;68,46;68,55
20/12/2024 13:00;68,55;68,82;68,47;68,68
20/12/2024 12:00;68,78;68,83;68,35;68,56
20/12/2024 11:00;68,82;68,96;68,71;68,78
20/12/2024 10:00;68,84;69,06;68,71;68,81
20/12/2024 09:00;68,84;69;68,61;68,83
19/12/2024 17:05;69,18;69,18;68,91;68,91
19/12/2024 16:00;69,24;69,24;68,99;69,13
19/12/2024 15:00;69,4;69,4;69,21;69,23
19/12/2024 14:00;69,37;69,43;69,29;69,42
19/12/2024 13:00;69,71;69,8;69,32;69,37
19/12/2024 12:00;69,75;69,82;69,38;69,7
19/12/2024 11:00;69,74;69,99;69,65;69,77
19/12/2024 10:00;69,77;70,01;69,7;69,74
19/12/2024 09:00;69,7;70,16;69,68;69,74
18/12/2024 17:05;70,11;70,28;69,93;70,02
18/12/2024 16:00;69,72;69,92;69,6;69,91
18/12/2024 15:00;69,37;69,74;69,32;69,72
18/12/2024 14:00;69,39;69,42;69,28;69,38
18/12/2024 13:00;69,43;69,54;69,34;69,4
18/12/2024 12:00;69,32;69,51;69,32;69,42
18/12/2024 11:00;69,16;69,39;69,06;69,32
18/12/2024 10:00;69,53;69,54;68,9;69,18
18/12/2024 09:00;69,44;69,65;69,1;69,54
17/12/2024 17:05;69,77;69,84;69,56;69,7
17/12/2024 16:00;69,48;69,74;69,35;69,74
17/12/2024 15:00;69,42;69,56;69,19;69,48
17/12/2024 14:00;69,74;69,92;69,37;69,4
17/12/2024 13:00;70,09;70,1;69,73;69,74
17/12/2024 12:00;70,1;70,35;70,02;70,1
17/12/2024 11:00;69,86;70,21;69,84;70,1
17/12/2024 10:00;69,66;69,91;69,62;69,85
17/12/2024 09:00;69,18;69,89;69,18;69,69
16/12/2024 17:05;69,01;69,32;68,97;69,13
16/12/2024 16:00;69,44;69,49;69,06;69,18
16/12/2024 15:00;69,49;69,63;69,4;69,48
16/12/2024 14:00;69,23;69,58;69,13;69,48
16/12/2024 13:00;68,74;69,23;68,71;69,21
16/12/2024 12:00;68,85;68,9;68,57;68,74
16/12/2024 11:00;68,86;69,07;68,82;68,85
16/12/2024 10:00;68,95;68,98;68,75;68,89
16/12/2024 09:00;69,46;69,49;68,87;68,95
13/12/2024 17:05;69,58;69,65;69,54;69,54
13/12/2024 16:00;69,72;69,77;69,51;69,64
13/12/2024 15:00;69,8;69,84;69,51;69,72
13/12/2024 14:00;69,74;69,93;69,61;69,82
13/12/2024 13:00;69,56;70,01;69,56;69,74
13/12/2024 12:00;69,59;69,7;69,46;69,56
13/12/2024 11:00;69,89;69,93;69,56;69,6
13/12/2024 10:00;70,09;70,09;69,86;69,89
13/12/2024 09:00;69,88;70,12;69,66;70,12
12/12/2024 17:05;70,17;70,49;69,99;70,38
12/12/2024 16:00;70,86;70,87;70,16;70,3
12/12/2024 15:00;71,16;71,21;70,72;70,86
12/12/2024 14:00;70,58;71,39;70,54;71,19
12/12/2024 13:00;71,14;71,33;70,6;70,61
12/12/2024 12:00;70,3;71,14;70,24;71,14
12/12/2024 11:00;70,31;70,57;70,05;70,33
12/12/2024 10:00;70,28;70,51;69,7;70,33
12/12/2024 09:00;70,8;70,93;70,3;70,3
11/12/2024 17:05;71,5;71,5;71,24;71,24
11/12/2024 16:00;71,57;71,67;71,36;71,47
11/12/2024 15:00;71,93;72,01;71,52;71,57
11/12/2024 14:00;70,97;71,98;70,92;71,93
11/12/2024 13:00;70,94;71,04;70,85;70,97
11/12/2024 12:00;70,81;71;70,71;70,95
11/12/2024 11:00;70,19;70,89;70,12;70,81
11/12/2024 10:00;70,42;70,43;69,85;70,16
11/12/2024 09:00;70,58;71,05;70,26;70,44
10/12/2024 17:05;70,9;71,02;70,77;70,86
10/12/2024 16:00;71;71,05;70,88;70,9
10/12/2024 15:00;70,85;71,07;70,72;71
10/12/2024 14:00;70,23;70,85;70,14;70,84
10/12/2024 13:00;70,14;70,29;70;70,23
10/12/2024 12:00;69,98;70,2;69,95;70,12
10/12/2024 11:00;69,99;70,07;69,9;69,93
10/12/2024 10:00;70,11;70,14;69,89;70
10/12/2024 09:00;70,13;70,35;69,7;70,1
09/12/2024 17:05;69,93;70,02;69,83;70,02
09/12/2024 16:00;70,06;70,07;69,94;69,98
09/12/2024 15:00;69,88;70,06;69,72;70,06
09/12/2024 14:00;69,83;69,92;69,59;69,88
09/12/2024 13:00;69,5;69,93;69,5;69,83
09/12/2024 12:00;69,17;69,5;69,11;69,45
09/12/2024 11:00;68,98;69,17;68,85;69,16
09/12/2024 10:00;69,18;69,18;68,86;68,96
09/12/2024 09:00;69,32;69,58;68,65;69,16
06/12/2024 17:05;69,18;69,18;69,06;69,07
06/12/2024 16:00;69,17;69,27;69,04;69,13
06/12/2024 15:00;68,91;69,18;68,75;69,16
06/12/2024 14:00;68,6;69,02;68,6;68,93
06/12/2024 13:00;68,29;68,67;68,21;68,59
06/12/2024 12:00;68,25;68,4;68,21;68,29
06/12/2024 11:00;67,68;68,25;67,62;68,25
06/12/2024 10:00;68,24;68,29;67,41;67,66
06/12/2024 09:00;67,76;68,41;67,73;68,23
05/12/2024 17:05;67,75;67,75;67,61;67,73
05/12/2024 16:00;67,52;67,69;67,46;67,64
05/12/2024 15:00;67,08;67,57;67,08;67,52
05/12/2024 14:00;66,95;67,4;66,87;67,07
05/12/2024 13:00;66,83;67,03;66,68;66,93
05/12/2024 12:00;66,83;67,19;66,62;66,81
05/12/2024 11:00;66,21;67,07;65,99;66,82
05/12/2024 10:00;66,31;66,35;66,13;66,23
05/12/2024 09:00;66,2;66,3;65,88;66,3
04/12/2024 17:05;66,58;66,58;66,17;66,24
04/12/2024 16:00;66,63;66,66;66,43;66,52
04/12/2024 15:00;66,7;66,77;66,53;66,64
04/12/2024 14:00;66,65;66,79;66,59;66,7
04/12/2024 13:00;66,78;66,84;66,61;66,61
04/12/2024 12:00;66,77;66,83;66,59;66,76
04/12/2024 11:00;66,9;66,91;66,69;66,8
04/12/2024 10:00;66,66;66,98;66,54;66,89
04/12/2024 09:00;67,4;67,4;66,5;66,67
03/12/2024 17:05;67,61;67,66;67,36;67,44
03/12/2024 16:00;67,47;67,69;67,43;67,59
03/12/2024 15:00;67,7;67,73;67,32;67,46
03/12/2024 14:00;67,61;67,78;67,59;67,69
03/12/2024 13:00;67,52;67,67;67,46;67,6
03/12/2024 12:00;67,66;67,71;67,52;67,52
03/12/2024 11:00;67,52;67,75;67,49;67,66
03/12/2024 10:00;67,62;67,84;67,5;67,51
03/12/2024 09:00;67,59;67,81;67,38;67,59
02/12/2024 17:05;67,9;67,9;67,47;67,55
02/12/2024 16:00;67,63;67,83;67,59;67,82
02/12/2024 15:00;67,53;67,66;67,5;67,63
02/12/2024 14:00;67,38;67,57;67,38;67,53
02/12/2024 13:00;67,36;67,45;67,28;67,4
02/12/2024 12:00;67,36;67,47;67,25;67,35
02/12/2024 11:00;67,57;67,69;67,26;67,33
02/12/2024 10:00;67,39;67,63;67,31;67,57
02/12/2024 09:00;67,12;67,86;67,1;67,38
29/11/2024 17:05;67,09;67,09;66,89;67,07
29/11/2024 16:00;66,63;67;66,48;66,98
29/11/2024 15:00;66,46;66,68;66,42;66,6
29/11/2024 14:00;66,47;66,53;66,39;66,47
29/11/2024 13:00;66,64;66,76;66,35;66,47
29/11/2024 12:00;66,76;66,97;66,53;66,64
29/11/2024 11:00;66,72;66,91;66,58;66,78
29/11/2024 10:00;66,01;67,12;66,01;66,72
29/11/2024 09:00;66,17;66,34;65,68;66,05
28/11/2024 17:05;66,12;66,14;65,77;65,87
28/11/2024 16:00;66,16;66,24;65,82;65,97
28/11/2024 15:00;65,68;66,26;65,57;66,14
28/11/2024 14:00;65,86;66,02;65,61;65,68
28/11/2024 13:00;65,78;66,19;65,57;65,84
28/11/2024 12:00;65,9;65,97;65,67;65,76
28/11/2024 11:00;65,44;65,89;65,35;65,89
28/11/2024 10:00;65,7;65,88;64,93;65,4
28/11/2024 09:00;66,35;66,36;65,54;65,7
27/11/2024 17:05;66,17;66,26;65,89;66,13
27/11/2024 16:00;65,83;66,28;65,77;66,17
27/11/2024 15:00;65,88;65,89;65,58;65,83
27/11/2024 14:00;66,4;66,45;65,72;65,9
27/11/2024 13:00;66,43;66,55;66,37;66,38
27/11/2024 12:00;66,55;66,65;66,11;66,41
27/11/2024 11:00;65,95;66,83;65,95;66,53
27/11/2024 10:00;65,71;65,97;65,57;65,96
27/11/2024 09:00;65,83;66,11;65,57;65,73
26/11/2024 17:05;65,84;65,99;65,83;65,91
26/11/2024 16:00;65,56;65,92;65,51;65,92
26/11/2024 15:00;65,68;65,77;65,54;65,57
26/11/2024 14:00;65,93;66;65,59;65,68
26/11/2024 13:00;66,33;66,34;65,91;65,93
26/11/2024 12:00;66,26;66,4;66,12;66,34
26/11/2024 11:00;66,5;66,51;66,19;66,26
26/11/2024 10:00;66,83;66,84;66,28;66,53
26/11/2024 09:00;66,98;67,36;66,71;66,84
25/11/2024 17:05;66,64;66,68;66,52;66,66
25/11/2024 16:00;66,4;66,75;66,38;66,67
25/11/2024 15:00;66,52;66,53;66,33;66,39
25/11/2024 14:00;66,81;66,82;66,31;66,5
25/11/2024 13:00;67,18;67,31;66,7;66,79
25/11/2024 12:00;67,13;67,29;67,08;67,22
25/11/2024 11:00;67,35;67,36;66,89;67,12
25/11/2024 10:00;67,64;67,74;67,13;67,35
25/11/2024 09:00;67,39;68,19;67,11;67,66
22/11/2024 17:05;67,41;67,57;67,3;67,31
22/11/2024 16:00;67,23;67,44;67,15;67,42
22/11/2024 15:00;67,41;67,43;67,03;67,23
22/11/2024 14:00;67,45;67,54;67,35;67,41
22/11/2024 13:00;67,59;67,76;67,41;67,45
22/11/2024 12:00;67,54;67,66;67,5;67,6
22/11/2024 11:00;67,46;67,64;67,4;67,52
22/11/2024 10:00;67,45;67,55;67,38;67,43
22/11/2024 09:00;67,75;67,92;67,28;67,44
21/11/2024 17:05;67,79;67,82;67,6;67,72
21/11/2024 16:00;67,61;67,77;67,59;67,66
21/11/2024 15:00;67,67;67,68;67,59;67,6
21/11/2024 14:00;67,81;67,83;67,69;67,69
21/11/2024 13:00;67,78;67,85;67,69;67,81
21/11/2024 12:00;67,92;67,95;67,74;67,78
21/11/2024 11:00;67,97;67,98;67,87;67,94
21/11/2024 10:00;68,13;68,27;67,46;67,97
21/11/2024 09:00;67,97;68,53;67,92;68,13
19/11/2024 17:05;68,23;68,28;68,11;68,15
19/11/2024 16:00;68,17;68,23;68,13;68,23
19/11/2024 15:00;68,2;68,29;68,06;68,19
19/11/2024 14:00;68,2;68,49;68,14;68,2
19/11/2024 13:00;68,13;68,27;68,06;68,26
19/11/2024 12:00;68,15;68,27;68,07;68,13
19/11/2024 11:00;68,2;68,21;68,08;68,15
19/11/2024 10:00;68,2;68,43;68,18;68,22
19/11/2024 09:00;68,98;69,17;68,04;68,15
18/11/2024 17:05;68,93;69,13;68,93;69,09
18/11/2024 16:00;69,23;69,27;68,85;68,93
18/11/2024 15:00;68,98;69,27;68,9;69,23
18/11/2024 14:00;69,45;69,5;68,84;68,96
18/11/2024 13:00;69,59;69,81;69,42;69,42
18/11/2024 12:00;69,37;69,64;69,27;69,56
18/11/2024 11:00;69,91;69,92;69,34;69,37
18/11/2024 10:00;69,92;69,99;69,89;69,91
18/11/2024 09:00;69,68;70,12;69,49;69,92
14/11/2024 17:05;69,69;70,07;69,62;69,66
14/11/2024 16:00;70,01;70,04;69,62;69,68
14/11/2024 15:00;69,74;70,04;69,65;70,04
14/11/2024 14:00;70,12;70,3;69,66;69,74
14/11/2024 13:00;70,04;70,15;69,75;70,12
14/11/2024 12:00;70,63;70,65;69,56;70,07
14/11/2024 11:00;70,95;71,05;70,58;70,61
14/11/2024 10:00;71,02;71,14;70,91;70,96
14/11/2024 09:00;70,61;71,22;70,61;71,03
13/11/2024 17:05;70,6;70,71;70,6;70,69
13/11/2024 16:00;70,62;70,71;70,57;70,63
13/11/2024 15:00;70,61;70,73;70,59;70,62
13/11/2024 14:00;70,57;70,64;70,55;70,62
13/11/2024 13:00;70,69;70,73;70,51;70,58
13/11/2024 12:00;70,73;70,76;70,69;70,7
13/11/2024 11:00;70,7;70,74;70,63;70,74
13/11/2024 10:00;70,58;70,69;70,54;70,69
13/11/2024 09:00;70,56;70,67;70,47;70,61
12/11/2024 17:05;70,74;70,83;70,74;70,82
12/11/2024 16:00;70,59;70,87;70,58;70,77
12/11/2024 15:00;70,72;70,74;70,56;70,61
12/11/2024 14:00;70,69;70,76;70,68;70,72
12/11/2024 13:00;70,78;70,89;70,64;70,69
12/11/2024 12:00;70,74;70,95;70,72;70,78
12/11/2024 11:00;70,86;70,89;70,73;70,76
12/11/2024 10:00;70,79;70,95;70,74;70,86
12/11/2024 09:00;70,75;70,82;70,69;70,77
11/11/2024 17:05;70,99;71,06;70,96;71,04
11/11/2024 16:00;70,95;71;70,92;70,93
11/11/2024 15:00;70,95;70,97;70,92;70,95
11/11/2024 14:00;70,9;70,95;70,77;70,94
11/11/2024 13:00;70,74;70,88;70,73;70,88
11/11/2024 12:00;70,74;70,81;70,73;70,74
11/11/2024 11:00;70,66;70,76;70,64;70,73
11/11/2024 10:00;70,68;70,71;70,63;70,66
11/11/2024 09:00;70,55;70,73;70,5;70,68
08/11/2024 17:05;70,39;70,41;70,32;70,4
08/11/2024 16:00;70,32;70,41;70,28;70,41
08/11/2024 15:00;70,4;70,43;70,27;70,32
08/11/2024 14:00;70,29;70,43;70,23;70,39
08/11/2024 13:00;70,26;70,37;70,24;70,25
08/11/2024 12:00;70,31;70,38;70,09;70,24
08/11/2024 11:00;70,28;70,39;70,25;70,34
08/11/2024 10:00;70,37;70,41;70,09;70,29
08/11/2024 09:00;70,44;70,49;70,15;70,41
07/11/2024 17:05;70,2;70,3;70,15;70,15
07/11/2024 16:00;69,99;70,2;69,97;70,08
07/11/2024 15:00;69,97;70,01;69,92;70,01
07/11/2024 14:00;69,83;70,04;69,8;69,99
07/11/2024 13:00;69,99;70,2;69,82;69,83
07/11/2024 12:00;69,89;69,97;69,82;69,96
07/11/2024 11:00;69,89;69,97;69,77;69,91
07/11/2024 10:00;69,89;70,02;69,73;69,91
07/11/2024 09:00;69,95;70,11;69,7;69,89
06/11/2024 17:05;69,1;69,28;69,02;69,28
06/11/2024 16:00;68,95;69,11;68,91;69,1
06/11/2024 15:00;68,98;69,11;68,94;68,94
06/11/2024 14:00;68,87;69,03;68,85;68,96
06/11/2024 13:00;68,94;68,97;68,82;68,87
06/11/2024 12:00;69,01;69,05;68,77;68,95
06/11/2024 11:00;69,08;69,09;68,82;69,01
06/11/2024 10:00;69,07;69,21;68,97;69,09
06/11/2024 09:00;69,27;69,31;68,96;69,09
05/11/2024 17:05;68,77;68,91;68,69;68,77
05/11/2024 16:00;68,88;68,91;68,75;68,77
05/11/2024 15:00;68,86;68,93;68,64;68,85
05/11/2024 14:00;68,91;68,98;68,82;68,85
05/11/2024 13:00;69,06;69,14;68,91;68,91
05/11/2024 12:00;69,22;69,28;69,05;69,06
05/11/2024 11:00;69,01;69,25;68,92;69,2
05/11/2024 10:00;69,11;69,2;68,96;69,02
05/11/2024 09:00;69,19;69,3;68,82;69,13
04/11/2024 17:05;69,45;69,46;69,3;69,31
04/11/2024 16:00;69,43;69,51;69,4;69,48
04/11/2024 15:00;69,48;69,55;69,4;69,42
04/11/2024 14:00;69,55;69,61;69,39;69,5
04/11/2024 13:00;69,55;69,58;69,44;69,56
04/11/2024 12:00;69,73;69,8;69,54;69,55
04/11/2024 11:00;69,65;69,76;69,49;69,72
04/11/2024 10:00;69,84;69,98;69,58;69,65
04/11/2024 09:00;69,65;69,88;69,65;69,82
01/11/2024 17:05;69,72;69,74;69,58;69,58
01/11/2024 16:00;69,58;69,63;69,51;69,63
01/11/2024 15:00;69,47;69,62;69,44;69,57
01/11/2024 14:00;69,44;69,52;69,4;69,47
01/11/2024 13:00;69,4;69,49;69,39;69,44
01/11/2024 12:00;69,53;69,56;69,38;69,38
01/11/2024 11:00;69,45;69,6;69,44;69,53
01/11/2024 10:00;69,42;69,52;69,34;69,44
01/11/2024 09:00;69,85;69,92;69,3;69,41
31/10/2024 17:05;69,54;69,65;69,44;69,56
31/10/2024 16:00;69,53;69,58;69,48;69,5
31/10/2024 15:00;69,42;69,58;69,34;69,56
31/10/2024 14:00;69,52;69,53;69,34;69,44
31/10/2024 13:00;69,65;69,65;69,44;69,51
31/10/2024 12:00;69,57;69,68;69,53;69,65
31/10/2024 11:00;69,3;69,69;69,2;69,6
31/10/2024 10:00;69,4;69,47;69,13;69,3
31/10/2024 09:00;69,72;69,98;69,22;69,4
30/10/2024 17:05;69,73;69,81;69,64;69,81
30/10/2024 16:00;70,07;70,11;69,63;69,72
30/10/2024 15:00;70,19;70,22;69,91;70,11
30/10/2024 14:00;70,36;70,44;70,01;70,21
30/10/2024 13:00;70,13;70,4;70,1;70,34
30/10/2024 12:00;70,18;70,18;69,89;70,13
30/10/2024 11:00;70,1;70,25;70,07;70,15
30/10/2024 10:00;70,31;70,56;70,11;70,11
30/10/2024 09:00;69,6;70,34;69,51;70,32
29/10/2024 17:05;69,79;69,96;69,73;69,92
29/10/2024 16:00;69,81;69,92;69,77;69,82
29/10/2024 15:00;69,68;69,95;69,54;69,83
29/10/2024 14:00;69,75;69,87;69,53;69,68
29/10/2024 13:00;69,27;69,77;69,27;69,74
29/10/2024 12:00;69,03;69,3;69;69,28
29/10/2024 11:00;69,09;69,14;68,96;69,01
29/10/2024 10:00;68,98;69,11;68,89;69,1
29/10/2024 09:00;69,24;69,3;68,75;68,98
28/10/2024 17:05;68,91;69,03;68,91;69,03
28/10/2024 16:00;68,87;69;68,84;68,91
28/10/2024 15:00;68,89;68,96;68,78;68,85
28/10/2024 14:00;68,92;68,99;68,84;68,89
28/10/2024 13:00;68,96;69,02;68,91;68,94
28/10/2024 12:00;69;69;68,91;68,97
28/10/2024 11:00;68,91;69,09;68,91;69
28/10/2024 10:00;68,82;69,09;68,7;68,93
28/10/2024 09:00;69,11;69,11;68,41;68,83
25/10/2024 17:05;69,15;69,26;69,06;69,12
25/10/2024 16:00;69,02;69,27;69;69,15
25/10/2024 15:00;69,02;69,06;68,96;69,02
25/10/2024 14:00;69,09;69,12;68,99;69,02
25/10/2024 13:00;68,98;69,17;68,92;69,08
25/10/2024 12:00;68,96;69,02;68,92;68,98
25/10/2024 11:00;69,25;69,26;68,91;68,97
25/10/2024 10:00;69,15;69,34;69,08;69,25
25/10/2024 09:00;68,81;69,33;68,66;69,14
24/10/2024 17:05;68,81;68,82;68,66;68,82
24/10/2024 16:00;68,87;69,01;68,72;68,81
24/10/2024 15:00;68,99;69,08;68,83;68,85
24/10/2024 14:00;68,88;69,01;68,76;68,98
24/10/2024 13:00;68,57;68,91;68,57;68,86
24/10/2024 12:00;68,8;68,81;68,5;68,58
24/10/2024 11:00;68,88;68,91;68,73;68,81
24/10/2024 10:00;68,86;68,96;68,71;68,89
24/10/2024 09:00;68,35;68,9;68,35;68,87
23/10/2024 17:05;68,25;68,3;68,16;68,26
23/10/2024 16:00;68,15;68,33;68,15;68,25
23/10/2024 15:00;68,07;68,22;68,01;68,17
23/10/2024 14:00;68,18;68,4;68,02;68,09
23/10/2024 13:00;67,92;68,2;67,82;68,16
23/10/2024 12:00;67,98;68,02;67,73;67,97
23/10/2024 11:00;67,59;68;67,49;68
23/10/2024 10:00;67,76;67,77;67,34;67,59
23/10/2024 09:00;67,62;67,87;67,49;67,77
22/10/2024 17:05;67,63;67,66;67,43;67,63
22/10/2024 16:00;67,47;67,62;67,44;67,62
22/10/2024 15:00;67,5;67,71;67,4;67,45
22/10/2024 14:00;67,31;67,53;67,29;67,53
22/10/2024 13:00;67,58;67,86;67,17;67,3
22/10/2024 12:00;67,57;67,64;67,49;67,6
22/10/2024 11:00;67,38;67,69;67,33;67,58
22/10/2024 10:00;67,1;67,44;67,05;67,36
22/10/2024 09:00;66,9;67,36;66,9;67,1
21/10/2024 17:05;66,87;66,87;66,63;66,67
21/10/2024 16:00;66,63;66,89;66,62;66,77
21/10/2024 15:00;66,71;66,84;66,6;66,65
21/10/2024 14:00;66,81;66,85;66,67;66,72
21/10/2024 13:00;66,45;66,84;66,36;66,79
21/10/2024 12:00;66,3;66,47;66,28;66,46
21/10/2024 11:00;66,4;66,45;66,21;66,33
21/10/2024 10:00;66,26;66,49;66,16;66,39
21/10/2024 09:00;66,16;66,37;65,97;66,28
18/10/2024 17:05;66,01;66,06;65,83;65,96
18/10/2024 16:00;66,13;66,15;65,91;66,01
18/10/2024 15:00;66,14;66,27;66,08;66,13
18/10/2024 14:00;66,11;66,2;65,97;66,14
18/10/2024 13:00;65,88;66,15;65,82;66,1
18/10/2024 12:00;65,9;65,95;65,82;65,89
18/10/2024 11:00;65,84;65,91;65,67;65,9
18/10/2024 10:00;65,88;65,9;65,79;65,84
18/10/2024 09:00;65,74;65,9;65,71;65,84
17/10/2024 17:05;65,79;65,93;65,7;65,87
17/10/2024 16:00;65,74;65,81;65,68;65,79
17/10/2024 15:00;65,69;65,8;65,61;65,75
17/10/2024 14:00;65,72;65,78;65,54;65,69
17/10/2024 13:00;65,66;65,88;65,62;65,73
17/10/2024 12:00;65,56;65,71;65,48;65,67
17/10/2024 11:00;65,57;65,63;65,44;65,53
17/10/2024 10:00;65,67;65,72;65,47;65,61
17/10/2024 09:00;65,53;65,96;65,36;65,67
16/10/2024 17:05;65,3;65,34;65,12;65,33
16/10/2024 16:00;65,56;65,62;65,21;65,25
16/10/2024 15:00;65,48;65,63;65,29;65,6
16/10/2024 14:00;65,6;65,86;65,41;65,48
16/10/2024 13:00;65,37;65,59;65,35;65,59
16/10/2024 12:00;65,48;65,49;65,34;65,37
16/10/2024 11:00;65,62;65,65;65,45;65,47
16/10/2024 10:00;65,54;65,65;65,41;65,63
16/10/2024 09:00;65,47;65,58;65,16;65,53
15/10/2024 17:05;65,42;65,69;65,36;65,37
15/10/2024 16:00;65,13;65,48;65,13;65,39
15/10/2024 15:00;65,01;65,2;65,01;65,11
15/10/2024 14:00;64,56;65,07;64,53;65,04
15/10/2024 13:00;64,45;64,66;64,45;64,58
15/10/2024 12:00;64,67;64,67;64,43;64,45
15/10/2024 11:00;64,66;64,71;64,39;64,65
15/10/2024 10:00;64,04;64,82;64,03;64,65
15/10/2024 09:00;64,09;64,23;63,92;64,05
14/10/2024 17:05;64,2;64,31;64,2;64,22
14/10/2024 16:00;64,22;64,28;64,19;64,23
14/10/2024 15:00;64,29;64,42;64,15;64,21
14/10/2024 14:00;64,58;64,64;64,02;64,27
14/10/2024 13:00;64,63;64,67;64,55;64,59
14/10/2024 12:00;64,66;64,7;64,54;64,65
14/10/2024 11:00;64,54;64,84;64,46;64,67
14/10/2024 10:00;65,08;65,13;64,45;64,54
14/10/2024 09:00;64,88;65,29;64,88;65,06
11/10/2024 17:05;65,28;65,28;64,83;65,14
11/10/2024 16:00;65,32;65,41;65,22;65,29
11/10/2024 15:00;65,34;65,43;65,25;65,29
11/10/2024 14:00;65,52;65,61;65,3;65,34
11/10/2024 13:00;65,45;65,62;65,22;65,48
11/10/2024 12:00;65,63;65,63;65,34;65,45
11/10/2024 11:00;65,55;65,66;65,53;65,62
11/10/2024 10:00;65,77;65,77;65,36;65,58
11/10/2024 09:00;65,78;66,04;65,6;65,77
10/10/2024 17:05;65,66;65,72;65,55;65,66
10/10/2024 16:00;65,7;65,77;65,51;65,6
10/10/2024 15:00;65,53;65,73;65,5;65,71
10/10/2024 14:00;65,33;65,53;65,33;65,51
10/10/2024 13:00;65,31;65,33;65,25;65,33
10/10/2024 12:00;65,33;65,38;65,25;65,31
10/10/2024 11:00;65,2;65,35;65,02;65,33
10/10/2024 10:00;65,38;65,39;65,2;65,25
10/10/2024 09:00;65,2;65,39;65,17;65,35
09/10/2024 17:05;65,1;65,2;65,05;65,17
09/10/2024 16:00;65,1;65,17;64,96;65,05
09/10/2024 15:00;65,2;65,39;65,03;65,11
09/10/2024 14:00;64,89;65,25;64,82;65,19
09/10/2024 13:00;64,72;64,88;64,67;64,86
09/10/2024 12:00;64,48;64,77;64,44;64,7
09/10/2024 11:00;64,41;64,63;64,1;64,5
09/10/2024 10:00;64,86;64,88;64,19;64,43
09/10/2024 09:00;64,93;65,25;64,76;64,91
08/10/2024 17:05;64,68;64,85;64,63;64,79
08/10/2024 16:00;64,79;64,9;64,49;64,59
08/10/2024 15:00;65,01;65,01;64,77;64,79
08/10/2024 14:00;64,17;65,15;64,11;64,99
08/10/2024 13:00;64,08;64,26;63,97;64,19
08/10/2024 12:00;64,34;64,43;64,03;64,03
08/10/2024 11:00;64,14;64,48;64,14;64,33
08/10/2024 10:00;63,97;64,27;63,93;64,09
08/10/2024 09:00;63,66;64,13;63,58;63,97
07/10/2024 17:05;63,86;63,86;63,61;63,69
07/10/2024 16:00;64;64,05;63,73;63,86
07/10/2024 15:00;64,2;64,21;63,86;64,02
07/10/2024 14:00;64,4;64,47;64,2;64,2
07/10/2024 13:00;64,49;64,57;64,35;64,41
07/10/2024 12:00;64,46;64,77;64,46;64,48
07/10/2024 11:00;64,37;64,47;64,23;64,46
07/10/2024 10:00;64,18;64,39;64,12;64,36
07/10/2024 09:00;65,13;65,29;63,89;64,19
04/10/2024 17:05;64,83;64,99;64,82;64,91
04/10/2024 16:00;64,91;64,99;64,82;64,83
04/10/2024 15:00;65,22;65,25;64,82;64,91
04/10/2024 14:00;65,56;65,61;65,12;65,22
04/10/2024 13:00;65,42;65,69;65,4;65,57
04/10/2024 12:00;65,68;65,71;65,4;65,43
04/10/2024 11:00;66,06;66,08;65,5;65,66
04/10/2024 10:00;65,91;66,2;65,8;66,06
04/10/2024 09:00;66,1;66,26;65,91;65,92
03/10/2024 17:05;66,34;66,34;66,25;66,25
03/10/2024 16:00;66,29;66,42;66,13;66,26
03/10/2024 15:00;66,25;66,4;66,21;66,3
03/10/2024 14:00;66,41;66,63;66,06;66,26
03/10/2024 13:00;66,38;66,44;66,28;66,44
03/10/2024 12:00;66,43;66,44;66,34;66,4
03/10/2024 11:00;66,53;66,55;66,4;66,4
03/10/2024 10:00;66,27;66,57;66,25;66,53
03/10/2024 09:00;66,36;66,46;66,22;66,29
02/10/2024 17:05;66,35;66,51;66,34;66,48
02/10/2024 16:00;66,49;66,49;66,29;66,39
02/10/2024 15:00;66,56;66,58;66,44;66,51
02/10/2024 14:00;66,4;66,57;66,37;66,56
02/10/2024 13:00;66,22;66,42;66,19;66,41
02/10/2024 12:00;66,35;66,4;66,17;66,2
02/10/2024 11:00;66,45;66,47;66,26;66,36
02/10/2024 10:00;66,42;66,61;66,29;66,39
02/10/2024 09:00;65,86;66,53;65,77;66,42
01/10/2024 17:05;65,72;65,86;65,72;65,82
01/10/2024 16:00;65,72;65,77;65,6;65,77
01/10/2024 15:00;65,72;65,77;65,67;65,72
01/10/2024 14:00;65,73;65,77;65,64;65,69
01/10/2024 13:00;65,73;65,74;65,64;65,7
01/10/2024 12:00;65,74;65,74;65,65;65,72
01/10/2024 11:00;65,51;65,74;65,46;65,74
01/10/2024 10:00;65,44;65,56;65,32;65,45
01/10/2024 09:00;65,74;65,74;65,4;65,42
30/09/2024 17:05;65,66;65,66;65,48;65,48
30/09/2024 16:00;65,68;65,73;65,62;65,67
30/09/2024 15:00;65,67;65,74;65,64;65,69
30/09/2024 14:00;65,69;65,74;65,65;65,66
30/09/2024 13:00;65,56;65,74;65,56;65,71
30/09/2024 12:00;65,56;65,67;65,4;65,59
30/09/2024 11:00;65,65;65,73;65,49;65,57
30/09/2024 10:00;65,31;65,67;65,31;65,64
30/09/2024 09:00;65,48;65,57;65,23;65,31
27/09/2024 17:05;65,5;65,73;65,47;65,5
27/09/2024 16:00;65,17;65,49;65,14;65,48
27/09/2024 15:00;65,27;65,29;65,06;65,14
27/09/2024 14:00;65,15;65,34;65,12;65,27
27/09/2024 13:00;64,9;65,24;64,85;65,14
27/09/2024 12:00;64,72;64,96;64,67;64,9
27/09/2024 11:00;64,64;64,89;64,63;64,73
27/09/2024 10:00;64,65;64,78;64,57;64,64
27/09/2024 09:00;65,05;65,26;64,63;64,64
26/09/2024 17:05;64,92;65;64,86;64,96
26/09/2024 16:00;65,04;65,05;64,91;65
26/09/2024 15:00;65,09;65,11;64,71;65,02
26/09/2024 14:00;65,09;65,25;64,88;65,09
26/09/2024 13:00;65,29;65,55;65,05;65,09
26/09/2024 12:00;65,01;65,42;64,98;65,29
26/09/2024 11:00;64,86;65,01;64,77;65,01
26/09/2024 10:00;64,64;64,89;64,61;64,84
26/09/2024 09:00;64,52;64,65;64,36;64,6
25/09/2024 17:05;64,58;64,7;64,53;64,58
25/09/2024 16:00;64,44;64,65;64,43;64,57
25/09/2024 15:00;64,43;64,59;64,28;64,43
25/09/2024 14:00;64,87;64,89;64,27;64,43
25/09/2024 13:00;64,91;64,99;64,84;64,9
25/09/2024 12:00;64,97;64,98;64,77;64,9
25/09/2024 11:00;65,03;65,1;64,95;64,98
25/09/2024 10:00;65,01;65,08;64,93;65,03
25/09/2024 09:00;64,86;65,05;64,77;65,01
24/09/2024 17:05;64,96;65,09;64,91;65,07
24/09/2024 16:00;64,86;65,01;64,84;65,01
24/09/2024 15:00;64,96;65,04;64,85;64,87
24/09/2024 14:00;64,8;65,01;64,79;64,96
24/09/2024 13:00;64,64;64,94;64,63;64,77
24/09/2024 12:00;64,68;64,71;64,58;64,64
24/09/2024 11:00;64,73;64,77;64,58;64,69
24/09/2024 10:00;64,65;64,77;64,6;64,72
24/09/2024 09:00;64,82;64,98;64,44;64,67
23/09/2024 17:05;64,97;65,01;64,92;65,01
23/09/2024 16:00;64,91;64,96;64,85;64,92
23/09/2024 15:00;64,84;64,94;64,64;64,91
23/09/2024 14:00;64,87;64,96;64,79;64,82
23/09/2024 13:00;64,9;64,98;64,86;64,86
23/09/2024 12:00;64,82;64,91;64,73;64,91
23/09/2024 11:00;64,82;65,01;64,81;64,82
23/09/2024 10:00;64,91;65,01;64,74;64,81
23/09/2024 09:00;64,53;65,1;64,53;64,89
20/09/2024 17:05;64,66;64,66;64,34;64,35
20/09/2024 16:00;64,7;64,82;64,61;64,67
20/09/2024 15:00;64,42;64,75;64,24;64,68
20/09/2024 14:00;63,82;64,53;63,82;64,41
20/09/2024 13:00;63,82;63,94;63,77;63,81
20/09/2024 12:00;63,88;63,92;63,71;63,81
20/09/2024 11:00;64;64,05;63,81;63,9
20/09/2024 10:00;63,57;64,14;63,54;63,98
20/09/2024 09:00;63,72;63,72;63,29;63,56
19/09/2024 17:05;63,79;63,82;63,51;63,71
19/09/2024 16:00;63,84;64,02;63,63;63,8
19/09/2024 15:00;63,62;64,02;63,59;63,85
19/09/2024 14:00;63,37;63,74;63,37;63,62
19/09/2024 13:00;63,23;63,39;63,23;63,38
19/09/2024 12:00;63,14;63,36;63,13;63,26
19/09/2024 11:00;63,17;63,31;63,14;63,15
19/09/2024 10:00;63,21;63,34;63,07;63,19
19/09/2024 09:00;63,05;63,37;62,77;63,2
18/09/2024 17:05;63,29;63,39;63,15;63,19
18/09/2024 16:00;63,24;63,34;63,2;63,2
18/09/2024 15:00;63,49;63,54;63,11;63,23
18/09/2024 14:00;63,6;63,61;63,42;63,52
18/09/2024 13:00;63,62;63,64;63,48;63,58
18/09/2024 12:00;63,53;63,65;63,5;63,64
18/09/2024 11:00;63,68;63,69;63,5;63,54
18/09/2024 10:00;63,84;63,86;63,51;63,68
18/09/2024 09:00;63,77;64,05;63,67;63,84
17/09/2024 17:05;64,11;64,11;63,99;64,01
17/09/2024 16:00;64,04;64,43;64,02;64,1
17/09/2024 15:00;63,91;64,09;63,81;64,02
17/09/2024 14:00;64,15;64,15;63,78;63,9
17/09/2024 13:00;64,12;64,33;64,1;64,17
17/09/2024 12:00;63,96;64,22;63,88;64,12
17/09/2024 11:00;63,86;64,05;63,85;63,95
17/09/2024 10:00;64,08;64,12;63,77;63,9
17/09/2024 09:00;64,07;64,25;63,93;64,1
16/09/2024 17:05;64,29;64,37;64,26;64,33
16/09/2024 16:00;64,39;64,39;64,27;64,3
16/09/2024 15:00;64,39;64,43;64,23;64,39
16/09/2024 14:00;64,41;64,43;64,36;64,39
16/09/2024 13:00;64,42;64,53;64,34;64,41
16/09/2024 12:00;64,43;64,49;64,36;64,41
16/09/2024 11:00;64,33;64,5;64,32;64,43
16/09/2024 10:00;64,28;64,44;64,21;64,34
16/09/2024 09:00;64,04;64,32;63,82;64,31
13/09/2024 17:05;64,64;64,71;64,58;64,65
13/09/2024 16:00;64,72;64,74;64,51;64,63
13/09/2024 15:00;64,64;64,74;64,58;64,72
13/09/2024 14:00;64,67;64,77;64,5;64,64
13/09/2024 13:00;64,27;64,7;64,23;64,67
13/09/2024 12:00;63,89;64,28;63,89;64,26
13/09/2024 11:00;63,98;64,01;63,72;63,87
13/09/2024 10:00;63,65;64,23;63,63;63,98
13/09/2024 09:00;63,89;63,89;63,48;63,63
12/09/2024 17:05;63,5;63,67;63,49;63,67
12/09/2024 16:00;63,59;63,62;63,31;63,58
12/09/2024 15:00;63,98;64,15;63,5;63,58
12/09/2024 14:00;63,86;64,09;63,62;63,97
12/09/2024 13:00;64,48;64,55;63,5;63,86
12/09/2024 12:00;64,48;64,55;64,41;64,54
12/09/2024 11:00;64,28;64,57;64,23;64,47
12/09/2024 10:00;64,28;64,29;64,22;64,29
12/09/2024 09:00;64,3;64,43;64,07;64,25
11/09/2024 17:05;63,86;64,01;63,76;63,99
11/09/2024 16:00;64,2;64,23;63,7;63,86
11/09/2024 15:00;64,21;64,24;64,16;64,2
11/09/2024 14:00;64,23;64,24;64,18;64,21
11/09/2024 13:00;64,16;64,29;64,1;64,23
11/09/2024 12:00;64,17;64,29;64,1;64,16
11/09/2024 11:00;64,25;64,28;64,1;64,16
11/09/2024 10:00;64,55;64,58;64,1;64,23
11/09/2024 09:00;64,29;64,88;64,16;64,55
10/09/2024 17:05;64,15;64,2;63,93;64,13
10/09/2024 16:00;64,23;64,33;64,05;64,09
10/09/2024 15:00;64,24;64,32;64,18;64,24
10/09/2024 14:00;64,34;64,41;64,1;64,24
10/09/2024 13:00;64,69;64,76;64,25;64,37
10/09/2024 12:00;65,04;65,05;64,53;64,69
10/09/2024 11:00;65,01;65,06;64,72;64,99
10/09/2024 10:00;65,03;65,24;64,85;64,97
10/09/2024 09:00;64,39;65,43;63,86;64,99
09/09/2024 17:05;64,23;64,58;64,17;64,54
09/09/2024 16:00;64,45;64,51;64,26;64,3
09/09/2024 15:00;64,48;64,6;64,34;64,45
09/09/2024 14:00;64,28;64,57;64,25;64,48
09/09/2024 13:00;63,83;64,43;63,78;64,26
09/09/2024 12:00;63,57;63,84;63,56;63,83
09/09/2024 11:00;63,56;63,62;63,45;63,57
09/09/2024 10:00;63,51;63,57;63,39;63,57
09/09/2024 09:00;63,11;63,76;63,11;63,52
06/09/2024 17:05;63,02;63,15;63,02;63,07
06/09/2024 16:00;63,11;63,11;62,82;62,98
06/09/2024 15:00;63,01;63,14;62,8;63,13
06/09/2024 14:00;63,37;63,39;62,86;62,99
06/09/2024 13:00;63,28;63,37;63,05;63,37
06/09/2024 12:00;62,95;63,27;62,92;63,27
06/09/2024 11:00;63,15;63,35;62,76;62,94
06/09/2024 10:00;63,17;63,6;63,1;63,16
06/09/2024 09:00;62,75;63,26;62,72;63,15
05/09/2024 17:05;62,53;62,63;62,34;62,56
05/09/2024 16:00;62,85;62,85;62,55;62,55
05/09/2024 15:00;62,96;62,99;62,75;62,83
05/09/2024 14:00;63,08;63,08;62,85;62,95
05/09/2024 13:00;62,94;63,13;62,94;63,07
05/09/2024 12:00;62,99;63,1;62,9;62,92
05/09/2024 11:00;62,81;63,2;62,75;62,98
05/09/2024 10:00;62,65;62,84;62,44;62,78
05/09/2024 09:00;62,91;62,96;62,51;62,64
04/09/2024 17:05;63,14;63,22;62,81;62,99
04/09/2024 16:00;62,96;63,23;62,92;63,14
04/09/2024 15:00;62,89;62,99;62,85;62,96
04/09/2024 14:00;62,76;63,03;62,71;62,89
04/09/2024 13:00;62,39;62,77;62,36;62,76
04/09/2024 12:00;62,38;62,43;62,3;62,39
04/09/2024 11:00;62,32;62,49;62,13;62,38
04/09/2024 10:00;62,21;62,36;62,2;62,33
04/09/2024 09:00;62,21;62,39;62,1;62,23
03/09/2024 17:05;62,06;62,36;61,87;61,97
03/09/2024 16:00;62,11;62,19;61,99;62,14
03/09/2024 15:00;62,18;62,25;62,04;62,11
03/09/2024 14:00;61,99;62,25;61,92;62,18
03/09/2024 13:00;61,89;61,99;61,83;61,99
03/09/2024 12:00;61,84;61,89;61,78;61,87
03/09/2024 11:00;61,88;61,89;61,8;61,84
03/09/2024 10:00;61,59;61,89;61,59;61,87
03/09/2024 09:00;61,81;61,81;61,08;61,59
02/09/2024 17:05;61,6;61,69;61,59;61,63
02/09/2024 16:00;61,75;61,79;61,72;61,73
02/09/2024 15:00;61,72;61,79;61,59;61,75
02/09/2024 14:00;61,74;61,76;61,62;61,73
02/09/2024 13:00;61,77;61,79;61,71;61,74
02/09/2024 12:00;61,72;61,79;61,71;61,77
02/09/2024 11:00;61,6;61,79;61,55;61,71
02/09/2024 10:00;61,73;61,82;61,54;61,63
02/09/2024 09:00;61,78;61,94;61,72;61,73
30/08/2024 17:05;61,7;61,78;61,65;61,76
30/08/2024 16:00;61,63;61,69;61,53;61,69
30/08/2024 15:00;61,62;61,64;61,49;61,63
30/08/2024 14:00;61,58;61,64;61,38;61,62
30/08/2024 13:00;61,44;61,64;61,41;61,58
30/08/2024 12:00;61,42;61,44;61,39;61,42
30/08/2024 11:00;61,44;61,45;61,35;61,43
30/08/2024 10:00;61,26;61,68;61,26;61,41
30/08/2024 09:00;61,02;61,37;60,93;61,24
29/08/2024 17:05;60,98;61,07;60,74;61,03
29/08/2024 16:00;61,14;61,16;60,98;60,98
29/08/2024 15:00;61,08;61,19;61,06;61,14
29/08/2024 14:00;60,89;61,09;60,85;61,09
29/08/2024 13:00;60,97;60,99;60,81;60,9
29/08/2024 12:00;60,82;61,02;60,77;60,98
29/08/2024 11:00;60,96;61,06;60,77;60,82
29/08/2024 10:00;60,46;61,05;60,44;60,98
29/08/2024 09:00;60,23;60,58;60,23;60,45
28/08/2024 17:05;60,44;60,44;60,38;60,42
28/08/2024 16:00;60,42;60,49;60,41;60,44
28/08/2024 15:00;60,39;60,44;60,35;60,41
28/08/2024 14:00;60,4;60,43;60,3;60,39
28/08/2024 13:00;60,43;60,45;60,37;60,42
28/08/2024 12:00;60,39;60,44;60,35;60,43
28/08/2024 11:00;60,39;60,42;60,34;60,39
28/08/2024 10:00;60,28;60,41;60,27;60,39
28/08/2024 09:00;60,37;60,46;60,18;60,29
27/08/2024 17:05;60,39;60,47;60,36;60,42
27/08/2024 16:00;60,41;60,44;60,36;60,44
27/08/2024 15:00;60,24;60,41;60,22;60,41
27/08/2024 14:00;60,38;60,43;60,09;60,24
27/08/2024 13:00;60,4;60,49;60,28;60,38
27/08/2024 12:00;60,18;60,43;60,17;60,39
27/08/2024 11:00;60,08;60,27;60;60,17
27/08/2024 10:00;60;60,09;59,96;60,08
27/08/2024 09:00;59,84;60,11;59,72;60
26/08/2024 17:05;60,08;60,08;59,95;59,99
26/08/2024 16:00;60,2;60,27;60,04;60,08
26/08/2024 15:00;60,19;60,28;60,1;60,2
26/08/2024 14:00;60,17;60,22;59,94;60,19
26/08/2024 13:00;60,28;60,3;60,15;60,18
26/08/2024 12:00;60,15;60,29;60,13;60,28
26/08/2024 11:00;60,22;60,25;60,11;60,14
26/08/2024 10:00;60,15;60,25;60,13;60,2
26/08/2024 09:00;60,05;60,16;59,88;60,16
23/08/2024 17:05;60,13;60,27;60,06;60,2
23/08/2024 16:00;60,24;60,37;60,2;60,22
23/08/2024 15:00;60,32;60,35;60,21;60,23
23/08/2024 14:00;60,21;60,32;60,19;60,32
23/08/2024 13:00;60,22;60,3;60,19;60,22
23/08/2024 12:00;60,26;60,26;60,14;60,23
23/08/2024 11:00;60,46;60,51;60,22;60,27
23/08/2024 10:00;60,53;60,57;60,44;60,46
23/08/2024 09:00;60,49;60,59;60,43;60,52
22/08/2024 17:05;60,42;60,49;60,37;60,49
22/08/2024 16:00;60,38;60,49;60,37;60,47
22/08/2024 15:00;60,34;60,41;60,29;60,38
22/08/2024 14:00;60,43;60,48;60,33;60,34
22/08/2024 13:00;60,4;60,49;60,37;60,43
22/08/2024 12:00;60,31;60,46;60,31;60,4
22/08/2024 11:00;60,39;60,48;60,28;60,32
22/08/2024 10:00;60,36;60,44;60,26;60,39
22/08/2024 09:00;60,1;60,42;60,05;60,34
21/08/2024 17:05;60,27;60,27;60,04;60,09
21/08/2024 16:00;60,14;60,26;60,09;60,18
21/08/2024 15:00;60,08;60,18;60,05;60,13
21/08/2024 14:00;60,11;60,29;60,07;60,09
21/08/2024 13:00;60,1;60,13;60,04;60,12
21/08/2024 12:00;60,07;60,14;60,02;60,11
21/08/2024 11:00;60,24;60,28;60,07;60,07
21/08/2024 10:00;60,25;60,38;60,23;60,25
21/08/2024 09:00;60,22;60,39;60,17;60,24
20/08/2024 17:05;60,58;60,58;60,36;60,44
20/08/2024 16:00;60,48;60,53;60,46;60,46
20/08/2024 15:00;60,19;60,59;60,16;60,48
20/08/2024 14:00;60,1;60,29;60,09;60,18
20/08/2024 13:00;60,01;60,21;59,94;60,13
20/08/2024 12:00;60,01;60,05;59,89;59,99
20/08/2024 11:00;60,11;60,14;59,99;60
20/08/2024 10:00;60,17;60,26;60,07;60,11
20/08/2024 09:00;60,11;60,44;59,99;60,19
19/08/2024 17:05;60,18;60,24;60,01;60,01
19/08/2024 16:00;59,99;60,14;59,94;60,13
19/08/2024 15:00;59,8;60,01;59,72;59,99
19/08/2024 14:00;59,67;59,91;59,64;59,8
19/08/2024 13:00;59,65;59,75;59,52;59,68
19/08/2024 12:00;59,87;60,12;59,64;59,65
19/08/2024 11:00;59,82;59,89;59,81;59,86
19/08/2024 10:00;59,81;59,85;59,77;59,84
19/08/2024 09:00;59,93;59,99;59,68;59,82
16/08/2024 17:05;59,54;59,59;59,5;59,52
16/08/2024 16:00;59,42;59,55;59,32;59,55
16/08/2024 15:00;59,5;59,52;59,35;59,39
16/08/2024 14:00;59,55;59,57;59,49;59,5
16/08/2024 13:00;59,65;59,68;59,54;59,55
16/08/2024 12:00;59,56;59,72;59,53;59,65
16/08/2024 11:00;59,66;59,67;59,49;59,55
16/08/2024 10:00;59,75;59,75;59,63;59,65
16/08/2024 09:00;59,97;59,99;59,64;59,77
15/08/2024 17:05;60,29;60,29;60,14;60,26
15/08/2024 16:00;60,1;60,27;60,04;60,26
15/08/2024 15:00;60,09;60,14;60,04;60,09
15/08/2024 14:00;60,04;60,14;59,99;60,09
15/08/2024 13:00;60,17;60,22;60,05;60,09
15/08/2024 12:00;60,19;60,29;60,11;60,16
15/08/2024 11:00;60,11;60,29;60,04;60,19
15/08/2024 10:00;59,82;60,31;59,8;60,13
15/08/2024 09:00;59,98;60,02;59,83;59,85
14/08/2024 17:05;59,71;59,85;59,64;59,7
14/08/2024 16:00;59,82;59,82;59,67;59,71
14/08/2024 15:00;59,84;59,89;59,7;59,81
14/08/2024 14:00;59,86;59,89;59,8;59,84
14/08/2024 13:00;60,06;60,14;59,8;59,86
14/08/2024 12:00;59,94;60,16;59,92;60,05
14/08/2024 11:00;59,93;59,94;59,76;59,94
14/08/2024 10:00;59,89;59,98;59,71;59,92
14/08/2024 09:00;59,97;60,12;59,85;59,89
13/08/2024 17:05;59,94;59,98;59,81;59,83
13/08/2024 16:00;59,88;60,02;59,79;59,94
13/08/2024 15:00;59,9;59,95;59,84;59,85
13/08/2024 14:00;59,84;59,93;59,8;59,88
13/08/2024 13:00;59,81;59,87;59,79;59,84
13/08/2024 12:00;60,03;60,03;59,76;59,82
13/08/2024 11:00;60,25;60,25;59,89;60,01
13/08/2024 10:00;60,31;60,32;60,19;60,26
13/08/2024 09:00;60,12;60,42;60,03;60,32
12/08/2024 17:05;60,48;60,68;60,23;60,27
12/08/2024 16:00;60,28;60,49;60,26;60,46
12/08/2024 15:00;60,16;60,29;60,06;60,27
12/08/2024 14:00;59,84;60,39;59,8;60,18
12/08/2024 13:00;59,63;60,06;59,49;59,84
12/08/2024 12:00;59,74;59,84;59,63;59,65
12/08/2024 11:00;59,74;59,81;59,59;59,75
12/08/2024 10:00;59,76;59,85;59,62;59,72
12/08/2024 09:00;59,89;60,05;59,59;59,76
09/08/2024 17:05;60,22;60,39;60,14;60,14
09/08/2024 16:00;60,18;60,26;60,01;60,22
09/08/2024 15:00;60,01;60,19;59,9;60,16
09/08/2024 14:00;59,96;60,07;59,89;60,01
09/08/2024 13:00;59,9;59,97;59,89;59,95
09/08/2024 12:00;59,95;59,98;59,86;59,9
09/08/2024 11:00;59,92;59,98;59,84;59,96
09/08/2024 10:00;59,9;60,07;59,88;59,94
09/08/2024 09:00;59,86;59,97;59,67;59,91
08/08/2024 17:05;60,03;60,04;59,99;59,99
08/08/2024 16:00;60,05;60,13;59,99;60,08
08/08/2024 15:00;60,27;60,36;59,93;60,04
08/08/2024 14:00;60,29;60,31;60,09;60,3
08/08/2024 13:00;60,41;60,45;60,29;60,29
08/08/2024 12:00;60,54;60,67;60,39;60,43
08/08/2024 11:00;60,83;60,84;60,54;60,54
08/08/2024 10:00;60,74;61,06;60,7;60,81
08/08/2024 09:00;60,41;60,75;60,24;60,74
07/08/2024 17:05;60,1;60,19;60,02;60,18
07/08/2024 16:00;60,2;60,26;60,04;60,1
07/08/2024 15:00;60,04;60,31;60,02;60,18
07/08/2024 14:00;60,01;60,09;59,99;60,04
07/08/2024 13:00;60,01;60,09;59,97;60,02
07/08/2024 12:00;60,04;60,04;59,9;60
07/08/2024 11:00;60,28;60,38;59,99;60,03
07/08/2024 10:00;60,38;60,41;60,24;60,29
07/08/2024 09:00;60,31;60,59;59,99;60,35
06/08/2024 17:05;60,31;60,63;60,23;60,62
06/08/2024 16:00;60,41;60,47;60,31;60,31
06/08/2024 15:00;60,64;60,73;60,39;60,42
06/08/2024 14:00;60,84;60,84;60,6;60,61
06/08/2024 13:00;60,71;60,87;60,6;60,83
06/08/2024 12:00;60,54;60,85;60,44;60,71
06/08/2024 11:00;60,83;60,92;60,5;60,53
06/08/2024 10:00;61,35;61,35;60,72;60,82
06/08/2024 09:00;61,44;61,44;61,2;61,34
05/08/2024 17:05;61,49;61,62;61,41;61,58
05/08/2024 16:00;61,86;61,95;61,62;61,69
05/08/2024 15:00;61,86;61,89;61,56;61,86
05/08/2024 14:00;62,09;62,13;61,55;61,87
05/08/2024 13:00;61,78;62,21;61,68;62,07
05/08/2024 12:00;61,75;61,88;61,61;61,79
05/08/2024 11:00;61,86;61,94;61,52;61,76
05/08/2024 10:00;61,67;61,96;61,1;61,89
05/08/2024 09:00;61,36;61,69;61,23;61,69
02/08/2024 17:05;61,72;62,09;61,72;62,09
02/08/2024 16:00;61,55;61,89;61,53;61,82
02/08/2024 15:00;61,55;61,76;61,4;61,55
02/08/2024 14:00;61,34;61,59;61,25;61,55
02/08/2024 13:00;61,28;61,47;61,24;61,34
02/08/2024 12:00;61,14;61,41;61,09;61,28
02/08/2024 11:00;60,82;61,16;60,75;61,14
02/08/2024 10:00;61,07;61,19;60,67;60,79
02/08/2024 09:00;60,81;61,26;60,8;61,05
01/08/2024 17:05;60,79;60,79;60,56;60,56
01/08/2024 16:00;60,5;60,67;60,49;60,59
01/08/2024 15:00;60,34;60,54;60,31;60,5
01/08/2024 14:00;60,38;60,59;60,26;60,34
01/08/2024 13:00;60,14;60,49;60,13;60,36
01/08/2024 12:00;59,86;60,15;59,85;60,15
01/08/2024 11:00;59,93;59,96;59,7;59,86
01/08/2024 10:00;59,95;59,99;59,77;59,91
01/08/2024 09:00;59,8;60,2;59,76;59,94
31/07/2024 17:05;59,62;59,69;59,59;59,68
31/07/2024 16:00;59,56;59,67;59,5;59,62
31/07/2024 15:00;59,56;59,64;59,47;59,57
31/07/2024 14:00;59,74;59,75;59,5;59,55
31/07/2024 13:00;59,59;59,83;59,42;59,73
31/07/2024 12:00;59,59;59,63;59,46;59,59
31/07/2024 11:00;59,8;59,8;59,59;59,62
31/07/2024 10:00;59,99;60,06;59,44;59,77
31/07/2024 09:00;60,09;60,24;59,9;59,98
30/07/2024 17:05;59,97;60,13;59,85;60,09
30/07/2024 16:00;60,37;60,39;59,97;60,02
30/07/2024 15:00;60,48;60,53;60,32;60,39
30/07/2024 14:00;60,56;60,56;60,38;60,47
30/07/2024 13:00;60,54;60,59;60,53;60,56
30/07/2024 12:00;60,5;60,57;60,44;60,55
30/07/2024 11:00;60,55;60,62;60,46;60,52
30/07/2024 10:00;60,51;60,62;60,29;60,54
30/07/2024 09:00;60,49;60,79;60,34;60,51
29/07/2024 17:05;60,98;61,03;60,76;60,99
29/07/2024 16:00;61,15;61,29;61,04;61,06
29/07/2024 15:00;61,1;61,49;60,99;61,15
29/07/2024 14:00;60,83;61,26;60,83;61,11
29/07/2024 13:00;60,73;60,87;60,6;60,84
29/07/2024 12:00;60,69;60,89;60,59;60,72
29/07/2024 11:00;60,94;60,98;60,62;60,69
29/07/2024 10:00;60,67;60,99;60,59;60,93
29/07/2024 09:00;60,92;60,92;60,64;60,68
26/07/2024 17:05;61,1;61,19;61,09;61,19
26/07/2024 16:00;61,01;61,19;60,99;61,07
26/07/2024 15:00;61,27;61,37;60,97;61
26/07/2024 14:00;61,36;61,39;61,1;61,29
26/07/2024 13:00;60,95;61,43;60,93;61,34
26/07/2024 12:00;60,71;61,09;60,65;60,92
26/07/2024 11:00;60,91;60,96;60,62;60,74
26/07/2024 10:00;61,13;61,18;60,86;60,91
26/07/2024 09:00;61,33;61,33;60,99;61,13
25/07/2024 17:05;61,48;61,49;61,24;61,4
25/07/2024 16:00;61,56;61,56;61,23;61,38
25/07/2024 15:00;61,98;61,99;61,1;61,55
25/07/2024 14:00;62,18;62,18;61,78;61,99
25/07/2024 13:00;62,42;62,46;61,89;62,18
25/07/2024 12:00;62,37;62,49;62,3;62,44
25/07/2024 11:00;62,29;62,43;62,22;62,37
25/07/2024 10:00;62,01;62,34;61,79;62,29
25/07/2024 09:00;61,45;62,26;61,29;62,01
24/07/2024 17:05;61,73;61,73;61,6;61,6
24/07/2024 16:00;61,71;61,73;61,62;61,67
24/07/2024 15:00;61,55;61,77;61,44;61,72
24/07/2024 14:00;61,93;61,94;61,54;61,57
24/07/2024 13:00;61,69;61,99;61,64;61,94
24/07/2024 12:00;61,37;61,77;61,37;61,69
24/07/2024 11:00;60,99;61,49;60,9;61,36
24/07/2024 10:00;61,05;61,18;60,91;60,97
24/07/2024 09:00;61,11;61,24;60,54;61,02
23/07/2024 17:05;60,89;60,98;60,81;60,94
23/07/2024 16:00;60,91;61,07;60,84;60,88
23/07/2024 15:00;60,91;60,94;60,86;60,9
23/07/2024 14:00;61,24;61,24;60,8;60,92
23/07/2024 13:00;60,88;61,29;60,88;61,24
23/07/2024 12:00;60,91;61,09;60,86;60,89
23/07/2024 11:00;61,04;61,09;60,67;60,89
23/07/2024 10:00;61,34;61,34;60,85;61,04
23/07/2024 09:00;60,28;61,39;60,02;61,33
22/07/2024 17:05;60,46;60,57;60,4;60,41
22/07/2024 16:00;60,47;60,59;60,36;60,42
22/07/2024 15:00;60,29;60,49;60,23;60,48
22/07/2024 14:00;60,02;60,29;60,02;60,28
22/07/2024 13:00;60,06;60,06;59,9;60,01
22/07/2024 12:00;60,12;60,15;60;60,05
22/07/2024 11:00;60,23;60,39;60,05;60,11
22/07/2024 10:00;59,77;60,37;59,75;60,22
22/07/2024 09:00;59,73;60,17;59,39;59,75
19/07/2024 17:05;59,13;59,48;59,1;59,26
19/07/2024 16:00;58,92;59,14;58,89;59,13
19/07/2024 15:00;59,04;59,09;58,83;58,9
19/07/2024 14:00;59,17;59,2;58,89;59,04
19/07/2024 13:00;59,21;59,42;59,05;59,18
19/07/2024 12:00;58,88;59,3;58,81;59,22
19/07/2024 11:00;58,77;59,09;58,74;58,87
19/07/2024 10:00;58,44;58,79;58,43;58,76
19/07/2024 09:00;58,29;58,59;58,09;58,44
18/07/2024 17:05;58,23;58,44;57,99;58,12
18/07/2024 16:00;58,32;58,34;58,2;58,24
18/07/2024 15:00;58,55;58,84;58,32;58,32
18/07/2024 14:00;58,56;58,72;58,45;58,56
18/07/2024 13:00;58,48;58,59;58,45;58,56
18/07/2024 12:00;58,64;58,67;58,43;58,48
18/07/2024 11:00;58,74;58,82;58,54;58,64
18/07/2024 10:00;58,86;58,96;58,59;58,73
18/07/2024 09:00;58,87;58,94;58,62;58,87
17/07/2024 17:05;59,13;59,14;58,92;58,99
17/07/2024 16:00;59,12;59,15;58,97;59
17/07/2024 15:00;58,96;59,19;58,76;59,1
17/07/2024 14:00;58,87;58,99;58,74;58,96
17/07/2024 13:00;58,87;58,89;58,76;58,87
17/07/2024 12:00;58,89;58,89;58,78;58,87
17/07/2024 11:00;58,74;58,96;58,69;58,88
17/07/2024 10:00;58,93;58,94;58,69;58,74
17/07/2024 09:00;58,53;58,99;58,49;58,87
16/07/2024 17:05;58,56;58,62;58,39;58,49
16/07/2024 16:00;58,48;58,82;58,48;58,54
16/07/2024 15:00;58,38;58,54;58,33;58,48
16/07/2024 14:00;58,13;58,54;58,11;58,36
16/07/2024 13:00;58,24;58,31;58,04;58,18
16/07/2024 12:00;58,06;58,28;58,04;58,25
16/07/2024 11:00;58,11;58,19;57,99;58,04
16/07/2024 10:00;58,17;58,39;57,95;58,09
16/07/2024 09:00;57,95;58,22;57,75;58,15
15/07/2024 17:05;57,72;57,89;57,64;57,89
15/07/2024 16:00;57,88;58,2;57,74;57,74
15/07/2024 15:00;57,56;57,93;57,55;57,88
15/07/2024 14:00;57,69;57,73;57,49;57,59
15/07/2024 13:00;57,47;57,74;57,42;57,69
15/07/2024 12:00;57,51;57,59;57,42;57,44
15/07/2024 11:00;57,7;57,7;57,34;57,5
15/07/2024 10:00;57,83;57,94;57,65;57,72
15/07/2024 09:00;58,44;58,44;57,8;57,83
12/07/2024 17:05;58,4;58,49;58,31;58,31
12/07/2024 16:00;58,37;58,48;58,27;58,29
12/07/2024 15:00;58,34;58,54;58,2;58,39
12/07/2024 14:00;57,83;58,65;57,83;58,34
12/07/2024 13:00;57,58;57,98;57,54;57,81
12/07/2024 12:00;57,57;57,6;57,53;57,57
12/07/2024 11:00;57,67;57,74;57,54;57,57
12/07/2024 10:00;57,62;57,76;57,56;57,67
12/07/2024 09:00;57,64;58,02;57,52;57,63
11/07/2024 17:05;57,54;57,55;57,4;57,54
11/07/2024 16:00;57,85;57,86;57,5;57,5
11/07/2024 15:00;57,95;57,99;57,77;57,85
11/07/2024 14:00;57,92;57,98;57,89;57,94
11/07/2024 13:00;58,06;58,08;57,9;57,93
11/07/2024 12:00;58,12;58,14;58,06;58,07
11/07/2024 11:00;58,16;58,18;58,09;58,11
11/07/2024 10:00;58,14;58,2;57,89;58,15
11/07/2024 09:00;58,18;58,38;58,03;58,15
10/07/2024 17:05;57,89;57,99;57,89;57,94
10/07/2024 16:00;57,93;58,04;57,89;57,94
10/07/2024 15:00;57,94;57,98;57,89;57,89
10/07/2024 14:00;57,96;58,02;57,89;57,95
10/07/2024 13:00;58,02;58,03;57,91;57,96
10/07/2024 12:00;57,8;58,09;57,78;58,01
10/07/2024 11:00;57,77;57,88;57,74;57,8
10/07/2024 10:00;57,81;57,84;57,61;57,74
10/07/2024 09:00;58,16;58,16;57,63;57,82
09/07/2024 17:05;58,04;58,16;57,87;57,89
09/07/2024 16:00;57,95;58,17;57,84;58,03
09/07/2024 15:00;57,79;57,98;57,77;57,96
09/07/2024 14:00;57,73;57,97;57,72;57,78
09/07/2024 13:00;57,85;57,93;57,66;57,73
09/07/2024 12:00;57,69;57,98;57,64;57,84
09/07/2024 11:00;57,67;57,79;57,49;57,67
09/07/2024 10:00;57,63;57,68;57,38;57,67
09/07/2024 09:00;58;58,02;57,37;57,63
08/07/2024 17:05;57,73;57,93;57,42;57,67
08/07/2024 16:00;57,41;57,88;57,38;57,88
08/07/2024 15:00;57,17;57,44;57,14;57,41
08/07/2024 14:00;56,9;57,18;56,82;57,14
08/07/2024 13:00;57,34;57,37;56,86;56,91
08/07/2024 12:00;57,4;57,44;57,29;57,34
08/07/2024 11:00;57,24;57,43;57,22;57,41
08/07/2024 10:00;57,65;57,83;57,09;57,25
08/07/2024 09:00;57,68;57,73;57,52;57,65
05/07/2024 17:05;57,84;57,99;57,64;57,99
05/07/2024 16:00;58,03;58,03;57,84;57,84
05/07/2024 15:00;58,01;58,15;57,99;58
05/07/2024 14:00;58,09;58,16;57,99;58,03
05/07/2024 13:00;58,08;58,16;58,04;58,11
05/07/2024 12:00;57,98;58,1;57,96;58,07
05/07/2024 11:00;58,09;58,16;57,9;57,97
05/07/2024 10:00;57,94;58,18;57,69;58,13
05/07/2024 09:00;57,63;58,17;57,54;57,93
04/07/2024 17:05;57,87;57,87;57,77;57,77
04/07/2024 16:00;57,83;57,89;57,75;57,87
04/07/2024 15:00;57,88;57,91;57,78;57,83
04/07/2024 14:00;57,94;57,98;57,62;57,86
04/07/2024 13:00;57,9;58,04;57,87;57,94
04/07/2024 12:00;57,83;57,94;57,81;57,87
04/07/2024 11:00;57,79;57,86;57,75;57,83
04/07/2024 10:00;57,92;57,94;57,51;57,77
04/07/2024 09:00;58,29;58,34;57,87;57,91
03/07/2024 17:05;58,54;58,59;58,49;58,59
03/07/2024 16:00;58,45;58,71;58,44;58,58
03/07/2024 15:00;58,46;58,49;58,39;58,44
03/07/2024 14:00;58,51;58,54;58,44;58,46
03/07/2024 13:00;58,59;58,64;58,49;58,53
03/07/2024 12:00;58,53;58,65;58,49;58,57
03/07/2024 11:00;58,59;58,59;58,39;58,51
03/07/2024 10:00;58,84;58,84;58,54;58,59
03/07/2024 09:00;59,29;59,42;58,77;58,82
02/07/2024 17:05;59,49;59,7;59,49;59,49
02/07/2024 16:00;59,64;59,74;59,49;59,55
02/07/2024 15:00;59,1;59,66;59,1;59,63
02/07/2024 14:00;59,23;59,23;58,99;59,1
02/07/2024 13:00;59,26;59,27;59,14;59,24
02/07/2024 12:00;59,24;59,29;59,24;59,25
02/07/2024 11:00;59,13;59,29;59,13;59,24
02/07/2024 10:00;59,27;59,4;59,1;59,12
02/07/2024 09:00;59,16;59,43;59,04;59,29
01/07/2024 17:05;58,87;58,97;58,79;58,91
01/07/2024 16:00;58,9;58,99;58,85;58,86
01/07/2024 15:00;58,79;58,98;58,78;58,9
01/07/2024 14:00;58,75;58,84;58,69;58,8
01/07/2024 13:00;58,67;58,76;58,58;58,76
01/07/2024 12:00;58,63;58,83;58,57;58,67
01/07/2024 11:00;58,45;58,73;58,39;58,59
01/07/2024 10:00;58,62;58,81;58,29;58,46
01/07/2024 09:00;59,47;59,47;58,49;58,64
28/06/2024 17:05;59,32;59,51;59,11;59,49
28/06/2024 16:00;59,75;59,88;59,25;59,26
28/06/2024 15:00;59,89;60,11;59,72;59,75
28/06/2024 14:00;60,25;60,42;59,89;59,89
28/06/2024 13:00;61,35;61,39;59,75;60,2
28/06/2024 12:00;61,41;61,52;61,3;61,38
28/06/2024 11:00;61,16;61,61;61,14;61,43
28/06/2024 10:00;60,97;61,17;60,92;61,17
28/06/2024 09:00;61,18;61,3;60,9;60,96
27/06/2024 17:05;60,82;60,89;60,62;60,72
27/06/2024 16:00;60,54;61,01;60,52;60,65
27/06/2024 15:00;60,36;60,61;60,26;60,5
27/06/2024 14:00;60,15;60,53;60,13;60,35
27/06/2024 13:00;60,1;60,17;60,06;60,14
27/06/2024 12:00;60,1;60,24;60,08;60,1
27/06/2024 11:00;60,09;60,13;60,04;60,09
27/06/2024 10:00;60,15;60,26;60,04;60,08
27/06/2024 09:00;60;60,32;59,82;60,14
26/06/2024 17:05;59,94;60,04;59,8;59,85
26/06/2024 16:00;59,74;60,01;59,7;59,94
26/06/2024 15:00;59,86;59,88;59,7;59,78
26/06/2024 14:00;59,89;59,99;59,84;59,86
26/06/2024 13:00;59,84;59,92;59,81;59,9
26/06/2024 12:00;59,84;59,99;59,84;59,85
26/06/2024 11:00;59,8;59,92;59,75;59,86
26/06/2024 10:00;59,88;60,02;59,74;59,85
26/06/2024 09:00;59,98;60,09;59,59;59,84
25/06/2024 17:05;59,75;59,87;59,7;59,7
25/06/2024 16:00;59,75;59,86;59,7;59,75
25/06/2024 15:00;59,77;59,89;59,7;59,76
25/06/2024 14:00;59,93;59,96;59,77;59,78
25/06/2024 13:00;60,03;60,03;59,77;59,94
25/06/2024 12:00;59,99;60,08;59,93;60,03
25/06/2024 11:00;59,96;60,04;59,75;60,01
25/06/2024 10:00;60,2;60,2;59,81;59,93
25/06/2024 09:00;60,1;60,39;59,99;60,18
24/06/2024 17:05;60,85;60,85;60,56;60,59
24/06/2024 16:00;60,78;60,85;60,7;60,75
24/06/2024 15:00;60,79;60,89;60,66;60,76
24/06/2024 14:00;60,61;60,82;60,53;60,79
24/06/2024 13:00;60,37;60,62;60,24;60,6
24/06/2024 12:00;60,29;60,48;60,29;60,38
24/06/2024 11:00;60,14;60,39;59,9;60,3
24/06/2024 10:00;60,55;60,73;60,11;60,13
24/06/2024 09:00;60,29;60,57;60,1;60,57
21/06/2024 17:05;60,56;60,63;60,29;60,37
21/06/2024 16:00;60,3;60,56;60,19;60,49
21/06/2024 15:00;60,45;60,56;60,11;60,29
21/06/2024 14:00;60,5;60,63;60,41;60,43
21/06/2024 13:00;60,45;61,19;60,35;60,51
21/06/2024 12:00;60,39;60,58;60,39;60,46
21/06/2024 11:00;60,54;60,54;60,33;60,41
21/06/2024 10:00;60,62;60,67;60,31;60,56
21/06/2024 09:00;60,64;60,74;60,47;60,62
20/06/2024 17:05;60,34;60,62;60,34;60,49
20/06/2024 16:00;60,33;60,54;60,31;60,49
20/06/2024 15:00;60,49;60,58;60,33;60,33
20/06/2024 14:00;60,65;60,67;60,26;60,49
20/06/2024 13:00;60,79;60,79;60,59;60,66
20/06/2024 12:00;61,09;61,1;60,79;60,79
20/06/2024 11:00;61,09;61,17;60,94;61,14
20/06/2024 10:00;61,21;61,33;60,97;61,11
20/06/2024 09:00;61,15;61,41;60,94;61,21
19/06/2024 17:05;61,53;61,64;61,39;61,39
19/06/2024 16:00;61,63;61,77;61,49;61,49
19/06/2024 15:00;61,14;61,66;61,14;61,6
19/06/2024 14:00;60,66;61,28;60,66;61,13
19/06/2024 13:00;60,66;60,73;60,54;60,66
19/06/2024 12:00;60,71;60,79;60,53;60,66
19/06/2024 11:00;60,6;60,82;60,49;60,69
19/06/2024 10:00;60,37;60,64;60,28;60,64
19/06/2024 09:00;60,6;60,86;60,33;60,37
18/06/2024 17:05;60,64;60,74;60,59;60,62
18/06/2024 16:00;60,5;60,6;60,48;60,59
18/06/2024 15:00;60,55;60,62;60,46;60,49
18/06/2024 14:00;60,65;60,79;60,52;60,57
18/06/2024 13:00;60,84;60,87;60,65;60,65
18/06/2024 12:00;60,84;60,98;60,74;60,85
18/06/2024 11:00;60,66;61,13;60,66;60,84
18/06/2024 10:00;60,69;60,76;60,55;60,65
18/06/2024 09:00;60,66;60,8;60,45;60,7
17/06/2024 17:05;60,48;60,69;60,45;60,69
17/06/2024 16:00;60,67;60,69;60,42;60,48
17/06/2024 15:00;60,52;60,69;60,48;60,67
17/06/2024 14:00;60,51;60,68;60,44;60,52
17/06/2024 13:00;60,7;60,81;60,4;60,5
17/06/2024 12:00;60,94;60,99;60,61;60,7
17/06/2024 11:00;61,07;61,11;60,8;60,96
17/06/2024 10:00;60,95;61,25;60,9;61,07
17/06/2024 09:00;60,99;61,18;60,66;60,94
14/06/2024 17:05;61,24;61,35;61,19;61,29
14/06/2024 16:00;61,63;61,66;61,11;61,13
14/06/2024 15:00;61,99;62;61,61;61,64
14/06/2024 14:00;61,75;62,01;61,64;61,95
14/06/2024 13:00;61,91;62,02;61,7;61,75
14/06/2024 12:00;61,94;62,07;61,79;61,89
14/06/2024 11:00;62,31;62,33;61,75;61,92
14/06/2024 10:00;62,12;62,35;62,05;62,29
14/06/2024 09:00;62,28;62,63;62,03;62,13
13/06/2024 17:05;62,44;62,68;62,22;62,68
13/06/2024 16:00;62,55;62,59;62,48;62,48
13/06/2024 15:00;62,51;62,62;62,5;62,53
13/06/2024 14:00;62,94;62,94;62,39;62,51
13/06/2024 13:00;62,77;62,99;62,54;62,94
13/06/2024 12:00;62,96;62,99;62,75;62,76
13/06/2024 11:00;63,06;63,06;62,89;62,98
13/06/2024 10:00;62,57;63,33;62,57;63,04
13/06/2024 09:00;62,63;62,73;62,38;62,55
12/06/2024 17:05;62,69;62,76;62,59;62,62
12/06/2024 16:00;62,87;62,9;62,67;62,69
12/06/2024 15:00;62,78;62,91;62,59;62,85
12/06/2024 14:00;62,73;62,89;62,49;62,78
12/06/2024 13:00;62,97;62,99;62;62,72
12/06/2024 12:00;62,85;62,99;62,74;62,98
12/06/2024 11:00;62,8;62,97;62,77;62,83
12/06/2024 10:00;62,66;62,83;62,19;62,78
12/06/2024 09:00;62,69;62,85;62,59;62,62
11/06/2024 17:05;62,68;62,78;62,6;62,64
11/06/2024 16:00;62,84;62,87;62,6;62,65
11/06/2024 15:00;62,8;62,94;62,69;62,83
11/06/2024 14:00;62,72;63,15;62,64;62,82
11/06/2024 13:00;62,37;62,84;62,17;62,73
11/06/2024 12:00;62,21;62,47;62,17;62,36
11/06/2024 11:00;62,37;62,53;62,11;62,2
11/06/2024 10:00;62,15;62,36;61,98;62,36
11/06/2024 09:00;62,31;62,7;62,07;62,17
10/06/2024 17:05;62,44;62,44;62,21;62,37
10/06/2024 16:00;62,43;62,49;62,27;62,44
10/06/2024 15:00;62,22;62,43;62,11;62,43
10/06/2024 14:00;62,26;62,28;62,05;62,21
10/06/2024 13:00;62,34;62,63;61,98;62,26
10/06/2024 12:00;61,68;62,49;61,68;62,39
10/06/2024 11:00;61,82;61,95;61,67;61,67
10/06/2024 10:00;61,45;61,88;61,44;61,8
10/06/2024 09:00;61,09;61,56;60,7;61,42
07/06/2024 17:05;61,17;61,32;61,09;61,09
07/06/2024 16:00;60,96;61,26;60,84;61,12
07/06/2024 15:00;60,94;61,03;60,84;60,96
07/06/2024 14:00;60,65;61,09;60,6;60,96
07/06/2024 13:00;60,74;60,74;60,64;60,64
07/06/2024 12:00;60,97;60,98;60,69;60,76
07/06/2024 11:00;60,7;61,04;60,65;60,96
07/06/2024 10:00;61,07;61,07;60,59;60,69
07/06/2024 09:00;60,99;61,19;60,69;61,07
06/06/2024 17:05;61,28;61,37;61,11;61,29
06/06/2024 16:00;61,32;61,45;61,31;61,33
06/06/2024 15:00;61,26;61,53;61,26;61,32
06/06/2024 14:00;61,44;61,6;61,2;61,32
06/06/2024 13:00;61,53;61,61;61,29;61,47
06/06/2024 12:00;61,73;61,88;61,5;61,52
06/06/2024 11:00;61;61,98;60,94;61,71
06/06/2024 10:00;60,58;61,04;60,45;60,99
06/06/2024 09:00;60,77;61,13;60,43;60,56
05/06/2024 17:05;60,14;60,55;60,11;60,31
05/06/2024 16:00;60,19;60,24;60,09;60,19
05/06/2024 15:00;60,24;60,48;60,14;60,19
05/06/2024 14:00;60,2;60,47;60,19;60,24
05/06/2024 13:00;60,19;60,24;60,14;60,2
05/06/2024 12:00;60,29;60,29;60,16;60,19
05/06/2024 11:00;60,18;60,43;60,14;60,28
05/06/2024 10:00;60,19;60,26;60,14;60,17
05/06/2024 09:00;60,15;60,34;60,14;60,2
04/06/2024 17:05;60,33;60,38;60,23;60,34
04/06/2024 16:00;60,29;60,36;60,14;60,34
04/06/2024 15:00;60,37;60,49;60,26;60,3
04/06/2024 14:00;60,06;60,56;60,03;60,36
04/06/2024 13:00;60,26;60,36;60,04;60,06
04/06/2024 12:00;60,61;60,79;60,25;60,26
04/06/2024 11:00;60,36;60,65;60,31;60,61
04/06/2024 10:00;60,19;60,37;60,18;60,36
04/06/2024 09:00;60,44;60,51;60,16;60,21
03/06/2024 17:05;60,59;60,79;60,54;60,63
03/06/2024 16:00;60,52;60,57;60,42;60,49
03/06/2024 15:00;60,65;60,68;60,49;60,51
03/06/2024 14:00;60,64;60,67;60,49;60,62
03/06/2024 13:00;60,71;60,86;60,58;60,64
03/06/2024 12:00;61;61;60,66;60,7
03/06/2024 11:00;61,37;61,41;60,89;61
03/06/2024 10:00;61,32;61,47;61,24;61,36
03/06/2024 09:00;61,5;61,72;61,21;61,32
31/05/2024 17:05;61,54;61,65;61,46;61,46
31/05/2024 16:00;61,49;61,53;61,39;61,45
31/05/2024 15:00;61,65;61,68;61,49;61,49
31/05/2024 14:00;61,74;61,74;61,59;61,64
31/05/2024 13:00;61,8;61,82;61,69;61,74
31/05/2024 12:00;61,79;61,86;61,59;61,8
31/05/2024 11:00;61,89;62,03;61,79;61,79
31/05/2024 10:00;62,09;62,19;61,75;61,89
31/05/2024 09:00;61,87;62,22;61,56;62,07
29/05/2024 17:05;61,82;62,03;61,8;61,86
29/05/2024 16:00;61,76;61,85;61,72;61,8
29/05/2024 15:00;61,73;61,87;61,71;61,77
29/05/2024 14:00;61,91;62,17;61,69;61,74
29/05/2024 13:00;62,05;62,11;61,85;61,93
29/05/2024 12:00;62,26;62,34;62,01;62,05
29/05/2024 11:00;62,3;62,72;62,14;62,28
29/05/2024 10:00;62,02;62,86;61,82;62,32
29/05/2024 09:00;61,99;62,09;61,8;62,02
28/05/2024 17:05;62,21;62,24;62,01;62,04
28/05/2024 16:00;62,32;62,32;62,12;62,19
28/05/2024 15:00;62,9;62,91;62,3;62,35
28/05/2024 14:00;62,92;63,03;62,82;62,91
28/05/2024 13:00;63,05;63,09;62,89;62,92
28/05/2024 12:00;63,18;63,18;62,99;63,05
28/05/2024 11:00;63,14;63,25;63,05;63,17
28/05/2024 10:00;63,27;63,29;62,92;63,13
28/05/2024 09:00;63,44;63,61;63,22;63,26
27/05/2024 17:05;63,61;63,61;63,39;63,46
27/05/2024 16:00;63,15;63,47;63,15;63,44
27/05/2024 15:00;63,01;63,17;63;63,14
27/05/2024 14:00;63;63,03;62,95;62,97
27/05/2024 13:00;62,99;63,09;62,93;63
27/05/2024 12:00;62,97;62,99;62,95;62,99
27/05/2024 11:00;62,94;62,99;62,92;62,94
27/05/2024 10:00;62,97;62,99;62,87;62,94
27/05/2024 09:00;62,73;63,16;62,62;62,96
24/05/2024 17:05;62,81;62,98;62,71;62,91
24/05/2024 16:00;62,69;62,81;62,59;62,81
24/05/2024 15:00;62,7;62,76;62,62;62,69
24/05/2024 14:00;62,75;62,95;62,69;62,69
24/05/2024 13:00;62,76;62,81;62,72;62,77
24/05/2024 12:00;62,69;62,79;62,66;62,77
24/05/2024 11:00;62,72;62,78;62,63;62,69
24/05/2024 10:00;62,87;62,88;62,63;62,73
24/05/2024 09:00;62,71;62,89;62,69;62,88
23/05/2024 17:05;62,74;62,79;62,56;62,61
23/05/2024 16:00;62,95;62,98;62,71;62,71
23/05/2024 15:00;63,07;63,08;62,93;62,95
23/05/2024 14:00;63,08;63,09;63,02;63,08
23/05/2024 13:00;63,06;63,12;62,95;63,06
23/05/2024 12:00;62,96;63,14;62,93;63,06
23/05/2024 11:00;62,94;63,13;62,91;62,96
23/05/2024 10:00;62,84;62,94;62,71;62,92
23/05/2024 09:00;62,9;63,22;62,8;62,8
22/05/2024 17:05;63,1;63,19;63,05;63,16
22/05/2024 16:00;63,14;63,18;63,04;63,12
22/05/2024 15:00;63,01;63,16;62,99;63,14
22/05/2024 14:00;63,02;63,13;62,99;63,01
22/05/2024 13:00;63,06;63,08;62,47;63,02
22/05/2024 12:00;63,19;63,23;62,92;63,06
22/05/2024 11:00;63,15;63,25;63,08;63,16
22/05/2024 10:00;63,31;63,48;63,15;63,18
22/05/2024 09:00;62,74;63,39;62,65;63,31
21/05/2024 17:05;62,94;63,06;62,94;62,97
21/05/2024 16:00;63,07;63,12;62,83;62,89
21/05/2024 15:00;62,79;63,09;62,74;63,09
21/05/2024 14:00;62,69;62,99;62,65;62,77
21/05/2024 13:00;62,46;62,95;62,39;62,66
21/05/2024 12:00;62,43;62,67;62,36;62,48
21/05/2024 11:00;62,75;62,84;62,43;62,43
21/05/2024 10:00;62,83;62,89;62,54;62,76
21/05/2024 09:00;62,99;63,06;62,7;62,81
20/05/2024 17:05;63,07;63,12;62,89;62,94
20/05/2024 16:00;62,89;63,15;62,86;63,07
20/05/2024 15:00;63;63,05;62,81;62,88
20/05/2024 14:00;62,69;63,11;62,64;63
20/05/2024 13:00;62,43;62,89;62,38;62,67
20/05/2024 12:00;62,37;62,48;62,34;62,43
20/05/2024 11:00;62,39;62,49;62,33;62,34
20/05/2024 10:00;62,24;62,65;62,24;62,39
20/05/2024 09:00;61,93;62,35;61,84;62,22
17/05/2024 17:05;61,49;61,79;61,49;61,62
17/05/2024 16:00;61,61;61,69;61,59;61,65
17/05/2024 15:00;61,76;61,77;61,59;61,6
17/05/2024 14:00;61,75;61,79;61,6;61,74
17/05/2024 13:00;61,84;61,89;61,74;61,74
17/05/2024 12:00;61,75;61,91;61,65;61,84
17/05/2024 11:00;61,92;61,93;61,59;61,76
17/05/2024 10:00;61,7;62,11;61,64;61,94
17/05/2024 09:00;62,19;62,19;61,29;61,69
16/05/2024 17:05;62;62,14;61,91;62,14
16/05/2024 16:00;62,31;62,39;62,07;62,09
16/05/2024 15:00;62,31;62,39;62,13;62,28
16/05/2024 14:00;62,19;62,43;62,05;62,32
16/05/2024 13:00;62,44;62,45;61,89;62,19
16/05/2024 12:00;62,62;62,65;62,4;62,49
16/05/2024 11:00;62,96;63,12;62,53;62,64
16/05/2024 10:00;63,34;63,44;62,9;62,98
16/05/2024 09:00;63,38;63,55;63,15;63,34
15/05/2024 17:05;63,11;63,19;63,11;63,17
15/05/2024 16:00;63,29;63,32;63,07;63,19
15/05/2024 15:00;63,31;63,33;63,22;63,29
15/05/2024 14:00;63,24;63,36;63,16;63,29
15/05/2024 13:00;63,23;63,24;63,14;63,24
15/05/2024 12:00;63,11;63,26;62,99;63,24
15/05/2024 11:00;63,28;63,31;62,91;63,09
15/05/2024 10:00;63,22;63,38;63,17;63,27
15/05/2024 09:00;63,08;63,35;63,01;63,22
14/05/2024 17:05;62,96;63,11;62,73;63,04
14/05/2024 16:00;63,19;63,29;63;63,08
14/05/2024 15:00;63,24;63,24;63,08;63,19
14/05/2024 14:00;63,27;63,29;63,19;63,23
14/05/2024 13:00;63,33;63,38;63,17;63,27
14/05/2024 12:00;62,93;63,38;62,83;63,35
14/05/2024 11:00;63,11;63,15;62,89;62,94
14/05/2024 10:00;63,2;63,35;63,11;63,13
14/05/2024 09:00;63,47;63,83;63,05;63,2
13/05/2024 17:05;63,41;63,49;63,29;63,49
13/05/2024 16:00;63,35;63,49;63,26;63,44
13/05/2024 15:00;63,33;63,37;63,28;63,34
13/05/2024 14:00;63,34;63,44;63,25;63,36
13/05/2024 13:00;62,99;63,61;62,97;63,35
13/05/2024 12:00;62,85;62,99;62,83;62,99
13/05/2024 11:00;62,82;62,99;62,82;62,83
13/05/2024 10:00;62,72;62,83;62,67;62,81
13/05/2024 09:00;62,79;62,84;62,35;62,71
10/05/2024 17:05;62,55;62,55;62,19;62,19
10/05/2024 16:00;62,47;62,57;62,14;62,34
10/05/2024 15:00;62,55;62,62;62,33;62,47
10/05/2024 14:00;62,71;62,78;62,55;62,56
10/05/2024 13:00;62,24;62,8;62,19;62,71
10/05/2024 12:00;62,27;62,33;62,16;62,23
10/05/2024 11:00;62,37;62,38;62;62,25
10/05/2024 10:00;62,46;62,52;62,29;62,35
10/05/2024 09:00;62,34;62,75;62,11;62,46
09/05/2024 17:05;62,36;62,38;62,23;62,34
09/05/2024 16:00;62,18;62,34;62,05;62,33
09/05/2024 15:00;62,31;62,36;62,16;62,18
09/05/2024 14:00;62,38;62,44;62,26;62,31
09/05/2024 13:00;62,19;62,41;62,18;62,38
09/05/2024 12:00;62,14;62,19;62,08;62,19
09/05/2024 11:00;62,22;62,31;62,07;62,14
09/05/2024 10:00;62,23;62,49;62,14;62,22
09/05/2024 09:00;61,94;62,44;61,75;62,22
08/05/2024 17:05;61,69;61,69;61,39;61,59
08/05/2024 16:00;61,62;61,99;61,56;61,69
08/05/2024 15:00;61,99;61,99;61,46;61,62
08/05/2024 14:00;62,13;62,14;61,74;61,99
08/05/2024 13:00;61,82;62,88;61,81;62,13
08/05/2024 12:00;61,37;61,89;61,23;61,81
08/05/2024 11:00;61,56;61,68;61,2;61,34
08/05/2024 10:00;61,7;61,7;61,31;61,57
08/05/2024 09:00;61,7;61,87;61,42;61,71
07/05/2024 17:05;61,89;62,04;61,75;61,93
07/05/2024 16:00;62;62,14;61,81;61,99
07/05/2024 15:00;62,31;62,37;62;62
07/05/2024 14:00;62,48;62,49;62,1;62,31
07/05/2024 13:00;62,28;62,56;62,27;62,48
07/05/2024 12:00;62,18;62,29;62,16;62,27
07/05/2024 11:00;62,18;62,28;62,15;62,18
07/05/2024 10:00;62,18;62,22;61,93;62,17
07/05/2024 09:00;61,66;62,36;61,23;62,19
06/05/2024 17:05;61,56;61,88;61,56;61,84
06/05/2024 16:00;61,67;61,69;61,43;61,56
06/05/2024 15:00;61,21;61,71;61,19;61,66
06/05/2024 14:00;61,2;61,26;61,14;61,2
06/05/2024 13:00;61,14;61,33;61,11;61,22
06/05/2024 12:00;61,07;61,23;60,95;61,16
06/05/2024 11:00;61,11;61,67;60,99;61,08
06/05/2024 10:00;60,34;61,14;60,34;61,1
06/05/2024 09:00;60,59;60,59;60,24;60,35
03/05/2024 17:05;60,04;60,09;59,82;60,09
03/05/2024 16:00;59,99;60,09;59,95;60,03
03/05/2024 15:00;60,05;60,08;59,9;60
03/05/2024 14:00;60,08;60,22;60,06;60,06
03/05/2024 13:00;60,04;60,14;59,97;60,08
03/05/2024 12:00;60,1;60,14;59,95;60,05
03/05/2024 11:00;60,18;60,23;60,04;60,08
03/05/2024 10:00;60,05;60,29;59,99;60,13
03/05/2024 09:00;60,58;60,59;59,94;60,06
02/05/2024 17:05;60,21;60,52;60,14;60,29
02/05/2024 16:00;60,41;60,58;59,99;60,09
02/05/2024 15:00;59,84;60,4;59,84;60,4
02/05/2024 14:00;59,75;59,88;59,69;59,82
02/05/2024 13:00;59,57;59,75;59,56;59,74
02/05/2024 12:00;59,67;59,73;59,55;59,59
02/05/2024 11:00;59,54;59,79;59,49;59,66
02/05/2024 10:00;59,86;59,92;59,39;59,54
02/05/2024 09:00;59,79;59,99;59,5;59,89
30/04/2024 17:05;59,54;59,63;59,54;59,55
30/04/2024 16:00;59,88;59,93;59,49;59,49
30/04/2024 15:00;59,78;59,89;59,77;59,89
30/04/2024 14:00;59,72;59,78;59,7;59,78
30/04/2024 13:00;59,8;59,82;59,54;59,74
30/04/2024 12:00;59,81;59,85;59,71;59,79
30/04/2024 11:00;59,87;59,95;59,78;59,82
30/04/2024 10:00;59,65;59,92;59,65;59,87
30/04/2024 09:00;59,59;59,9;59,5;59,68
29/04/2024 17:05;59,59;59,73;59,44;59,59
29/04/2024 16:00;59,38;59,49;59,22;59,49
29/04/2024 15:00;59,31;59,38;59,29;59,38
29/04/2024 14:00;59,24;59,35;59,24;59,29
29/04/2024 13:00;59,28;59,34;59,19;59,24
29/04/2024 12:00;59,25;59,37;59,19;59,32
29/04/2024 11:00;59,23;59,46;59,11;59,29
29/04/2024 10:00;59,24;59,38;59,1;59,19
29/04/2024 09:00;59,07;59,34;59,02;59,24
26/04/2024 17:05;59;59,07;58,96;59,01
26/04/2024 16:00;59,01;59,2;58,94;59,07
26/04/2024 15:00;59,02;59,09;58,99;59,02
26/04/2024 14:00;59,01;59,11;58,99;59,02
26/04/2024 13:00;59,02;59,04;58,96;58,99
26/04/2024 12:00;58,97;59,04;58,93;59,02
26/04/2024 11:00;59,04;59,08;58,89;58,98
26/04/2024 10:00;59,12;59,17;59;59,04
26/04/2024 09:00;59,74;59,74;58,94;59,12
25/04/2024 17:05;59,58;59,84;59,54;59,69
25/04/2024 16:00;59,56;59,64;59,46;59,58
25/04/2024 15:00;59,45;59,76;59,4;59,55
25/04/2024 14:00;59,16;59,47;59,16;59,44
25/04/2024 13:00;59,13;59,19;59,11;59,14
25/04/2024 12:00;59,13;59,19;59,11;59,14
25/04/2024 11:00;59,21;59,46;59,11;59,11
25/04/2024 10:00;59,06;59,23;59,04;59,22
25/04/2024 09:00;58,98;59,12;58,98;59,06
24/04/2024 17:05;58,97;59,09;58,97;59,07
24/04/2024 16:00;59,17;59,17;58,97;59,07
24/04/2024 15:00;59,2;59,22;59,08;59,15
24/04/2024 14:00;59,22;59,26;59,18;59,19
24/04/2024 13:00;59,21;59,24;59,16;59,22
24/04/2024 12:00;59,21;59,31;59,18;59,21
24/04/2024 11:00;59,18;59,27;59,17;59,2
24/04/2024 10:00;59,05;59,22;59,05;59,18
24/04/2024 09:00;58,85;59,09;58,83;59,09
23/04/2024 17:05;58,88;59,01;58,76;58,97
23/04/2024 16:00;59,11;59,19;58,91;58,95
23/04/2024 15:00;59,12;59,22;59,09;59,11
23/04/2024 14:00;59,16;59,31;59,1;59,13
23/04/2024 13:00;59,06;59,19;58,94;59,16
23/04/2024 12:00;59,07;59,16;59;59,07
23/04/2024 11:00;58,99;59,11;58,94;59,08
23/04/2024 10:00;58,93;59,22;58,91;58,99
23/04/2024 09:00;59,27;59,27;58,82;58,95
22/04/2024 17:05;59,02;59,14;59,02;59,1
22/04/2024 16:00;59,25;59,31;59,03;59,03
22/04/2024 15:00;59,05;59,29;59,03;59,26
22/04/2024 14:00;59,03;59,03;58,97;59,02
22/04/2024 13:00;59,09;59,11;58,91;59,02
22/04/2024 12:00;59,25;59,26;58,97;59,07
22/04/2024 11:00;59,34;59,51;59,17;59,22
22/04/2024 10:00;59,27;59,38;59,07;59,35
22/04/2024 09:00;59,29;59,54;59,04;59,26
19/04/2024 17:05;59,17;59,3;59,07;59,3
19/04/2024 16:00;59,14;59,45;59,13;59,23
19/04/2024 15:00;59,13;59,3;59,05;59,12
19/04/2024 14:00;59,19;59,19;58,95;59,12
19/04/2024 13:00;59,22;59,27;59,04;59,19
19/04/2024 12:00;59,25;59,36;59,22;59,22
19/04/2024 11:00;59,38;59,41;59,14;59,23
19/04/2024 10:00;59,18;59,57;59,14;59,34
19/04/2024 09:00;59,67;59,91;59,12;59,19
18/04/2024 17:05;59,11;59,29;59,07;59,29
18/04/2024 16:00;59,15;59,18;59,03;59,15
18/04/2024 15:00;59,17;59,27;59,02;59,15
18/04/2024 14:00;59,31;59,54;59,12;59,17
18/04/2024 13:00;59,26;59,32;59,19;59,3
18/04/2024 12:00;59,23;59,32;59,22;59,24
18/04/2024 11:00;59,24;59,32;59,19;59,25
18/04/2024 10:00;59,31;59,31;59,07;59,27
18/04/2024 09:00;59,32;59,43;58,93;59,33
17/04/2024 17:05;59,42;59,63;59,19;59,63
17/04/2024 16:00;59,51;59,61;59,32;59,43
17/04/2024 15:00;60,04;60,04;59,22;59,48
17/04/2024 14:00;59,98;60,19;59,85;60,04
17/04/2024 13:00;59,54;60,04;59,48;60
17/04/2024 12:00;59,64;59,64;59,46;59,53
17/04/2024 11:00;59,54;59,72;59,45;59,66
17/04/2024 10:00;59,53;59,76;59,33;59,54
17/04/2024 09:00;60,37;60,57;59,12;59,52
16/04/2024 17:05;60,18;60,26;60,05;60,18
16/04/2024 16:00;60,32;60,39;59,96;60,22
16/04/2024 15:00;60,44;60,47;60,07;60,34
16/04/2024 14:00;60,25;60,67;60,24;60,46
16/04/2024 13:00;60,79;60,85;60,14;60,29
16/04/2024 12:00;60,62;60,85;60,59;60,78
16/04/2024 11:00;60,84;60,86;60,6;60,6
16/04/2024 10:00;60,69;61,12;60,5;60,86
16/04/2024 09:00;59,73;60,86;59,73;60,66
15/04/2024 17:05;59,88;59,88;59,63;59,86
15/04/2024 16:00;59,52;59,93;59,48;59,78
15/04/2024 15:00;59,43;59,61;59,38;59,55
15/04/2024 14:00;59,16;59,61;59,11;59,43
15/04/2024 13:00;59,22;59,34;59,07;59,14
15/04/2024 12:00;59,2;59,36;59,18;59,22
15/04/2024 11:00;59,29;59,38;59,18;59,18
15/04/2024 10:00;59,4;59,53;59,17;59,34
15/04/2024 09:00;58,51;59,63;58,31;59,4
12/04/2024 17:05;58,71;58,81;58,52;58,81
12/04/2024 16:00;58,57;58,71;58,41;58,7
12/04/2024 15:00;58,95;59,11;58,39;58,56
12/04/2024 14:00;59,25;59,38;58,88;58,94
12/04/2024 13:00;59,45;59,66;58,82;59,22
12/04/2024 12:00;59,87;60,35;58,95;59,48
12/04/2024 11:00;59,28;60,97;59,26;59,94
12/04/2024 10:00;58,71;59,32;58,65;59,29
12/04/2024 09:00;58,16;59,13;58;58,78
11/04/2024 17:05;58,35;58,35;57,96;58,16
11/04/2024 16:00;58,45;58,47;58,26;58,38
11/04/2024 15:00;58,34;58,51;58,25;58,43
11/04/2024 14:00;58,71;58,74;58,1;58,33
11/04/2024 13:00;58,74;59,07;58,51;58,64
11/04/2024 12:00;59;59;58,6;58,74
11/04/2024 11:00;59,39;59,43;58,82;58,98
11/04/2024 10:00;59,16;59,42;59;59,38
11/04/2024 09:00;58,89;59,27;58,88;59,11
10/04/2024 17:05;58,88;59,12;58,88;59,11
10/04/2024 16:00;59,27;59,34;58,89;59,02
10/04/2024 15:00;59,19;59,47;59,04;59,25
10/04/2024 14:00;58,45;59,53;58,45;59,19
10/04/2024 13:00;58,24;58,8;58,16;58,42
10/04/2024 12:00;58,21;58,33;58,2;58,23
10/04/2024 11:00;58,2;58,3;58,19;58,2
10/04/2024 10:00;58,23;58,49;58,05;58,21
10/04/2024 09:00;58,26;58,29;57,79;58,19
09/04/2024 17:05;58,24;58,35;58,1;58,15
09/04/2024 16:00;58,27;58,33;58,12;58,29
09/04/2024 15:00;58,12;58,3;58,07;58,28
09/04/2024 14:00;58,67;58,67;57,99;58,11
09/04/2024 13:00;58,61;58,75;58,51;58,64
09/04/2024 12:00;58,42;58,77;58,4;58,61
09/04/2024 11:00;58,37;58,66;58,25;58,41
09/04/2024 10:00;58,72;58,86;58,17;58,36
09/04/2024 09:00;59,11;59,12;58,65;58,76
08/04/2024 17:05;59,22;59,4;59,22;59,26
08/04/2024 16:00;59,93;59,93;59,11;59,29
08/04/2024 15:00;60,22;60,22;59,89;59,9
08/04/2024 14:00;60,22;60,26;60,09;60,19
08/04/2024 13:00;60,25;60,32;60,18;60,24
08/04/2024 12:00;60,25;60,34;60,19;60,25
08/04/2024 11:00;60,2;60,3;60,08;60,24
08/04/2024 10:00;60,2;60,35;60,14;60,23
08/04/2024 09:00;60,09;60,26;59,85;60,24
05/04/2024 17:05;60,31;60,47;60,19;60,47
05/04/2024 16:00;60,25;60,42;60,19;60,35
05/04/2024 15:00;60,05;60,43;60,04;60,25
05/04/2024 14:00;60,4;60,42;59,9;60,06
05/04/2024 13:00;60,45;60,58;60,25;60,45
05/04/2024 12:00;60,74;60,8;60,41;60,45
05/04/2024 11:00;60,79;60,9;60,7;60,76
05/04/2024 10:00;60,79;60,94;60,69;60,76
05/04/2024 09:00;60,58;61,06;60,51;60,78
04/04/2024 17:05;60,7;60,79;60,25;60,45
04/04/2024 16:00;60,79;60,85;60,68;60,76
04/04/2024 15:00;60,75;60,8;60,59;60,76
04/04/2024 14:00;60,85;60,96;60,56;60,74
04/04/2024 13:00;60,75;60,9;60,65;60,85
04/04/2024 12:00;60,41;60,93;60,41;60,77
04/04/2024 11:00;60,42;60,47;60,31;60,4
04/04/2024 10:00;60,34;60,65;60,24;60,42
04/04/2024 09:00;60,49;60,55;60,14;60,35
03/04/2024 17:05;60,17;60,4;60,09;60,31
03/04/2024 16:00;60,08;60,35;60,06;60,24
03/04/2024 15:00;60,12;60,18;60,05;60,08
03/04/2024 14:00;60,35;60,4;60,04;60,08
03/04/2024 13:00;60,24;60,37;60,04;60,37
03/04/2024 12:00;60,41;60,5;60,23;60,3
03/04/2024 11:00;60,5;60,55;60,32;60,43
03/04/2024 10:00;59,87;60,5;59,78;60,5
03/04/2024 09:00;60,76;60,76;59,73;59,94
02/04/2024 17:05;60,32;60,43;60,24;60,3
02/04/2024 16:00;60,19;60,35;60,16;60,3
02/04/2024 15:00;60,24;60,4;60,06;60,18
02/04/2024 14:00;60,52;60,55;60,18;60,24
02/04/2024 13:00;60,46;60,62;60,38;60,52
02/04/2024 12:00;60,5;60,59;60,44;60,47
02/04/2024 11:00;60,8;60,8;60,48;60,51
02/04/2024 10:00;60,98;61,04;60,7;60,76
02/04/2024 09:00;61,22;61,22;60,66;60,93
01/04/2024 17:05;61,01;61,04;60,86;60,94
01/04/2024 16:00;61,07;61,11;60,86;60,86
01/04/2024 15:00;61,26;61,3;60,87;61,07
01/04/2024 14:00;61,29;61,42;61,07;61,32
01/04/2024 13:00;61,43;61,54;61,06;61,3
01/04/2024 12:00;61,44;61,55;61,38;61,43
01/04/2024 11:00;61,46;61,83;61,2;61,43
01/04/2024 10:00;61,99;62,03;60,45;61,5
01/04/2024 09:00;61,68;62,32;61,41;62,07
28/03/2024 17:05;61,56;61,74;61,56;61,68
28/03/2024 16:00;61,63;61,85;61,57;61,68
28/03/2024 15:00;61,68;61,94;61,46;61,6
28/03/2024 14:00;61,91;62,18;61,26;61,68
28/03/2024 13:00;61,11;62,14;61,11;61,92
28/03/2024 12:00;61,04;61,21;60,96;60,99
28/03/2024 11:00;60,96;61,15;60,93;61,01
28/03/2024 10:00;61,23;61,3;60,92;60,96
28/03/2024 09:00;61,05;61,37;60,78;61,23
27/03/2024 17:05;61,02;61,32;60,88;61,06
27/03/2024 16:00;61,07;61,14;60,86;61,06
27/03/2024 15:00;61,23;61,24;60,81;61,07
27/03/2024 14:00;61,25;61,35;61,21;61,25
27/03/2024 13:00;61,31;61,36;61,19;61,27
27/03/2024 12:00;61,65;61,7;61,26;61,33
27/03/2024 11:00;61,59;61,88;61,47;61,6
27/03/2024 10:00;60,66;61,75;60,58;61,62
27/03/2024 09:00;60,86;61,09;60,35;60,71
26/03/2024 17:05;61,19;61,46;61,09;61,18
26/03/2024 16:00;61,42;61,51;61,17;61,19
26/03/2024 15:00;61,7;61,75;61,22;61,42
26/03/2024 14:00;62,45;62,48;61,37;61,7
26/03/2024 13:00;62,45;62,52;62,32;62,5
26/03/2024 12:00;62,52;62,65;62,46;62,49
26/03/2024 11:00;62,46;62,65;62,44;62,56
26/03/2024 10:00;62,24;62,63;62,11;62,46
26/03/2024 09:00;62,56;63;61,99;62,29
25/03/2024 17:05;62,7;62,85;62,55;62,84
25/03/2024 16:00;62,71;62,8;62,54;62,7
25/03/2024 15:00;62,3;62,75;62,29;62,67
25/03/2024 14:00;62,34;62,4;62,07;62,35
25/03/2024 13:00;62,29;62,6;62,23;62,34
25/03/2024 12:00;62,16;62,34;62,07;62,29
25/03/2024 11:00;61,66;62,38;61,65;62,15
25/03/2024 10:00;61,63;61,75;61,27;61,67
25/03/2024 09:00;61,6;61,98;61,38;61,65
22/03/2024 17:05;61,56;61,67;61,52;61,6
22/03/2024 16:00;61,45;61,57;61,37;61,51
22/03/2024 15:00;61,5;61,59;61,3;61,51
22/03/2024 14:00;61,33;61,72;61,32;61,48
22/03/2024 13:00;61,26;61,39;61,26;61,34
22/03/2024 12:00;61,43;61,43;61,11;61,27
22/03/2024 11:00;61,42;61,52;61,32;61,39
22/03/2024 10:00;61,38;61,57;61,32;61,38
22/03/2024 09:00;61,26;61,57;61,1;61,38
21/03/2024 17:05;61,72;61,87;61,72;61,8
21/03/2024 16:00;61,96;62;61,78;61,83
21/03/2024 15:00;61,93;62;61,86;61,95
21/03/2024 14:00;61,91;61,94;61,68;61,92
21/03/2024 13:00;61,87;62,03;61,83;61,92
21/03/2024 12:00;61,92;62,07;61,88;61,88
21/03/2024 11:00;61,94;62;61,86;61,91
21/03/2024 10:00;62;62,19;61,63;61,97
21/03/2024 09:00;61,93;62,38;61,69;62,02
20/03/2024 17:05;61,88;62,07;61,76;61,93
20/03/2024 16:00;62,27;62,54;61,93;62,01
20/03/2024 15:00;61,9;62,35;61,78;62,24
20/03/2024 14:00;61,79;62,26;61,57;61,9
20/03/2024 13:00;62,39;62,56;61,6;61,73
20/03/2024 12:00;62,62;62,68;62,39;62,39
20/03/2024 11:00;62,65;62,78;62,5;62,65
20/03/2024 10:00;62,47;62,89;62,34;62,62
20/03/2024 09:00;62,65;63,52;62,13;62,47
19/03/2024 17:05;62,7;63,19;62,65;63,08
19/03/2024 16:00;63,01;63,25;62,78;63,06
19/03/2024 15:00;62,47;63,21;62,47;62,98
19/03/2024 14:00;63,11;63,11;62,39;62,47
19/03/2024 13:00;62,8;63,19;62,8;63,1
19/03/2024 12:00;62,49;63,27;62,47;62,8
19/03/2024 11:00;62,28;62,49;62,16;62,48
19/03/2024 10:00;61,45;62,6;61,39;62,35
19/03/2024 09:00;61,98;62,09;61,09;61,38
18/03/2024 17:05;62,25;62,37;61,63;61,98
18/03/2024 16:00;61,37;63,11;61,36;62,29
18/03/2024 15:00;60,62;61,37;60,5;61,37
18/03/2024 14:00;60,64;60,68;60,36;60,63
18/03/2024 13:00;60,84;60,84;60,41;60,66
18/03/2024 12:00;61,31;61,31;60,53;60,87
18/03/2024 11:00;60,2;61,37;60,15;61,21
18/03/2024 10:00;60,86;60,89;59,94;60,23
18/03/2024 09:00;62,33;62,38;60,48;60,86
15/03/2024 17:05;62,14;62,47;62,1;62,39
15/03/2024 16:00;62,23;62,6;62,09;62,14
15/03/2024 15:00;63,36;63,37;61,94;62,24
15/03/2024 14:00;63,42;63,57;63,24;63,45
15/03/2024 13:00;63,34;63,57;63,15;63,43
15/03/2024 12:00;63,48;63,73;63,33;63,38
15/03/2024 11:00;63,99;63,99;63,12;63,5
15/03/2024 10:00;64,18;64,2;63,75;63,99
15/03/2024 09:00;64,18;64,68;64,06;64,18
14/03/2024 17:05;64,54;64,54;64,25;64,29
14/03/2024 16:00;64,84;64,95;64,49;64,5
14/03/2024 15:00;64,52;64,89;64,49;64,87
14/03/2024 14:00;64,56;64,63;64,23;64,46
14/03/2024 13:00;64,26;64,6;64,1;64,56
14/03/2024 12:00;64,38;64,51;64,03;64,26
14/03/2024 11:00;64,68;64,95;64,29;64,34
14/03/2024 10:00;64,39;64,7;64,2;64,69
14/03/2024 09:00;64,85;64,93;63,96;64,37
13/03/2024 17:05;65,01;65,05;64,5;65,05
13/03/2024 16:00;65,05;65,36;64,98;65,1
13/03/2024 15:00;65,05;65,31;64,87;65,06
13/03/2024 14:00;64,44;65,4;64,38;65,05
13/03/2024 13:00;64,09;64,44;63,9;64,44
13/03/2024 12:00;64,01;64,17;63,89;64,11
13/03/2024 11:00;63,51;64,13;63,46;64,09
13/03/2024 10:00;63,36;63,6;63,24;63,49
13/03/2024 09:00;63,83;64,07;63,08;63,39
12/03/2024 17:05;64,32;64,43;63,9;63,98
12/03/2024 16:00;64,23;64,34;64,09;64,27
12/03/2024 15:00;64,26;64,34;64,2;64,2
12/03/2024 14:00;64,15;64,34;64,08;64,26
12/03/2024 13:00;63,89;64,21;63,67;64,09
12/03/2024 12:00;64,23;64,26;63,72;63,88
12/03/2024 11:00;63,95;64,34;63,9;64,2
12/03/2024 10:00;63,94;64,18;63,75;63,94
12/03/2024 09:00;62,91;64,52;62,91;63,93
11/03/2024 17:05;62,88;63,41;62,85;63,41
11/03/2024 16:00;62,88;63,33;62,83;63,01
11/03/2024 15:00;63,31;63,36;62,9;62,9
11/03/2024 14:00;63,24;63,33;63,17;63,28
11/03/2024 13:00;63,42;63,52;63,01;63,24
11/03/2024 12:00;62,68;63,8;62,6;63,36
11/03/2024 11:00;61,33;62,76;61,23;62,65
11/03/2024 10:00;61,43;61,46;61,19;61,33
11/03/2024 09:00;61,47;62,01;60,99;61,43
08/03/2024 17:05;61,89;62,03;61,88;62,01
08/03/2024 16:00;62;62,14;61,83;62,05
08/03/2024 15:00;61,51;62,14;61,32;62
08/03/2024 14:00;61,5;61,63;60,96;61,49
08/03/2024 13:00;61,59;61,63;61,51;61,54
08/03/2024 12:00;61,48;61,81;61,39;61,56
08/03/2024 11:00;61,63;61,88;61,11;61,37
08/03/2024 10:00;61,49;61,68;61,42;61,63
08/03/2024 09:00;61,59;62,33;60,76;61,54
07/03/2024 17:05;62,29;62,34;62,09;62,09
07/03/2024 16:00;62,07;62,39;61,95;62,32
07/03/2024 15:00;61,14;62,25;61,14;62,07
07/03/2024 14:00;61,17;61,37;61,03;61,15
07/03/2024 13:00;60,55;61,22;60,41;61,12
07/03/2024 12:00;61,2;61,32;60,55;60,55
07/03/2024 11:00;61,04;61,24;60,91;61,2
07/03/2024 10:00;60,61;61,37;60,52;61,02
07/03/2024 09:00;60,35;60,7;60,18;60,61
06/03/2024 17:05;59,7;59,83;59,62;59,79
06/03/2024 16:00;59,48;59,73;59,44;59,73
06/03/2024 15:00;59,59;59,59;59,39;59,53
06/03/2024 14:00;59,58;59,63;59,44;59,59
06/03/2024 13:00;59,39;59,73;59,3;59,57
06/03/2024 12:00;59,18;59,53;59,15;59,39
06/03/2024 11:00;59,28;59,73;59,12;59,2
06/03/2024 10:00;58,77;59,32;58,76;59,24
06/03/2024 09:00;59,08;59,25;58,67;58,82
05/03/2024 17:05;59,48;59,53;59,47;59,47
05/03/2024 16:00;59,27;59,48;59,18;59,48
05/03/2024 15:00;59,51;59,63;59,14;59,3
05/03/2024 14:00;59,4;59,53;59,34;59,52
05/03/2024 13:00;59,22;59,53;59,17;59,38
05/03/2024 12:00;59,41;59,41;59,08;59,2
05/03/2024 11:00;58,73;59,48;58,58;59,44
05/03/2024 10:00;59,64;59,64;58,51;58,73
05/03/2024 09:00;59,73;59,99;59,34;59,64
04/03/2024 17:05;59,06;59,28;58,87;59,19
04/03/2024 16:00;59,14;59,24;58,97;59,01
04/03/2024 15:00;59,26;59,38;58,9;59,19
04/03/2024 14:00;59,26;59,3;59,13;59,26
04/03/2024 13:00;59,24;59,34;59,03;59,27
04/03/2024 12:00;59,27;59,41;59,11;59,25
04/03/2024 11:00;58,73;59,41;58,73;59,28
04/03/2024 10:00;59,01;59,06;58,71;58,74
04/03/2024 09:00;58,51;59,11;58,43;59,03
01/03/2024 17:05;57,69;57,79;57,54;57,74
01/03/2024 16:00;57,74;57,89;57,64;57,73
01/03/2024 15:00;57,56;57,89;57,39;57,72
01/03/2024 14:00;57,14;57,69;57,11;57,56
01/03/2024 13:00;57,24;57,33;57,09;57,16
01/03/2024 12:00;57,33;57,33;57,04;57,23
01/03/2024 11:00;57,77;57,87;57,28;57,35
01/03/2024 10:00;57,94;57,99;57,7;57,76
01/03/2024 09:00;57,62;58,34;57,62;57,88
29/02/2024 17:05;57,64;57,65;57,49;57,51
29/02/2024 16:00;57,5;57,7;57,46;57,59
29/02/2024 15:00;57,65;57,71;57,41;57,54
29/02/2024 14:00;57,79;57,87;57,59;57,67
29/02/2024 13:00;57,76;57,92;57,71;57,79
29/02/2024 12:00;57,65;57,78;57,65;57,71
29/02/2024 11:00;57,65;57,86;57,54;57,69
29/02/2024 10:00;57,61;57,72;57,42;57,65
29/02/2024 09:00;57,78;58,14;57,41;57,63
28/02/2024 17:05;57,68;57,77;57,59;57,63
28/02/2024 16:00;57,62;57,75;57,59;57,59
28/02/2024 15:00;57,97;58,06;57,39;57,62
28/02/2024 14:00;58,21;58,24;57,92;57,98
28/02/2024 13:00;57,95;58,33;57,84;58,19
28/02/2024 12:00;57,99;58,13;57,91;57,95
28/02/2024 11:00;57,78;58,21;57,75;58,01
28/02/2024 10:00;57,96;57,96;57,63;57,74
28/02/2024 09:00;58,54;58,54;57,81;58
27/02/2024 17:05;58,58;58,72;58,25;58,31
27/02/2024 16:00;58,26;58,52;58,21;58,43
27/02/2024 15:00;58,63;58,73;58,11;58,29
27/02/2024 14:00;58,3;58,63;58,3;58,63
27/02/2024 13:00;58,42;58,49;58,21;58,32
27/02/2024 12:00;58,54;58,61;58,42;58,46
27/02/2024 11:00;58,21;58,67;58,19;58,51
27/02/2024 10:00;58,16;58,43;58,15;58,25
27/02/2024 09:00;58,54;59,02;58,03;58,13
26/02/2024 17:05;58,34;58,35;57,98;58,3
26/02/2024 16:00;58,16;58,48;58,11;58,35
26/02/2024 15:00;58,2;58,54;58,01;58,22
26/02/2024 14:00;57,93;58,24;57,87;58,22
26/02/2024 13:00;58,06;58,12;57,9;57,9
26/02/2024 12:00;58,06;58,35;57,83;58,01
26/02/2024 11:00;57,64;58,35;57,58;58,03
26/02/2024 10:00;58,31;58,43;57,33;57,67
26/02/2024 09:00;59,32;59,98;58,21;58,31
23/02/2024 17:05;59,25;59,35;59,19;59,21
23/02/2024 16:00;59,31;59,37;59,18;59,31
23/02/2024 15:00;59,29;59,62;59,08;59,28
23/02/2024 14:00;59,08;59,54;59;59,26
23/02/2024 13:00;59,05;59,18;58,78;59,08
23/02/2024 12:00;59,06;59,24;58,95;59,05
23/02/2024 11:00;60,51;60,51;58,92;59,12
23/02/2024 10:00;60,84;60,88;60,5;60,51
23/02/2024 09:00;61,22;61,31;60,47;60,78
22/02/2024 17:05;61,27;61,37;61,16;61,18
22/02/2024 16:00;61,35;61,41;61,13;61,37
22/02/2024 15:00;61,33;61,55;61,32;61,33
22/02/2024 14:00;61,5;61,5;61,27;61,34
22/02/2024 13:00;61,46;61,66;61,41;61,47
22/02/2024 12:00;61,7;61,8;61,25;61,46
22/02/2024 11:00;61,72;61,92;61,65;61,7
22/02/2024 10:00;61,84;61,93;61,66;61,74
22/02/2024 09:00;61,75;61,86;61,68;61,81
21/02/2024 17:05;61,79;61,79;61,61;61,65
21/02/2024 16:00;61,67;61,69;61,55;61,59
21/02/2024 15:00;61,77;61,77;61,61;61,65
21/02/2024 14:00;61,67;61,81;61,63;61,77
21/02/2024 13:00;61,67;61,77;61,62;61,68
21/02/2024 12:00;61,75;61,79;61,62;61,68
21/02/2024 11:00;61,82;61,89;61,7;61,74
21/02/2024 10:00;61,67;61,86;61,52;61,82
21/02/2024 09:00;61,96;61,97;61,51;61,67
20/02/2024 17:05;61,87;61,95;61,8;61,9
20/02/2024 16:00;61,89;62,08;61,84;61,96
20/02/2024 15:00;61,89;61,99;61,7;61,89
20/02/2024 14:00;62,01;62,06;61,86;61,89
20/02/2024 13:00;61,87;62,06;61,84;62
20/02/2024 12:00;61,91;61,99;61,83;61,86
20/02/2024 11:00;61,86;62,03;61,79;61,9
20/02/2024 10:00;62,19;62,19;61,63;61,89
20/02/2024 09:00;62,13;62,31;62,02;62,19
19/02/2024 17:05;62,13;62,27;62,11;62,11
19/02/2024 16:00;62,15;62,29;62,13;62,13
19/02/2024 15:00;61,87;62,21;61,86;62,15
19/02/2024 14:00;61,84;61,92;61,84;61,88
19/02/2024 13:00;61,96;61,99;61,82;61,84
19/02/2024 12:00;62,01;62,11;61,9;61,93
19/02/2024 11:00;61,95;62,01;61,86;61,99
19/02/2024 10:00;62,03;62,12;61,9;61,97
19/02/2024 09:00;61,83;62,23;61,62;62,05
16/02/2024 17:05;61,73;61,87;61,73;61,87
16/02/2024 16:00;61,68;61,78;61,6;61,75
16/02/2024 15:00;61,65;61,79;61,56;61,7
16/02/2024 14:00;61,72;61,8;61,65;61,68
16/02/2024 13:00;61,77;61,81;61,61;61,71
16/02/2024 12:00;61,71;61,84;61,7;61,77
16/02/2024 11:00;61,71;61,77;61,68;61,7
16/02/2024 10:00;61,62;61,84;61,6;61,7
16/02/2024 09:00;61,7;61,78;61,54;61,63
15/02/2024 17:05;61,7;61,72;61,61;61,7
15/02/2024 16:00;61,64;61,84;61,58;61,71
15/02/2024 15:00;61,69;61,73;61,55;61,64
15/02/2024 14:00;61,75;61,81;61,6;61,69
15/02/2024 13:00;61,69;61,95;61,55;61,74
15/02/2024 12:00;61,87;61,98;61,64;61,7
15/02/2024 11:00;61,78;61,89;61,74;61,87
15/02/2024 10:00;61,74;61,82;61,68;61,77
15/02/2024 09:00;61,71;62,07;61,62;61,75
14/02/2024 17:05;61,6;61,79;61,53;61,7
14/02/2024 16:00;61,75;61,84;61,61;61,66
14/02/2024 15:00;61,73;61,78;61,67;61,77
14/02/2024 14:00;61,71;61,78;61,61;61,7
14/02/2024 13:00;61,69;61,9;61,46;61,73
09/02/2024 17:05;62,09;62,1;61,91;62,05
09/02/2024 16:00;62,18;62,31;62,03;62,04
09/02/2024 15:00;61,76;62,23;61,75;62,11
09/02/2024 14:00;61,8;61,89;61,7;61,75
09/02/2024 13:00;61,72;61,97;61,7;61,87
09/02/2024 12:00;62,08;62,18;61,72;61,72
09/02/2024 11:00;61,79;62,31;61,65;62,05
09/02/2024 10:00;61,8;61,8;61,57;61,78
09/02/2024 09:00;61,82;62,16;61,7;61,85
08/02/2024 17:05;62,46;62,59;62,24;62,24
08/02/2024 16:00;62,1;62,46;62,1;62,42
08/02/2024 15:00;61,76;62,13;61,41;62,12
08/02/2024 14:00;61,55;61,98;61,44;61,76
08/02/2024 13:00;61,46;61,6;61,41;61,56
08/02/2024 12:00;61,72;61,74;61,32;61,46
08/02/2024 11:00;61,89;61,89;61,52;61,7
08/02/2024 10:00;61,94;62,04;61,8;61,89
08/02/2024 09:00;61,99;62,25;61,84;61,96
07/02/2024 17:05;61,75;61,79;61,45;61,46
07/02/2024 16:00;61,69;61,76;61,46;61,74
07/02/2024 15:00;61,7;61,79;61,67;61,7
07/02/2024 14:00;61,8;61,8;61,55;61,68
07/02/2024 13:00;61,96;62,02;61,71;61,85
07/02/2024 12:00;61,75;61,99;61,65;61,99
07/02/2024 11:00;61,81;61,87;61,7;61,76
07/02/2024 10:00;61,9;61,98;61,73;61,82
07/02/2024 09:00;62,45;62,45;61,52;61,91
06/02/2024 17:05;62,43;62,61;62,42;62,61
06/02/2024 16:00;62,33;62,56;62,33;62,51
06/02/2024 15:00;62,13;62,46;61,99;62,33
06/02/2024 14:00;62,3;62,65;62,1;62,17
06/02/2024 13:00;62,51;62,51;62,27;62,3
06/02/2024 12:00;62,64;62,7;62,38;62,51
06/02/2024 11:00;62,84;62,94;62,51;62,65
06/02/2024 10:00;62,68;62,89;62,45;62,85
06/02/2024 09:00;62,85;63,3;62,54;62,65
05/02/2024 17:05;62,46;62,75;62,37;62,75
05/02/2024 16:00;62,31;62,74;62,3;62,65
05/02/2024 15:00;61,87;62,3;61,87;62,3
05/02/2024 14:00;61,89;61,97;61,7;61,83
05/02/2024 13:00;61,89;61,99;61,76;61,89
05/02/2024 12:00;61,86;62,07;61,8;61,89
05/02/2024 11:00;61,63;61,96;61,43;61,87
05/02/2024 10:00;61,51;61,7;61,51;61,61
05/02/2024 09:00;61,49;61,79;61,38;61,51
02/02/2024 17:05;61,42;61,49;61,11;61,23
02/02/2024 16:00;61,41;61,46;61,23;61,38
02/02/2024 15:00;61,32;61,51;61,22;61,4
02/02/2024 14:00;61,04;61,36;61,04;61,31
02/02/2024 13:00;61,06;61,11;60,95;61,05
02/02/2024 12:00;61,02;61,16;60,88;61,06
02/02/2024 11:00;61,19;61,27;60,89;60,99
02/02/2024 10:00;61,04;61,3;60,97;61,17
02/02/2024 09:00;60,79;61,37;60,79;61,06
01/02/2024 17:05;61,2;61,22;61,03;61,1
01/02/2024 16:00;61,51;61,62;61,22;61,27
01/02/2024 15:00;61,41;61,55;61,41;61,52
01/02/2024 14:00;61,37;61,51;61,34;61,41
01/02/2024 13:00;61,5;61,51;61,29;61,36
01/02/2024 12:00;61,36;61,55;61,28;61,51
01/02/2024 11:00;61,36;61,58;61,27;61,36
01/02/2024 10:00;61,43;61,46;61,22;61,35
01/02/2024 09:00;61,41;61,76;61,31;61,43
31/01/2024 17:05;62,32;62,39;62,03;62,03
31/01/2024 16:00;62,12;62,41;62,08;62,25
31/01/2024 15:00;62,14;62,16;61,79;62,08
31/01/2024 14:00;62,1;62,24;62,02;62,13
31/01/2024 13:00;62,2;62,21;61,77;62,08
31/01/2024 12:00;62,24;62,38;62,07;62,17
31/01/2024 11:00;62,21;62,39;61,88;62,25
31/01/2024 10:00;62,19;62,35;61,99;62,21
31/01/2024 09:00;62,17;62,59;61,99;62,19
30/01/2024 17:05;61,66;61,96;61,55;61,68
30/01/2024 16:00;61,32;61,69;61,22;61,69
30/01/2024 15:00;61,55;61,61;61,22;61,32
30/01/2024 14:00;61,77;61,79;61,36;61,59
30/01/2024 13:00;61,85;61,99;61,76;61,77
30/01/2024 12:00;61,55;61,89;61,52;61,87
30/01/2024 11:00;61,65;61,7;61,27;61,57
30/01/2024 10:00;61,11;61,69;61,08;61,65
30/01/2024 09:00;61,3;61,84;60,89;61,08
29/01/2024 17:05;61,32;61,36;60,98;60,99
29/01/2024 16:00;61,39;61,75;61,23;61,34
29/01/2024 15:00;61,44;61,51;61,27;61,39
29/01/2024 14:00;61,43;61,56;61,28;61,43
29/01/2024 13:00;61,68;61,7;61,29;61,44
29/01/2024 12:00;61,73;61,75;61,55;61,69
29/01/2024 11:00;61,77;61,86;61,64;61,68
29/01/2024 10:00;61,92;61,98;61,54;61,77
29/01/2024 09:00;62,07;62,07;61,43;61,93
26/01/2024 17:05;62,56;62,81;62,27;62,32
26/01/2024 16:00;62,53;62,85;62,44;62,59
26/01/2024 15:00;62,39;62,67;62,28;62,51
26/01/2024 14:00;62,38;62,51;62,02;62,43
26/01/2024 13:00;62,87;62,87;62,27;62,39
26/01/2024 12:00;62,87;63,05;62,66;62,88
26/01/2024 11:00;62,7;63,01;62,56;62,85
26/01/2024 10:00;63,4;63,4;62,34;62,73
26/01/2024 09:00;63,46;63,94;63,05;63,36
25/01/2024 17:05;64,27;64,42;63,99;64,19
25/01/2024 16:00;64,12;64,47;63,98;64,44
25/01/2024 15:00;63,56;64,14;63,55;64,14
25/01/2024 14:00;63,35;63,92;63,32;63,55
25/01/2024 13:00;63,53;63,53;62,94;63,37
25/01/2024 12:00;63,98;64,04;63,32;63,53
25/01/2024 11:00;63,86;64,22;63,71;64,02
25/01/2024 10:00;64,17;64,54;63,8;63,84
25/01/2024 09:00;63,37;64,28;63,37;64,14
24/01/2024 17:05;63,84;63,85;63,51;63,51
24/01/2024 16:00;63,44;64,04;63,37;64
24/01/2024 15:00;63,32;63,58;62,94;63,39
24/01/2024 14:00;62,7;63,9;62,65;63,32
24/01/2024 13:00;62,52;62,75;62,41;62,69
24/01/2024 12:00;62,41;62,91;62,37;62,55
24/01/2024 11:00;62,61;62,65;62,18;62,39
24/01/2024 10:00;62,43;62,65;62,37;62,63
24/01/2024 09:00;62,85;63,31;62,29;62,44
23/01/2024 17:05;63,37;63,47;63,2;63,29
23/01/2024 16:00;63,14;63,47;63,02;63,41
23/01/2024 15:00;63,57;64,36;62,99;63,15
23/01/2024 14:00;62,34;63,57;62,34;63,54
23/01/2024 13:00;61,97;62,56;61,93;62,34
23/01/2024 12:00;61,73;62,13;61,7;61,99
23/01/2024 11:00;61,58;61,76;61,53;61,71
23/01/2024 10:00;61,55;61,7;61,37;61,59
23/01/2024 09:00;61,47;61,6;61,17;61,55
22/01/2024 17:05;61,81;61,87;61,75;61,78
22/01/2024 16:00;61,83;61,88;61,75;61,87
22/01/2024 15:00;61,82;61,94;61,74;61,81
22/01/2024 14:00;61,8;61,91;61,65;61,79
22/01/2024 13:00;61,99;61,99;61,77;61,79
22/01/2024 12:00;61,9;62,17;61,87;62,02
22/01/2024 11:00;61,89;62,05;61,64;61,86
22/01/2024 10:00;61,77;62,62;61,74;61,89
22/01/2024 09:00;61,86;62,05;61,41;61,78
19/01/2024 17:05;62,55;62,65;62,42;62,43
19/01/2024 16:00;62,51;62,67;62,48;62,56
19/01/2024 15:00;62,49;62,84;62,42;62,49
19/01/2024 14:00;62,22;62,59;62,19;62,47
19/01/2024 13:00;62,37;62,38;61,97;62,21
19/01/2024 12:00;62,51;62,61;62,27;62,37
19/01/2024 11:00;62,78;62,79;62,22;62,55
19/01/2024 10:00;62,97;63,04;62,65;62,78
19/01/2024 09:00;63,34;63,51;62,66;62,97
18/01/2024 17:05;63,88;63,97;63,8;63,85
18/01/2024 16:00;63,82;63,89;63,76;63,8
18/01/2024 15:00;64,02;64,04;63,71;63,8
18/01/2024 14:00;64,04;64,13;63,93;64
18/01/2024 13:00;63,98;64,21;63,93;64,08
18/01/2024 12:00;63,94;64,06;63,75;63,99
18/01/2024 11:00;64,03;64,23;63,81;63,94
18/01/2024 10:00;64,12;64,18;63,86;63,99
18/01/2024 09:00;64;64,36;63,66;64,18
17/01/2024 17:05;64,82;64,82;64,59;64,66
17/01/2024 16:00;64,95;65,17;64,86;64,95
17/01/2024 15:00;65,21;65,22;64,79;64,91
17/01/2024 14:00;65,44;65,52;65,07;65,23
17/01/2024 13:00;65,43;65,81;65,34;65,47
17/01/2024 12:00;64,92;65,47;64,8;65,43
17/01/2024 11:00;64,76;64,99;64,57;64,95
17/01/2024 10:00;64,77;65,26;64,75;64,79
17/01/2024 09:00;64,19;64,86;63,54;64,84
16/01/2024 17:05;64,22;64,37;64,05;64,36
16/01/2024 16:00;63,9;64,28;63,88;63,97
16/01/2024 15:00;63,95;64,08;63,85;63,88
16/01/2024 14:00;64,16;64,23;63,57;63,97
16/01/2024 13:00;64,45;64,64;63,61;64,15
16/01/2024 12:00;64,27;64,74;64,25;64,5
16/01/2024 11:00;63,95;64,38;63,89;64,24
16/01/2024 10:00;63,1;64,61;63,09;63,95
16/01/2024 09:00;63,05;63,14;62,54;63,13
15/01/2024 17:05;63,57;63,65;63,49;63,49
15/01/2024 16:00;63,67;63,8;63,54;63,58
15/01/2024 15:00;63,62;63,89;63,52;63,62
15/01/2024 14:00;63,76;63,96;63,5;63,62
15/01/2024 13:00;64,19;64,2;63,75;63,8
15/01/2024 12:00;64,49;64,49;63,95;64,22
15/01/2024 11:00;64,47;64,6;64,38;64,46
15/01/2024 10:00;64,62;64,71;64,38;64,52
15/01/2024 09:00;64,85;65,3;64,22;64,61
12/01/2024 17:05;65,19;65,67;65,18;65,5
12/01/2024 16:00;65,63;65,71;65,14;65,19
12/01/2024 15:00;64,77;65,9;64,64;65,62
12/01/2024 14:00;66,29;66,32;64,64;64,73
12/01/2024 13:00;66,13;66,62;66,01;66,4
12/01/2024 12:00;66,32;66,46;66;66,16
12/01/2024 11:00;66,47;66,5;66,19;66,34
12/01/2024 10:00;66,84;66,84;66,43;66,48
12/01/2024 09:00;67,52;67,52;65,84;66,89
11/01/2024 17:05;68,01;68,09;67,74;67,87
11/01/2024 16:00;67,53;68,2;67,53;68,11
11/01/2024 15:00;67,71;67,73;67,54;67,54
11/01/2024 14:00;67,71;67,74;67,44;67,68
11/01/2024 13:00;67,82;67,83;67,64;67,71
11/01/2024 12:00;68,03;68,28;67,77;67,82
11/01/2024 11:00;67,73;68,08;67,72;68,04
11/01/2024 10:00;67,77;67,92;67,54;67,76
11/01/2024 09:00;68,75;68,75;67,4;67,8
10/01/2024 17:05;68,96;68,97;68,69;68,78
10/01/2024 16:00;68,34;68,87;68,2;68,87
10/01/2024 15:00;68,84;68,94;68,32;68,36
10/01/2024 14:00;68,81;68,93;68,57;68,86
10/01/2024 13:00;69,29;69,31;68,42;68,83
10/01/2024 12:00;69,21;69,4;69,06;69,28
10/01/2024 11:00;68,6;69,17;67,78;69,16
10/01/2024 10:00;70,23;70,25;68,49;68,63
10/01/2024 09:00;70,88;71,06;69,96;70,25
09/01/2024 17:05;71,07;71,08;70,89;70,89
09/01/2024 16:00;71,22;71,31;70,98;71,01
09/01/2024 15:00;71,41;71,49;71,12;71,18
09/01/2024 14:00;71,33;71,44;71,17;71,41
09/01/2024 13:00;71,58;71,74;71,22;71,3
09/01/2024 12:00;71,37;71,57;71,26;71,55
09/01/2024 11:00;71,84;71,86;71,26;71,37
09/01/2024 10:00;72,12;72,13;71,46;71,82
09/01/2024 09:00;71,94;72,33;71,83;72,13
08/01/2024 17:05;72,23;72,56;72,22;72,41
08/01/2024 16:00;72,46;72,69;72,22;72,23
08/01/2024 15:00;72,7;72,79;72,36;72,5
08/01/2024 14:00;72,77;73,11;72,6;72,7
08/01/2024 13:00;72,62;72,99;72,58;72,83
08/01/2024 12:00;72,26;72,6;72,07;72,6
08/01/2024 11:00;72,09;72,63;71,68;72,3
08/01/2024 10:00;73,21;73,21;72,07;72,11
08/01/2024 09:00;73,47;73,63;73,08;73,23
05/01/2024 17:05;73,93;73,93;73,73;73,88
05/01/2024 16:00;73,78;73,94;73,72;73,94
05/01/2024 15:00;73,93;73,93;73,78;73,79
05/01/2024 14:00;73,87;73,96;73,78;73,9
05/01/2024 13:00;73,7;74,13;73,7;73,86
05/01/2024 12:00;73,72;73,81;73,67;73,74
05/01/2024 11:00;73,85;73,95;73,68;73,73
05/01/2024 10:00;73,85;74,04;73,79;73,85
05/01/2024 09:00;74,1;74,27;73,82;73,83
04/01/2024 17:05;73,62;73,66;73,46;73,61
04/01/2024 16:00;73,6;73,69;73,52;73,61
04/01/2024 15:00;73,7;73,82;73,56;73,6
04/01/2024 14:00;73,63;73,84;73,61;73,7
04/01/2024 13:00;73,41;73,74;73,28;73,57
04/01/2024 12:00;73,43;73,52;73,38;73,46
04/01/2024 11:00;73,5;73,56;73,34;73,38
04/01/2024 10:00;73,09;73,57;73,03;73,47
04/01/2024 09:00;73,16;73,36;73,01;73,15
03/01/2024 17:05;73,61;73,85;73,54;73,6
03/01/2024 16:00;73,46;73,59;73,36;73,51
03/01/2024 15:00;73,29;73,57;73,08;73,52
03/01/2024 14:00;73,38;73,54;73,15;73,29
03/01/2024 13:00;72,84;73,49;72,7;73,36
03/01/2024 12:00;72,96;72,97;72,75;72,82
03/01/2024 11:00;72,75;72,97;72,71;72,96
03/01/2024 10:00;72,91;72,93;72,6;72,75
03/01/2024 09:00;73,02;73,2;72,87;72,92
02/01/2024 17:05;73,13;73,16;73,06;73,06
02/01/2024 16:00;72,92;73,06;72,89;73,05
02/01/2024 15:00;72,67;72,96;72,63;72,91
02/01/2024 14:00;72,38;72,68;72,34;72,68
02/01/2024 13:00;72,51;72,75;72,35;72,35
02/01/2024 12:00;72,52;72,61;72,29;72,55
02/01/2024 11:00;72,95;72,96;72,51;72,53
02/01/2024 10:00;72,92;73,04;72,82;72,95
02/01/2024 09:00;72,75;73,34;72,69;72,93
28/12/2023 17:05;72,36;72,45;72,26;72,27
28/12/2023 16:00;72,14;72,35;72,11;72,3
28/12/2023 15:00;71,71;72,25;71,71;72,18
28/12/2023 14:00;71,59;71,78;71,56;71,74
28/12/2023 13:00;71,41;71,7;71,4;71,56
28/12/2023 12:00;71,3;71,53;71,26;71,39
28/12/2023 11:00;71,27;71,5;71,14;71,23
28/12/2023 10:00;70,82;71,35;70,82;71,27
28/12/2023 09:00;70,68;71,01;70,68;70,82
27/12/2023 17:05;70,77;70,91;70,68;70,85
27/12/2023 16:00;70,49;70,77;70,47;70,67
27/12/2023 15:00;70,52;70,7;70,37;70,51
27/12/2023 14:00;70,65;70,76;70,47;70,52
27/12/2023 13:00;71,01;71,05;70,46;70,63
27/12/2023 12:00;71,18;71,18;70,92;70,96
27/12/2023 11:00;71,33;71,33;70,99;71,19
27/12/2023 10:00;71,5;71,57;71,23;71,33
27/12/2023 09:00;71,52;71,81;71,17;71,48
26/12/2023 17:05;71,37;71,51;71,23;71,33
26/12/2023 16:00;71,76;71,79;71,13;71,43
26/12/2023 15:00;71,74;71,92;71,59;71,78
26/12/2023 14:00;71,47;71,77;71,3;71,74
26/12/2023 13:00;71,73;71,82;71,38;71,48
26/12/2023 12:00;71,79;71,93;71,64;71,78
26/12/2023 11:00;71,54;71,89;71,4;71,75
26/12/2023 10:00;71,73;72,01;71,48;71,56
26/12/2023 09:00;71,14;71,78;71,13;71,69
22/12/2023 17:05;71,53;71,64;71,33;71,53
22/12/2023 16:00;71,48;71,63;71,38;71,53
22/12/2023 15:00;71,56;71,59;71,43;71,44
22/12/2023 14:00;71,7;71,82;71,42;71,52
22/12/2023 13:00;71,85;71,92;71,68;71,69
22/12/2023 12:00;72,08;72,14;71,77;71,8
22/12/2023 11:00;72;72,09;71,64;72,09
22/12/2023 10:00;72,14;72,14;71,71;71,99
22/12/2023 09:00;72,05;72,49;72,04;72,2
21/12/2023 17:05;72,47;72,63;72,45;72,63
21/12/2023 16:00;72,63;72,72;72,4;72,4
21/12/2023 15:00;72,45;72,73;72,36;72,59
21/12/2023 14:00;72,64;72,84;72,43;72,45
21/12/2023 13:00;72,58;72,65;72,52;72,62
21/12/2023 12:00;72,51;72,7;72,42;72,57
21/12/2023 11:00;72,3;72,55;72,09;72,47
21/12/2023 10:00;72,45;72,6;72,25;72,35
21/12/2023 09:00;72,66;72,98;72,2;72,45
20/12/2023 17:05;72,65;73,07;72,65;72,9
20/12/2023 16:00;72,25;72,65;72,25;72,65
20/12/2023 15:00;72,36;72,43;72,11;72,28
20/12/2023 14:00;72,42;72,65;72,3;72,36
20/12/2023 13:00;72,12;72,52;72,08;72,45
20/12/2023 12:00;72,29;72,3;72,05;72,12
20/12/2023 11:00;72,08;72,45;71,92;72,25
20/12/2023 10:00;72,08;72,3;71,89;72,07
20/12/2023 09:00;71,62;72,64;71,38;72,06
19/12/2023 17:05;71,34;71,83;71,33;71,83
19/12/2023 16:00;72,07;72,08;71,39;71,47
19/12/2023 15:00;72,4;72,5;72,07;72,08
19/12/2023 14:00;72,63;72,69;72,38;72,41
19/12/2023 13:00;72,67;72,72;72,53;72,63
19/12/2023 12:00;72,77;72,78;72,67;72,68
19/12/2023 11:00;72,89;72,91;72,75;72,77
19/12/2023 10:00;72,91;72,91;72,7;72,89
19/12/2023 09:00;73,16;73,41;72,67;72,92
18/12/2023 17:05;73,83;73,92;73,5;73,65
18/12/2023 16:00;73,64;73,77;73,57;73,62
18/12/2023 15:00;73,65;73,82;73,59;73,62
18/12/2023 14:00;73,78;73,82;73,47;73,62
18/12/2023 13:00;73,72;73,92;73,72;73,81
18/12/2023 12:00;73,86;73,9;73,72;73,74
18/12/2023 11:00;73,82;74,05;73,57;73,86
18/12/2023 10:00;74,17;74,21;73,67;73,77
18/12/2023 09:00;73,82;74,23;73,7;74,19
15/12/2023 17:05;74,52;74,61;74,23;74,53
15/12/2023 16:00;74,4;74,51;74,04;74,47
15/12/2023 15:00;74,28;74,64;74,25;74,4
15/12/2023 14:00;74,19;74,32;74,01;74,25
15/12/2023 13:00;74,24;74,35;74,01;74,24
15/12/2023 12:00;74,31;74,42;74,12;74,23
15/12/2023 11:00;74,15;74,43;74,13;74,29
15/12/2023 10:00;74,18;74,56;74,01;74,13
15/12/2023 09:00;73,1;74,26;72,9;74,2
14/12/2023 17:05;73,59;73,66;73,36;73,36
14/12/2023 16:00;73,57;73,63;73,31;73,38
14/12/2023 15:00;73,69;73,8;73,34;73,52
14/12/2023 14:00;74,51;74,52;73,52;73,72
14/12/2023 13:00;74,33;74,53;74,29;74,5
14/12/2023 12:00;74,41;74,51;74,33;74,33
14/12/2023 11:00;74,4;74,55;74,24;74,38
14/12/2023 10:00;74,33;74,48;73,97;74,4
14/12/2023 09:00;74,73;74,84;74,3;74,31
13/12/2023 17:05;74,27;74,48;74,18;74,48
13/12/2023 16:00;74,63;74,68;74,23;74,34
13/12/2023 15:00;74,43;74,78;74,42;74,63
13/12/2023 14:00;74,45;74,66;74,34;74,44
13/12/2023 13:00;74,2;74,57;74,09;74,44
13/12/2023 12:00;74,25;74,33;74,13;74,18
13/12/2023 11:00;74,37;74,45;73,97;74,27
13/12/2023 10:00;74,27;74,47;74,22;74,38
13/12/2023 09:00;73,97;74,58;73,74;74,27
12/12/2023 17:05;74,27;74,33;74,05;74,29
12/12/2023 16:00;74,27;74,38;74,18;74,28
12/12/2023 15:00;74,58;74,6;74,1;74,3
12/12/2023 14:00;74,53;74,76;74,28;74,58
12/12/2023 13:00;74,5;74,68;74,33;74,55
12/12/2023 12:00;74,02;74,64;73,92;74,53
12/12/2023 11:00;74,38;74,48;73,9;74,03
12/12/2023 10:00;73,87;75,08;73,83;74,38
12/12/2023 09:00;72,88;73,97;72,74;73,88
11/12/2023 17:05;72,52;72,79;72,47;72,47
11/12/2023 16:00;72,55;72,83;72,28;72,5
11/12/2023 15:00;72,34;72,6;72,26;72,54
11/12/2023 14:00;72,31;72,4;72,06;72,33
11/12/2023 13:00;72,74;72,81;72,07;72,31
11/12/2023 12:00;72,66;72,71;72,58;72,68
11/12/2023 11:00;72,84;72,9;72,65;72,67
11/12/2023 10:00;72,59;72,94;72,52;72,84
11/12/2023 09:00;72,31;72,69;72,25;72,55
08/12/2023 17:05;72,65;72,73;72,35;72,35
08/12/2023 16:00;72,41;72,65;72,38;72,59
08/12/2023 15:00;72,42;72,5;72,32;72,41
08/12/2023 14:00;72,5;72,64;72,1;72,43
08/12/2023 13:00;72,24;72,53;72,24;72,5
08/12/2023 12:00;72,33;72,35;72,15;72,24
08/12/2023 11:00;72,08;72,47;72,04;72,33
08/12/2023 10:00;72,1;72,4;72,04;72,11
08/12/2023 09:00;72,16;72,25;71,87;72,12
07/12/2023 17:05;72,28;72,67;72,14;72,19
07/12/2023 16:00;71,9;72,3;71,9;72,28
07/12/2023 15:00;72,05;72,14;71,84;71,9
07/12/2023 14:00;71,35;72,07;71,34;72,05
07/12/2023 13:00;71,33;71,4;71,18;71,34
07/12/2023 12:00;71,41;71,48;70,85;71,32
07/12/2023 11:00;71,28;71,52;71,2;71,4
07/12/2023 10:00;71,43;71,48;71,14;71,29
07/12/2023 09:00;71,42;71,87;71,23;71,45
06/12/2023 17:05;71,09;71,31;70,82;71,23
06/12/2023 16:00;71,67;71,77;71,03;71,09
06/12/2023 15:00;72,35;72,35;71,21;71,68
06/12/2023 14:00;72,38;72,44;72,08;72,35
06/12/2023 13:00;71,94;72,55;71,86;72,39
06/12/2023 12:00;72;72,13;71,75;71,94
06/12/2023 11:00;72,31;72,54;71,89;72,01
06/12/2023 10:00;72,55;72,72;72,03;72,32
06/12/2023 09:00;72,67;72,79;72,26;72,57
05/12/2023 17:05;71,92;72,13;71,74;71,87
05/12/2023 16:00;71,57;71,93;71,48;71,93
05/12/2023 15:00;71,59;71,7;71,46;71,54
05/12/2023 14:00;71,83;71,87;71,4;71,57
05/12/2023 13:00;72,07;72,14;71,69;71,82
05/12/2023 12:00;72,39;72,6;71,95;72,07
05/12/2023 11:00;71,57;72,45;71,33;72,41
05/12/2023 10:00;71,49;71,74;71,49;71,61
05/12/2023 09:00;71,14;71,91;70,96;71,5
04/12/2023 17:05;71,06;71,24;71,06;71,22
04/12/2023 16:00;70,81;71,18;70,81;71,07
04/12/2023 15:00;70,57;70,98;70,56;70,82
04/12/2023 14:00;70,53;70,72;70,48;70,56
04/12/2023 13:00;70,42;70,6;70,06;70,54
04/12/2023 12:00;70,23;70,42;70,06;70,4
04/12/2023 11:00;70,12;70,36;70,04;70,24
04/12/2023 10:00;70,09;70,44;69,87;70,12
04/12/2023 09:00;70,53;71,02;69,61;70,11
01/12/2023 17:05;71,08;71,08;70,83;71,03
01/12/2023 16:00;70,91;71,11;70,83;71,02
01/12/2023 15:00;71,18;71,21;70,83;70,89
01/12/2023 14:00;70,43;71,37;70,39;71,23
01/12/2023 13:00;70,78;71,03;70,34;70,43
01/12/2023 12:00;70,8;70,92;70,67;70,77
01/12/2023 11:00;70,5;70,86;70,45;70,81
01/12/2023 10:00;70,58;70,62;70,23;70,52
01/12/2023 09:00;70,88;71,04;70,23;70,54
30/11/2023 17:05;70,93;70,93;70,74;70,78
30/11/2023 16:00;70,72;71,12;70,6;70,93
30/11/2023 15:00;70,29;70,72;70,18;70,71
30/11/2023 14:00;69,91;70,65;69,77;70,27
30/11/2023 13:00;69,82;70,24;69,65;69,91
30/11/2023 12:00;69,65;69,93;69,55;69,81
30/11/2023 11:00;69,75;69,85;69,44;69,65
30/11/2023 10:00;68,9;69,96;68,87;69,75
30/11/2023 09:00;68,84;69,22;68,69;68,88
29/11/2023 17:05;68,9;69,22;68,89;69,2
29/11/2023 16:00;69,2;69,25;68,89;68,96
29/11/2023 15:00;69,65;69,65;68,83;69,2
29/11/2023 14:00;69,56;69,96;69,34;69,65
29/11/2023 13:00;69,96;70,18;69,5;69,55
29/11/2023 12:00;70,04;70,08;69,62;70,01
29/11/2023 11:00;70;70,28;69,82;70,04
29/11/2023 10:00;69,59;70,01;69,59;69,98
29/11/2023 09:00;69,42;70,06;69,02;69,58
28/11/2023 17:05;69,4;69,41;69,02;69,27
28/11/2023 16:00;69,31;69,52;69,1;69,4
28/11/2023 15:00;67,67;69,38;67,67;69,3
28/11/2023 14:00;67,28;67,77;67,23;67,67
28/11/2023 13:00;67,12;67,44;67,06;67,27
28/11/2023 12:00;67,47;67,66;66,87;67,15
28/11/2023 11:00;67,44;67,53;67,28;67,47
28/11/2023 10:00;67,3;67,47;67,21;67,42
28/11/2023 09:00;67,23;67,57;67,03;67,33
27/11/2023 17:05;66,67;67,15;66,66;67,04
27/11/2023 16:00;66,91;67,01;66,69;66,81
27/11/2023 15:00;67,06;67,07;66,64;66,91
27/11/2023 14:00;66,77;67,14;66,58;67,06
27/11/2023 13:00;66,93;66,93;66,71;66,76
27/11/2023 12:00;66,81;66,92;66,64;66,91
27/11/2023 11:00;67,04;67,16;66,7;66,81
27/11/2023 10:00;67,5;67,59;66,99;67,04
27/11/2023 09:00;67,67;67,74;67,31;67,51
24/11/2023 17:05;67,67;67,82;67,47;67,75
24/11/2023 16:00;67,78;67,93;67,73;67,86
24/11/2023 15:00;67,71;67,94;67,67;67,83
24/11/2023 14:00;67,97;68,03;67,27;67,71
24/11/2023 13:00;68,13;68,15;67,68;67,94
24/11/2023 12:00;68,39;68,39;68,08;68,14
24/11/2023 11:00;68,76;68,81;68,08;68,4
24/11/2023 10:00;68,72;68,89;68,69;68,76
24/11/2023 09:00;68,7;69,07;68,48;68,7
23/11/2023 17:05;68,46;68,74;68,42;68,54
23/11/2023 16:00;69,02;69,09;68,59;68,71
23/11/2023 15:00;69,36;69,36;68,94;69,01
23/11/2023 14:00;69,4;69,47;69,3;69,37
23/11/2023 13:00;69,55;69,62;69,36;69,38
23/11/2023 12:00;69,33;69,58;69,29;69,56
23/11/2023 11:00;69,4;69,58;69,22;69,35
23/11/2023 10:00;69,36;69,62;69,22;69,41
23/11/2023 09:00;69,6;69,9;69,01;69,31
22/11/2023 17:05;69,92;70,1;69,77;69,77
22/11/2023 16:00;69,92;70,01;69,83;69,93
22/11/2023 15:00;69,86;70,02;69,82;69,93
22/11/2023 14:00;69,83;70;69,7;69,86
22/11/2023 13:00;70;70,03;69,72;69,82
22/11/2023 12:00;69,97;70,16;69,64;69,96
22/11/2023 11:00;69,61;70,51;68,93;69,99
22/11/2023 10:00;69,39;69,74;69,28;69,65
22/11/2023 09:00;69,67;70,37;69,28;69,4
21/11/2023 17:05;69,89;70,01;69,79;69,9
21/11/2023 16:00;70,08;70,23;69,9;69,99
21/11/2023 15:00;69,84;70,27;69,71;70,13
21/11/2023 14:00;69,35;69,85;69,3;69,84
21/11/2023 13:00;69,28;69,5;69,17;69,35
21/11/2023 12:00;69,6;69,6;69,1;69,27
21/11/2023 11:00;69,45;69,75;69,3;69,6
21/11/2023 10:00;69,24;69,59;69,17;69,47
21/11/2023 09:00;68,93;69,31;68,47;69,24
20/11/2023 17:05;68,96;68,99;68,75;68,84
20/11/2023 16:00;68,79;68,95;68,76;68,95
20/11/2023 15:00;68,86;68,89;68,59;68,79
20/11/2023 14:00;68,78;68,88;68,69;68,88
20/11/2023 13:00;68,57;68,98;68,57;68,8
20/11/2023 12:00;68,24;68,58;68,2;68,56
20/11/2023 11:00;68,44;68,72;68,24;68,25
20/11/2023 10:00;67,83;68,46;67,79;68,39
20/11/2023 09:00;67,93;68,28;67,49;67,83
17/11/2023 17:05;68,06;68,18;67,57;67,65
17/11/2023 16:00;68,11;68,26;67,94;68,07
17/11/2023 15:00;68,13;68,38;68,01;68,14
17/11/2023 14:00;68,15;68,28;67,99;68,14
17/11/2023 13:00;68,67;68,69;68,1;68,17
17/11/2023 12:00;68,61;68,78;68,52;68,64
17/11/2023 11:00;68,35;68,71;68,29;68,59
17/11/2023 10:00;68,01;68,48;67,93;68,35
17/11/2023 09:00;67,88;68,59;67,77;68
16/11/2023 17:05;67,99;68,17;67,9;68,03
16/11/2023 16:00;68,18;68,32;68,1;68,17
16/11/2023 15:00;68,45;68,73;68,15;68,17
16/11/2023 14:00;68,59;68,61;68,33;68,44
16/11/2023 13:00;68,04;68,62;67,99;68,58
16/11/2023 12:00;67,43;68,15;67,32;68,03
16/11/2023 11:00;68,22;68,22;67,27;67,42
16/11/2023 10:00;68,84;68,84;68;68,23
16/11/2023 09:00;68,91;69,2;68,55;68,83
14/11/2023 17:05;69,1;69,27;68,87;69,14
14/11/2023 16:00;69,3;69,56;69,27;69,35
14/11/2023 15:00;69,44;69,79;69,3;69,3
14/11/2023 14:00;70,11;70,42;69,24;69,45
14/11/2023 13:00;68,99;70,14;68,98;70,14
14/11/2023 12:00;68,53;69,17;68,49;69,01
14/11/2023 11:00;68,96;69,04;68,28;68,64
14/11/2023 10:00;68,96;69,2;68,86;68,95
14/11/2023 09:00;68,99;68,99;68,38;68,95
13/11/2023 17:05;69,41;69,59;69,2;69,46
13/11/2023 16:00;69,27;69,27;69,14;69,27
13/11/2023 15:00;69,27;69,27;68,99;69,21
13/11/2023 14:00;68,53;69,27;68,53;69,27
13/11/2023 13:00;67,88;68,62;67,87;68,53
13/11/2023 12:00;67,16;67,88;67,03;67,83
13/11/2023 11:00;66,93;67,18;66,91;67,15
13/11/2023 10:00;66,91;67,22;66,71;66,95
13/11/2023 09:00;66,05;67;66,03;66,87
10/11/2023 17:05;65,84;65,95;65,64;65,84
10/11/2023 16:00;65,7;66,1;65,63;65,76
10/11/2023 15:00;65,53;65,74;65,51;65,67
10/11/2023 14:00;65,42;65,56;65,34;65,55
10/11/2023 13:00;65,27;65,46;65,23;65,42
10/11/2023 12:00;65,33;65,36;65,15;65,27
10/11/2023 11:00;65,61;65,77;65,15;65,31
10/11/2023 10:00;65,42;65,67;65,38;65,6
10/11/2023 09:00;64,96;65,47;64,83;65,41
09/11/2023 17:05;64,98;65,13;64,98;65,04
09/11/2023 16:00;64,87;64,98;64,85;64,95
09/11/2023 15:00;64,96;65,03;64,8;64,86
09/11/2023 14:00;64,7;65,03;64,44;64,97
09/11/2023 13:00;64,88;64,93;64,52;64,74
09/11/2023 12:00;64,83;64,99;64,8;64,88
09/11/2023 11:00;64,98;65,07;64,76;64,83
09/11/2023 10:00;64,87;65,14;64,83;64,98
09/11/2023 09:00;64,58;65,03;64,58;64,83
08/11/2023 17:05;65,03;65,03;64,83;64,93
08/11/2023 16:00;64,83;65,06;64,83;64,98
08/11/2023 15:00;64,86;64,92;64,75;64,83
08/11/2023 14:00;65,15;65,17;64,8;64,86
08/11/2023 13:00;65,01;65,23;65,01;65,13
08/11/2023 12:00;64,93;65,21;64,84;65,01
08/11/2023 11:00;64,62;65,01;64,61;64,93
08/11/2023 10:00;64,61;64,62;64,5;64,62
08/11/2023 09:00;64,41;64,97;64,23;64,62
07/11/2023 17:05;64,27;64,36;64,18;64,32
07/11/2023 16:00;64,42;64,52;64,27;64,29
07/11/2023 15:00;64,48;64,56;64,32;64,39
07/11/2023 14:00;65,12;65,19;64,09;64,49
07/11/2023 13:00;65,51;65,59;65,07;65,08
07/11/2023 12:00;65,64;65,74;65,51;65,54
07/11/2023 11:00;65,21;65,68;65,19;65,65
07/11/2023 10:00;65,16;65,3;65,1;65,19
07/11/2023 09:00;65,03;65,53;65,03;65,18
06/11/2023 17:05;65,39;65,54;65,3;65,54
06/11/2023 16:00;65,45;65,47;65,23;65,44
06/11/2023 15:00;65,45;65,59;65,24;65,45
06/11/2023 14:00;65,41;65,51;65,38;65,43
06/11/2023 13:00;65,52;65,54;65,35;65,38
06/11/2023 12:00;65,41;65,53;65,31;65,49
06/11/2023 11:00;65,4;65,74;65,35;65,4
06/11/2023 10:00;65,59;65,69;65,4;65,4
06/11/2023 09:00;64,44;65,83;64,44;65,58
03/11/2023 17:05;64,44;64,54;64,38;64,41
03/11/2023 16:00;64,56;64,63;64,41;64,44
03/11/2023 15:00;64,44;64,65;64,37;64,57
03/11/2023 14:00;64,76;64,86;64,44;64,44
03/11/2023 13:00;64,72;64,77;64,59;64,74
03/11/2023 12:00;64,38;64,81;64,37;64,7
03/11/2023 11:00;64,31;64,53;64,27;64,38
03/11/2023 10:00;64,42;64,45;64,24;64,31
03/11/2023 09:00;64,16;64,53;64,09;64,4
01/11/2023 17:05;64,51;64,63;64,51;64,62
01/11/2023 16:00;64,65;64,7;64,51;64,53
01/11/2023 15:00;64,91;64,98;64,51;64,65
01/11/2023 14:00;65,05;65,07;64,81;64,91
01/11/2023 13:00;65,27;65,36;65,02;65,05
01/11/2023 12:00;65,24;65,39;65,03;65,26
01/11/2023 11:00;64,75;65,27;64,66;65,24
01/11/2023 10:00;65,41;65,45;64,65;64,73
01/11/2023 09:00;65,28;65,61;65,15;65,42
31/10/2023 17:05;65,12;65,12;64,61;65,02
31/10/2023 16:00;65,35;65,38;65,02;65,03
31/10/2023 15:00;65,18;65,44;65,07;65,33
31/10/2023 14:00;65,27;65,39;65,18;65,18
31/10/2023 13:00;65,18;65,34;65,16;65,25
31/10/2023 12:00;65,31;65,54;65,15;65,19
31/10/2023 11:00;65,27;65,45;65,14;65,3
31/10/2023 10:00;64,97;65,29;64,92;65,25
31/10/2023 09:00;64,94;65,1;64,7;64,97
30/10/2023 17:05;65,25;65,29;65,02;65,13
30/10/2023 16:00;65,09;65,44;64,97;65,3
30/10/2023 15:00;64,54;65,39;64,48;65,13
30/10/2023 14:00;64,11;64,55;64,08;64,54
30/10/2023 13:00;64,12;64,25;63,99;64,1
30/10/2023 12:00;64,07;64,26;63,89;64,14
30/10/2023 11:00;64,04;64,16;64,02;64,04
30/10/2023 10:00;64,23;64,23;63,89;64,06
30/10/2023 09:00;64,42;64,51;64,17;64,22
27/10/2023 17:05;64,62;64,68;64,46;64,68
27/10/2023 16:00;64,42;64,7;64,38;64,63
27/10/2023 15:00;64;64,65;64;64,42
27/10/2023 14:00;63,84;64,06;63,84;63,99
27/10/2023 13:00;63,92;64,04;63,79;63,83
27/10/2023 12:00;63,7;64,08;63,69;63,92
27/10/2023 11:00;63,73;63,77;63,67;63,73
27/10/2023 10:00;63,72;63,8;63,63;63,73
27/10/2023 09:00;63,65;63,88;63,55;63,72
26/10/2023 17:05;63,74;63,82;63,63;63,73
26/10/2023 16:00;63,76;63,86;63,63;63,73
26/10/2023 15:00;63,64;63,78;63,63;63,73
26/10/2023 14:00;63,66;63,72;63,52;63,64
26/10/2023 13:00;64,01;64,07;63,63;63,67
26/10/2023 12:00;64,11;64,17;63,89;64,01
26/10/2023 11:00;64,18;64,21;63,96;64,12
26/10/2023 10:00;64,24;64,35;64,07;64,18
26/10/2023 09:00;63,63;64,38;63,55;64,23
25/10/2023 17:05;63,73;63,74;63,59;63,63
25/10/2023 16:00;63,57;63,81;63,52;63,78
25/10/2023 15:00;63,41;63,84;63,41;63,62
25/10/2023 14:00;63,35;63,47;63,32;63,42
25/10/2023 13:00;63,39;63,56;63,3;63,34
25/10/2023 12:00;63,39;63,6;63,36;63,39
25/10/2023 11:00;63,37;63,42;63,22;63,39
25/10/2023 10:00;63,51;63,53;63,15;63,35
25/10/2023 09:00;63,41;63,68;63,41;63,52
24/10/2023 17:05;63,52;63,81;63,47;63,58
24/10/2023 16:00;63,51;63,57;63,41;63,52
24/10/2023 15:00;63,67;63,69;63,41;63,52
24/10/2023 14:00;63,89;63,96;63,59;63,68
24/10/2023 13:00;63,91;64,02;63,87;63,89
24/10/2023 12:00;63,81;63,97;63,74;63,89
24/10/2023 11:00;64,12;64,16;63,6;63,81
24/10/2023 10:00;64,17;64,32;64,01;64,11
24/10/2023 09:00;64,14;64,27;64,08;64,21
23/10/2023 17:05;64,36;64,43;64,29;64,36
23/10/2023 16:00;64,6;64,61;64,25;64,25
23/10/2023 15:00;64,41;64,79;64,18;64,61
23/10/2023 14:00;64,57;64,59;64,16;64,38
23/10/2023 13:00;64,73;64,73;64,46;64,56
23/10/2023 12:00;64,7;64,84;64,63;64,72
23/10/2023 11:00;64,75;64,8;64,63;64,69
23/10/2023 10:00;64,98;64,98;64,59;64,74
23/10/2023 09:00;64,79;65,13;64,71;64,99
20/10/2023 17:05;64,95;65,06;64,82;64,97
20/10/2023 16:00;65,33;65,34;64,92;64,95
20/10/2023 15:00;65,23;65,34;65,13;65,31
20/10/2023 14:00;65,55;65,55;65,23;65,23
20/10/2023 13:00;65,39;65,72;65,33;65,58
20/10/2023 12:00;65,34;65,46;65,16;65,36
20/10/2023 11:00;65,44;65,63;65,33;65,34
20/10/2023 10:00;65,49;65,58;65,15;65,43
20/10/2023 09:00;65,92;65,95;65,45;65,51
19/10/2023 17:05;65,58;65,92;65,57;65,88
19/10/2023 16:00;65,59;66,05;65,49;65,68
19/10/2023 15:00;65,56;65,61;65,4;65,6
19/10/2023 14:00;64,81;65,85;64,75;65,55
19/10/2023 13:00;64,68;64,82;64,6;64,8
19/10/2023 12:00;64,74;64,82;64,66;64,71
19/10/2023 11:00;64,71;64,76;64,59;64,72
19/10/2023 10:00;64,54;64,91;64,48;64,7
19/10/2023 09:00;64,51;64,66;64,44;64,55
18/10/2023 17:05;64,87;65,07;64,82;65,07
18/10/2023 16:00;64,97;65;64,76;64,86
18/10/2023 15:00;64,77;65,03;64,67;64,96
18/10/2023 14:00;64,69;64,86;64,61;64,79
18/10/2023 13:00;64,92;64,94;64,59;64,68
18/10/2023 12:00;64,8;65,03;64,8;64,95
18/10/2023 11:00;65,01;65,11;64,72;64,81
18/10/2023 10:00;64,59;65,12;64,51;65
18/10/2023 09:00;64,86;65,2;64,38;64,59
17/10/2023 17:05;65,07;65,4;64,97;65,15
17/10/2023 16:00;64,84;65,29;64,74;64,95
17/10/2023 15:00;65,76;65,83;64,81;64,85
17/10/2023 14:00;65,94;65,97;65,66;65,74
17/10/2023 13:00;66,01;66,08;65,9;65,93
17/10/2023 12:00;65,94;66,02;65,88;66
17/10/2023 11:00;66,02;66,06;65,66;65,93
17/10/2023 10:00;65,86;66,07;65,79;66,05
17/10/2023 09:00;65,74;66,03;65,74;65,85
16/10/2023 17:05;66,3;66,31;66,15;66,18
16/10/2023 16:00;66,36;66,48;66,33;66,42
16/10/2023 15:00;66,5;66,5;66,28;66,36
16/10/2023 14:00;66,46;66,46;66,36;66,44
16/10/2023 13:00;66,54;66,67;66,43;66,46
16/10/2023 12:00;66,34;66,62;66,26;66,54
16/10/2023 11:00;66,43;66,48;66,26;66,36
16/10/2023 10:00;66,58;66,8;66,26;66,41
16/10/2023 09:00;66,39;66,68;66,09;66,58
13/10/2023 17:05;66,73;66,85;66,58;66,68
13/10/2023 16:00;66,78;66,85;66,6;66,68
13/10/2023 15:00;66,73;66,85;66,71;66,77
13/10/2023 14:00;66,81;66,85;66,66;66,74
13/10/2023 13:00;66,74;66,88;66,63;66,79
13/10/2023 12:00;66,71;66,92;66,63;66,73
13/10/2023 11:00;66,85;66,92;66,42;66,74
13/10/2023 10:00;66,98;67,05;66,63;66,86
13/10/2023 09:00;66,39;67,36;66,26;67,03
11/10/2023 17:05;65,77;65,91;65,71;65,88
11/10/2023 16:00;65,76;65,93;65,71;65,8
11/10/2023 15:00;65,71;65,8;65,55;65,77
11/10/2023 14:00;65,53;65,72;65,47;65,69
11/10/2023 13:00;65,62;65,75;65,46;65,53
11/10/2023 12:00;65,6;65,63;65,45;65,61
11/10/2023 11:00;65,49;65,7;65,39;65,58
11/10/2023 10:00;65,13;65,6;65,09;65,49
11/10/2023 09:00;65,45;65,45;65,02;65,12
10/10/2023 17:05;64,75;65,19;64,74;64,82
10/10/2023 16:00;64,76;64,95;64,74;64,89
10/10/2023 15:00;64,77;65,09;64,71;64,74
10/10/2023 14:00;64,77;64,89;64,67;64,79
10/10/2023 13:00;64,66;64,84;64,57;64,76
10/10/2023 12:00;64,86;65,01;64,48;64,6
10/10/2023 11:00;65,12;65,12;64,7;64,84
10/10/2023 10:00;65,11;65,15;64,6;65,1
10/10/2023 09:00;65,48;65,6;65,04;65,07
09/10/2023 17:05;65,74;65,77;65,5;65,56
09/10/2023 16:00;65,55;65,82;65,4;65,7
09/10/2023 15:00;65,72;65,75;65,45;65,53
09/10/2023 14:00;65,65;65,91;65,62;65,74
09/10/2023 13:00;65,75;65,76;65,6;65,63
09/10/2023 12:00;65,71;65,77;65,43;65,77
09/10/2023 11:00;65,47;65,74;65,42;65,69
09/10/2023 10:00;65,9;66,08;65,41;65,48
09/10/2023 09:00;65,56;66,02;65,36;65,9
06/10/2023 17:05;65,09;65,24;65,07;65,24
06/10/2023 16:00;65,24;65,24;65,04;65,1
06/10/2023 15:00;65,2;65,31;65;65,24
06/10/2023 14:00;65,34;65,44;65,18;65,21
06/10/2023 13:00;65,24;65,45;65,07;65,33
06/10/2023 12:00;65,3;65,4;65,13;65,24
06/10/2023 11:00;65,34;65,93;65,26;65,3
06/10/2023 10:00;65,42;65,54;65,27;65,35
06/10/2023 09:00;65,4;65,66;64,86;65,39
05/10/2023 17:05;65,26;65,4;65,18;65,24
05/10/2023 16:00;65,38;65,39;65,19;65,26
05/10/2023 15:00;65,11;65,45;65,05;65,4
05/10/2023 14:00;65;65,28;64,92;65,12
05/10/2023 13:00;64,74;65,12;64,59;65,01
05/10/2023 12:00;64,4;64,88;64,32;64,76
05/10/2023 11:00;64,12;64,43;64,12;64,43
05/10/2023 10:00;64,06;64,17;63,86;64,15
05/10/2023 09:00;64,38;64,76;63,99;64,06
04/10/2023 17:05;64,38;64,52;64,23;64,27
04/10/2023 16:00;64,04;64,38;63,98;64,38
04/10/2023 15:00;64,26;64,26;63,91;64,04
04/10/2023 14:00;64,13;64,37;64,11;64,27
04/10/2023 13:00;63,87;64,55;63,8;64,11
04/10/2023 12:00;63,92;63,92;63,76;63,86
04/10/2023 11:00;63,7;63,97;63,68;63,91
04/10/2023 10:00;63,83;63,87;63,64;63,71
04/10/2023 09:00;63,99;64,28;63,76;63,84
03/10/2023 17:05;64,27;64,57;64,18;64,54
03/10/2023 16:00;64,06;64,16;63,99;64,16
03/10/2023 15:00;64,03;64,16;63,97;64,1
03/10/2023 14:00;64,09;64,16;64;64,03
03/10/2023 13:00;63,99;64,1;63,87;64,09
03/10/2023 12:00;63,95;64,11;63,89;63,99
03/10/2023 11:00;63,59;64;63,53;63,97
03/10/2023 10:00;63,78;63,91;63,52;63,54
03/10/2023 09:00;63,71;64,16;63,65;63,79
02/10/2023 17:05;63,67;63,81;63,57;63,8
02/10/2023 16:00;63,6;63,76;63,51;63,68
02/10/2023 15:00;63,48;63,64;63,47;63,62
02/10/2023 14:00;63,41;63,58;63,36;63,5
02/10/2023 13:00;63,33;63,41;63,26;63,39
02/10/2023 12:00;63,19;63,41;63,11;63,35
02/10/2023 11:00;63,05;63,25;63,03;63,19
02/10/2023 10:00;62,92;63,07;62,81;63,04
02/10/2023 09:00;62,82;63,26;62,8;62,92
29/09/2023 17:05;62,62;62,66;62,39;62,55
29/09/2023 16:00;62,45;62,64;62,45;62,62
29/09/2023 15:00;62,23;62,6;62,19;62,44
29/09/2023 14:00;62,23;62,32;62,16;62,24
29/09/2023 13:00;62,4;62,61;62,07;62,22
29/09/2023 12:00;62,44;62,45;62,23;62,4
29/09/2023 11:00;62,52;62,61;62,35;62,42
29/09/2023 10:00;62,55;62,71;62,35;62,51
29/09/2023 09:00;62,77;62,81;62,46;62,54
28/09/2023 17:05;62,83;62,9;62,71;62,81
28/09/2023 16:00;62,82;62,94;62,77;62,84
28/09/2023 15:00;62,69;63,05;62,56;62,83
28/09/2023 14:00;62,51;62,69;62,46;62,66
28/09/2023 13:00;62,3;62,53;62,27;62,5
28/09/2023 12:00;62,51;62,55;62,23;62,32
28/09/2023 11:00;62,7;62,77;62,42;62,53
28/09/2023 10:00;62,32;62,79;62,2;62,71
28/09/2023 09:00;62,59;62,7;62,07;62,33
27/09/2023 17:05;62,81;62,85;62,68;62,76
27/09/2023 16:00;62,76;62,77;62,55;62,65
27/09/2023 15:00;62,85;63,01;62,56;62,76
27/09/2023 14:00;62,89;62,96;62,79;62,88
27/09/2023 13:00;62,46;63,01;62,42;62,89
27/09/2023 12:00;62,66;62,69;62,35;62,47
27/09/2023 11:00;62,39;62,65;62,37;62,65
27/09/2023 10:00;62,45;62,5;62,16;62,41
27/09/2023 09:00;62,03;62,74;62,01;62,39
26/09/2023 17:05;61,96;61,96;61,79;61,89
26/09/2023 16:00;62,09;62,12;61,94;61,95
26/09/2023 15:00;62,11;62,12;62;62,1
26/09/2023 14:00;61,94;62,3;61,93;62,11
26/09/2023 13:00;62;62,1;61,75;61,93
26/09/2023 12:00;61,8;62,02;61,73;62
26/09/2023 11:00;62;62;61,8;61,8
26/09/2023 10:00;62,01;62,12;61,83;61,97
26/09/2023 09:00;62,44;62,46;61,94;62
25/09/2023 17:05;62,22;62,23;62;62,12
25/09/2023 16:00;62,09;62,35;62,07;62,29
25/09/2023 15:00;61,98;62,26;61,8;62,12
25/09/2023 14:00;61,61;62,09;61,46;62
25/09/2023 13:00;61,45;61,68;61,42;61,61
25/09/2023 12:00;61,35;61,6;61,35;61,43
25/09/2023 11:00;61,45;61,46;61,21;61,36
25/09/2023 10:00;61,35;61,63;61,35;61,44
25/09/2023 09:00;61,17;61,47;61,12;61,36
22/09/2023 17:05;61,05;61,15;60,94;60,94
22/09/2023 16:00;60,87;61,16;60,84;61,05
22/09/2023 15:00;60,99;61,04;60,84;60,89
22/09/2023 14:00;60,85;61,08;60,79;60,97
22/09/2023 13:00;60,97;61,01;60,82;60,84
22/09/2023 12:00;60,9;60,98;60,86;60,95
22/09/2023 11:00;61,01;61,03;60,85;60,9
22/09/2023 10:00;60,93;61,04;60,86;61,02
22/09/2023 09:00;60,84;61,01;60,71;60,94
21/09/2023 17:05;60,84;60,88;60,57;60,87
21/09/2023 16:00;61,03;61,06;60,84;60,87
21/09/2023 15:00;61,08;61,13;61;61,01
21/09/2023 14:00;60,97;61,17;60,95;61,1
21/09/2023 13:00;61,07;61,09;60,94;60,98
21/09/2023 12:00;61,26;61,32;61,05;61,08
21/09/2023 11:00;61,09;61,26;61,06;61,26
21/09/2023 10:00;61,08;61,15;61,01;61,09
21/09/2023 09:00;61,27;61,42;60,85;61,08
20/09/2023 17:05;61,35;61,5;61,33;61,48
20/09/2023 16:00;61,17;61,42;61,16;61,32
20/09/2023 15:00;61,29;61,39;61,16;61,17
20/09/2023 14:00;61,24;61,34;61,21;61,27
20/09/2023 13:00;61,19;61,36;61,16;61,24
20/09/2023 12:00;61,22;61,26;61,1;61,19
20/09/2023 11:00;61,14;61,31;61,07;61,22
20/09/2023 10:00;61,27;61,33;61;61,16
20/09/2023 09:00;61,37;61,49;61,12;61,28
19/09/2023 17:05;61,26;61,34;61;61,05
19/09/2023 16:00;61,48;61,56;61,16;61,19
19/09/2023 15:00;61,32;61,74;61,12;61,46
19/09/2023 14:00;60,91;61,45;60,91;61,32
19/09/2023 13:00;60,91;60,95;60,85;60,91
19/09/2023 12:00;60,83;60,99;60,77;60,92
19/09/2023 11:00;60,9;60,91;60,62;60,83
19/09/2023 10:00;60,75;61,09;60,73;60,91
19/09/2023 09:00;61,35;61,58;60,49;60,78
18/09/2023 17:05;61,5;61,53;61,27;61,35
18/09/2023 16:00;61,77;61,81;61,53;61,59
18/09/2023 15:00;61,73;61,81;61,72;61,77
18/09/2023 14:00;61,76;61,86;61,72;61,73
18/09/2023 13:00;61,76;61,79;61,72;61,78
18/09/2023 12:00;61,8;61,83;61,72;61,77
18/09/2023 11:00;61,73;61,85;61,72;61,8
18/09/2023 10:00;62,1;62,34;61,6;61,73
18/09/2023 09:00;62,34;62,62;62,02;62,09
15/09/2023 17:05;62,44;62,55;62,34;62,5
15/09/2023 16:00;62,29;62,45;62,08;62,41
15/09/2023 15:00;61,86;62,5;61,86;62,26
15/09/2023 14:00;61,64;61,86;61,6;61,86
15/09/2023 13:00;61,49;61,73;61,49;61,63
15/09/2023 12:00;61,63;61,64;61,35;61,47
15/09/2023 11:00;61,74;61,81;61,6;61,63
15/09/2023 10:00;61,71;61,89;61,57;61,76
15/09/2023 09:00;61,83;62,09;61,48;61,72
14/09/2023 17:05;61,66;61,83;61,65;61,8
14/09/2023 16:00;61,6;61,61;61,41;61,59
14/09/2023 15:00;61,3;61,69;61,17;61,6
14/09/2023 14:00;61,22;61,32;61,21;61,28
14/09/2023 13:00;61,23;61,32;61,17;61,22
14/09/2023 12:00;61,23;61,27;61,21;61,24
14/09/2023 11:00;61,27;61,28;61,2;61,23
14/09/2023 10:00;61,27;61,52;61,24;61,28
14/09/2023 09:00;61,39;61,57;61,07;61,27
13/09/2023 17:05;61,22;61,69;61,05;61,57
13/09/2023 16:00;61,22;61,27;61,18;61,22
13/09/2023 15:00;61,21;61,39;61,16;61,21
13/09/2023 14:00;61,28;61,32;61,18;61,21
13/09/2023 13:00;61,22;61,37;61,21;61,28
13/09/2023 12:00;61,27;61,32;61,18;61,21
13/09/2023 11:00;61,41;61,41;61,16;61,24
13/09/2023 10:00;61,43;61,64;61,3;61,44
13/09/2023 09:00;61,24;61,58;61;61,46
12/09/2023 17:05;61,33;61,43;61,21;61,43
12/09/2023 16:00;61,43;61,52;61,33;61,43
12/09/2023 15:00;61,44;61,58;61,36;61,43
12/09/2023 14:00;61,13;61,7;61,08;61,44
12/09/2023 13:00;61,09;61,27;60,98;61,19
12/09/2023 12:00;61,11;61,31;61,03;61,24
12/09/2023 11:00;61,03;61,12;60,98;61,1
12/09/2023 10:00;61,24;61,3;60,83;61,04
12/09/2023 09:00;61,65;61,66;61,14;61,19
11/09/2023 17:05;61,99;62,25;61,76;62,1
11/09/2023 16:00;61,93;61,99;61,89;61,99
11/09/2023 15:00;61,96;61,98;61,82;61,93
11/09/2023 14:00;61,76;61,98;61,76;61,96
11/09/2023 13:00;61,65;61,76;61,63;61,76
11/09/2023 12:00;61,44;61,65;61,36;61,65
11/09/2023 11:00;61,74;61,75;61,28;61,43
11/09/2023 10:00;61,52;61,76;61,46;61,72
11/09/2023 09:00;61,74;61,86;61,44;61,54
08/09/2023 17:05;61,48;61,49;61,21;61,43
08/09/2023 16:00;61,81;61,81;61,48;61,48
08/09/2023 15:00;61,82;61,89;61,72;61,82
08/09/2023 14:00;61,82;61,82;61,67;61,82
08/09/2023 13:00;61,75;61,93;61,71;61,82
08/09/2023 12:00;61,7;61,86;61,64;61,75
08/09/2023 11:00;61,63;61,75;61,52;61,67
08/09/2023 10:00;61,62;61,75;61,4;61,63
08/09/2023 09:00;61,48;61,91;61,48;61,58
06/09/2023 17:05;61,8;62,05;61,76;61,96
06/09/2023 16:00;61,95;61,98;61,88;61,92
06/09/2023 15:00;61,92;61,97;61,8;61,95
06/09/2023 14:00;61,42;61,99;61,37;61,9
06/09/2023 13:00;61,19;61,42;61,19;61,4
06/09/2023 12:00;61,13;61,26;61,12;61,2
06/09/2023 11:00;61,19;61,26;61,05;61,13
06/09/2023 10:00;61,18;61,2;61,02;61,2
06/09/2023 09:00;61,14;61,31;61,04;61,18
05/09/2023 17:05;60,86;60,98;60,81;60,91
05/09/2023 16:00;60,83;60,86;60,75;60,86
05/09/2023 15:00;60,47;60,89;60,47;60,81
05/09/2023 14:00;60,4;60,47;60,3;60,47
05/09/2023 13:00;60,36;60,43;60,34;60,41
05/09/2023 12:00;60,28;60,38;60,23;60,33
05/09/2023 11:00;60,25;60,32;60,23;60,3
05/09/2023 10:00;60,2;60,34;60,15;60,25
05/09/2023 09:00;60,3;60,47;60,24;60,24
04/09/2023 17:05;60,27;60,34;60,15;60,15
04/09/2023 16:00;60,22;60,36;60,21;60,27
04/09/2023 15:00;60,19;60,29;60,1;60,23
04/09/2023 14:00;60,23;60,38;60,09;60,15
04/09/2023 13:00;60,28;60,33;60,21;60,23
04/09/2023 12:00;60,27;60,41;60,19;60,27
04/09/2023 11:00;60,18;60,38;60,18;60,25
04/09/2023 10:00;60,13;60,28;60,11;60,15
04/09/2023 09:00;60,33;60,53;60,09;60,09
01/09/2023 17:05;59,86;60,01;59,84;59,91
01/09/2023 16:00;60,02;60,03;59,87;59,96
01/09/2023 15:00;60,03;60,03;59,94;59,97
01/09/2023 14:00;60,02;60,05;59,96;60
01/09/2023 13:00;59,87;60,06;59,8;59,96
01/09/2023 12:00;59,84;59,93;59,74;59,88
01/09/2023 11:00;59,83;59,94;59,62;59,84
01/09/2023 10:00;60,04;60,07;59,79;59,81
01/09/2023 09:00;60,07;60,27;59,92;60,07
31/08/2023 17:05;59,95;60,07;59,91;60,05
31/08/2023 16:00;59,87;59,96;59,85;59,91
31/08/2023 15:00;59,96;60;59,85;59,91
31/08/2023 14:00;60,02;60,11;59,94;60,02
31/08/2023 13:00;60,13;60,22;60,02;60,04
31/08/2023 12:00;59,94;60,15;59,93;60,13
31/08/2023 11:00;59,8;59,96;59,79;59,94
31/08/2023 10:00;59,91;59,98;59,79;59,8
31/08/2023 09:00;60,28;60,33;59,79;59,89
30/08/2023 17:05;59,79;59,86;59,79;59,86
30/08/2023 16:00;59,83;59,85;59,78;59,79
30/08/2023 15:00;59,89;59,89;59,77;59,79
30/08/2023 14:00;59,89;59,93;59,83;59,88
30/08/2023 13:00;59,86;60,02;59,86;59,88
30/08/2023 12:00;59,81;60,01;59,8;59,86
30/08/2023 11:00;60,04;60,05;59,78;59,81
30/08/2023 10:00;60,37;60,39;59,88;60,04
30/08/2023 09:00;60,45;60,48;60,21;60,37
29/08/2023 17:05;60,23;60,41;60,16;60,3
29/08/2023 16:00;60,47;60,49;60,02;60,27
29/08/2023 15:00;60,69;60,69;60,41;60,49
29/08/2023 14:00;60,64;60,74;60,63;60,69
29/08/2023 13:00;60,65;60,74;60,59;60,66
29/08/2023 12:00;60,71;60,78;60,64;60,69
29/08/2023 11:00;60,71;60,81;60,64;60,71
29/08/2023 10:00;60,59;60,75;60,53;60,69
29/08/2023 09:00;60,75;60,8;60,48;60,57
28/08/2023 17:05;60,8;60,94;60,64;60,69
28/08/2023 16:00;60,92;61,09;60,77;60,81
28/08/2023 15:00;60,86;60,99;60,86;60,94
28/08/2023 14:00;60,59;61,04;60,55;60,86
28/08/2023 13:00;60,64;60,69;60,55;60,62
28/08/2023 12:00;60,68;60,71;60,58;60,66
28/08/2023 11:00;60,82;60,85;60,65;60,71
28/08/2023 10:00;60,72;60,85;60,56;60,85
28/08/2023 09:00;60,8;60,86;60,64;60,73
25/08/2023 17:05;60,86;60,86;60,73;60,86
25/08/2023 16:00;61,03;61,14;61,01;61,08
25/08/2023 15:00;60,95;61,09;60,86;61,08
25/08/2023 14:00;60,94;61,14;60,94;60,98
25/08/2023 13:00;61,03;61,1;60,93;60,95
25/08/2023 12:00;60,89;61,09;60,86;61,03
25/08/2023 11:00;60,75;60,98;60,75;60,86
25/08/2023 10:00;60,55;60,82;60,53;60,75
25/08/2023 09:00;60,59;60,65;60,24;60,6
24/08/2023 17:05;61;61,11;60,94;61,07
24/08/2023 16:00;60,81;61,03;60,78;60,92
24/08/2023 15:00;60,89;60,89;60,62;60,8
24/08/2023 14:00;60,95;61,02;60,84;60,89
24/08/2023 13:00;61,01;61,14;60,94;60,99
24/08/2023 12:00;60,59;61,1;60,59;61,01
24/08/2023 11:00;60,63;60,66;60,42;60,58
24/08/2023 10:00;60,5;60,68;60,31;60,63
24/08/2023 09:00;60,68;60,86;60,39;60,51
23/08/2023 17:05;60,3;60,49;60,19;60,24
23/08/2023 16:00;60,32;60,49;60,31;60,33
23/08/2023 15:00;60,58;60,78;60,3;60,33
23/08/2023 14:00;60,34;60,98;60,3;60,58
23/08/2023 13:00;60,3;60,48;60,22;60,34
23/08/2023 12:00;60,53;60,58;60,06;60,3
23/08/2023 11:00;60,62;60,65;60,48;60,51
23/08/2023 10:00;60,57;60,85;60,46;60,58
23/08/2023 09:00;60,62;60,98;60,36;60,59
22/08/2023 17:05;60,63;60,63;60,46;60,46
22/08/2023 16:00;60,6;60,73;60,53;60,69
22/08/2023 15:00;59,94;60,67;59,94;60,63
22/08/2023 14:00;59,96;60,02;59,92;59,92
22/08/2023 13:00;59,93;60,06;59,91;59,97
22/08/2023 12:00;59,98;59,98;59,84;59,93
22/08/2023 11:00;60,11;60,14;59,77;60
22/08/2023 10:00;60,37;60,46;60,11;60,11
22/08/2023 09:00;60,38;60,51;59,81;60,31
21/08/2023 17:05;60,51;60,51;60,07;60,29
21/08/2023 16:00;60,29;60,37;60,2;60,3
21/08/2023 15:00;60,49;60,51;60,22;60,3
21/08/2023 14:00;60,55;60,67;60,42;60,53
21/08/2023 13:00;60,95;61,04;60,47;60,53
21/08/2023 12:00;61,54;61,58;60,91;60,95
21/08/2023 11:00;61,74;61,79;61,47;61,53
21/08/2023 10:00;61,69;61,86;61,62;61,74
21/08/2023 09:00;61,57;61,93;61,25;61,65
18/08/2023 17:05;61,2;61,54;61,1;61,43
18/08/2023 16:00;61,18;61,34;61,04;61,25
18/08/2023 15:00;61,25;61,35;61;61,17
18/08/2023 14:00;61,03;61,28;60,94;61,25
18/08/2023 13:00;61,18;61,2;61;61,01
18/08/2023 12:00;60,98;61,3;60,93;61,19
18/08/2023 11:00;60,89;61,43;60,89;60,98
18/08/2023 10:00;60,67;60,98;60,55;60,87
18/08/2023 09:00;60,83;61,09;60,64;60,68
17/08/2023 17:05;60,41;61,1;60,28;60,74
17/08/2023 16:00;60,37;60,5;60,32;60,47
17/08/2023 15:00;60,09;60,54;59,91;60,33
17/08/2023 14:00;60,2;60,33;60,02;60,07
17/08/2023 13:00;60,27;60,37;60,11;60,21
17/08/2023 12:00;60,36;60,6;60,27;60,3
17/08/2023 11:00;59,71;60,47;59,7;60,34
17/08/2023 10:00;59,53;59,71;59,42;59,68
17/08/2023 09:00;59,57;59,77;59,4;59,61
16/08/2023 17:05;59,96;59,96;59,51;59,86
16/08/2023 16:00;59,85;59,95;59,79;59,88
16/08/2023 15:00;59,83;59,92;59,69;59,79
16/08/2023 14:00;59,81;60,14;59,79;59,79
16/08/2023 13:00;59,74;59,85;59,74;59,84
16/08/2023 12:00;59,74;59,79;59,71;59,75
16/08/2023 11:00;59,72;59,8;59,67;59,72
16/08/2023 10:00;59,72;59,83;59,45;59,72
16/08/2023 09:00;59,63;60,04;59,54;59,75
15/08/2023 17:05;59,38;59,51;59,34;59,35
15/08/2023 16:00;59,43;59,51;59,32;59,36
15/08/2023 15:00;59,49;59,54;59,38;59,42
15/08/2023 14:00;59,6;59,62;59,45;59,51
15/08/2023 13:00;59,68;59,75;59,48;59,6
15/08/2023 12:00;59,69;59,86;59,68;59,68
15/08/2023 11:00;59,77;59,95;59,59;59,71
15/08/2023 10:00;59,61;59,91;59,61;59,81
15/08/2023 09:00;59,74;59,8;59,3;59,6
14/08/2023 17:05;59,65;59,75;59,53;59,74
14/08/2023 16:00;59,88;59,96;59,75;59,81
14/08/2023 15:00;59,77;59,88;59,75;59,85
14/08/2023 14:00;59,71;60;59,65;59,77
14/08/2023 13:00;59,92;59,96;59,54;59,71
14/08/2023 12:00;60,09;60,12;59,87;59,92
14/08/2023 11:00;60,19;60,39;59,92;60,09
14/08/2023 10:00;60,19;60,22;59,92;60,12
14/08/2023 09:00;60,3;60,65;59,84;60,16
11/08/2023 17:05;60,42;60,63;60,36;60,6
11/08/2023 16:00;60,32;60,75;60,14;60,54
11/08/2023 15:00;60,55;60,55;59,92;60,33
11/08/2023 14:00;61,18;61,22;60,37;60,53
11/08/2023 13:00;61,38;61,65;60,48;61,18
11/08/2023 12:00;61,61;61,63;61,33;61,33
11/08/2023 11:00;61,71;61,74;61,54;61,62
11/08/2023 10:00;61,64;61,84;61,61;61,73
11/08/2023 09:00;61,88;61,88;61,56;61,67
10/08/2023 17:05;61,79;61,95;61,76;61,9
10/08/2023 16:00;61,98;62,06;61,76;61,76
10/08/2023 15:00;62,2;62,27;61,9;61,97
10/08/2023 14:00;61,66;62,25;61,65;62,25
10/08/2023 13:00;61,71;61,76;61,66;61,66
10/08/2023 12:00;61,73;61,79;61,67;61,71
10/08/2023 11:00;61,95;62,09;61,65;61,71
10/08/2023 10:00;61,96;61,99;61,76;61,95
10/08/2023 09:00;61,97;62,32;61,89;61,96
09/08/2023 17:05;62,02;62,22;61,84;62,09
09/08/2023 16:00;62,26;62,29;62,1;62,1
09/08/2023 15:00;62,41;62,51;62,16;62,23
09/08/2023 14:00;62,63;62,69;62,35;62,43
09/08/2023 13:00;62,64;62,67;62,55;62,63
09/08/2023 12:00;62,63;62,7;62,61;62,64
09/08/2023 11:00;62,68;62,89;62,6;62,61
09/08/2023 10:00;62,81;62,81;62,55;62,68
09/08/2023 09:00;62,73;62,84;62,49;62,81
08/08/2023 17:05;62,81;63,06;62,76;62,89
08/08/2023 16:00;62,72;62,89;62,64;62,84
08/08/2023 15:00;62,69;62,78;62,54;62,72
08/08/2023 14:00;62,59;62,89;62,59;62,7
08/08/2023 13:00;62,68;62,82;62,46;62,58
08/08/2023 12:00;62,41;63,12;62,4;62,7
08/08/2023 11:00;62,4;62,55;62,35;62,43
08/08/2023 10:00;62,17;62,55;62,07;62,44
08/08/2023 09:00;61,88;62,37;61,88;62,16
07/08/2023 17:05;62,1;62,32;61,91;62,32
07/08/2023 16:00;61,99;62,22;61,88;62,16
07/08/2023 15:00;61,76;62,08;61,71;61,97
07/08/2023 14:00;61,55;61,76;61,52;61,76
07/08/2023 13:00;61,57;61,62;61,43;61,55
07/08/2023 12:00;61,44;61,91;61,44;61,57
07/08/2023 11:00;61,39;61,48;61,34;61,45
07/08/2023 10:00;61,54;61,56;61,33;61,42
07/08/2023 09:00;61,64;61,64;61,26;61,54
04/08/2023 17:05;61,82;61,92;61,62;61,65
04/08/2023 16:00;62,08;62,23;61,54;61,83
04/08/2023 15:00;62,41;62,52;62,01;62,06
04/08/2023 14:00;62,58;62,63;62,11;62,44
04/08/2023 13:00;62,59;62,68;62,52;62,58
04/08/2023 12:00;62,71;62,84;62,44;62,6
04/08/2023 11:00;62,57;62,88;62,53;62,72
04/08/2023 10:00;62,59;62,66;62,53;62,61
04/08/2023 09:00;63,04;63,04;62,52;62,59
03/08/2023 17:05;62,52;62,76;62,44;62,62
03/08/2023 16:00;62,51;62,6;62,38;62,42
03/08/2023 15:00;62,38;62,59;62,33;62,55
03/08/2023 14:00;62,4;62,5;62,25;62,38
03/08/2023 13:00;62,43;62,44;62,28;62,38
03/08/2023 12:00;62,58;62,61;62,34;62,43
03/08/2023 11:00;62,42;62,62;62,42;62,58
03/08/2023 10:00;62,49;62,59;62,37;62,45
03/08/2023 09:00;62,1;62,47;62,07;62,46
02/08/2023 17:05;62,44;62,64;62,27;62,28
02/08/2023 16:00;62,35;62,7;62,22;62,45
02/08/2023 15:00;62,1;62,38;62,1;62,35
02/08/2023 14:00;62,22;62,31;62,06;62,1
02/08/2023 13:00;62,15;62,33;62,07;62,22
02/08/2023 12:00;62,08;62,22;62,05;62,15
02/08/2023 11:00;62,34;62,34;61,93;62,09
02/08/2023 10:00;62,37;62,55;62,27;62,34
02/08/2023 09:00;62,68;62,82;62,18;62,33
01/08/2023 17:05;62,58;62,71;62,33;62,47
01/08/2023 16:00;62,59;62,71;62,49;62,57
01/08/2023 15:00;62,35;62,64;62,26;62,59
01/08/2023 14:00;62,05;62,37;62,01;62,35
01/08/2023 13:00;62;62,18;61,96;62,05
01/08/2023 12:00;61,99;62,09;61,89;62
01/08/2023 11:00;62,07;62,15;61,93;61,98
01/08/2023 10:00;61,93;62,29;61,89;62,07
01/08/2023 09:00;61,92;62,22;61,7;61,93
31/07/2023 17:05;62,64;62,99;62,46;62,61
31/07/2023 16:00;62,11;62,55;62,1;62,44
31/07/2023 15:00;62,06;62,22;61,98;62,1
31/07/2023 14:00;62,06;62,17;61,88;62,05
31/07/2023 13:00;61,99;62,19;61,99;62,06
31/07/2023 12:00;62,27;62,35;61,99;61,99
31/07/2023 11:00;62,29;62,34;62,22;62,27
31/07/2023 10:00;62,23;62,45;62,22;62,28
31/07/2023 09:00;62,33;62,47;62,1;62,24
28/07/2023 17:05;62,73;62,89;62,67;62,69
28/07/2023 16:00;62,91;63,05;62,89;63
28/07/2023 15:00;63,09;63,11;62,79;62,91
28/07/2023 14:00;63,2;63,31;63,12;63,12
28/07/2023 13:00;63,31;63,31;63,06;63,19
28/07/2023 12:00;63,04;63,57;62,96;63,34
28/07/2023 11:00;62,97;63,17;62,93;63,03
28/07/2023 10:00;63,02;63,11;62,84;62,96
28/07/2023 09:00;63,9;64,22;62,94;63
27/07/2023 17:05;64,51;64,59;64,15;64,37
27/07/2023 16:00;63,94;64,58;63,84;64,36
27/07/2023 15:00;63,53;63,96;63,48;63,91
27/07/2023 14:00;63,85;63,91;63,46;63,53
27/07/2023 13:00;63,93;63,99;63,79;63,87
27/07/2023 12:00;63,86;64;63,84;63,93
27/07/2023 11:00;63,95;64,02;63,85;63,85
27/07/2023 10:00;63,85;64,1;63,83;63,96
27/07/2023 09:00;63,8;64,2;63,69;63,87
26/07/2023 17:05;63,58;63,79;63,51;63,68
26/07/2023 16:00;63,84;63,96;63,68;63,87
26/07/2023 15:00;63,95;63,96;63,62;63,91
26/07/2023 14:00;63,88;64,09;63,87;63,96
26/07/2023 13:00;63,71;64,02;63,7;63,94
26/07/2023 12:00;64,1;64,12;63,68;63,76
26/07/2023 11:00;64,23;64,33;64,03;64,08
26/07/2023 10:00;63,77;64,36;63,57;64,23
26/07/2023 09:00;64,24;64,24;63,7;63,79
25/07/2023 17:05;64,4;64,65;64,36;64,37
25/07/2023 16:00;64,77;64,79;64,53;64,64
25/07/2023 15:00;64,76;64,99;64,61;64,81
25/07/2023 14:00;64,95;65,02;64,64;64,74
25/07/2023 13:00;65,03;65,09;64,84;64,98
25/07/2023 12:00;64,95;65,26;64,81;65,08
25/07/2023 11:00;64,91;65,03;64,81;64,92
25/07/2023 10:00;64,81;65,15;64,64;64,92
25/07/2023 09:00;65,36;65,36;64,44;64,83
24/07/2023 17:05;65,7;65,71;65,2;65,43
24/07/2023 16:00;65,45;65,6;65,37;65,56
24/07/2023 15:00;65,84;65,94;65,09;65,44
24/07/2023 14:00;65,54;66,03;65,37;65,86
24/07/2023 13:00;65,56;65,6;65,45;65,54
24/07/2023 12:00;65,66;65,75;65,37;65,56
24/07/2023 11:00;65,72;65,87;65,63;65,65
24/07/2023 10:00;65,88;65,97;65,56;65,74
24/07/2023 09:00;66,49;66,49;65,44;65,87
21/07/2023 17:05;64,55;64,64;64,31;64,46
21/07/2023 16:00;64,35;64,77;64,24;64,45
21/07/2023 15:00;63,77;64,45;63,73;64,3
21/07/2023 14:00;63,69;63,85;63,51;63,79
21/07/2023 13:00;63,56;63,71;63,43;63,7
21/07/2023 12:00;63,79;64,02;63,51;63,58
21/07/2023 11:00;63,75;63,8;63,58;63,76
21/07/2023 10:00;63,46;64,22;63,34;63,71
21/07/2023 09:00;63,68;63,79;63,17;63,49
20/07/2023 17:05;65;65,24;64,93;65,07
20/07/2023 16:00;64,75;65,03;64,7;64,98
20/07/2023 15:00;64,72;64,93;64,58;64,79
20/07/2023 14:00;64,86;65,12;64,47;64,7
20/07/2023 13:00;65;65,46;64,8;64,88
20/07/2023 12:00;64,98;65,09;64,48;65
20/07/2023 11:00;65,29;65,35;64,42;64,92
20/07/2023 10:00;66,37;66,44;65,16;65,27
20/07/2023 09:00;66,4;66,86;65,54;66,35
19/07/2023 17:05;67,1;67,1;66,54;66,54
19/07/2023 16:00;67,27;67,29;66,76;66,94
19/07/2023 15:00;66,95;67,28;66,74;67,28
19/07/2023 14:00;67,36;67,43;66,51;66,95
19/07/2023 13:00;67,4;67,48;66,95;67,39
19/07/2023 12:00;66,62;67,85;66,57;67,4
19/07/2023 11:00;67,1;67,12;66,3;66,62
19/07/2023 10:00;67,63;67,91;66,86;67,1
19/07/2023 09:00;66,65;67,96;66,62;67,61
18/07/2023 17:05;65,35;65,36;65,15;65,15
18/07/2023 16:00;65,1;65,12;64,91;65,03
18/07/2023 15:00;65,43;65,54;64,83;65,13
18/07/2023 14:00;65,32;65,56;65,15;65,45
18/07/2023 13:00;64,62;65,33;64,54;65,32
18/07/2023 12:00;64,63;64,79;64,4;64,64
18/07/2023 11:00;63,82;64,81;63,82;64,64
18/07/2023 10:00;63,79;63,95;63,74;63,82
18/07/2023 09:00;63,47;64,02;63,22;63,79
17/07/2023 17:05;62,69;63,11;62,67;62,81
17/07/2023 16:00;62,35;63,21;62,33;62,96
17/07/2023 15:00;63,33;63,39;62,34;62,35
17/07/2023 14:00;63,4;63,49;63,23;63,31
17/07/2023 13:00;63,44;63,5;63,3;63,35
17/07/2023 12:00;63,33;63,57;63,15;63,43
17/07/2023 11:00;63,43;63,56;63,13;63,28
17/07/2023 10:00;63,97;64,08;63,42;63,43
17/07/2023 09:00;64,09;64,18;63,6;63,99
14/07/2023 17:05;63,51;63,57;63,37;63,57
14/07/2023 16:00;63,38;63,57;63,35;63,5
14/07/2023 15:00;63,51;63,57;63,34;63,4
14/07/2023 14:00;63,26;63,55;63,23;63,51
14/07/2023 13:00;63,21;63,3;63,13;63,26
14/07/2023 12:00;63,19;63,25;63,03;63,21
14/07/2023 11:00;63,2;63,31;63,12;63,23
14/07/2023 10:00;63,37;63,43;62,89;63,23
14/07/2023 09:00;63,59;63,77;63,19;63,4
13/07/2023 17:05;63,23;63,4;63,14;63,23
13/07/2023 16:00;63,24;63,34;63,12;63,25
13/07/2023 15:00;63;63,34;63;63,26
13/07/2023 14:00;63;63,12;62,7;63,07
13/07/2023 13:00;62,8;63,23;62,8;63
13/07/2023 12:00;62,76;62,97;62,71;62,8
13/07/2023 11:00;62,55;63,04;62,46;62,76
13/07/2023 10:00;62,51;62,87;62,44;62,6
13/07/2023 09:00;62,53;62,69;62,23;62,55
12/07/2023 17:05;62,41;62,89;62,23;62,25
12/07/2023 16:00;62,33;62,44;62,22;62,44
12/07/2023 15:00;62,33;62,44;62,31;62,33
12/07/2023 14:00;62,29;62,54;62,23;62,33
12/07/2023 13:00;63,31;63,34;62,1;62,31
12/07/2023 12:00;63,64;64,19;63,23;63,3
12/07/2023 11:00;63,09;63,64;63;63,62
12/07/2023 10:00;63,26;63,33;62,94;63,04
12/07/2023 09:00;63,67;63,67;63,22;63,26
11/07/2023 17:05;63,57;63,78;63,19;63,29
11/07/2023 16:00;63,33;63,46;63,3;63,43
11/07/2023 15:00;63,12;63,34;63,03;63,34
11/07/2023 14:00;63,13;63,26;62,63;63,13
11/07/2023 13:00;63,02;63,34;62,91;63,14
11/07/2023 12:00;62,94;63,21;62,79;63,04
11/07/2023 11:00;63,23;63,34;62,93;62,98
11/07/2023 10:00;63,46;63,48;63,06;63,23
11/07/2023 09:00;62,78;63,5;62,44;63,44
10/07/2023 17:05;62,95;62,95;61,99;62,05
10/07/2023 16:00;63,02;63,21;62,84;63,12
10/07/2023 15:00;63,49;63,49;62,79;62,98
10/07/2023 14:00;63,77;63,96;63,47;63,49
10/07/2023 13:00;63,34;63,91;63,33;63,79
10/07/2023 12:00;63,32;63,46;63,2;63,35
10/07/2023 11:00;63,19;63,41;63,07;63,35
10/07/2023 10:00;63,2;63,62;63,13;63,13
10/07/2023 09:00;63,34;63,55;62,72;63,22
07/07/2023 17:05;62,36;62,55;62,34;62,44
07/07/2023 16:00;62,55;62,67;62,44;62,45
07/07/2023 15:00;62,5;62,67;62,44;62,51
07/07/2023 14:00;62,46;62,64;62,44;62,46
07/07/2023 13:00;62,67;62,68;62,45;62,45
07/07/2023 12:00;62,69;62,84;62,55;62,69
07/07/2023 11:00;62,58;62,78;62,38;62,69
07/07/2023 10:00;63,02;63,03;62,44;62,6
07/07/2023 09:00;63,12;63,21;62,61;63,02
06/07/2023 17:05;63,8;64,19;63,79;63,79
06/07/2023 16:00;63,57;63,85;63,51;63,78
06/07/2023 15:00;63,57;63,61;63,5;63,57
06/07/2023 14:00;63,55;63,68;63,39;63,57
06/07/2023 13:00;63,28;63,57;63,21;63,56
06/07/2023 12:00;63,08;63,34;63,07;63,29
06/07/2023 11:00;63,15;63,16;62,95;63,07
06/07/2023 10:00;63,17;63,25;63,02;63,12
06/07/2023 09:00;63,17;63,42;62,91;63,17
05/07/2023 17:05;62,52;63,12;62,44;62,78
05/07/2023 16:00;62,5;62,55;62,28;62,49
05/07/2023 15:00;63;63;62,38;62,47
05/07/2023 14:00;62,97;63,41;62,61;63,07
05/07/2023 13:00;62,78;63,06;62,66;62,97
05/07/2023 12:00;62,37;62,86;62,22;62,82
05/07/2023 11:00;63,71;64;62,22;62,37
05/07/2023 10:00;63,44;64,11;62,43;63,74
05/07/2023 09:00;63,53;63,96;63,23;63,42
04/07/2023 17:05;63,41;63,68;63,26;63,68
04/07/2023 16:00;64,23;64,24;63,46;63,68
04/07/2023 15:00;62,88;64,36;62,84;64,23
04/07/2023 14:00;62,19;62,89;62,16;62,88
04/07/2023 13:00;62,31;62,33;61,88;62,22
04/07/2023 12:00;62,49;62,55;62,24;62,32
04/07/2023 11:00;62,5;62,7;62,45;62,49
04/07/2023 10:00;62,57;62,88;62,34;62,5
04/07/2023 09:00;62,5;62,77;62,11;62,57
03/07/2023 17:05;62,23;62,49;62,05;62,24
03/07/2023 16:00;62;62,33;61,92;62,33
03/07/2023 15:00;61,97;62,14;61,76;61,95
03/07/2023 14:00;61,55;62,53;61,48;62
03/07/2023 13:00;61,54;61,7;61,48;61,55
03/07/2023 12:00;61,8;61,88;61,49;61,55
03/07/2023 11:00;61,73;61,99;61,6;61,79
03/07/2023 10:00;61,91;62,22;61,58;61,72
03/07/2023 09:00;62,93;63,57;61,25;61,88
30/06/2023 17:05;61,99;62,51;61,99;62,5
30/06/2023 16:00;62,16;62,4;61,9;62,36
30/06/2023 15:00;62,33;62,53;62,01;62,2
30/06/2023 14:00;61,88;62,43;61,76;62,33
30/06/2023 13:00;64,2;64,36;61,62;61,88
30/06/2023 12:00;64,09;64,36;63,94;64,18
30/06/2023 11:00;64,39;64,51;63,86;64,12
30/06/2023 10:00;64,08;64,68;64,08;64,38
30/06/2023 09:00;63,58;64,22;63,48;64,06
29/06/2023 17:05;63,79;63,79;63,37;63,46
29/06/2023 16:00;63,77;63,85;63,57;63,77
29/06/2023 15:00;63,66;64,02;63,46;63,78
29/06/2023 14:00;63,2;63,95;63,19;63,65
29/06/2023 13:00;63,41;63,48;63,14;63,19
29/06/2023 12:00;63,85;63,87;63,34;63,41
29/06/2023 11:00;63,76;64,03;63,55;63,85
29/06/2023 10:00;63,71;64,05;63,57;63,76
29/06/2023 09:00;64,55;64,55;63,47;63,73
28/06/2023 17:05;64,62;64,68;64,47;64,58
28/06/2023 16:00;64,68;64,81;64,58;64,68
28/06/2023 15:00;64,66;64,81;64,53;64,7
28/06/2023 14:00;64,91;65,2;64,49;64,66
28/06/2023 13:00;64,89;65,15;64,63;64,91
28/06/2023 12:00;64,64;64,94;64,48;64,86
28/06/2023 11:00;64,53;65,08;64,37;64,68
28/06/2023 10:00;64,72;65,07;64,36;64,55
28/06/2023 09:00;64,84;64,98;64,18;64,73
27/06/2023 17:05;65,87;66,33;65,28;65,29
27/06/2023 16:00;65,61;65,94;65,39;65,88
27/06/2023 15:00;65,43;65,81;65,39;65,6
27/06/2023 14:00;65,52;65,72;65,26;65,42
27/06/2023 13:00;65,48;65,59;65,37;65,48
27/06/2023 12:00;65,79;65,79;65,44;65,5
27/06/2023 11:00;65,73;65,94;65,54;65,75
27/06/2023 10:00;65,62;65,73;65,13;65,72
27/06/2023 09:00;65,26;66,04;65;65,63
26/06/2023 17:05;68,31;69,71;68,31;69,09
26/06/2023 16:00;67,78;68,19;67,12;68,08
26/06/2023 15:00;66,61;67,77;66,54;67,77
26/06/2023 14:00;66,5;66,77;66,42;66,65
26/06/2023 13:00;66,54;66,62;66,28;66,44
26/06/2023 12:00;66,19;66,84;66,12;66,56
26/06/2023 11:00;67,03;67,1;66,05;66,18
26/06/2023 10:00;67,23;67,3;66,39;67,05
26/06/2023 09:00;67,4;68,12;66,94;67,24
23/06/2023 17:05;67,46;67,64;67,23;67,5
23/06/2023 16:00;67,73;67,9;67,51;67,52
23/06/2023 15:00;68,39;68,73;67,67;67,7
23/06/2023 14:00;67,77;68,55;67,72;68,36
23/06/2023 13:00;68,02;68,16;67,55;67,85
23/06/2023 12:00;67,83;68,19;67,79;68,04
23/06/2023 11:00;67,72;68,03;67,47;67,85
23/06/2023 10:00;69,28;69,28;67,66;67,72
23/06/2023 09:00;69,32;69,93;69,1;69,29
22/06/2023 17:05;70,89;70,89;69,78;70,31
22/06/2023 16:00;71,24;71,54;70,45;70,82
22/06/2023 15:00;71,06;71,32;70,97;71,28
22/06/2023 14:00;71,32;71,46;70,91;71,09
22/06/2023 13:00;71,12;71,35;71,06;71,33
22/06/2023 12:00;71,16;71,38;70,78;71,12
22/06/2023 11:00;71,5;71,78;70,96;71,12
22/06/2023 10:00;71,19;72,07;70,95;71,49
22/06/2023 09:00;71,01;71,45;70,67;71,14
21/06/2023 17:05;72,96;72,96;72,44;72,81
21/06/2023 16:00;72,66;72,66;72,64;72,66
21/06/2023 15:00;72,66;72,66;72,51;72,66
21/06/2023 14:00;72,13;72,66;72,03;72,66
21/06/2023 13:00;72,1;72,25;72,01;72,15
21/06/2023 12:00;71,75;72,09;71,72;72,09
21/06/2023 11:00;72,2;72,24;71,58;71,75
21/06/2023 10:00;71,71;72,25;71,5;72,2
21/06/2023 09:00;71,99;72,53;71,57;71,69
20/06/2023 17:05;69,37;71,4;69,26;71,22
20/06/2023 16:00;69,26;69,34;68,99;69,26
20/06/2023 15:00;69,03;69,29;69,03;69,26
20/06/2023 14:00;68,64;69,32;68,49;69,05
20/06/2023 13:00;68,53;68,84;68,26;68,64
20/06/2023 12:00;69;69,26;68,44;68,53
20/06/2023 11:00;68,08;69,19;67,98;69
20/06/2023 10:00;69,28;69,65;67,74;68,08
20/06/2023 09:00;67,99;69,53;67,85;69,26
19/06/2023 17:05;69,1;69,25;68,75;68,94
19/06/2023 16:00;68,78;69,06;68,64;69,06
19/06/2023 15:00;68,97;69,17;68,76;68,76
19/06/2023 14:00;69,12;69,38;68,53;68,97
19/06/2023 13:00;68,38;69,25;68,38;69,11
19/06/2023 12:00;68,23;68,49;67,87;68,37
19/06/2023 11:00;68,14;68,57;68,1;68,25
19/06/2023 10:00;67,48;68,37;67,14;68,13
19/06/2023 09:00;69,09;69,14;67,07;67,47
16/06/2023 17:05;69,49;69,89;69,37;69,88
16/06/2023 16:00;69,6;69,88;69,6;69,79
16/06/2023 15:00;69,15;69,81;69,11;69,56
16/06/2023 14:00;68,93;69,24;68,81;69,16
16/06/2023 13:00;69,06;69,2;68,83;68,88
16/06/2023 12:00;69,47;69,78;68,76;69,08
16/06/2023 11:00;68,81;69,56;68,46;69,46
16/06/2023 10:00;69,36;69,47;68,64;68,83
16/06/2023 09:00;67,63;69,6;67,55;69,38
15/06/2023 17:05;66,93;67,49;66,67;67,39
15/06/2023 16:00;66,75;67,03;66,54;66,77
15/06/2023 15:00;66,66;66,99;66,3;66,75
15/06/2023 14:00;65,92;66,94;65,8;66,63
15/06/2023 13:00;66,1;66,16;65,44;65,92
15/06/2023 12:00;66,07;66,44;65,71;66,1
15/06/2023 11:00;65,71;66,17;65,6;66,09
15/06/2023 10:00;65,32;65,77;65,32;65,71
15/06/2023 09:00;65,36;65,78;65,18;65,36
14/06/2023 17:05;64,93;65,19;64,51;64,55
14/06/2023 16:00;64,92;65,15;64,7;65,09
14/06/2023 15:00;64,68;65,37;64,64;64,9
14/06/2023 14:00;64,65;64,95;64,57;64,63
14/06/2023 13:00;64,54;64,7;64,53;64,64
14/06/2023 12:00;64,54;64,63;64,36;64,56
14/06/2023 11:00;64,31;64,79;64,3;64,57
14/06/2023 10:00;64,45;64,67;64,24;64,31
14/06/2023 09:00;64,24;64,55;64,24;64,41
13/06/2023 17:05;64,7;64,73;63,99;64,55
13/06/2023 16:00;65,19;65,2;64,82;64,82
13/06/2023 15:00;65,44;65,47;65,16;65,19
13/06/2023 14:00;65,62;65,74;65,26;65,48
13/06/2023 13:00;65,88;65,94;65,6;65,62
13/06/2023 12:00;65,82;65,94;65,59;65,9
13/06/2023 11:00;65,79;65,88;65,69;65,82
13/06/2023 10:00;65,64;65,91;65,54;65,77
13/06/2023 09:00;65,66;66,15;65,23;65,64
12/06/2023 17:05;65,19;65,24;65,04;65,18
12/06/2023 16:00;65,34;65,48;65,15;65,26
12/06/2023 15:00;65,15;65,47;65,04;65,35
12/06/2023 14:00;65,32;65,33;64,81;65,16
12/06/2023 13:00;65,39;65,39;65,29;65,29
12/06/2023 12:00;65,43;65,6;65,37;65,43
12/06/2023 11:00;65,39;65,5;65,1;65,39
12/06/2023 10:00;65,38;65,6;65,26;65,44
12/06/2023 09:00;65,61;66,22;65,06;65,38
09/06/2023 17:05;64,82;65,15;64,79;65,07
09/06/2023 16:00;65,08;65,12;64,7;64,81
09/06/2023 15:00;65,2;65,27;64,7;65,13
09/06/2023 14:00;65,01;65,35;64,94;65,2
09/06/2023 13:00;64,81;65,03;64,48;65
09/06/2023 12:00;65,06;65,13;64,72;64,81
09/06/2023 11:00;65,36;65,44;64,98;65,13
09/06/2023 10:00;65,32;65,65;64,97;65,41
09/06/2023 09:00;64,86;65,99;64,64;65,34
07/06/2023 17:05;65;65,15;64,86;64,86
07/06/2023 16:00;64,82;65,08;64,64;64,92
07/06/2023 15:00;64,51;64,86;64,38;64,83
07/06/2023 14:00;64,41;64,56;64,31;64,49
07/06/2023 13:00;64,67;64,74;64,32;64,41
07/06/2023 12:00;64,66;64,76;64,3;64,67
07/06/2023 11:00;64,9;64,9;64,64;64,64
07/06/2023 10:00;64,83;65,15;64,66;64,85
07/06/2023 09:00;64,86;65,25;64,64;64,81
06/06/2023 17:05;64,49;64,56;64,39;64,53
06/06/2023 16:00;64,39;64,54;64,24;64,46
06/06/2023 15:00;64,29;64,51;64,24;64,42
06/06/2023 14:00;64,17;64,39;63,96;64,29
06/06/2023 13:00;64,68;64,7;63,86;64,18
06/06/2023 12:00;65;65,12;64,46;64,64
06/06/2023 11:00;64,92;65,12;64,88;65,03
06/06/2023 10:00;65,09;65,3;64,8;64,89
06/06/2023 09:00;64,84;65,35;64,54;65,11
05/06/2023 17:05;64,27;64,53;64,26;64,42
05/06/2023 16:00;64,44;64,49;64,24;64,36
05/06/2023 15:00;64,41;64,58;64,3;64,46
05/06/2023 14:00;64,32;64,63;64,29;64,45
05/06/2023 13:00;64,46;64,99;64,3;64,33
05/06/2023 12:00;65,11;65,13;64,2;64,48
05/06/2023 11:00;65,23;65,23;64,82;65,13
05/06/2023 10:00;65,37;65,39;64,81;65,29
05/06/2023 09:00;65,07;65,81;64,72;65,37
02/06/2023 17:05;65,33;65,71;65,09;65,15
02/06/2023 16:00;65,77;65,77;65,03;65,32
02/06/2023 15:00;66,39;66,61;64,65;65,87
02/06/2023 14:00;66,23;66,63;66,23;66,37
02/06/2023 13:00;65,51;66,35;65,51;66,23
02/06/2023 12:00;65,23;65,59;65,15;65,52
02/06/2023 11:00;65,26;65,6;65,18;65,26
02/06/2023 10:00;65,53;65,63;64,86;65,3
02/06/2023 09:00;65,41;66,25;65,41;65,56
01/06/2023 17:05;66,24;66,24;65,84;66,05
01/06/2023 16:00;66,16;66,44;66,15;66,27
01/06/2023 15:00;65,51;66,35;65,41;66,16
01/06/2023 14:00;65,08;65,83;64,99;65,5
01/06/2023 13:00;65,12;65,16;64,81;65,08
01/06/2023 12:00;65,2;65,44;64,89;65,13
01/06/2023 11:00;65,13;65,43;65,04;65,21
01/06/2023 10:00;64,63;65,56;64,54;65,19
01/06/2023 09:00;64,58;65,33;64,41;64,58
31/05/2023 17:05;64,79;65;64,08;64,08
31/05/2023 16:00;64,36;64,62;64,08;64,58
31/05/2023 15:00;64,02;64,47;63,9;64,36
31/05/2023 14:00;64,08;64,11;63,69;64,01
31/05/2023 13:00;64,13;64,5;64,05;64,08
31/05/2023 12:00;64,62;64,7;63,87;64,11
31/05/2023 11:00;64,32;65,15;64,04;64,62
31/05/2023 10:00;63,91;64,56;63,68;64,29
31/05/2023 09:00;63,13;64,01;63,13;63,9
30/05/2023 17:05;65,37;65,91;64,73;64,93
30/05/2023 16:00;66,25;66,27;66,25;66,25
30/05/2023 15:00;66,46;66,56;66,25;66,25
30/05/2023 14:00;66,69;66,77;66,44;66,45
30/05/2023 13:00;66,79;66,81;66,4;66,72
30/05/2023 12:00;67,83;67,84;66,5;66,79
30/05/2023 11:00;67,82;67,95;67,73;67,85
30/05/2023 10:00;68,21;68,21;67,63;67,74
30/05/2023 09:00;69,37;69,37;67,41;68,21
29/05/2023 17:05;69,65;69,77;69,52;69,71
29/05/2023 16:00;69,63;69,81;69,55;69,71
29/05/2023 15:00;69,4;69,87;69,28;69,63
29/05/2023 14:00;69,19;69,51;68,98;69,4
29/05/2023 13:00;69,2;69,4;68,79;69,27
29/05/2023 12:00;69,4;69,53;68,96;69,2
29/05/2023 11:00;68,97;69,8;68,64;69,33
29/05/2023 10:00;69,43;69,45;68;68,96
29/05/2023 09:00;68,97;70,2;68,5;69,49
26/05/2023 17:05;69,07;69,29;68,89;68,9
26/05/2023 16:00;68,92;69,27;68,91;69,09
26/05/2023 15:00;67,95;69,25;67,9;68,93
26/05/2023 14:00;68,99;69,49;67,74;67,95
26/05/2023 13:00;68,1;69,23;68,1;68,98
26/05/2023 12:00;67,33;68,18;67,33;68,08
26/05/2023 11:00;67,36;67,45;67,17;67,33
26/05/2023 10:00;67,24;67,59;67,17;67,38
26/05/2023 09:00;67,29;67,75;66,99;67,21
25/05/2023 17:05;66,41;66,41;66;66,34
25/05/2023 16:00;66,56;66,7;66,1;66,27
25/05/2023 15:00;66,07;66,74;66,01;66,59
25/05/2023 14:00;65,8;66,16;65,6;66,07
25/05/2023 13:00;66,08;66,13;65,72;65,74
25/05/2023 12:00;66,31;66,5;65,99;66,09
25/05/2023 11:00;66,63;66,86;66,16;66,31
25/05/2023 10:00;65,96;66,88;65,94;66,61
25/05/2023 09:00;65,81;66,15;65,16;65,94
24/05/2023 17:05;66,45;66,61;65,83;66,05
24/05/2023 16:00;66,8;67,29;66,39;66,39
24/05/2023 15:00;66,53;66,84;66,27;66,78
24/05/2023 14:00;66,52;66,6;66,17;66,49
24/05/2023 13:00;66,66;67,29;66,41;66,54
24/05/2023 12:00;66,48;67,63;66,23;66,65
24/05/2023 11:00;65,52;66,6;65,45;66,45
24/05/2023 10:00;65,74;65,77;65,26;65,5
24/05/2023 09:00;66,05;66,15;64,93;65,74
23/05/2023 17:05;66,77;66,78;65,96;66,37
23/05/2023 16:00;65,79;66,84;65,79;66,61
23/05/2023 15:00;64,67;66,77;64,67;65,79
23/05/2023 14:00;64,29;64,81;64,29;64,67
23/05/2023 13:00;63,99;64,4;63,91;64,35
23/05/2023 12:00;63,94;64,04;63,76;64,02
23/05/2023 11:00;63,87;64,02;63,79;63,94
23/05/2023 10:00;63,84;63,93;63,68;63,91
23/05/2023 09:00;63,48;63,94;63,14;63,82
22/05/2023 17:05;64,28;64,28;63,3;63,55
22/05/2023 16:00;64,48;64,51;64,22;64,3
22/05/2023 15:00;64,55;65,01;64,46;64,48
22/05/2023 14:00;64,32;64,77;64,29;64,56
22/05/2023 13:00;64,24;64,45;63,99;64,24
22/05/2023 12:00;64,17;64,58;64,03;64,24
22/05/2023 11:00;64,15;64,15;63,74;64,14
22/05/2023 10:00;65,03;65,23;64,03;64,13
22/05/2023 09:00;65,1;65,54;64,81;65,03
19/05/2023 17:05;64,72;65,25;64,53;64,94
19/05/2023 16:00;64,27;64,9;64,24;64,54
19/05/2023 15:00;64,42;64,72;63,83;64,23
19/05/2023 14:00;64,02;65,06;64;64,37
19/05/2023 13:00;64,06;64,1;63,69;64,02
19/05/2023 12:00;63,99;64,41;63,57;64,04
19/05/2023 11:00;63,75;65,12;63,57;63,96
19/05/2023 10:00;63,06;64,12;62,89;63,79
19/05/2023 09:00;62,67;63,61;62,67;63,06
18/05/2023 17:05;63,55;63,55;62,75;62,84
18/05/2023 16:00;63,59;63,75;63,26;63,46
18/05/2023 15:00;62,89;63,68;62,88;63,6
18/05/2023 14:00;62,62;62,94;62,55;62,89
18/05/2023 13:00;62,76;63,06;62,55;62,55
18/05/2023 12:00;62,33;63,03;62,13;62,67
18/05/2023 11:00;62,62;63,11;62,25;62,36
18/05/2023 10:00;62,63;62,67;61,75;62,67
18/05/2023 09:00;63,97;64,17;61,47;62,6
17/05/2023 17:05;64,59;64,68;64,44;64,44
17/05/2023 16:00;64,64;64,81;64,57;64,7
17/05/2023 15:00;64,65;64,66;64,53;64,64
17/05/2023 14:00;64,9;64,95;64,64;64,66
17/05/2023 13:00;65,03;65,06;64,89;64,92
17/05/2023 12:00;65,08;65,46;64,83;65,04
17/05/2023 11:00;65,09;65,18;64,84;65,1
17/05/2023 10:00;65,24;65,26;64,98;65,08
17/05/2023 09:00;65,6;65,84;65,03;65,25
16/05/2023 17:05;65,8;66,05;65,8;66,05
16/05/2023 16:00;65,65;66,06;65,62;65,92
16/05/2023 15:00;66,07;66,07;65,52;65,64
16/05/2023 14:00;66,5;66,58;65,61;66,05
16/05/2023 13:00;66,28;66,72;66,27;66,5
16/05/2023 12:00;65,94;66,35;65,84;66,27
16/05/2023 11:00;66,17;66,27;65,82;65,9
16/05/2023 10:00;66,51;66,98;66,05;66,18
16/05/2023 09:00;65,94;66,61;65,48;66,5
15/05/2023 17:05;66,48;66,81;66,44;66,6
15/05/2023 16:00;66,12;66,43;66;66,3
15/05/2023 15:00;67,4;67,61;65,97;66,21
15/05/2023 14:00;68,11;68,13;67,28;67,38
15/05/2023 13:00;68,2;68,38;67,98;68,08
15/05/2023 12:00;68,21;68,41;67,93;68,2
15/05/2023 11:00;68,08;68,4;68,08;68,2
15/05/2023 10:00;68,37;68,64;68,02;68,03
15/05/2023 09:00;68,01;68,75;67,55;68,4
12/05/2023 17:05;67,5;67,59;67,34;67,51
12/05/2023 16:00;67,63;67,72;67,51;67,51
12/05/2023 15:00;67,23;67,91;67,23;67,7
12/05/2023 14:00;67,51;68,08;67,19;67,23
12/05/2023 13:00;67,42;67,91;66,95;67,59
12/05/2023 12:00;67,84;67,84;67,36;67,51
12/05/2023 11:00;68,17;68,17;67,74;67,88
12/05/2023 10:00;68,5;68,6;68,12;68,19
12/05/2023 09:00;68,25;68,81;67,73;68,52
11/05/2023 17:05;68,74;69,05;68,66;69,05
11/05/2023 16:00;69,05;69,07;68,87;68,87
11/05/2023 15:00;68,73;69,18;68,38;69,01
11/05/2023 14:00;68,83;68,84;68,27;68,74
11/05/2023 13:00;68,81;69,05;68,75;68,85
11/05/2023 12:00;69,12;69,4;68,81;68,81
11/05/2023 11:00;69,08;69,54;68,98;69,14
11/05/2023 10:00;68,79;69,25;68,61;69,09
11/05/2023 09:00;68,92;69,74;68,38;68,81
10/05/2023 17:05;68,97;69,01;68,64;68,92
10/05/2023 16:00;68,89;69,06;68,76;68,98
10/05/2023 15:00;68,55;69,31;68,34;68,89
10/05/2023 14:00;68,3;68,64;68,22;68,53
10/05/2023 13:00;68,74;68,74;67,87;68,3
10/05/2023 12:00;68,98;68,98;68,43;68,72
10/05/2023 11:00;68,89;69,09;68,75;68,98
10/05/2023 10:00;68,82;69,17;68,75;68,87
10/05/2023 09:00;69,32;69,32;68,43;68,75
09/05/2023 17:05;70,13;70,42;69,74;69,94
09/05/2023 16:00;70,57;70,64;70,09;70,14
09/05/2023 15:00;70,89;71,22;70,5;70,51
09/05/2023 14:00;71,3;71,45;70,67;70,86
09/05/2023 13:00;72,19;72,28;71,26;71,35
09/05/2023 12:00;72,37;72,42;71,94;72,19
09/05/2023 11:00;72,81;73,15;72,18;72,36
09/05/2023 10:00;73,39;73,55;72,77;72,81
09/05/2023 09:00;72,83;73,46;72,7;73,37
08/05/2023 17:05;73,76;73,97;73,5;73,63
08/05/2023 16:00;74,01;74,01;73,66;73,8
08/05/2023 15:00;73,71;74,11;73,68;74,03
08/05/2023 14:00;73,18;73,82;73,18;73,71
08/05/2023 13:00;73,06;73,22;72,97;73,2
08/05/2023 12:00;73,2;73,33;72,89;73,04
08/05/2023 11:00;72,64;73,44;72,6;73,25
08/05/2023 10:00;72,58;72,7;72,46;72,58
08/05/2023 09:00;72,11;73;71,81;72,64
05/05/2023 17:05;72,03;72,28;71,83;72,11
05/05/2023 16:00;72,03;72,07;72;72,02
05/05/2023 15:00;71,95;72,12;71,9;72,01
05/05/2023 14:00;72,02;72,12;71,91;71,94
05/05/2023 13:00;72,02;72,02;71,91;72,02
05/05/2023 12:00;71,97;72,06;71,93;72
05/05/2023 11:00;72,08;72,18;71,85;71,97
05/05/2023 10:00;71,91;72,34;71,84;72,08
05/05/2023 09:00;71,47;72,13;71,46;71,92
04/05/2023 17:05;71,85;72,26;71,81;72,13
04/05/2023 16:00;72;72,18;71,81;72,02
04/05/2023 15:00;71,57;72,19;71,51;71,92
04/05/2023 14:00;71,4;72;71,21;71,51
04/05/2023 13:00;71,69;71,8;71,02;71,36
04/05/2023 12:00;71,45;71,78;71,31;71,67
04/05/2023 11:00;71,49;71,63;71,15;71,46
04/05/2023 10:00;71,53;71,89;71,27;71,46
04/05/2023 09:00;71,02;72,13;71,02;71,51
03/05/2023 17:05;71,56;71,56;70,98;71,01
03/05/2023 16:00;71,67;71,8;71,39;71,46
03/05/2023 15:00;72,13;72,25;71,04;71,63
03/05/2023 14:00;71,72;72,36;71,6;72,21
03/05/2023 13:00;71,57;71,8;71,07;71,75
03/05/2023 12:00;70,89;71,68;70,87;71,57
03/05/2023 11:00;70,83;71,01;70,78;70,89
03/05/2023 10:00;70,78;71,01;70,73;70,83
03/05/2023 09:00;71,28;71,32;70,36;70,78
02/05/2023 17:05;71,91;72,25;71,74;72,02
02/05/2023 16:00;72,04;72,12;71,97;72,08
02/05/2023 15:00;72,3;72,34;71,93;72,02
02/05/2023 14:00;72,17;72,3;72,13;72,3
02/05/2023 13:00;72,1;72,19;72,09;72,16
02/05/2023 12:00;72,15;72,22;72,08;72,11
02/05/2023 11:00;72,25;72,42;72,13;72,15
02/05/2023 10:00;71,92;72,35;71,91;72,25
02/05/2023 09:00;71,78;72,36;71,37;71,93
28/04/2023 17:05;72,7;73,1;72,7;72,81
28/04/2023 16:00;73,19;73,26;73,01;73,05
28/04/2023 15:00;73,04;73,52;72,87;73,18
28/04/2023 14:00;73,15;73,24;72,89;73,07
28/04/2023 13:00;73,8;73,82;72,64;73,11
28/04/2023 12:00;72,69;74,16;72,56;73,81
28/04/2023 11:00;72,47;72,75;72,47;72,63
28/04/2023 10:00;72,97;73,09;72,3;72,48
28/04/2023 09:00;73,26;73,32;72,48;72,93
27/04/2023 17:05;73,27;73,66;73,27;73,64
27/04/2023 16:00;73,4;73,71;73,37;73,61
27/04/2023 15:00;73,46;73,58;73,37;73,37
27/04/2023 14:00;73,35;73,54;73,33;73,4
27/04/2023 13:00;73,88;73,89;73,32;73,35
27/04/2023 12:00;73,93;74,05;73,88;73,88
27/04/2023 11:00;73,88;74,05;73,88;73,94
27/04/2023 10:00;73,99;74,14;73,82;73,94
27/04/2023 09:00;74,28;74,28;73,37;73,99
26/04/2023 17:05;75,02;75,12;74,5;75,04
26/04/2023 16:00;75,1;75,4;75;75,4
26/04/2023 15:00;75,55;75,68;74,99;75,17
26/04/2023 14:00;76,09;76,15;75,19;75,55
26/04/2023 13:00;76,23;76,64;76,08;76,08
26/04/2023 12:00;76,83;76,87;75,83;76,24
26/04/2023 11:00;76,43;77,51;76,38;76,79
26/04/2023 10:00;76,96;77,04;75,52;76,44
26/04/2023 09:00;75,71;77,87;75,52;76,94
25/04/2023 17:05;75,91;76,25;75,52;75,66
25/04/2023 16:00;75,59;75,91;75,59;75,91
25/04/2023 15:00;75,32;75,63;75,3;75,63
25/04/2023 14:00;75,13;75,71;75,12;75,32
25/04/2023 13:00;74,5;75,44;74,25;75,29
25/04/2023 12:00;74,5;74,93;74,16;74,42
25/04/2023 11:00;74,2;74,76;73,98;74,51
25/04/2023 10:00;75,23;75,35;74,11;74,26
25/04/2023 09:00;73,09;76,07;73,09;75,22
24/04/2023 17:05;73,48;73,6;72,86;72,92
24/04/2023 16:00;73,55;73,71;73,54;73,6
24/04/2023 15:00;73,67;73,86;73,49;73,49
24/04/2023 14:00;73,37;73,7;73,32;73,7
24/04/2023 13:00;73,72;74,03;73,36;73,37
24/04/2023 12:00;73,99;73,99;73,6;73,71
24/04/2023 11:00;73,45;74,16;73,42;74,02
24/04/2023 10:00;73,68;73,76;73,04;73,41
24/04/2023 09:00;74,95;75,04;73,1;73,68
20/04/2023 17:05;76,14;76,35;76,14;76,19
20/04/2023 16:00;76,3;76,32;75,94;76,2
20/04/2023 15:00;76,63;76,76;76,09;76,33
20/04/2023 14:00;75,88;76,74;75,18;76,64
20/04/2023 13:00;76,85;76,85;75,67;75,81
20/04/2023 12:00;77,21;77,24;76,83;76,87
20/04/2023 11:00;77,66;77,68;77,09;77,26
20/04/2023 10:00;78;78,11;77,6;77,66
20/04/2023 09:00;78,41;78,56;77,97;78
19/04/2023 17:05;78,91;79,09;78,91;79,01
19/04/2023 16:00;78,74;79;78,68;78,91
19/04/2023 15:00;78,65;78,87;78,57;78,73
19/04/2023 14:00;78,94;79,23;78,45;78,61
19/04/2023 13:00;78,94;79,11;78,84;78,94
19/04/2023 12:00;78,68;79,12;78,67;78,91
19/04/2023 11:00;78,68;78,89;78,57;78,68
19/04/2023 10:00;78,84;79;78,61;78,67
19/04/2023 09:00;79,9;80,07;78,78;78,84
18/04/2023 17:05;80,5;80,73;80,45;80,53
18/04/2023 16:00;80,59;80,62;80,42;80,58
18/04/2023 15:00;80,58;80,78;80,32;80,59
18/04/2023 14:00;80,44;80,66;80,21;80,66
18/04/2023 13:00;80,9;80,9;80,14;80,44
18/04/2023 12:00;81,39;81,57;80,77;80,77
18/04/2023 11:00;82,22;82,26;81,38;81,42
18/04/2023 10:00;82,52;82,52;82,13;82,26
18/04/2023 09:00;82,45;83,21;82,34;82,59
17/04/2023 17:05;82,65;82,73;82,22;82,22
17/04/2023 16:00;82,76;82,85;82,58;82,8
17/04/2023 15:00;83,03;83,08;82,74;82,76
17/04/2023 14:00;82,96;83,14;82,84;83,06
17/04/2023 13:00;83,2;83,21;82,62;82,8
17/04/2023 12:00;83,14;83,2;82,66;83,19
17/04/2023 11:00;83,13;83,37;82,99;83,2
17/04/2023 10:00;83,35;83,58;82,99;83,13
17/04/2023 09:00;84,46;84,46;82,91;83,28
14/04/2023 17:05;85,06;85,28;84,75;84,87
14/04/2023 16:00;84,68;85,06;84,64;85,06
14/04/2023 15:00;84,73;85,1;84,52;84,61
14/04/2023 14:00;84,98;85,08;84,7;84,76
14/04/2023 13:00;84,99;85,1;84,46;84,98
14/04/2023 12:00;84,61;85,03;83,95;85,03
14/04/2023 11:00;84,68;85,23;84,53;84,68
14/04/2023 10:00;84,23;85,56;84,15;84,69
14/04/2023 09:00;83,83;84,45;83,53;84,21
13/04/2023 17:05;84,21;84,49;84,07;84,45
13/04/2023 16:00;84,72;84,87;83,75;84,08
13/04/2023 15:00;83,77;84,75;83,77;84,73
13/04/2023 14:00;83,72;83,93;83,66;83,77
13/04/2023 13:00;83,66;83,75;83,53;83,66
13/04/2023 12:00;83,91;83,95;83,39;83,62
13/04/2023 11:00;84,23;84,34;83,68;83,92
13/04/2023 10:00;84,35;84,61;84,05;84,35
13/04/2023 09:00;85,77;85,81;84,18;84,35
12/04/2023 17:05;85,93;86,02;85,83;85,83
12/04/2023 16:00;85,96;86,12;85,79;85,95
12/04/2023 15:00;85,67;86,19;85,29;85,96
12/04/2023 14:00;85,79;85,9;85,65;85,67
12/04/2023 13:00;85,81;85,9;85,46;85,72
12/04/2023 12:00;85,97;86,02;85,79;85,79
12/04/2023 11:00;85,81;86,25;85,74;85,97
12/04/2023 10:00;86,02;86,1;85,79;85,81
12/04/2023 09:00;87,17;87,18;85,64;86,02
11/04/2023 17:05;87,67;87,67;87,48;87,49
11/04/2023 16:00;87,48;87,84;87,48;87,67
11/04/2023 15:00;88,09;88,09;87,4;87,45
11/04/2023 14:00;88,22;88,37;88,03;88,09
11/04/2023 13:00;88,45;88,45;87,79;88,2
11/04/2023 12:00;88,3;88,75;88,3;88,49
11/04/2023 11:00;88,41;88,66;88,14;88,26
11/04/2023 10:00;89,41;89,41;88;88,42
11/04/2023 09:00;90,04;90,22;89,37;89,41
10/04/2023 17:05;90,44;90,5;90,37;90,37
10/04/2023 16:00;90,51;90,56;90,4;90,44
10/04/2023 15:00;90,51;90,62;90,33;90,42
10/04/2023 14:00;90,75;90,8;90,5;90,56
10/04/2023 13:00;90,94;91,02;90,76;90,78
10/04/2023 12:00;90,9;91,02;90,86;90,94
10/04/2023 11:00;91,24;91,27;90,88;90,93
10/04/2023 10:00;91,2;91,37;91,17;91,19
10/04/2023 09:00;91,36;91,42;91,09;91,21
06/04/2023 17:05;91,59;91,82;91,48;91,74
06/04/2023 16:00;91,6;91,94;91,55;91,65
06/04/2023 15:00;91,48;91,65;91,48;91,57
06/04/2023 14:00;91,62;91,62;91,47;91,48
06/04/2023 13:00;91,65;91,71;91,57;91,57
06/04/2023 12:00;91,53;91,76;91,53;91,66
06/04/2023 11:00;91,88;91,95;91,48;91,58
06/04/2023 10:00;92,06;92,1;91,78;91,88
06/04/2023 09:00;92,01;92,41;91,82;92,01
05/04/2023 17:05;92,05;92,11;91,81;91,99
05/04/2023 16:00;91,56;92,19;91,56;92,19
05/04/2023 15:00;91,35;91,65;91,34;91,59
05/04/2023 14:00;91,88;91,94;91,31;91,36
05/04/2023 13:00;91,99;92,02;91,65;91,86
05/04/2023 12:00;91,8;92,22;91,8;91,97
05/04/2023 11:00;91,96;92,11;91,74;91,83
05/04/2023 10:00;91,68;91,97;91,55;91,97
05/04/2023 09:00;91,08;91,76;90,67;91,73
04/04/2023 17:05;91,59;91,8;91,42;91,44
04/04/2023 16:00;91,82;92,11;91,76;91,76
04/04/2023 15:00;91,93;92,17;91,76;91,8
04/04/2023 14:00;92,68;92,85;91,89;91,91
04/04/2023 13:00;93,56;93,59;92,64;92,68
04/04/2023 12:00;93,18;93,72;93,16;93,57
04/04/2023 11:00;92,98;93,44;92,97;93,21
04/04/2023 10:00;92,5;93,02;92,44;92,97
04/04/2023 09:00;92,62;92,87;92,13;92,47
03/04/2023 17:05;92,9;93,1;92,7;92,9
03/04/2023 16:00;92,27;92,9;92,24;92,85
03/04/2023 15:00;91,88;92,45;91,78;92,31
03/04/2023 14:00;91,79;92,17;91,76;91,89
03/04/2023 13:00;91,73;91,86;91,62;91,79
03/04/2023 12:00;92,39;92,56;91,65;91,78
03/04/2023 11:00;92,34;92,8;92,28;92,47
03/04/2023 10:00;92,04;92,34;91,85;92,34
03/04/2023 09:00;91,76;92,63;91,76;92,03
31/03/2023 17:05;91,75;92,04;91,75;91,88
31/03/2023 16:00;91,88;92,19;91,28;91,52
31/03/2023 15:00;92,56;92,62;91,45;91,88
31/03/2023 14:00;92,83;92,85;92,44;92,56
31/03/2023 13:00;92,98;93,2;92,57;92,83
31/03/2023 12:00;93,03;93,06;92,89;92,98
31/03/2023 11:00;92,82;93,25;92,74;93,03
31/03/2023 10:00;93,01;93,03;92,73;92,77
31/03/2023 09:00;92,97;93,48;92,8;92,98
30/03/2023 17:05;93,12;93,21;92,91;93,03
30/03/2023 16:00;93,65;93,7;92,98;93,14
30/03/2023 15:00;93,95;93,95;93,36;93,6
30/03/2023 14:00;94,1;94,18;93,95;93,95
30/03/2023 13:00;94,24;94,24;94,05;94,13
30/03/2023 12:00;94,04;94,38;94,01;94,24
30/03/2023 11:00;94,52;94,66;93,97;94,03
30/03/2023 10:00;94,63;95,02;94,52;94,52
30/03/2023 09:00;94,8;94,84;94,18;94,52
29/03/2023 17:05;94,75;94,78;94,52;94,62
29/03/2023 16:00;94,44;94,86;94,32;94,64
29/03/2023 15:00;94,13;94,52;94,11;94,47
29/03/2023 14:00;94,11;94,2;93,86;94,15
29/03/2023 13:00;94,1;94,24;94,06;94,12
29/03/2023 12:00;94,15;94,24;94,06;94,06
29/03/2023 11:00;94,15;94,32;94,06;94,15
29/03/2023 10:00;94,49;94,5;94,13;94,17
29/03/2023 09:00;94,87;95,01;94,41;94,47
28/03/2023 17:05;94,87;94,98;94,87;94,98
28/03/2023 16:00;95;95,21;94,87;94,87
28/03/2023 15:00;95,11;95,26;94,98;94,98
28/03/2023 14:00;95,27;95,32;95,09;95,1
28/03/2023 13:00;95,34;95,47;95,21;95,25
28/03/2023 12:00;95,71;95,71;95,27;95,34
28/03/2023 11:00;95,89;96;95,66;95,67
28/03/2023 10:00;96,11;96,22;95,74;95,87
28/03/2023 09:00;96,36;96,64;96,13;96,13
27/03/2023 17:05;96,32;96,5;96,25;96,49
27/03/2023 16:00;96,71;96,71;96,25;96,25
27/03/2023 15:00;97,04;97,09;96,71;96,72
27/03/2023 14:00;97,08;97,11;97,01;97,05
27/03/2023 13:00;97,16;97,19;96,97;97,05
27/03/2023 12:00;97,2;97,28;97,17;97,18
27/03/2023 11:00;97,17;97,24;97,01;97,17
27/03/2023 10:00;97,61;97,89;97,12;97,24
27/03/2023 09:00;96,78;97,61;96,78;97,57
24/03/2023 17:05;96,45;96,54;96,43;96,48
24/03/2023 16:00;96,55;96,76;96,45;96,59
24/03/2023 15:00;96,56;96,59;96,36;96,57
24/03/2023 14:00;96,73;96,73;96,43;96,54
24/03/2023 13:00;96,88;96,88;96,56;96,69
24/03/2023 12:00;96,63;96,88;96,59;96,87
24/03/2023 11:00;96,64;96,8;96,58;96,68
24/03/2023 10:00;96,3;96,91;96,25;96,72
24/03/2023 09:00;96,39;96,5;96,03;96,26
23/03/2023 17:05;96,65;96,66;96,48;96,53
23/03/2023 16:00;96,25;96,8;96,19;96,66
23/03/2023 15:00;96,38;96,57;96,16;96,25
23/03/2023 14:00;96,88;96,91;96,33;96,36
23/03/2023 13:00;96,71;96,94;96,71;96,89
23/03/2023 12:00;96,81;96,85;96,59;96,71
23/03/2023 11:00;97;97,04;96,55;96,86
23/03/2023 10:00;96,61;97,04;96,49;96,99
23/03/2023 09:00;96,71;96,92;96,39;96,63
22/03/2023 17:05;96,49;96,82;96,49;96,71
22/03/2023 16:00;96,59;96,65;96,26;96,48
22/03/2023 15:00;96,8;96,94;96,36;96,59
22/03/2023 14:00;97,07;97,11;96,79;96,79
22/03/2023 13:00;97,43;97,43;97,05;97,08
22/03/2023 12:00;97,38;97,49;97,35;97,46
22/03/2023 11:00;97,34;97,51;97,28;97,4
22/03/2023 10:00;97,63;97,64;97,34;97,38
22/03/2023 09:00;97,55;97,85;97,55;97,63
21/03/2023 17:05;98,03;98,03;97,86;97,88
21/03/2023 16:00;97,92;98,03;97,86;98,03
21/03/2023 15:00;98;98,03;97,8;97,88
21/03/2023 14:00;98,04;98,12;97,88;97,96
21/03/2023 13:00;98,09;98,09;98,04;98,04
21/03/2023 12:00;98,11;98,15;97,97;98,11
21/03/2023 11:00;98,29;98,33;98,06;98,15
21/03/2023 10:00;98,29;98,38;98,26;98,31
21/03/2023 09:00;98,32;98,5;98,22;98,3
20/03/2023 17:05;98,79;98,79;98,61;98,61
20/03/2023 16:00;98,75;98,81;98,68;98,76
20/03/2023 15:00;98,69;98,77;98,66;98,72
20/03/2023 14:00;98,65;98,72;98,55;98,66
20/03/2023 13:00;98,71;98,72;98,61;98,65
20/03/2023 12:00;98,6;98,83;98,58;98,64
20/03/2023 11:00;98,63;98,72;98,6;98,64
20/03/2023 10:00;98,84;98,88;98,6;98,6
20/03/2023 09:00;98,79;99,11;98,66;98,85
17/03/2023 17:05;99,26;99,37;99,24;99,24
17/03/2023 16:00;99,32;99,41;99,3;99,34
17/03/2023 15:00;99,42;99,45;99,3;99,34
17/03/2023 14:00;99,38;99,58;99,26;99,4
17/03/2023 13:00;99,52;99,56;99,33;99,35
17/03/2023 12:00;99,35;99,67;99,32;99,57
17/03/2023 11:00;99,44;99,46;99,35;99,37
17/03/2023 10:00;99,37;99,49;99,31;99,44
17/03/2023 09:00;99,78;99,91;99,3;99,39
16/03/2023 17:05;99,73;99,77;99,5;99,76
16/03/2023 16:00;99,78;99,81;99,71;99,76
16/03/2023 15:00;99,72;99,81;99,7;99,77
16/03/2023 14:00;100,1;100,13;99,7;99,75
16/03/2023 13:00;100;100,21;99,94;100,1
16/03/2023 12:00;100,04;100,04;99,93;100
16/03/2023 11:00;99,86;100,09;99,7;100,04
16/03/2023 10:00;100,03;100,1;99,81;99,83
16/03/2023 09:00;100,15;100,36;99,71;99,99
15/03/2023 17:05;100,27;100,42;100,06;100,3
15/03/2023 16:00;100,45;100,47;100,25;100,3
15/03/2023 15:00;100,84;100,85;100,39;100,46
15/03/2023 14:00;100,7;100,91;100,67;100,85
15/03/2023 13:00;100,56;100,7;100,55;100,68
15/03/2023 12:00;100,42;100,62;100,37;100,55
15/03/2023 11:00;100,79;100,79;100,36;100,45
15/03/2023 10:00;100,62;100,9;100,56;100,81
15/03/2023 09:00;100,85;101;100,54;100,62
14/03/2023 17:05;101,02;101,13;100,95;101,07
14/03/2023 16:00;101,01;101,14;100,93;101,02
14/03/2023 15:00;101,04;101,06;100,93;101,02
14/03/2023 14:00;100,98;101,11;100,96;101,04
14/03/2023 13:00;100,93;101,02;100,85;100,99
14/03/2023 12:00;100,98;101,01;100,9;100,94
14/03/2023 11:00;100,91;101,07;100,79;100,98
14/03/2023 10:00;100,8;100,95;100,7;100,91
14/03/2023 09:00;101,19;101,25;100,7;100,8
13/03/2023 17:05;101,02;101,18;100,85;101,08
13/03/2023 16:00;100,85;101,14;100,85;101,08
13/03/2023 15:00;100,64;100,95;100,63;100,9
13/03/2023 14:00;100,46;100,7;100,42;100,62
13/03/2023 13:00;100,39;100,5;100,34;100,45
13/03/2023 12:00;100,4;100,46;100,34;100,39
13/03/2023 11:00;100,45;100,5;100,36;100,45
13/03/2023 10:00;100,36;100,45;100,17;100,45
13/03/2023 09:00;100,06;100,38;99,95;100,33
10/03/2023 17:05;100,27;100,45;100,27;100,33
10/03/2023 16:00;100,38;100,42;100,32;100,34
10/03/2023 15:00;100,31;100,45;100,3;100,39
10/03/2023 14:00;100,45;100,47;100,27;100,32
10/03/2023 13:00;100,27;100,46;100,27;100,46
10/03/2023 12:00;100,29;100,3;100,21;100,3
10/03/2023 11:00;100,22;100,37;100,19;100,26
10/03/2023 10:00;100,11;100,29;100,08;100,24
10/03/2023 09:00;100,04;100,25;99,9;100,13
09/03/2023 17:05;100,39;100,59;100,36;100,41
09/03/2023 16:00;100,56;100,57;100,3;100,4
09/03/2023 15:00;100,8;100,83;100,45;100,56
09/03/2023 14:00;101,02;101,04;100,75;100,77
09/03/2023 13:00;100,77;101,07;100,73;100,98
09/03/2023 12:00;100,81;100,94;100,62;100,81
09/03/2023 11:00;101,37;101,39;100,73;100,81
09/03/2023 10:00;100,56;101,49;100,53;101,42
09/03/2023 09:00;100,29;100,57;100,26;100,57
08/03/2023 17:05;100,27;100,31;100,13;100,16
08/03/2023 16:00;100,4;100,45;100,19;100,27
08/03/2023 15:00;100,48;100,48;100,25;100,4
08/03/2023 14:00;100,47;100,6;100,07;100,46
08/03/2023 13:00;100,55;100,59;100,46;100,52
08/03/2023 12:00;100,34;100,62;100,34;100,56
08/03/2023 11:00;100,32;100,49;100,24;100,36
08/03/2023 10:00;100,16;100,31;100,13;100,31
08/03/2023 09:00;100,33;100,45;100,1;100,14
07/03/2023 17:05;100,4;100,61;100,4;100,49
07/03/2023 16:00;100,19;100,61;100,19;100,59
07/03/2023 15:00;100,09;100,25;100,03;100,23
07/03/2023 14:00;100,19;100,19;100,04;100,1
07/03/2023 13:00;100,39;100,5;100,13;100,17
07/03/2023 12:00;100,18;100,41;100,16;100,39
07/03/2023 11:00;100,06;100,26;100,02;100,19
07/03/2023 10:00;100,01;100,08;99,99;100,07
07/03/2023 09:00;100,02;100,1;99,92;100,03
06/03/2023 17:05;100,13;100,16;100,09;100,09
06/03/2023 16:00;100,15;100,22;100,1;100,13
06/03/2023 15:00;100,1;100,17;100,06;100,15
06/03/2023 14:00;100,4;100,41;100,04;100,09
06/03/2023 13:00;100,44;100,44;100,31;100,39
06/03/2023 12:00;100,38;100,49;100,36;100,4
06/03/2023 11:00;100,33;100,4;100,19;100,38
06/03/2023 10:00;100,22;100,5;100,16;100,37
06/03/2023 09:00;100,04;100,27;100,04;100,21
03/03/2023 17:05;100,44;100,44;100,18;100,23
03/03/2023 16:00;100,32;100,38;100,25;100,32
03/03/2023 15:00;100,44;100,44;100,32;100,34
03/03/2023 14:00;100,44;100,46;100,32;100,44
03/03/2023 13:00;100,4;100,61;100,33;100,44
03/03/2023 12:00;100,48;100,79;100,32;100,39
03/03/2023 11:00;100,44;100,52;100,37;100,48
03/03/2023 10:00;100,57;100,62;100,39;100,48
03/03/2023 09:00;100,4;100,63;100,32;100,44
02/03/2023 17:05;100,32;100,32;100,21;100,32
02/03/2023 16:00;100,29;100,38;100,24;100,32
02/03/2023 15:00;100,27;100,32;99,94;100,3
02/03/2023 14:00;100,25;100,38;100,23;100,29
02/03/2023 13:00;100,08;100,26;100,04;100,22
02/03/2023 12:00;100,21;100,22;100,08;100,08
02/03/2023 11:00;100,3;100,42;100,12;100,19
02/03/2023 10:00;100,41;100,52;100,18;100,31
02/03/2023 09:00;99,93;100,44;99,89;100,44
01/03/2023 17:05;100,07;100,24;99,71;99,8
01/03/2023 16:00;100,23;100,29;99,92;100,02
01/03/2023 15:00;99,99;100,26;99,98;100,23
01/03/2023 14:00;99,89;100,06;99,81;100
01/03/2023 13:00;99,8;99,94;99,77;99,89
01/03/2023 12:00;99,76;99,8;99,65;99,79
01/03/2023 11:00;99,88;99,92;99,7;99,8
01/03/2023 10:00;100,08;100,09;99,86;99,88
01/03/2023 09:00;100,18;100,4;100,04;100,08
28/02/2023 17:05;100,42;100,72;100,39;100,72
28/02/2023 16:00;100,39;100,63;100,26;100,48
28/02/2023 15:00;100,53;100,54;100,33;100,38
28/02/2023 14:00;100,52;100,54;100,33;100,54
28/02/2023 13:00;100,65;100,69;100,46;100,54
28/02/2023 12:00;100,61;100,7;100,57;100,65
28/02/2023 11:00;100,61;100,67;100,5;100,61
28/02/2023 10:00;100,6;100,67;100,46;100,62
28/02/2023 09:00;100,78;100,9;100,55;100,59
27/02/2023 17:05;100,32;100,64;100,17;100,61
27/02/2023 16:00;100,24;100,47;100,24;100,32
27/02/2023 15:00;100,67;100,67;100,22;100,22
27/02/2023 14:00;100,75;100,78;100,65;100,67
27/02/2023 13:00;100,71;100,78;100,56;100,75
27/02/2023 12:00;100,68;100,78;100,56;100,71
27/02/2023 11:00;100,77;100,78;100,44;100,65
27/02/2023 10:00;100,94;100,94;100,71;100,77
27/02/2023 09:00;100,79;100,98;100,65;100,94
24/02/2023 17:05;101,03;101,13;100,92;100,94
24/02/2023 16:00;101,45;101,45;101,11;101,13
24/02/2023 15:00;101,41;101,47;101,37;101,45
24/02/2023 14:00;101,54;101,59;101,38;101,4
24/02/2023 13:00;101,36;101,56;101,24;101,54
24/02/2023 12:00;101,3;101,36;101,24;101,34
24/02/2023 11:00;101;101,39;101;101,26
24/02/2023 10:00;101,22;101,3;101;101,01
24/02/2023 09:00;101,36;101,7;101,08;101,18
23/02/2023 17:05;101,53;101,6;101,44;101,51
23/02/2023 16:00;101,53;101,75;101,53;101,57
23/02/2023 15:00;101,57;101,57;101,41;101,53
23/02/2023 14:00;101,82;101,82;101,49;101,56
23/02/2023 13:00;101,83;101,9;101,72;101,83
23/02/2023 12:00;101,94;101,95;101,71;101,82
23/02/2023 11:00;101,94;102,1;101,77;102,01
23/02/2023 10:00;101,7;102,01;101,62;101,97
23/02/2023 09:00;101,46;101,78;101,33;101,7
22/02/2023 17:05;101,37;101,49;101,24;101,46
22/02/2023 16:00;101,87;101,98;101,49;101,52
22/02/2023 15:00;101,78;102,1;101,7;101,99
22/02/2023 14:00;102,25;102,26;101,64;101,72
22/02/2023 13:00;101,97;102,28;101,67;102,26
17/02/2023 17:05;102,22;102,39;102,17;102,39
17/02/2023 16:00;102,18;102,38;102,14;102,37
17/02/2023 15:00;102,17;102,29;102,1;102,22
17/02/2023 14:00;102,28;102,28;101,94;102,08
17/02/2023 13:00;102,39;102,48;102,25;102,28
17/02/2023 12:00;102,4;102,51;102,28;102,39
17/02/2023 11:00;102,21;102,48;102,1;102,41
17/02/2023 10:00;102;102,28;101,89;102,1
17/02/2023 09:00;102,29;102,56;101,84;102
16/02/2023 17:05;102,14;102,3;101,99;102,2
16/02/2023 16:00;101,28;102,28;101,16;102,26
16/02/2023 15:00;100,96;101,36;100,95;101,26
16/02/2023 14:00;101,05;101,07;100,9;100,95
16/02/2023 13:00;101,39;101,4;101,03;101,07
16/02/2023 12:00;101,44;101,44;101,08;101,38
16/02/2023 11:00;101,11;101,46;101,11;101,41
16/02/2023 10:00;101,3;101,31;101,08;101,13
16/02/2023 09:00;101,41;101,44;100,92;101,32
15/02/2023 17:05;101,54;101,63;101,48;101,59
15/02/2023 16:00;101,71;101,91;101,66;101,7
15/02/2023 15:00;102,17;102,2;101,46;101,69
15/02/2023 14:00;102,06;102,22;101,91;102,21
15/02/2023 13:00;102,09;102,1;102,03;102,07
15/02/2023 12:00;101,93;102,17;101,89;102,09
15/02/2023 11:00;102,1;102,1;101,71;101,89
15/02/2023 10:00;102,15;102,31;102;102,12
15/02/2023 09:00;101,99;102,22;101,77;102,12
14/02/2023 17:05;102,28;102,35;101,86;101,99
14/02/2023 16:00;102,52;102,59;102,12;102,22
14/02/2023 15:00;102,21;102,51;102,21;102,51
14/02/2023 14:00;101,74;102,31;101,67;102,21
14/02/2023 13:00;101,93;101,93;101,64;101,7
14/02/2023 12:00;101,89;102,02;101,7;101,87
14/02/2023 11:00;101,93;102,05;101,82;101,9
14/02/2023 10:00;102,32;102,39;101,93;101,95
14/02/2023 09:00;102,61;102,71;102,31;102,33
13/02/2023 17:05;102,81;102,89;102,75;102,85
13/02/2023 16:00;102,85;102,9;102,7;102,83
13/02/2023 15:00;102,62;102,96;102,61;102,85
13/02/2023 14:00;102,66;102,68;102,52;102,59
13/02/2023 13:00;102,66;102,68;102,59;102,66
13/02/2023 12:00;102,45;102,68;102,41;102,63
13/02/2023 11:00;102,6;102,66;102,39;102,45
13/02/2023 10:00;102,55;102,68;102,49;102,59
13/02/2023 09:00;102,21;102,93;102,16;102,55
10/02/2023 17:05;102,38;102,49;102,33;102,36
10/02/2023 16:00;101,93;102,38;101,93;102,38
10/02/2023 15:00;102,08;102,22;101,77;101,91
10/02/2023 14:00;102,25;102,33;102;102,08
10/02/2023 13:00;101,68;102,26;101,61;102,21
10/02/2023 12:00;101,57;101,74;101,46;101,69
10/02/2023 11:00;101,4;101,59;101,16;101,56
10/02/2023 10:00;101,54;101,57;101,32;101,4
10/02/2023 09:00;101,3;101,78;101,3;101,53
09/02/2023 17:05;100,64;100,83;100,41;100,77
09/02/2023 16:00;100,6;100,61;100,52;100,61
09/02/2023 15:00;100,5;100,67;100,45;100,59
09/02/2023 14:00;100,63;100,67;100,52;100,56
09/02/2023 13:00;100,71;100,88;100,49;100,62
09/02/2023 12:00;100,54;100,82;100,54;100,72
09/02/2023 11:00;100,41;100,61;100,29;100,54
09/02/2023 10:00;100,52;100,59;100,37;100,44
09/02/2023 09:00;100,36;100,67;100,09;100,54
08/02/2023 17:05;100,59;100,65;100,29;100,32
08/02/2023 16:00;100,33;100,61;100,3;100,46
08/02/2023 15:00;100,67;100,67;100,29;100,36
08/02/2023 14:00;100,82;100,88;100,5;100,63
08/02/2023 13:00;101,01;101,17;100,73;100,82
08/02/2023 12:00;100,44;101,31;100,44;101,03
08/02/2023 11:00;100,49;100,59;100,41;100,47
08/02/2023 10:00;100,36;100,49;100,29;100,45
08/02/2023 09:00;100,63;100,67;100,32;100,38
07/02/2023 17:05;100,9;100,95;100,78;100,9
07/02/2023 16:00;101;101,13;100,92;100,95
07/02/2023 15:00;100,95;101,18;100,84;101
07/02/2023 14:00;101,25;101,31;100,88;101,01
07/02/2023 13:00;101,38;101,4;101,24;101,26
07/02/2023 12:00;101,47;101,52;101,38;101,4
07/02/2023 11:00;101,49;101,56;101,38;101,47
07/02/2023 10:00;101,47;101,74;101,42;101,51
07/02/2023 09:00;101,97;102,14;101,47;101,47
06/02/2023 17:05;101,99;102,09;101,82;101,97
06/02/2023 16:00;101,89;102,1;101,84;102,05
06/02/2023 15:00;101,82;101,93;101,75;101,89
06/02/2023 14:00;101,76;101,93;101,76;101,83
06/02/2023 13:00;101,83;101,87;101,7;101,82
06/02/2023 12:00;101,93;101,97;101,82;101,83
06/02/2023 11:00;101,83;101,94;101,8;101,92
06/02/2023 10:00;101,76;101,97;101,75;101,84
06/02/2023 09:00;102,05;102,32;101,64;101,76
03/02/2023 17:05;102,14;102,45;102,1;102,28
03/02/2023 16:00;102,12;102,22;102,02;102,08
03/02/2023 15:00;102,4;102,56;102;102,12
03/02/2023 14:00;102,22;102,61;102,18;102,39
03/02/2023 13:00;102,17;102,31;102,16;102,21
03/02/2023 12:00;102,21;102,26;102,07;102,2
03/02/2023 11:00;102,02;102,43;101,89;102,21
03/02/2023 10:00;101,75;102,09;101,64;102,02
03/02/2023 09:00;101,56;102,01;101,4;101,77
02/02/2023 17:05;102,06;102,2;101,95;102,18
02/02/2023 16:00;102,72;102,74;102,1;102,21
02/02/2023 15:00;102,23;102,74;102,2;102,74
02/02/2023 14:00;102,1;102,28;102,06;102,26
02/02/2023 13:00;102,21;102,26;102,06;102,16
02/02/2023 12:00;102,23;102,26;102;102,22
02/02/2023 11:00;102,28;102,36;101,97;102,22
02/02/2023 10:00;102,77;102,82;102,21;102,22
02/02/2023 09:00;103,39;103,6;102,64;102,84
01/02/2023 17:05;103,2;103,25;103,15;103,19
01/02/2023 16:00;102,78;103,2;102,76;103,19
01/02/2023 15:00;102,78;102,82;102,62;102,77
01/02/2023 14:00;102,54;102,85;102,53;102,76
01/02/2023 13:00;102,83;102,85;102,53;102,54
01/02/2023 12:00;102,7;102,86;102,68;102,85
01/02/2023 11:00;102,76;102,91;102,62;102,7
01/02/2023 10:00;102,67;102,85;102,51;102,74
01/02/2023 09:00;102,25;102,66;102,06;102,62
31/01/2023 17:05;102,28;102,35;102,1;102,15
31/01/2023 16:00;102,33;102,56;102,23;102,29
31/01/2023 15:00;102,43;102,48;101,95;102,35
31/01/2023 14:00;102,03;102,51;101,93;102,4
31/01/2023 13:00;102,87;102,87;101,89;101,99
31/01/2023 12:00;102,85;102,97;102,74;102,89
31/01/2023 11:00;102,78;102,87;102,56;102,85
31/01/2023 10:00;102,83;102,94;102,72;102,81
31/01/2023 09:00;102,52;103,19;102,52;102,79
30/01/2023 17:05;102,28;102,61;102;102,49
30/01/2023 16:00;102,23;102,33;102,17;102,31
30/01/2023 15:00;102,2;102,37;102,1;102,23
30/01/2023 14:00;102,03;102,39;102,03;102,2
30/01/2023 13:00;101,34;102,09;101,33;101,99
30/01/2023 12:00;101,26;101,36;101,23;101,34
30/01/2023 11:00;101,33;101,41;101,07;101,29
30/01/2023 10:00;101,17;101,47;101,17;101,33
30/01/2023 09:00;100,98;101,56;100,91;101,13
27/01/2023 17:05;101,07;101,07;100,91;101,01
27/01/2023 16:00;100,93;101,13;100,92;101,07
27/01/2023 15:00;100,9;100,99;100,84;100,86
27/01/2023 14:00;101,26;101,26;100,76;100,9
27/01/2023 13:00;101,4;101,47;101,24;101,28
27/01/2023 12:00;101,66;101,67;101,31;101,45
27/01/2023 11:00;101,7;101,76;101,66;101,67
27/01/2023 10:00;101,76;101,8;101,64;101,71
27/01/2023 09:00;101,7;101,92;101,59;101,77
26/01/2023 17:05;102,23;102,23;102,05;102,1
26/01/2023 16:00;102,32;102,35;102,16;102,22
26/01/2023 15:00;102,23;102,36;102,16;102,3
26/01/2023 14:00;102,26;102,28;102,16;102,23
26/01/2023 13:00;102,31;102,48;102,21;102,31
26/01/2023 12:00;102,06;102,41;101,94;102,29
26/01/2023 11:00;102,1;102,21;102,05;102,08
26/01/2023 10:00;102,43;102,45;102,02;102,1
26/01/2023 09:00;102,77;102,77;102,39;102,41
25/01/2023 17:05;102,51;102,6;102,51;102,55
25/01/2023 16:00;102,54;102,62;102,51;102,51
25/01/2023 15:00;102,43;102,63;102,39;102,54
25/01/2023 14:00;102,43;102,56;102,39;102,45
25/01/2023 13:00;102,6;102,67;102,39;102,44
25/01/2023 12:00;102,77;102,78;102,59;102,6
25/01/2023 11:00;102,91;103,17;102,75;102,76
25/01/2023 10:00;103,01;103,06;102,91;102,91
25/01/2023 09:00;102,97;103,12;102,77;103,01
24/01/2023 17:05;103,29;103,31;102,98;103,14
24/01/2023 16:00;103,27;103,37;103,22;103,29
24/01/2023 15:00;103,24;103,32;103,2;103,25
24/01/2023 14:00;103,09;103,24;103,08;103,21
24/01/2023 13:00;103,22;103,22;103,02;103,08
24/01/2023 12:00;103,27;103,37;103,2;103,2
24/01/2023 11:00;103,47;103,47;103,25;103,28
24/01/2023 10:00;103,55;103,56;103,44;103,48
24/01/2023 09:00;103,77;103,97;103,44;103,54
23/01/2023 17:05;103,65;103,82;103,63;103,73
23/01/2023 16:00;103,36;103,67;103,31;103,66
23/01/2023 15:00;103,27;103,36;103,27;103,36
23/01/2023 14:00;103,32;103,37;103,25;103,31
23/01/2023 13:00;103,27;103,37;103,23;103,36
23/01/2023 12:00;103,4;103,54;103,21;103,27
23/01/2023 11:00;103,89;103,9;103,39;103,4
23/01/2023 10:00;103,81;103,94;103,81;103,89
23/01/2023 09:00;104,12;104,35;103,77;103,78
20/01/2023 17:05;104,12;104,15;104;104
20/01/2023 16:00;104,03;104,12;103,94;104,12
20/01/2023 15:00;104,09;104,13;103,93;104,04
20/01/2023 14:00;104,26;104,29;104,06;104,09
20/01/2023 13:00;104,39;104,39;104,23;104,24
20/01/2023 12:00;104,2;104,46;104,17;104,36
20/01/2023 11:00;104,23;104,3;104,14;104,17
20/01/2023 10:00;104,43;104,44;104,12;104,23
20/01/2023 09:00;104,06;104,63;103,82;104,43
19/01/2023 17:05;104,26;104,57;104,23;104,3
19/01/2023 16:00;104,55;104,59;104,36;104,4
19/01/2023 15:00;104,58;104,63;104,47;104,55
19/01/2023 14:00;104,76;104,77;104,47;104,6
19/01/2023 13:00;105,01;105,21;104,75;104,75
19/01/2023 12:00;105,03;105,08;104,92;104,99
19/01/2023 11:00;104,92;105,14;104,9;105,04
19/01/2023 10:00;104,92;104,96;104,6;104,91
19/01/2023 09:00;105,03;105,12;104,7;104,91
18/01/2023 17:05;105,29;105,38;105,26;105,28
18/01/2023 16:00;105,38;105,46;105,23;105,36
18/01/2023 15:00;105,35;105,41;105,23;105,39
18/01/2023 14:00;105,24;105,46;105,21;105,33
18/01/2023 13:00;105,07;105,28;104,98;105,24
18/01/2023 12:00;105,19;105,21;105;105,07
18/01/2023 11:00;105,09;105,35;105,05;105,18
18/01/2023 10:00;105,38;105,5;104,92;105,09
18/01/2023 09:00;105,75;105,79;105,34;105,38
17/01/2023 17:05;105,64;105,9;105,64;105,73
17/01/2023 16:00;105,73;105,84;105,64;105,7
17/01/2023 15:00;105,59;105,85;105,51;105,69
17/01/2023 14:00;105,8;105,89;105,52;105,56
17/01/2023 13:00;105,91;105,91;105,79;105,8
17/01/2023 12:00;105,88;106,02;105,84;105,91
17/01/2023 11:00;105,81;105,93;105,73;105,85
17/01/2023 10:00;105,85;105,93;105,73;105,77
17/01/2023 09:00;106,05;106,2;105,84;105,85
16/01/2023 17:05;106,53;106,74;106,25;106,33
16/01/2023 16:00;106,42;106,52;106,26;106,48
16/01/2023 15:00;106,23;106,6;106,2;106,42
16/01/2023 14:00;106,45;106,52;106,16;106,26
16/01/2023 13:00;106,03;106,76;105,98;106,42
16/01/2023 12:00;105,93;106,1;105,9;105,99
16/01/2023 11:00;105,84;105,93;105,77;105,93
16/01/2023 10:00;105,97;106,03;105,65;105,87
16/01/2023 09:00;105,77;106,15;105,62;105,89
13/01/2023 17:05;105,9;106,07;105,85;105,96
13/01/2023 16:00;106,07;106,25;105,99;106,02
13/01/2023 15:00;106,16;106,19;105,89;106,07
13/01/2023 14:00;106,03;106,19;105,97;106,16
13/01/2023 13:00;106,11;106,25;105,93;106,03
13/01/2023 12:00;105,92;106,14;105,84;106,07
13/01/2023 11:00;105,85;105,98;105,65;105,88
13/01/2023 10:00;106,13;106,16;105,73;105,84
13/01/2023 09:00;106,02;106,31;106,02;106,14
12/01/2023 17:05;106,42;106,54;106,21;106,25
12/01/2023 16:00;106,39;106,48;106,3;106,42
12/01/2023 15:00;106,52;106,59;106,25;106,36
12/01/2023 14:00;105,9;106,53;105,9;106,52
12/01/2023 13:00;106,19;106,38;105,89;105,9
12/01/2023 12:00;106,13;106,27;106,06;106,22
12/01/2023 11:00;106,07;106,28;105,89;106,13
12/01/2023 10:00;106,72;106,86;106;106,08
12/01/2023 09:00;105,92;106,74;105,8;106,71
11/01/2023 17:05;106,02;106,12;105,85;105,97
11/01/2023 16:00;106,08;106,14;105,97;106,02
11/01/2023 15:00;106,03;106,21;105,96;106,08
11/01/2023 14:00;106,08;106,19;105,96;106,02
11/01/2023 13:00;106,14;106,28;106,07;106,07
11/01/2023 12:00;106,21;106,41;106,07;106,13
11/01/2023 11:00;106,65;106,69;106,14;106,21
11/01/2023 10:00;106,64;106,69;106,49;106,67
11/01/2023 09:00;106,82;106,86;106,35;106,65
10/01/2023 17:05;106,67;106,83;106,61;106,68
10/01/2023 16:00;106,89;106,98;106,67;106,67
10/01/2023 15:00;106,76;106,88;106,69;106,86
10/01/2023 14:00;106,72;106,99;106,6;106,79
10/01/2023 13:00;106,49;106,73;106,49;106,73
10/01/2023 12:00;106,67;106,83;106,43;106,49
10/01/2023 11:00;106,64;106,91;106,54;106,71
10/01/2023 10:00;107,13;107,21;106,59;106,63
10/01/2023 09:00;106,66;107,59;106,64;107,11
09/01/2023 17:05;106,76;107,45;106,76;107,45
09/01/2023 16:00;106,72;106,86;106,51;106,86
09/01/2023 15:00;106,89;106,94;106,53;106,71
09/01/2023 14:00;106,84;106,94;106,56;106,86
09/01/2023 13:00;106,28;106,88;106,27;106,87
09/01/2023 12:00;106,18;106,3;106,15;106,28
09/01/2023 11:00;106;106,16;105,89;106,16
09/01/2023 10:00;105,72;105,99;105,66;105,99
09/01/2023 09:00;105,47;105,84;105,22;105,74
06/01/2023 17:05;105,37;105,64;105,33;105,33
06/01/2023 16:00;105,46;105,49;105,22;105,28
06/01/2023 15:00;105,22;105,5;105,11;105,44
06/01/2023 14:00;105,35;105,43;105,2;105,23
06/01/2023 13:00;105,62;105,65;105,31;105,33
06/01/2023 12:00;105,79;105,82;105,5;105,6
06/01/2023 11:00;105,67;105,93;105,6;105,76
06/01/2023 10:00;105,79;105,9;105,57;105,66
06/01/2023 09:00;106,04;106,13;105,73;105,73
05/01/2023 17:05;105,45;105,45;105,33;105,39
05/01/2023 16:00;105,56;105,62;105,44;105,51
05/01/2023 15:00;105,56;105,68;105,44;105,57
05/01/2023 14:00;105,55;105,57;105,33;105,56
05/01/2023 13:00;105,29;105,61;105,28;105,53
05/01/2023 12:00;105,46;105,55;105,27;105,3
05/01/2023 11:00;105,49;105,52;105,45;105,45
05/01/2023 10:00;105,53;105,61;105,49;105,52
05/01/2023 09:00;106,02;106,02;105,45;105,58
04/01/2023 17:05;105,97;106;105,75;105,94
04/01/2023 16:00;105,88;106,05;105,73;105,97
04/01/2023 15:00;105,98;106,11;105,88;105,93
04/01/2023 14:00;105,71;106,03;105,67;105,97
04/01/2023 13:00;105,45;105,75;105,41;105,69
04/01/2023 12:00;105,49;105,56;105,38;105,46
04/01/2023 11:00;105,74;105,74;105,45;105,49
04/01/2023 10:00;105,55;105,81;105,47;105,76
04/01/2023 09:00;105,81;106,08;105,51;105,56
03/01/2023 17:05;106,11;106,15;106,08;106,08
03/01/2023 16:00;106,23;106,28;105,96;106,06
03/01/2023 15:00;106;106,35;105,97;106,23
03/01/2023 14:00;105,74;106,05;105,71;106,04
03/01/2023 13:00;105,97;106;105,55;105,7
03/01/2023 12:00;106,44;106,44;105,93;105,99
03/01/2023 11:00;106,41;106,53;106,34;106,41
03/01/2023 10:00;106,32;106,52;106,29;106,45
03/01/2023 09:00;107,17;107,27;106,33;106,33
02/01/2023 17:05;107,03;107,14;106,91;106,99
02/01/2023 16:00;107,28;107,38;107,08;107,09
02/01/2023 15:00;107,49;107,65;107,26;107,28
02/01/2023 14:00;107,51;107,55;107,43;107,49
02/01/2023 13:00;107,55;107,62;107,5;107,5
02/01/2023 12:00;107,62;107,68;107,46;107,55
02/01/2023 11:00;107,59;107,69;107,39;107,59
02/01/2023 10:00;107,65;107,7;107,57;107,64
02/01/2023 09:00;107,85;108,1;107,5;107,62
29/12/2022 17:05;108,17;108,34;108,14;108,14
29/12/2022 16:00;107,79;108,59;107,76;108,38
29/12/2022 15:00;107,74;107,86;107,7;107,81
29/12/2022 14:00;107,56;107,82;107,49;107,8
29/12/2022 13:00;107,35;107,56;107,28;107,52
29/12/2022 12:00;107,38;107,44;107,27;107,35
29/12/2022 11:00;107,26;107,59;107,22;107,32
29/12/2022 10:00;107,2;107,4;107,03;107,17
29/12/2022 09:00;107,5;107,56;107,05;107,21
28/12/2022 17:05;107,55;107,8;107,5;107,76
28/12/2022 16:00;107,5;107,85;107,45;107,8
28/12/2022 15:00;107,62;107,75;107,37;107,49
28/12/2022 14:00;107,58;107,65;107,51;107,62
28/12/2022 13:00;107,56;107,56;107,4;107,56
28/12/2022 12:00;107,63;107,67;107,4;107,53
28/12/2022 11:00;107,45;107,86;107,34;107,64
28/12/2022 10:00;106,88;107,47;106,88;107,46
28/12/2022 09:00;106,4;107,02;106,35;106,9
27/12/2022 17:05;106,63;106,63;106,41;106,49
27/12/2022 16:00;106,15;106,41;106,15;106,4
27/12/2022 15:00;106,14;106,17;106,08;106,15
27/12/2022 14:00;106,22;106,23;106,1;106,15
27/12/2022 13:00;106,23;106,28;106,17;106,22
27/12/2022 12:00;106,2;106,26;106,05;106,21
27/12/2022 11:00;106,29;106,32;106,15;106,21
27/12/2022 10:00;106,24;106,33;106,03;106,28
27/12/2022 09:00;105,87;106,34;105,76;106,28
26/12/2022 17:05;105,94;106,02;105,86;105,98
26/12/2022 16:00;106,08;106,17;105,91;105,98
26/12/2022 15:00;106,15;106,15;106,05;106,05
26/12/2022 14:00;106,16;106,16;106,14;106,14
26/12/2022 13:00;106,1;106,17;106,1;106,17
26/12/2022 12:00;106,17;106,17;106,05;106,1
26/12/2022 11:00;106,1;106,17;106,1;106,17
26/12/2022 10:00;106,17;106,17;106,11;106,11
26/12/2022 09:00;106,05;106,21;105,99;106,17
23/12/2022 17:05;106,09;106,22;106,06;106,15
23/12/2022 16:00;106,08;106,4;105,86;106,23
23/12/2022 15:00;106,05;106,09;105,91;106,05
23/12/2022 14:00;106,09;106,17;106,04;106,08
23/12/2022 13:00;105,96;106,17;105,92;106,11
23/12/2022 12:00;105,93;105,98;105,86;105,94
23/12/2022 11:00;106,08;106,17;105,88;105,92
23/12/2022 10:00;106,02;106,14;105,98;106,06
23/12/2022 09:00;105,97;106,1;105,86;106,03
22/12/2022 17:05;106,16;106,3;106,05;106,12
22/12/2022 16:00;105,83;106,23;105,8;106,23
22/12/2022 15:00;105,8;105,87;105,73;105,86
22/12/2022 14:00;105,89;106,02;105,75;105,79
22/12/2022 13:00;105,89;106,04;105,85;105,93
22/12/2022 12:00;105,96;105,99;105,83;105,87
22/12/2022 11:00;106,04;106,09;105,8;105,93
22/12/2022 10:00;105,96;106,09;105,94;106,03
22/12/2022 09:00;106,02;106,16;105,88;105,97
21/12/2022 17:05;106,18;106,32;106,09;106,23
21/12/2022 16:00;105,91;106,22;105,87;106,17
21/12/2022 15:00;105,85;105,93;105,75;105,93
21/12/2022 14:00;105,87;105,92;105,7;105,85
21/12/2022 13:00;105,71;105,92;105,7;105,87
21/12/2022 12:00;105,67;105,79;105,57;105,71
21/12/2022 11:00;105,69;105,76;105,63;105,68
21/12/2022 10:00;105,87;105,93;105,62;105,65
21/12/2022 09:00;105,89;106,05;105,7;105,88
20/12/2022 17:05;106,05;106,09;105,94;105,99
20/12/2022 16:00;105,67;106,11;105,63;106,05
20/12/2022 15:00;105,85;105,99;105,63;105,65
20/12/2022 14:00;105,56;105,82;105,52;105,82
20/12/2022 13:00;105,65;105,75;105,56;105,62
20/12/2022 12:00;105,49;105,68;105,45;105,63
20/12/2022 11:00;105,7;105,75;105,45;105,47
20/12/2022 10:00;105,88;105,93;105,64;105,71
20/12/2022 09:00;105,7;106,34;105,7;105,88
19/12/2022 17:05;106,1;106,45;106,05;106,12
19/12/2022 16:00;105,93;106,21;105,81;106,03
19/12/2022 15:00;105,93;105,99;105,51;105,94
19/12/2022 14:00;105,89;106;105,81;105,88
19/12/2022 13:00;105,97;106,22;105,83;105,86
19/12/2022 12:00;106,06;106,11;105,92;105,98
19/12/2022 11:00;106,33;106,33;105,96;106,05
19/12/2022 10:00;106,41;106,49;106,24;106,34
19/12/2022 09:00;106,05;106,64;106,05;106,41
16/12/2022 17:05;106,16;106,24;106,05;106,21
16/12/2022 16:00;105,99;106,15;105,93;106,11
16/12/2022 15:00;105,92;106,16;105,71;105,93
16/12/2022 14:00;105,93;105,93;105,87;105,93
16/12/2022 13:00;105,99;106,03;105,85;105,91
16/12/2022 12:00;105,99;106,03;105,93;105,98
16/12/2022 11:00;106;106,05;105,93;105,99
16/12/2022 10:00;105,98;106,05;105,88;105,99
16/12/2022 09:00;105,79;106,05;105,69;105,98
15/12/2022 17:05;105,94;105,94;105,77;105,87
15/12/2022 16:00;105,93;105,99;105,88;105,92
15/12/2022 15:00;105,88;105,97;105,87;105,93
15/12/2022 14:00;105,91;105,97;105,82;105,89
15/12/2022 13:00;105,89;105,99;105,81;105,91
15/12/2022 12:00;105,89;106,04;105,87;105,89
15/12/2022 11:00;105,89;106;105,74;105,86
15/12/2022 10:00;105,64;105,93;105,64;105,88
15/12/2022 09:00;105,92;106,02;105,61;105,64
14/12/2022 17:05;106,02;106,05;105,83;105,93
14/12/2022 16:00;105,93;106,04;105,82;106,04
14/12/2022 15:00;105,69;105,99;105,69;105,93
14/12/2022 14:00;105,69;105,71;105,57;105,68
14/12/2022 13:00;105,61;105,79;105,52;105,68
14/12/2022 12:00;105,75;105,87;105,49;105,59
14/12/2022 11:00;105,63;105,79;105,59;105,75
14/12/2022 10:00;105,51;105,62;105,27;105,62
14/12/2022 09:00;105,69;105,97;105,5;105,51
13/12/2022 17:05;105,68;106,02;105,68;106,02
13/12/2022 16:00;105,55;105,81;105,46;105,79
13/12/2022 15:00;105,58;105,67;105,46;105,53
13/12/2022 14:00;105,81;105,82;105,52;105,58
13/12/2022 13:00;105,8;105,89;105,71;105,83
13/12/2022 12:00;105,69;105,8;105,61;105,76
13/12/2022 11:00;105,69;105,85;105,58;105,7
13/12/2022 10:00;105,87;105,92;105,45;105,69
13/12/2022 09:00;106,15;106,22;105,58;105,87
12/12/2022 17:05;106,17;106,23;105,83;105,86
12/12/2022 16:00;106,06;106,34;106,03;106,16
12/12/2022 15:00;106,29;106,35;105,99;106,08
12/12/2022 14:00;106,16;106,3;106,1;106,29
12/12/2022 13:00;106,08;106,17;106,02;106,15
12/12/2022 12:00;105,93;106,23;105,92;106,12
12/12/2022 11:00;105,96;105,98;105,83;105,91
12/12/2022 10:00;105,69;105,99;105,69;105,94
12/12/2022 09:00;105,69;105,88;105,58;105,68
09/12/2022 17:05;105,45;105,62;105,3;105,62
09/12/2022 16:00;105,56;105,64;105,45;105,45
09/12/2022 15:00;105,34;105,62;105,1;105,56
09/12/2022 14:00;105,69;105,74;105,21;105,35
09/12/2022 13:00;105,53;105,56;105,47;105,56
09/12/2022 12:00;105,63;105,69;105,5;105,57
09/12/2022 11:00;105,75;105,81;105,45;105,58
09/12/2022 10:00;105,63;106,05;105,62;105,81
09/12/2022 09:00;105,57;105,81;105,23;105,62
08/12/2022 17:05;105,49;105,74;105,4;105,65
08/12/2022 16:00;105,36;105,57;105,3;105,57
08/12/2022 15:00;105,02;105,36;104,97;105,35
08/12/2022 14:00;104,99;105,1;104,81;105,02
08/12/2022 13:00;104,85;105,03;104,74;104,98
08/12/2022 12:00;104,93;105,18;104,85;104,87
08/12/2022 11:00;105,34;105,45;104,93;104,93
08/12/2022 10:00;105,32;105,41;105,22;105,34
08/12/2022 09:00;105,21;105,45;105,05;105,34
07/12/2022 17:05;104,99;105,21;104,91;105,21
07/12/2022 16:00;105,08;105,26;104,85;105,21
07/12/2022 15:00;105,27;105,33;104,95;105,06
07/12/2022 14:00;105,46;105,51;105,14;105,24
07/12/2022 13:00;105,33;105,47;105,27;105,45
07/12/2022 12:00;105,09;105,57;105,05;105,32
07/12/2022 11:00;104,85;105,27;104,79;105,09
07/12/2022 10:00;105,22;105,4;104,73;104,85
07/12/2022 09:00;105,69;105,88;105,05;105,26
06/12/2022 17:05;105,42;106,04;105,27;105,45
06/12/2022 16:00;104,91;105,57;104,91;105,45
06/12/2022 15:00;104,61;104,89;104,46;104,89
06/12/2022 14:00;104,63;104,7;104,51;104,64
06/12/2022 13:00;104,75;104,82;104,53;104,64
06/12/2022 12:00;104,82;104,87;104,67;104,76
06/12/2022 11:00;104,73;105,02;104,73;104,83
06/12/2022 10:00;104,89;104,91;104,61;104,79
06/12/2022 09:00;104,93;105,4;104,73;104,87
05/12/2022 17:05;105,29;105,3;105,06;105,21
05/12/2022 16:00;105,1;105,18;105,08;105,15
05/12/2022 15:00;105,11;105,21;104,99;105,09
05/12/2022 14:00;105,56;105,57;105,11;105,15
05/12/2022 13:00;105,52;105,64;105,46;105,57
05/12/2022 12:00;105,51;105,69;105,39;105,5
05/12/2022 11:00;105,42;105,55;105,26;105,47
05/12/2022 10:00;105,45;105,61;105,33;105,39
05/12/2022 09:00;105,08;105,52;104,94;105,45
02/12/2022 17:05;105,27;105,3;105;105,24
02/12/2022 16:00;105,42;105,47;105,21;105,22
02/12/2022 15:00;105,82;105,82;105,06;105,35
02/12/2022 14:00;105,87;105,99;105,81;105,86
02/12/2022 13:00;105,98;106,17;105,83;105,87
02/12/2022 12:00;105,86;106,04;105,81;105,96
02/12/2022 11:00;105,86;106,17;105,58;105,87
02/12/2022 10:00;105,67;106,47;105,63;105,86
02/12/2022 09:00;105,94;106,15;105,55;105,64
01/12/2022 17:05;106,64;106,76;106,17;106,17
01/12/2022 16:00;106,15;106,79;106,11;106,53
01/12/2022 15:00;105,61;106,21;105,51;106,17
01/12/2022 14:00;105,49;105,63;105,35;105,57
01/12/2022 13:00;105,85;105,85;105,32;105,46
01/12/2022 12:00;105,92;105,93;105,69;105,87
01/12/2022 11:00;106,16;106,22;105,75;105,88
01/12/2022 10:00;106,53;106,61;106,11;106,11
01/12/2022 09:00;106,8;106,96;106,33;106,55
30/11/2022 17:05;106,44;106,77;106,38;106,67
30/11/2022 16:00;106,5;106,65;106,49;106,61
30/11/2022 15:00;107,2;107,26;106,41;106,51
30/11/2022 14:00;106,7;107,2;106,61;107,2
30/11/2022 13:00;106,28;106,75;106,23;106,71
30/11/2022 12:00;106,26;106,4;106,11;106,28
30/11/2022 11:00;106,51;106,53;106,06;106,24
30/11/2022 10:00;106,73;106,77;106,47;106,55
30/11/2022 09:00;106,05;106,83;105,88;106,76
29/11/2022 17:05;106,65;106,65;106,29;106,41
29/11/2022 16:00;107,03;107,05;106,65;106,65
29/11/2022 15:00;106,9;107,3;106,77;107,08
29/11/2022 14:00;106,9;107,11;106,68;106,85
29/11/2022 13:00;107,5;107,56;106,14;106,9
29/11/2022 12:00;107,67;107,73;107,38;107,44
29/11/2022 11:00;107,75;107,97;107,5;107,67
29/11/2022 10:00;107,81;107,91;107,62;107,75
29/11/2022 09:00;108,91;108,91;107,75;107,81
28/11/2022 17:05;108,53;108,69;108,31;108,52
28/11/2022 16:00;108,38;108,76;108,35;108,76
28/11/2022 15:00;108,11;108,61;108,04;108,43
28/11/2022 14:00;107,88;108,28;107,8;108,15
28/11/2022 13:00;107,86;107,92;107,68;107,85
28/11/2022 12:00;107,65;107,97;107,61;107,84
28/11/2022 11:00;107,44;107,67;107,44;107,64
28/11/2022 10:00;107,64;107,64;107,27;107,39
28/11/2022 09:00;108,23;108,45;107,34;107,65
25/11/2022 17:05;108,78;108,93;108,71;108,82
25/11/2022 16:00;108,84;109,16;108,82;108,88
25/11/2022 15:00;109;109;108,61;108,84
25/11/2022 14:00;109,29;109,35;108,86;108,99
25/11/2022 13:00;109,2;109,29;109,14;109,27
25/11/2022 12:00;109,27;109,35;109,12;109,23
25/11/2022 11:00;109,15;109,43;109,09;109,27
25/11/2022 10:00;109,08;109,15;108,97;109,12
25/11/2022 09:00;108,58;109,16;108,44;109,12
24/11/2022 17:05;108,68;108,91;108,34;108,47
24/11/2022 16:00;108,55;108,76;108,4;108,75
24/11/2022 15:00;108,47;108,53;108,28;108,53
24/11/2022 14:00;108,39;108,67;108,33;108,47
24/11/2022 13:00;108,37;108,55;108,37;108,39
24/11/2022 12:00;108,43;108,44;108,28;108,35
24/11/2022 11:00;108,46;108,51;108,33;108,4
24/11/2022 10:00;108,41;108,61;108,37;108,46
24/11/2022 09:00;108,28;108,69;107,93;108,41
23/11/2022 17:05;108,1;108,4;108,08;108,28
23/11/2022 16:00;107,92;108,22;107,86;108,17
23/11/2022 15:00;107,75;108,09;107,59;107,92
23/11/2022 14:00;107,81;107,84;107,63;107,74
23/11/2022 13:00;107,74;107,85;107,69;107,79
23/11/2022 12:00;107,86;107,88;107,52;107,74
23/11/2022 11:00;107,67;107,9;107,56;107,86
23/11/2022 10:00;107,65;107,73;107,33;107,68
23/11/2022 09:00;107,85;108,08;107,58;107,62
22/11/2022 17:05;107,85;107,98;107,8;107,87
22/11/2022 16:00;107,73;107,96;107,5;107,85
22/11/2022 15:00;107,73;107,8;107,38;107,68
22/11/2022 14:00;107,86;107,94;107,68;107,79
22/11/2022 13:00;107,68;107,88;107,53;107,86
22/11/2022 12:00;107,68;107,73;107,5;107,62
22/11/2022 11:00;107,86;107,86;107,65;107,68
22/11/2022 10:00;107,41;108,1;107,37;107,86
22/11/2022 09:00;107,03;107,52;106,8;107,38
21/11/2022 17:05;106,79;107,02;106,68;107
21/11/2022 16:00;106,94;107,06;106,79;106,9
21/11/2022 15:00;107,08;107,1;106,83;106,93
21/11/2022 14:00;107,56;107,56;106,83;107,1
21/11/2022 13:00;107,79;107,79;107,53;107,58
21/11/2022 12:00;107,65;107,86;107,53;107,8
21/11/2022 11:00;107,64;107,79;107,37;107,68
21/11/2022 10:00;107,51;107,7;107,35;107,64
21/11/2022 09:00;107,62;108;106,99;107,45
18/11/2022 17:05;107,68;107,74;107,52;107,61
18/11/2022 16:00;107,74;107,76;107,34;107,44
18/11/2022 15:00;106,96;107,8;106,96;107,71
18/11/2022 14:00;106,77;107,08;106,7;106,96
18/11/2022 13:00;106,51;106,9;106,46;106,8
18/11/2022 12:00;106,57;106,76;106,46;106,47
18/11/2022 11:00;105,94;106,8;105,88;106,57
18/11/2022 10:00;105,7;106,05;105,58;105,93
18/11/2022 09:00;106,21;106,34;105,57;105,7
17/11/2022 17:05;106,16;106,16;105,86;105,93
17/11/2022 16:00;105,63;106,17;105,63;105,94
17/11/2022 15:00;105,67;105,75;105,51;105,67
17/11/2022 14:00;105,44;105,68;105,2;105,65
17/11/2022 13:00;105,39;105,49;105,35;105,45
17/11/2022 12:00;105,26;105,41;105,15;105,41
17/11/2022 11:00;105,09;105,77;105,06;105,26
17/11/2022 10:00;105,12;105,3;105,06;105,09
17/11/2022 09:00;104,77;105,59;104,73;105,09
16/11/2022 17:05;105,09;105,11;104,98;105,08
16/11/2022 16:00;104,97;105,14;104,87;105,09
16/11/2022 15:00;104,69;105,08;104,65;104,97
16/11/2022 14:00;104,73;104,8;104,61;104,69
16/11/2022 13:00;104,62;104,81;104,61;104,74
16/11/2022 12:00;104,46;104,73;104,44;104,63
16/11/2022 11:00;104,29;104,55;104,26;104,44
16/11/2022 10:00;104,36;104,36;104,09;104,29
16/11/2022 09:00;104,24;104,69;104,24;104,4
14/11/2022 17:05;104,59;104,61;104,39;104,58
14/11/2022 16:00;104,67;104,67;104,36;104,46
14/11/2022 15:00;104,67;104,75;104,24;104,65
14/11/2022 14:00;104,89;104,94;104,61;104,68
14/11/2022 13:00;104,74;104,91;104,57;104,86
14/11/2022 12:00;104,82;104,91;104,73;104,75
14/11/2022 11:00;104,28;104,99;104,06;104,88
14/11/2022 10:00;104;104,33;104;104,29
14/11/2022 09:00;104,53;104,91;103,74;104,08
11/11/2022 17:05;105,05;105,24;104,85;104,95
11/11/2022 16:00;105,21;105,34;105,03;105,03
11/11/2022 15:00;104,75;105,36;104,73;105,21
11/11/2022 14:00;104,67;104,86;104,61;104,77
11/11/2022 13:00;104,86;104,97;104,64;104,67
11/11/2022 12:00;105,05;105,08;104,5;104,83
11/11/2022 11:00;104,86;105,3;104,85;105,06
11/11/2022 10:00;106,15;106,17;104,63;104,85
11/11/2022 09:00;106,53;106,62;106,11;106,11
10/11/2022 17:05;106,35;106,49;106,29;106,29
10/11/2022 16:00;106,23;106,29;106,16;106,29
10/11/2022 15:00;106,38;106,38;106,17;106,22
10/11/2022 14:00;106,39;106,44;106,33;106,42
10/11/2022 13:00;106,4;106,47;106,23;106,39
10/11/2022 12:00;106,23;106,43;106,23;106,39
10/11/2022 11:00;106,11;106,35;106,11;106,26
10/11/2022 10:00;106,3;106,37;106,07;106,14
10/11/2022 09:00;105,98;106,4;105,73;106,3
09/11/2022 17:05;106,54;106,58;106,54;106,54
09/11/2022 16:00;106,6;106,6;106,5;106,6
09/11/2022 15:00;106,73;106,74;106,5;106,59
09/11/2022 14:00;106,54;106,79;106,48;106,73
09/11/2022 13:00;106,54;106,64;106,53;106,58
09/11/2022 12:00;106,5;106,6;106,48;106,55
09/11/2022 11:00;106,65;106,67;106,42;106,5
09/11/2022 10:00;106,68;106,68;106,57;106,64
09/11/2022 09:00;106,67;106,9;106,48;106,62
08/11/2022 17:05;106,62;106,91;106,6;106,67
08/11/2022 16:00;106,63;106,79;106,6;106,73
08/11/2022 15:00;106,74;106,79;106,53;106,63
08/11/2022 14:00;106,5;106,85;106,42;106,74
08/11/2022 13:00;106,63;106,65;106,43;106,52
08/11/2022 12:00;106,69;106,73;106,57;106,63
08/11/2022 11:00;106,81;106,81;106,6;106,73
08/11/2022 10:00;106,95;107;106,74;106,83
08/11/2022 09:00;106,67;107,16;106,67;106,96
07/11/2022 17:05;106,62;106,79;106,6;106,63
07/11/2022 16:00;106,65;106,7;106,57;106,68
07/11/2022 15:00;106,73;106,78;106,53;106,63
07/11/2022 14:00;106,58;106,78;106,55;106,74
07/11/2022 13:00;106,45;106,63;106,42;106,54
07/11/2022 12:00;106,47;106,6;106,3;106,44
07/11/2022 11:00;106,26;106,53;106,23;106,45
07/11/2022 10:00;106,33;106,42;106,17;106,22
07/11/2022 09:00;106,44;106,79;106,21;106,3
04/11/2022 17:05;106,33;106,39;106,23;106,39
04/11/2022 16:00;106,39;106,58;106,37;106,54
04/11/2022 15:00;106,55;106,58;106,35;106,42
04/11/2022 14:00;106,65;106,67;106,38;106,53
04/11/2022 13:00;106,64;106,79;106,54;106,65
04/11/2022 12:00;106,37;106,65;106,17;106,64
04/11/2022 11:00;106,42;106,42;106,13;106,34
04/11/2022 10:00;106,81;106,84;106,42;106,44
04/11/2022 09:00;106,91;107,06;106,64;106,79
03/11/2022 17:05;106,81;107,13;106,81;107,01
03/11/2022 16:00;106,98;107,13;106,8;107,04
03/11/2022 15:00;106,91;107,03;106,54;106,98
03/11/2022 14:00;107,14;107,2;106,88;106,91
03/11/2022 13:00;107,15;107,25;107,05;107,15
03/11/2022 12:00;106,98;107,15;106,83;107,15
03/11/2022 11:00;107;107,05;106,98;107,01
03/11/2022 10:00;107,01;107,14;106,79;106,98
03/11/2022 09:00;107,77;107,78;106,95;107
01/11/2022 17:05;107,76;108,01;107,76;107,96
01/11/2022 16:00;107,8;108,03;107,7;108,03
01/11/2022 15:00;107,78;108,03;107,67;107,8
01/11/2022 14:00;107,41;107,78;107,41;107,78
01/11/2022 13:00;107,27;107,45;107,2;107,45
01/11/2022 12:00;107,34;107,41;107,19;107,22
01/11/2022 11:00;107,29;107,46;107,1;107,34
01/11/2022 10:00;107,47;107,54;107,2;107,25
01/11/2022 09:00;106,93;107,66;106,93;107,44
31/10/2022 17:05;107,56;107,9;107,56;107,75
31/10/2022 16:00;107,54;107,72;107,47;107,66
31/10/2022 15:00;107,08;107,59;106,94;107,45
31/10/2022 14:00;107,72;107,72;107,08;107,1
31/10/2022 13:00;107,75;107,75;107,47;107,66
31/10/2022 12:00;107,6;107,91;107,44;107,76
31/10/2022 11:00;108,06;108,12;107,56;107,6
31/10/2022 10:00;108,26;108,33;108,01;108,02
31/10/2022 09:00;109,08;109,84;107,91;108,17
28/10/2022 17:05;107,49;107,49;107,35;107,4
28/10/2022 16:00;107,41;107,62;107,37;107,41
28/10/2022 15:00;107,42;107,56;107,36;107,41
28/10/2022 14:00;107,37;107,46;107,35;107,44
28/10/2022 13:00;107,47;107,5;107,35;107,36
28/10/2022 12:00;107,36;107,51;107,35;107,45
28/10/2022 11:00;107,39;107,41;107,2;107,36
28/10/2022 10:00;107,3;107,42;107,18;107,37
28/10/2022 09:00;107,54;107,77;107,29;107,29
27/10/2022 17:05;107,41;107,46;107,35;107,46
27/10/2022 16:00;107,4;107,45;107,35;107,44
27/10/2022 15:00;107,41;107,5;107,36;107,39
27/10/2022 14:00;107,4;107,47;107,35;107,41
27/10/2022 13:00;107,3;107,47;107,22;107,44
27/10/2022 12:00;107,22;107,34;107,16;107,29
27/10/2022 11:00;107,4;107,44;107,04;107,22
27/10/2022 10:00;107,56;107,6;107,35;107,41
27/10/2022 09:00;107,27;107,66;107,1;107,55
26/10/2022 17:05;107,29;107,41;107,26;107,32
26/10/2022 16:00;107,31;107,39;107,16;107,27
26/10/2022 15:00;107,4;107,41;107,27;107,29
26/10/2022 14:00;107,29;107,51;107,2;107,39
26/10/2022 13:00;106,96;107,29;106,8;107,29
26/10/2022 12:00;107,08;107,11;106,94;107,03
26/10/2022 11:00;106,99;107,2;106,95;107,08
26/10/2022 10:00;107,16;107,3;106,98;106,98
26/10/2022 09:00;107,22;107,47;106,74;107,11
25/10/2022 17:05;107,34;107,34;107,1;107,26
25/10/2022 16:00;107,21;107,35;106,91;107,26
25/10/2022 15:00;107,1;107,29;106,91;107,19
25/10/2022 14:00;106,65;107,14;106,65;107,14
25/10/2022 13:00;106,45;106,67;106,45;106,64
25/10/2022 12:00;106,43;106,52;106,42;106,45
25/10/2022 11:00;106,49;106,54;106,42;106,43
25/10/2022 10:00;106,65;106,67;106,32;106,48
25/10/2022 09:00;106,44;106,75;106,35;106,62
24/10/2022 17:05;106,76;107,04;106,67;106,91
24/10/2022 16:00;106,85;106,95;106,67;106,8
24/10/2022 15:00;107,06;107,06;106,81;106,91
24/10/2022 14:00;107,09;107,16;107,06;107,1
24/10/2022 13:00;107,1;107,18;106,98;107,1
24/10/2022 12:00;107,06;107,18;107,03;107,1
24/10/2022 11:00;106,94;107,15;106,86;107,08
24/10/2022 10:00;106,91;107,11;106,79;107,01
24/10/2022 09:00;107,03;107,25;106,49;106,95
21/10/2022 17:05;107,31;107,41;107,06;107,19
21/10/2022 16:00;107,2;107,29;107,16;107,26
21/10/2022 15:00;107,18;107,26;107,1;107,19
21/10/2022 14:00;107,16;107,19;107,1;107,15
21/10/2022 13:00;107,14;107,21;107,1;107,14
21/10/2022 12:00;107,08;107,34;107,08;107,16
21/10/2022 11:00;107,21;107,3;106,98;107,11
21/10/2022 10:00;107,4;107,6;107,21;107,21
21/10/2022 09:00;107,39;107,64;107,1;107,4
20/10/2022 17:05;107,54;107,78;107,54;107,71
20/10/2022 16:00;107,76;107,82;107,54;107,54
20/10/2022 15:00;107,72;107,85;107,62;107,76
20/10/2022 14:00;107,64;107,8;107,62;107,72
20/10/2022 13:00;107,67;107,73;107,54;107,64
20/10/2022 12:00;107,86;108,03;107,56;107,71
20/10/2022 11:00;108,24;108,28;107,83;107,86
20/10/2022 10:00;108,48;108,51;108,11;108,26
20/10/2022 09:00;108,54;109,13;108,37;108,41
19/10/2022 17:05;108,67;109,21;108,56;108,67
19/10/2022 16:00;108,18;108,53;108,03;108,53
19/10/2022 15:00;108,02;108,33;108,02;108,14
19/10/2022 14:00;108,08;108,23;107,93;108
19/10/2022 13:00;108,21;108,22;108,03;108,1
19/10/2022 12:00;108,27;108,39;108,17;108,21
19/10/2022 11:00;107,98;108,31;107,93;108,27
19/10/2022 10:00;107,91;108,12;107,78;107,96
19/10/2022 09:00;108,27;108,27;107,85;107,88
18/10/2022 17:05;107,98;107,98;107,8;107,97
18/10/2022 16:00;108,07;108,07;107,91;108,07
18/10/2022 15:00;107,97;108,1;107,92;108,03
18/10/2022 14:00;108,34;108,38;107,92;107,97
18/10/2022 13:00;108,27;108,62;108,24;108,31
18/10/2022 12:00;108,21;108,33;108,16;108,24
18/10/2022 11:00;107,81;108,22;107,75;108,21
18/10/2022 10:00;107,77;108,24;107,67;107,77
18/10/2022 09:00;108,13;108,16;107,64;107,76
17/10/2022 17:05;108,22;108,41;108,17;108,29
17/10/2022 16:00;108,28;108,39;108,17;108,26
17/10/2022 15:00;108,17;108,37;108,16;108,29
17/10/2022 14:00;108,17;108,34;108,08;108,17
17/10/2022 13:00;108,34;108,36;108,03;108,17
17/10/2022 12:00;108,7;108,72;108,29;108,31
17/10/2022 11:00;108,95;109,05;108,49;108,7
17/10/2022 10:00;108,9;109,09;108,84;108,97
17/10/2022 09:00;109,2;109,23;108,78;108,89
14/10/2022 17:05;108,88;109,05;108,88;109,03
14/10/2022 16:00;108,77;108,94;108,68;108,88
14/10/2022 15:00;108,8;108,9;108,65;108,72
14/10/2022 14:00;108,78;108,94;108,78;108,84
14/10/2022 13:00;108,87;108,97;108,78;108,78
14/10/2022 12:00;108,8;108,84;108,59;108,84
14/10/2022 11:00;108,87;108,98;108,72;108,78
14/10/2022 10:00;108,62;109,13;108,54;108,89
14/10/2022 09:00;108,72;109;108,46;108,64
13/10/2022 17:05;109,28;109,29;108,64;108,72
13/10/2022 16:00;108,52;109,15;108,43;109,13
13/10/2022 15:00;108,52;108,57;108,17;108,52
13/10/2022 14:00;107,97;108,64;107,97;108,53
13/10/2022 13:00;107,81;108,02;107,59;107,95
13/10/2022 12:00;107,62;108,03;107,56;107,78
13/10/2022 11:00;107,37;107,66;107,22;107,62
13/10/2022 10:00;107,47;107,65;107,22;107,34
13/10/2022 09:00;107,05;107,54;107,05;107,41
11/10/2022 17:05;107,41;107,72;107,31;107,62
11/10/2022 16:00;107,4;107,47;107,35;107,45
11/10/2022 15:00;107,16;107,5;107,11;107,35
11/10/2022 14:00;107,1;107,22;107,04;107,16
11/10/2022 13:00;107,37;107,41;107,09;107,1
11/10/2022 12:00;107,45;107,57;107,31;107,39
11/10/2022 11:00;107,65;107,7;107,35;107,45
11/10/2022 10:00;107,82;107,93;107,54;107,64
11/10/2022 09:00;107,81;108,16;107,57;107,81
10/10/2022 17:05;107,55;108,13;107,55;108,13
10/10/2022 16:00;107,7;107,87;107,66;107,66
10/10/2022 15:00;108,07;108,16;107,66;107,72
10/10/2022 14:00;108,37;108,41;108;108,1
10/10/2022 13:00;108,39;108,52;108,24;108,34
10/10/2022 12:00;108,48;108,53;108,36;108,41
10/10/2022 11:00;108,39;108,77;108,39;108,48
10/10/2022 10:00;108,21;108,53;107,87;108,38
10/10/2022 09:00;108,16;108,58;107,98;108,16
07/10/2022 17:05;107,71;107,85;107,26;107,5
07/10/2022 16:00;107,35;107,52;107,34;107,52
07/10/2022 15:00;107,46;107,51;107,31;107,32
07/10/2022 14:00;107,45;107,49;107,42;107,46
07/10/2022 13:00;107,4;107,52;107,35;107,46
07/10/2022 12:00;107,37;107,42;107,34;107,37
07/10/2022 11:00;107,47;107,54;107,22;107,34
07/10/2022 10:00;107,29;107,54;107,21;107,47
07/10/2022 09:00;107,45;107,54;107,13;107,29
06/10/2022 17:05;106,9;107,22;106,9;107,2
06/10/2022 16:00;106,78;107,29;106,75;106,96
06/10/2022 15:00;106,8;106,84;106,67;106,75
06/10/2022 14:00;107,2;107,25;106,79;106,79
06/10/2022 13:00;107,1;107,24;107,09;107,16
06/10/2022 12:00;107,11;107,22;107,06;107,11
06/10/2022 11:00;107,31;107,4;107,05;107,1
06/10/2022 10:00;107,21;107,54;107,13;107,32
06/10/2022 09:00;107,16;107,37;106,96;107,21
05/10/2022 17:05;108,05;108,16;107,66;107,72
05/10/2022 16:00;107,54;108,16;107,54;108
05/10/2022 15:00;107,35;107,78;107,26;107,49
05/10/2022 14:00;107,6;107,68;107,18;107,37
05/10/2022 13:00;107,66;107,75;107,66;107,66
05/10/2022 12:00;107,56;107,73;107,54;107,66
05/10/2022 11:00;107,61;108,02;107,57;107,59
05/10/2022 10:00;107,78;107,95;107,55;107,59
05/10/2022 09:00;106,94;108,22;106,94;107,78
04/10/2022 17:05;107,4;107,54;107,26;107,46
04/10/2022 16:00;107,32;107,54;107,3;107,41
04/10/2022 15:00;107,41;107,54;107,31;107,32
04/10/2022 14:00;107,29;107,54;107,16;107,44
04/10/2022 13:00;107,32;107,54;107,16;107,29
04/10/2022 12:00;107,72;107,75;106,91;107,3
04/10/2022 11:00;108,72;108,72;107,56;107,73
04/10/2022 10:00;108,62;109,02;108,52;108,72
04/10/2022 09:00;108,78;108,89;108,41;108,62
03/10/2022 17:05;109,28;109,28;108,83;108,88
03/10/2022 16:00;109,35;109,4;108,9;109,14
03/10/2022 15:00;109,54;109,59;109,16;109,34
03/10/2022 14:00;109,54;109,87;109,4;109,52
03/10/2022 13:00;109,6;109,62;109,46;109,52
03/10/2022 12:00;109,52;109,65;109,4;109,61
03/10/2022 11:00;109,74;109,84;109,41;109,52
03/10/2022 10:00;110,58;110,94;109,7;109,72
03/10/2022 09:00;111,39;111,76;110,57;110,58
30/09/2022 17:05;111,7;111,81;111,39;111,53
30/09/2022 16:00;111,39;111,7;111,39;111,64
30/09/2022 15:00;111,25;111,43;111,1;111,39
30/09/2022 14:00;111,38;111,63;111,18;111,31
30/09/2022 13:00;111,19;111,76;110,39;111,39
30/09/2022 12:00;111,39;111,45;111,09;111,27
30/09/2022 11:00;111,17;111,39;110,9;111,39
30/09/2022 10:00;110,99;111,25;110,81;111,14
30/09/2022 09:00;110,78;111,13;110,57;110,97
29/09/2022 17:05;110,88;110,89;110,39;110,42
29/09/2022 16:00;110,68;110,82;110,53;110,68
29/09/2022 15:00;110,89;110,94;110,62;110,68
29/09/2022 14:00;110,84;111,05;110,82;110,89
29/09/2022 13:00;110,9;110,95;110,61;110,83
29/09/2022 12:00;110,69;110,92;110,64;110,9
29/09/2022 11:00;110,58;110,76;110,36;110,68
29/09/2022 10:00;110,89;111,08;110,52;110,61
29/09/2022 09:00;110,58;110,95;110,52;110,89
28/09/2022 17:05;110,44;110,66;110,37;110,53
28/09/2022 16:00;110,22;110,52;110,18;110,52
28/09/2022 15:00;110,46;110,52;110,18;110,23
28/09/2022 14:00;110,64;110,64;110,39;110,48
28/09/2022 13:00;110,64;110,76;110,58;110,63
28/09/2022 12:00;110,74;110,84;110,61;110,64
28/09/2022 11:00;110,67;111;110,47;110,74
28/09/2022 10:00;110,82;110,94;110,62;110,68
28/09/2022 09:00;110,95;111,24;110,74;110,88
27/09/2022 17:05;110,77;111,02;110,71;110,89
27/09/2022 16:00;110,85;110,89;110,71;110,76
27/09/2022 15:00;111,03;111,15;110,83;110,84
27/09/2022 14:00;111,33;111,36;111,03;111,03
27/09/2022 13:00;111,33;111,49;111,27;111,33
27/09/2022 12:00;111,35;111,45;111,31;111,34
27/09/2022 11:00;111,58;111,69;111,36;111,36
27/09/2022 10:00;111,28;111,58;111,28;111,58
27/09/2022 09:00;111,65;111,95;111,28;111,29
26/09/2022 17:05;111,53;111,81;111,49;111,76
26/09/2022 16:00;111,4;111,76;111,34;111,65
26/09/2022 15:00;111,49;111,58;111,27;111,45
26/09/2022 14:00;111,45;111,58;111,28;111,49
26/09/2022 13:00;111,51;111,54;111,33;111,44
26/09/2022 12:00;111,29;111,65;111,18;111,51
26/09/2022 11:00;111,02;111,33;110,89;111,3
26/09/2022 10:00;110,94;111,13;110,71;111,02
26/09/2022 09:00;110,44;111,07;110,3;110,94
23/09/2022 17:05;110,69;111,05;110,66;110,95
23/09/2022 16:00;111,08;111,2;110,71;110,78
23/09/2022 15:00;111,23;111,46;110,89;111,09
23/09/2022 14:00;110,73;111,3;110,73;111,23
23/09/2022 13:00;110,66;110,94;110,64;110,77
23/09/2022 12:00;110,64;110,99;110,58;110,71
23/09/2022 11:00;110,59;110,79;110,56;110,63
23/09/2022 10:00;110,77;110,88;110,52;110,58
23/09/2022 09:00;111,12;111,31;110,72;110,77
22/09/2022 17:05;111,49;111,64;111,3;111,48
22/09/2022 16:00;111,55;111,64;111,27;111,64
22/09/2022 15:00;110,92;111,6;110,85;111,51
22/09/2022 14:00;111,12;111,14;110,89;110,93
22/09/2022 13:00;110,95;111,19;110,89;111,09
22/09/2022 12:00;111,07;111,08;110,92;110,95
22/09/2022 11:00;111,02;111,12;110,82;111,03
22/09/2022 10:00;111,15;111,23;110,92;111,03
22/09/2022 09:00;110,95;111,36;110,78;111,15
21/09/2022 17:05;110,92;111,19;110,78;111,19
21/09/2022 16:00;111,19;111,4;110,99;111,02
21/09/2022 15:00;111,85;111,85;111,19;111,19
21/09/2022 14:00;111,84;111,89;111,6;111,85
21/09/2022 13:00;111,75;112,01;111,68;111,84
21/09/2022 12:00;111,65;111,92;111,58;111,75
21/09/2022 11:00;111,29;111,8;111,23;111,63
21/09/2022 10:00;111,41;111,76;111,27;111,28
21/09/2022 09:00;112,04;112,25;111,28;111,36
20/09/2022 17:05;111,53;111,87;111,4;111,56
20/09/2022 16:00;110,87;111,5;110,78;111,5
20/09/2022 15:00;110,9;111,07;110,72;110,87
20/09/2022 14:00;110,69;110,93;110,42;110,9
20/09/2022 13:00;110,76;110,84;110,61;110,66
20/09/2022 12:00;110,51;110,95;110,44;110,76
20/09/2022 11:00;110,56;110,57;110,31;110,46
20/09/2022 10:00;110,22;110,72;110,16;110,59
20/09/2022 09:00;110,77;110,77;110,1;110,25
19/09/2022 17:05;110,66;110,82;110,52;110,72
19/09/2022 16:00;111,2;111,24;110,64;110,66
19/09/2022 15:00;111,39;111,39;110,9;111,19
19/09/2022 14:00;111,28;111,51;111,14;111,35
19/09/2022 13:00;111,12;111,48;110,89;111,28
19/09/2022 12:00;112,06;112,11;111,14;111,14
19/09/2022 11:00;111,79;112,19;111,76;112,07
19/09/2022 10:00;111,65;111,94;111,64;111,84
19/09/2022 09:00;111,46;112,12;111,33;111,65
16/09/2022 17:05;111,97;111,97;111,34;111,7
16/09/2022 16:00;112,11;112,14;111,76;111,86
16/09/2022 15:00;112,06;112,22;112,02;112,1
16/09/2022 14:00;112,38;112,46;111,89;112,11
16/09/2022 13:00;112,45;112,58;112,19;112,38
16/09/2022 12:00;112,3;112,5;111,95;112,45
16/09/2022 11:00;111,51;112,97;111,51;112,27
16/09/2022 10:00;111,58;111,58;111,08;111,51
16/09/2022 09:00;112,04;112,06;111,28;111,58
15/09/2022 17:05;111,95;111,95;111,65;111,65
15/09/2022 16:00;111,39;112,07;111,14;112,07
15/09/2022 15:00;111,2;111,68;111,19;111,39
15/09/2022 14:00;110,78;111,25;110,77;111,22
15/09/2022 13:00;110,76;110,84;110,53;110,77
15/09/2022 12:00;110,53;110,85;110,46;110,78
15/09/2022 11:00;110,18;110,95;110,18;110,56
15/09/2022 10:00;110,27;110,37;110,08;110,16
15/09/2022 09:00;110,28;110,39;110,02;110,27
14/09/2022 17:05;109,79;110,21;109,61;109,77
14/09/2022 16:00;110,15;110,2;109,93;110,07
14/09/2022 15:00;110;110,2;109,9;110,15
14/09/2022 14:00;110,42;110,43;109,85;109,93
14/09/2022 13:00;110,39;110,52;110,25;110,42
14/09/2022 12:00;110,79;110,79;110,15;110,42
14/09/2022 11:00;110,77;111,12;110,66;110,79
14/09/2022 10:00;110,77;110,89;110,52;110,72
14/09/2022 09:00;110,84;111,33;110,52;110,77
13/09/2022 17:05;111,27;111,36;111,1;111,27
13/09/2022 16:00;111,41;111,58;111,14;111,27
13/09/2022 15:00;111,96;111,96;111,34;111,4
13/09/2022 14:00;112,27;112,28;111,77;111,91
13/09/2022 13:00;112,4;112,4;112,1;112,27
13/09/2022 12:00;112,38;112,48;112,28;112,42
13/09/2022 11:00;112,28;112,45;111,89;112,37
13/09/2022 10:00;112,5;112,55;112,16;112,28
13/09/2022 09:00;111,65;112,61;111,65;112,5
12/09/2022 17:05;111,43;111,64;111,39;111,59
12/09/2022 16:00;110,99;111,43;110,98;111,43
12/09/2022 15:00;110,85;111,08;110,78;111
12/09/2022 14:00;111,27;111,27;110,72;110,89
12/09/2022 13:00;111,38;111,64;110,52;111,25
12/09/2022 12:00;110,38;111,51;110,23;111,2
12/09/2022 11:00;110,21;110,41;110,15;110,38
12/09/2022 10:00;110,27;110,42;110,18;110,21
12/09/2022 09:00;110,03;110,46;110,02;110,27
09/09/2022 17:05;110,2;110,22;110,05;110,08
09/09/2022 16:00;110,21;110,33;110,15;110,21
09/09/2022 15:00;110,26;110,3;110,15;110,21
09/09/2022 14:00;110,31;110,36;110,15;110,22
09/09/2022 13:00;110,47;110,54;110,27;110,35
09/09/2022 12:00;110,51;110,59;110,42;110,48
09/09/2022 11:00;110,57;110,57;110,42;110,46
09/09/2022 10:00;110,52;110,81;110,51;110,58
09/09/2022 09:00;110,64;110,83;110,39;110,57
08/09/2022 17:05;110,44;110,72;110,27;110,46
08/09/2022 16:00;110,38;110,62;110,28;110,62
08/09/2022 15:00;110,46;110,52;110,21;110,36
08/09/2022 14:00;110,28;110,49;110,27;110,46
08/09/2022 13:00;110,47;110,56;110,28;110,3
08/09/2022 12:00;110,52;110,77;110,46;110,46
08/09/2022 11:00;110,68;110,78;110,39;110,56
08/09/2022 10:00;110,73;111,02;110,59;110,66
08/09/2022 09:00;110,15;110,76;110,03;110,71
06/09/2022 17:05;110,51;110,9;110,3;110,39
06/09/2022 16:00;110,62;110,79;110,61;110,71
06/09/2022 15:00;110,73;110,81;110,52;110,59
06/09/2022 14:00;110,72;110,89;110,56;110,72
06/09/2022 13:00;110,48;110,77;110,43;110,76
06/09/2022 12:00;110,27;110,52;110,27;110,52
06/09/2022 11:00;110,15;110,64;110,15;110,33
06/09/2022 10:00;109,82;110,21;109,55;110,15
06/09/2022 09:00;110,21;110,27;109,74;109,8
05/09/2022 17:05;110,21;110,39;110,12;110,32
05/09/2022 16:00;110,31;110,37;110,21;110,25
05/09/2022 15:00;110,33;110,38;110,25;110,28
05/09/2022 14:00;110,23;110,33;110,22;110,27
05/09/2022 13:00;110,49;110,53;110,2;110,25
05/09/2022 12:00;110,21;110,53;110,18;110,52
05/09/2022 11:00;110,44;110,44;110,11;110,21
05/09/2022 10:00;110,44;110,62;110,37;110,46
05/09/2022 09:00;110,82;111,27;110,32;110,46
02/09/2022 17:05;110,62;111,14;110,56;110,77
02/09/2022 16:00;110,08;110,58;110,05;110,58
02/09/2022 15:00;110,33;110,43;110,02;110,1
02/09/2022 14:00;110,48;110,54;110,22;110,37
02/09/2022 13:00;110,54;110,61;110,32;110,52
02/09/2022 12:00;110,59;110,71;110,43;110,56
02/09/2022 11:00;110,74;110,79;110,53;110,62
02/09/2022 10:00;110,37;110,83;110,28;110,74
02/09/2022 09:00;110,3;110,64;110,02;110,39
01/09/2022 17:05;110,31;110,44;110,22;110,39
01/09/2022 16:00;110,39;110,44;110,24;110,31
01/09/2022 15:00;110,62;110,67;110,32;110,35
01/09/2022 14:00;110,43;110,83;110,31;110,62
01/09/2022 13:00;110,7;110,82;110,31;110,41
01/09/2022 12:00;110,83;110,88;110,44;110,7
01/09/2022 11:00;110,99;111,22;110,83;110,84
01/09/2022 10:00;110,76;111,28;110,7;110,83
01/09/2022 09:00;110,96;111,18;110,7;110,8
31/08/2022 17:05;111,4;111,53;111,09;111,1
31/08/2022 16:00;111,35;111,48;111,15;111,35
31/08/2022 15:00;111,17;111,41;111,09;111,35
31/08/2022 14:00;111,13;111,3;111,09;111,22
31/08/2022 13:00;111,01;111,28;110,96;111,15
31/08/2022 12:00;110,88;111,12;110,83;111,01
31/08/2022 11:00;111,02;111,06;110,76;110,91
31/08/2022 10:00;110,85;111,13;110,82;111,02
31/08/2022 09:00;110,76;111,15;110,72;110,84
30/08/2022 17:05;111,49;111,68;111,35;111,35
30/08/2022 16:00;111,43;111,55;111,41;111,41
30/08/2022 15:00;111,26;111,56;111,23;111,43
30/08/2022 14:00;111,09;111,35;111,02;111,26
30/08/2022 13:00;111,4;111,47;111,09;111,09
30/08/2022 12:00;111,35;111,84;111,23;111,47
30/08/2022 11:00;111,21;111,6;111,04;111,35
30/08/2022 10:00;110,97;111,44;110,96;111,21
30/08/2022 09:00;111,08;111,34;110,75;110,97
29/08/2022 17:05;112,22;112,46;111,77;111,84
29/08/2022 16:00;112,34;112,39;112;112,16
29/08/2022 15:00;112,4;112,81;112,26;112,34
29/08/2022 14:00;112,52;112,52;112,33;112,43
29/08/2022 13:00;112,5;112,64;112,26;112,52
29/08/2022 12:00;112,59;112,99;112,39;112,5
29/08/2022 11:00;112,47;112,59;112,2;112,56
29/08/2022 10:00;112,37;112,59;112,13;112,44
29/08/2022 09:00;113,11;113,5;112,35;112,37
26/08/2022 17:05;113,11;113,67;112,87;113,36
26/08/2022 16:00;112,43;113,11;112,27;113,11
26/08/2022 15:00;111,48;112,52;111,28;112,43
26/08/2022 14:00;111,18;111,68;111,05;111,52
26/08/2022 13:00;111,06;111,18;110,87;111,18
26/08/2022 12:00;111,02;111,19;110,95;111,05
26/08/2022 11:00;111,09;111,22;110,84;111,08
26/08/2022 10:00;110,87;111,09;110,61;111,09
26/08/2022 09:00;110,97;111,41;110,59;110,87
25/08/2022 17:05;110,44;110,57;110,37;110,57
25/08/2022 16:00;110,57;110,57;110,44;110,45
25/08/2022 15:00;110,53;110,76;110,46;110,56
25/08/2022 14:00;110,44;110,7;110,37;110,5
25/08/2022 13:00;110,57;110,65;110,32;110,5
25/08/2022 12:00;110,5;110,69;110,14;110,56
25/08/2022 11:00;110,67;110,7;110,33;110,5
25/08/2022 10:00;110,62;110,85;110,49;110,7
25/08/2022 09:00;111,09;111,09;110,44;110,67
24/08/2022 17:05;110,85;110,92;110,7;110,78
24/08/2022 16:00;110,89;111,19;110,72;110,83
24/08/2022 15:00;111,19;111,31;110,83;110,89
24/08/2022 14:00;111,28;111,51;111,18;111,19
24/08/2022 13:00;110,99;111,44;110,96;111,22
24/08/2022 12:00;111,22;111,3;110,96;110,96
24/08/2022 11:00;111,55;111,61;110,83;111,19
24/08/2022 10:00;111,53;111,87;111,44;111,52
24/08/2022 09:00;111,77;111,97;111,41;111,44
23/08/2022 17:05;111,05;111,34;110,96;111,09
23/08/2022 16:00;111,12;111,26;110,83;111,04
23/08/2022 15:00;111,45;111,61;111;111,12
23/08/2022 14:00;111,34;111,47;111,13;111,4
23/08/2022 13:00;111,02;111,35;110,93;111,34
23/08/2022 12:00;111,05;111,18;110,78;111,06
23/08/2022 11:00;111,02;111,19;110,79;111,09
23/08/2022 10:00;110,89;111,22;110,65;111,09
23/08/2022 09:00;111,23;111,92;110,83;110,91
22/08/2022 17:05;110,05;110,69;110,05;110,69
22/08/2022 16:00;110,07;110,18;109,72;110,11
22/08/2022 15:00;110,28;110,37;110,05;110,09
22/08/2022 14:00;110,37;110,5;110,14;110,22
22/08/2022 13:00;110,29;110,4;110,11;110,39
22/08/2022 12:00;110,2;110,37;109,98;110,31
22/08/2022 11:00;110,14;110,31;109,83;110,26
22/08/2022 10:00;110,36;110,67;110,09;110,15
22/08/2022 09:00;111;111,17;110,09;110,44
19/08/2022 17:05;110,93;111,09;110,71;110,71
19/08/2022 16:00;111,36;111,58;110,71;110,71
19/08/2022 15:00;111,68;111,74;111,35;111,35
19/08/2022 14:00;111,7;111,99;111,53;111,68
19/08/2022 13:00;111,47;111,86;111,38;111,73
19/08/2022 12:00;111,55;111,68;111,41;111,48
19/08/2022 11:00;111,22;111,58;111,1;111,52
19/08/2022 10:00;111,75;111,84;111,22;111,22
19/08/2022 09:00;111,53;112,13;111,36;111,82
18/08/2022 17:05;111,86;112,22;111,82;112,12
18/08/2022 16:00;111,43;111,94;111,35;111,91
18/08/2022 15:00;111,78;111,96;111,4;111,43
18/08/2022 14:00;111,51;111,87;111,47;111,73
18/08/2022 13:00;111,84;111,99;111,36;111,55
18/08/2022 12:00;112,12;112,31;111,81;111,82
18/08/2022 11:00;111,34;112,12;111,09;112,12
18/08/2022 10:00;111,65;111,74;111,09;111,23
18/08/2022 09:00;111,87;111,87;111,09;111,61
17/08/2022 17:05;111,55;112,12;111,49;111,87
17/08/2022 16:00;111,49;111,81;111,43;111,66
17/08/2022 15:00;111,55;111,71;111,09;111,57
17/08/2022 14:00;111,84;111,88;111,43;111,61
17/08/2022 13:00;111,31;112,37;111,3;111,87
17/08/2022 12:00;111,41;111,48;110,96;111,35
17/08/2022 11:00;111,97;112;111,22;111,45
17/08/2022 10:00;112,31;112,95;111,71;111,97
17/08/2022 09:00;111,97;112,72;111,78;112,38
16/08/2022 17:05;111,45;111,74;111,25;111,73
16/08/2022 16:00;111,62;111,73;111,49;111,61
16/08/2022 15:00;112,3;112,63;111,51;111,61
16/08/2022 14:00;112,13;112,55;112;112,33
16/08/2022 13:00;112,35;112,5;111,81;112,13
16/08/2022 12:00;112,5;112,52;112,03;112,31
16/08/2022 11:00;112,63;112,94;112,08;112,5
16/08/2022 10:00;112,98;113,13;112,52;112,64
16/08/2022 09:00;113,28;113,47;112,74;112,98
15/08/2022 17:05;114,07;114,27;113,95;114,03
15/08/2022 16:00;114,23;114,41;113,84;114,08
15/08/2022 15:00;114,12;114,33;113,75;114,33
15/08/2022 14:00;113,8;114,18;113,69;114,18
15/08/2022 13:00;113,58;114,45;113,58;113,77
15/08/2022 12:00;113,3;113,82;113,21;113,56
15/08/2022 11:00;113,77;113,77;113,04;113,3
15/08/2022 10:00;113,76;113,94;113,63;113,8
15/08/2022 09:00;113,76;114,2;113,55;113,77
12/08/2022 17:05;115,5;115,89;115,4;115,71
12/08/2022 16:00;115,53;115,78;115,33;115,52
12/08/2022 15:00;114,53;115,61;114,41;115,52
12/08/2022 14:00;114,21;114,92;114,08;114,51
12/08/2022 13:00;115,65;115,82;113,45;114,21
12/08/2022 12:00;115,31;116,03;115,19;115,78
12/08/2022 11:00;115,24;115,45;115,11;115,31
12/08/2022 10:00;115,32;115,56;114,92;115,23
12/08/2022 09:00;115,52;115,91;114,89;115,31
11/08/2022 17:05;116,09;116,16;115,8;115,91
11/08/2022 16:00;115,88;116,38;115,88;116,17
11/08/2022 15:00;115,84;116,3;115,82;115,83
11/08/2022 14:00;115,52;115,89;115,14;115,82
11/08/2022 13:00;115,22;115,71;115,07;115,57
11/08/2022 12:00;115,24;115,39;115,1;115,26
11/08/2022 11:00;114,64;115,26;114,5;115,23
11/08/2022 10:00;114,45;115,06;114,35;114,71
11/08/2022 09:00;113,98;114,61;113,62;114,44
10/08/2022 17:05;113,19;113,75;113,04;113,58
10/08/2022 16:00;113,32;113,81;113,3;113,32
10/08/2022 15:00;113,07;113,47;112,95;113,33
10/08/2022 14:00;113,37;113,56;113,06;113,07
10/08/2022 13:00;113,55;113,82;113,3;113,37
10/08/2022 12:00;113,41;113,6;113,24;113,55
10/08/2022 11:00;113,5;113,58;112,91;113,41
10/08/2022 10:00;113,29;113,67;113,19;113,5
10/08/2022 09:00;114,12;114,4;113,07;113,3
09/08/2022 17:05;114,45;114,59;114,11;114,12
09/08/2022 16:00;114,15;114,61;113,95;114,49
09/08/2022 15:00;113,75;114,25;113,43;114,14
09/08/2022 14:00;113,82;113,88;113,62;113,75
09/08/2022 13:00;113,85;114,18;113,49;113,89
09/08/2022 12:00;113,52;114,06;113,51;113,84
09/08/2022 11:00;113,54;113,9;113,42;113,52
09/08/2022 10:00;114,15;114,23;113,49;113,54
09/08/2022 09:00;114,62;114,85;114,06;114,15
08/08/2022 17:05;112,85;113,42;112,29;113,2
08/08/2022 16:00;112,73;112,82;111,75;112,63
08/08/2022 15:00;112,52;112,85;112,39;112,7
08/08/2022 14:00;112,65;112,7;112,39;112,52
08/08/2022 13:00;112,53;113,19;112,51;112,65
08/08/2022 12:00;112,59;112,86;112,46;112,55
08/08/2022 11:00;112,04;112,72;111,75;112,57
08/08/2022 10:00;112,29;112,37;111,68;112,03
08/08/2022 09:00;112,8;113,23;112,18;112,26
05/08/2022 17:05;113,56;114,18;113,43;113,43
05/08/2022 16:00;112,8;113,68;112,72;113,68
05/08/2022 15:00;112,78;112,99;112,78;112,8
05/08/2022 14:00;112,96;113,13;112,67;112,78
05/08/2022 13:00;113,6;113,85;112,91;112,91
05/08/2022 12:00;114,24;114,28;113,6;113,6
05/08/2022 11:00;114,15;114,4;113,99;114,21
05/08/2022 10:00;114,14;114,25;113,95;114,15
05/08/2022 09:00;113,56;114,45;113,19;114,1
04/08/2022 17:05;113,85;113,95;113,45;113,89
04/08/2022 16:00;113,13;113,95;113,13;113,76
04/08/2022 15:00;112,99;113,3;112,85;113,16
04/08/2022 14:00;113,23;113,5;112,99;113,04
04/08/2022 13:00;113,29;113,36;112,72;113,23
04/08/2022 12:00;113,16;113,51;113,03;113,21
04/08/2022 11:00;113,04;113,42;112,68;113,17
04/08/2022 10:00;113,24;113,69;112,65;113,16
04/08/2022 09:00;112,13;113,28;111,95;113,21
03/08/2022 17:05;112,12;112,46;111,96;112,39
03/08/2022 16:00;111,36;112,26;111,26;111,87
03/08/2022 15:00;111,52;112,13;111,23;111,35
03/08/2022 14:00;110,8;111,61;110,7;111,48
03/08/2022 13:00;111,23;111,47;110,8;110,8
03/08/2022 12:00;112,07;112,2;111,22;111,27
03/08/2022 11:00;112,3;112,72;112,09;112,13
03/08/2022 10:00;112,64;112,78;112,03;112,3
03/08/2022 09:00;111,55;112,82;111,55;112,64
02/08/2022 17:05;111,84;111,86;111,35;111,36
02/08/2022 16:00;111,1;111,68;111,02;111,55
02/08/2022 15:00;111,97;112,09;111,04;111,04
02/08/2022 14:00;112,21;112,51;111,82;112,04
02/08/2022 13:00;111,43;112,3;111,35;112,3
02/08/2022 12:00;111,43;111,57;111,01;111,43
02/08/2022 11:00;111,53;111,87;111,41;111,47
02/08/2022 10:00;110,85;111,66;110,75;111,57
02/08/2022 09:00;110,62;111,44;110,35;110,85
01/08/2022 17:05;110,89;111,35;110,76;110,99
01/08/2022 16:00;113,29;113,95;111,09;111,15
01/08/2022 15:00;110,83;113,52;110,58;113,3
01/08/2022 14:00;110,49;111,47;110,46;110,82
01/08/2022 13:00;110,66;110,83;110,46;110,46
01/08/2022 12:00;110,35;110,79;110,35;110,57
01/08/2022 11:00;110,99;111,12;110,31;110,35
01/08/2022 10:00;110,95;111,31;110,44;110,96
01/08/2022 09:00;110,31;111,18;110,05;110,97
29/07/2022 17:05;111,74;112,78;111,74;112,77
29/07/2022 16:00;112,65;112,95;111,35;111,41
29/07/2022 15:00;113,32;113,46;112,39;112,67
29/07/2022 14:00;114,41;114,49;112,78;113,3
29/07/2022 13:00;116,81;116,82;114,37;114,5
29/07/2022 12:00;116,79;117,16;116,6;116,75
29/07/2022 11:00;117,05;117,33;116,66;116,78
29/07/2022 10:00;116,4;117,34;116,36;117,08
29/07/2022 09:00;115,63;116,82;115,31;116,39
28/07/2022 17:05;115,04;115,04;114,35;114,35
28/07/2022 16:00;115,11;115,52;114,97;115,06
28/07/2022 15:00;114,96;115,23;114,8;115
28/07/2022 14:00;114,5;115,17;114,5;114,93
28/07/2022 13:00;114,45;114,61;114,36;114,54
28/07/2022 12:00;114,48;114,58;114,31;114,45
28/07/2022 11:00;114,59;114,61;114,24;114,48
28/07/2022 10:00;114,15;114,74;114,12;114,59
28/07/2022 09:00;113,6;114,81;113,56;114,15
27/07/2022 17:05;112,65;112,65;112,31;112,51
27/07/2022 16:00;112,87;113,24;112,67;112,67
27/07/2022 15:00;113,12;113,49;112,52;112,87
27/07/2022 14:00;113,13;113,3;113,11;113,24
27/07/2022 13:00;113,45;113,56;113,11;113,21
27/07/2022 12:00;113,26;113,65;113,15;113,46
27/07/2022 11:00;113,54;113,76;113,06;113,29
27/07/2022 10:00;113,24;113,62;112,78;113,56
27/07/2022 09:00;114,03;114,08;113,11;113,2
26/07/2022 17:05;114,37;114,38;112,95;113,17
26/07/2022 16:00;113,62;113,94;113,49;113,94
26/07/2022 15:00;112,52;113,69;112,48;113,54
26/07/2022 14:00;111,97;112,55;111,81;112,48
26/07/2022 13:00;111,49;112;111,49;111,94
26/07/2022 12:00;111,53;111,66;111;111,49
26/07/2022 11:00;112;112;111,35;111,48
26/07/2022 10:00;111,92;112,25;111,75;112
26/07/2022 09:00;110,95;112,69;110,56;111,88
25/07/2022 17:05;109,23;110,29;109,23;109,98
25/07/2022 16:00;108,88;109,32;108,8;109,27
25/07/2022 15:00;108,64;109,07;108,43;108,84
25/07/2022 14:00;108,38;108,64;108,16;108,64
25/07/2022 13:00;108,69;108,75;108,39;108,39
25/07/2022 12:00;108,39;108,88;108,32;108,76
25/07/2022 11:00;109,1;109,1;108,3;108,35
25/07/2022 10:00;109,27;109,53;108,86;109,14
25/07/2022 09:00;109,37;109,63;109,03;109,31
22/07/2022 17:05;108,22;108,34;107,96;108,03
22/07/2022 16:00;107,99;108,21;107,86;108,21
22/07/2022 15:00;108,15;108,26;107,94;108
22/07/2022 14:00;108,11;108,46;107,83;108,16
22/07/2022 13:00;108,72;108,73;107,92;108,11
22/07/2022 12:00;108,58;109,01;108,48;108,64
22/07/2022 11:00;108,45;109,12;108,42;108,52
22/07/2022 10:00;108,42;108,59;108,35;108,45
22/07/2022 09:00;108,6;108,91;108,22;108,43
21/07/2022 17:05;109,01;109,36;109,01;109,27
21/07/2022 16:00;108,95;109,04;108,88;108,95
21/07/2022 15:00;109,21;109,28;108,82;108,95
21/07/2022 14:00;109,04;109,46;108,94;109,16
21/07/2022 13:00;109,2;109,46;108,95;109,08
21/07/2022 12:00;109,01;109,44;108,88;109,2
21/07/2022 11:00;109,54;109,54;108,94;109,01
21/07/2022 10:00;109,01;109,85;108,76;109,58
21/07/2022 09:00;109,4;109,92;108,91;109,02
20/07/2022 17:05;110,96;111,05;110,58;110,7
20/07/2022 16:00;110,85;111,05;110,63;110,87
20/07/2022 15:00;110,89;111,08;110,48;110,85
20/07/2022 14:00;111,34;111,48;110,85;110,89
20/07/2022 13:00;111,05;111,48;111,04;111,32
20/07/2022 12:00;111,17;111,68;110,96;111,08
20/07/2022 11:00;111,15;111,22;110,76;111,22
20/07/2022 10:00;110,7;111,19;110,44;111,18
20/07/2022 09:00;110,39;110,97;110,24;110,7
19/07/2022 17:05;110,89;111,48;110,89;111,48
19/07/2022 16:00;111,55;111,55;110,93;111,13
19/07/2022 15:00;112,46;112,46;111,49;111,53
19/07/2022 14:00;112,33;112,53;112,25;112,51
19/07/2022 13:00;112,57;112,65;112,22;112,26
19/07/2022 12:00;112,21;112,76;112,09;112,6
19/07/2022 11:00;111,88;112,35;111,87;112,14
19/07/2022 10:00;112,27;112,27;111,53;112
19/07/2022 09:00;112,91;113,26;112,26;112,27
18/07/2022 17:05;114,61;115,39;114,54;115
18/07/2022 16:00;114,06;114,87;114,06;114,8
18/07/2022 15:00;113,99;114,07;113,5;114,06
18/07/2022 14:00;114,18;114,25;113,71;114,01
18/07/2022 13:00;113,76;114,35;113,69;114,27
18/07/2022 12:00;113,65;114,06;113,63;113,75
18/07/2022 11:00;114,25;114,48;113,47;113,69
18/07/2022 10:00;113,54;114,54;113,54;114,29
18/07/2022 09:00;113,16;114,71;113,13;113,54
15/07/2022 17:05;112,18;112,39;111,35;111,74
15/07/2022 16:00;111,35;111,99;111,22;111,99
15/07/2022 15:00;110,83;111,35;110,83;111,35
15/07/2022 14:00;110,74;110,96;110,72;110,87
15/07/2022 13:00;110,58;111,12;110,5;110,75
15/07/2022 12:00;110,78;110,8;110,48;110,57
15/07/2022 11:00;111;111,21;110,62;110,83
15/07/2022 10:00;110,82;111,02;110,72;111
15/07/2022 09:00;110,37;111,06;110,35;110,8
14/07/2022 17:05;110,67;110,72;110,24;110,35
14/07/2022 16:00;111,43;111,68;110,7;110,87
14/07/2022 15:00;111,81;111,86;111,36;111,41
14/07/2022 14:00;111,97;112;111,64;111,83
14/07/2022 13:00;112,01;112,2;111,74;111,99
14/07/2022 12:00;111,66;112,18;111,53;112,01
14/07/2022 11:00;112,78;113,39;111,62;111,66
14/07/2022 10:00;111,69;112,78;111,35;112,78
14/07/2022 09:00;111,6;112,18;111,32;111,74
13/07/2022 17:05;111,41;111,87;111,25;111,86
13/07/2022 16:00;112,65;112,87;111,48;111,48
13/07/2022 15:00;112,04;112,87;112,03;112,65
13/07/2022 14:00;112,12;112,4;111,92;112,11
13/07/2022 13:00;112,14;112,2;111,86;112,18
13/07/2022 12:00;112,14;112,26;111,75;112,14
13/07/2022 11:00;112,31;112,51;111,86;112,14
13/07/2022 10:00;111,55;112,52;111,39;112,33
13/07/2022 09:00;111,36;112,21;110,97;111,55
12/07/2022 17:05;111,22;111,43;111,1;111,25
12/07/2022 16:00;111,64;111,86;111,48;111,55
12/07/2022 15:00;111,62;111,95;111,57;111,61
12/07/2022 14:00;111,48;111,81;111,35;111,61
12/07/2022 13:00;112,24;112,52;111,43;111,44
12/07/2022 12:00;112,37;112,56;111,55;112,3
12/07/2022 11:00;113,46;113,56;112,37;112,44
12/07/2022 10:00;113,72;114,61;113,43;113,43
12/07/2022 09:00;113,95;114,03;113,39;113,69
11/07/2022 17:05;114,48;114,59;114,11;114,38
11/07/2022 16:00;114,66;114,87;114,31;114,48
11/07/2022 15:00;114,41;114,74;114,21;114,62
11/07/2022 14:00;114,8;114,96;114,37;114,4
11/07/2022 13:00;115,17;115,18;114,61;114,87
11/07/2022 12:00;114,66;115,22;114,66;115,15
11/07/2022 11:00;115,2;115,48;114,62;114,72
11/07/2022 10:00;114,67;115,48;114,28;115,19
11/07/2022 09:00;114,63;114,92;114,01;114,62
08/07/2022 17:05;112,82;113,15;112,53;113,11
08/07/2022 16:00;113,51;113,54;112,78;112,91
08/07/2022 15:00;113,93;114,02;113,46;113,54
08/07/2022 14:00;113,88;114,18;113,59;113,88
08/07/2022 13:00;113,21;114,01;113,07;113,93
08/07/2022 12:00;113,13;113,5;113,12;113,24
08/07/2022 11:00;113,03;113,24;112,9;113,12
08/07/2022 10:00;112,78;113,26;112,68;112,95
08/07/2022 09:00;111,91;112,9;111,41;112,78
07/07/2022 17:05;112,25;112,4;111,7;111,82
07/07/2022 16:00;112,38;112,63;111,86;112,25
07/07/2022 15:00;111,81;112,64;111,52;112,39
07/07/2022 14:00;111,81;112;111,68;111,81
07/07/2022 13:00;111,47;111,81;111,4;111,81
07/07/2022 12:00;111,84;111,92;111,35;111,48
07/07/2022 11:00;111,97;112;111,62;111,92
07/07/2022 10:00;111,86;112,26;111,48;111,97
07/07/2022 09:00;111,17;111,87;110,76;111,84
06/07/2022 17:05;110,35;110,44;109,87;109,92
06/07/2022 16:00;110,31;110,57;110,15;110,32
06/07/2022 15:00;109,79;110,37;109,79;110,32
06/07/2022 14:00;109,66;109,97;109,64;109,79
06/07/2022 13:00;109,47;109,72;109,41;109,62
06/07/2022 12:00;109,85;109,92;109,23;109,49
06/07/2022 11:00;109,9;110,05;109,67;109,85
06/07/2022 10:00;110;110,44;109,79;109,9
06/07/2022 09:00;109,59;110,27;109,59;110,05
05/07/2022 17:05;110,06;110,28;109,67;110,14
05/07/2022 16:00;110,8;111,02;109,89;110,06
05/07/2022 15:00;110,85;111,02;110,78;110,78
05/07/2022 14:00;111,27;111,31;110,83;110,87
05/07/2022 13:00;111,36;111,51;111,14;111,22
05/07/2022 12:00;111,61;111,79;111,35;111,36
05/07/2022 11:00;111,74;112,09;111,61;111,66
05/07/2022 10:00;112,87;113,26;111,45;111,74
05/07/2022 09:00;112,64;113,03;112,29;112,93
04/07/2022 17:05;112,26;112,52;112,22;112,4
04/07/2022 16:00;112,46;112,57;112;112,26
04/07/2022 15:00;112,27;112,5;112,2;112,5
04/07/2022 14:00;112,39;112,59;112,22;112,26
04/07/2022 13:00;112,59;112,7;112,39;112,39
04/07/2022 12:00;112,35;112,61;112,34;112,59
04/07/2022 11:00;112,4;112,52;112,2;112,35
04/07/2022 10:00;112,42;112,52;112,29;112,42
04/07/2022 09:00;112,61;113,09;112,03;112,39
01/07/2022 17:05;113,19;113,58;112,8;112,98
01/07/2022 16:00;113,15;113,3;112,98;113,3
01/07/2022 15:00;113,68;113,76;113,07;113,15
01/07/2022 14:00;113,82;113,95;113,51;113,63
01/07/2022 13:00;113,2;113,89;113,13;113,82
01/07/2022 12:00;113,41;113,47;113;113,17
01/07/2022 11:00;113,34;113,93;112,93;113,37
01/07/2022 10:00;113,43;113,82;113,3;113,33
01/07/2022 09:00;113,82;114,45;113,07;113,45
30/06/2022 17:05;113,56;113,73;113,12;113,43
30/06/2022 16:00;112,59;113,68;112,52;113,68
30/06/2022 15:00;112,46;112,7;112,46;112,61
30/06/2022 14:00;113,12;113,12;112,2;112,46
30/06/2022 13:00;113,99;114,58;113,11;113,13
30/06/2022 12:00;114,03;114,32;113,77;113,94
30/06/2022 11:00;114,81;115,02;113,97;114,06
30/06/2022 10:00;114,54;115,07;114,28;114,77
30/06/2022 09:00;113,19;114,61;113,08;114,54
29/06/2022 17:05;113,51;114,02;113,51;113,58
29/06/2022 16:00;113,82;113,95;113,56;113,69
29/06/2022 15:00;114,03;114,08;113,75;113,82
29/06/2022 14:00;113,9;114,16;113,8;114,01
29/06/2022 13:00;114,32;114,58;113,89;113,9
29/06/2022 12:00;114,01;114,35;113,94;114,35
29/06/2022 11:00;113,75;114,28;113,69;114,02
29/06/2022 10:00;114,41;114,41;113,58;113,69
29/06/2022 09:00;114,19;114,74;113,92;114,44
28/06/2022 17:05;115,06;115,14;114,49;114,5
28/06/2022 16:00;115,78;115,82;114,81;115,09
28/06/2022 15:00;115,92;116,3;115,58;115,69
28/06/2022 14:00;116,25;116,49;115,52;115,95
28/06/2022 13:00;116,57;116,74;115,71;116,3
28/06/2022 12:00;116,09;116,82;116,09;116,61
28/06/2022 11:00;115,56;116,14;115,45;116,1
28/06/2022 10:00;115,36;115,8;115,18;115,57
28/06/2022 09:00;115,91;116,4;115,07;115,36
27/06/2022 17:05;114,93;115,48;114,8;115,1
27/06/2022 16:00;114,83;115;114,76;114,94
27/06/2022 15:00;114,85;115,09;114,74;114,79
27/06/2022 14:00;115,39;115,63;114,83;114,83
27/06/2022 13:00;115,45;115,99;115,39;115,39
27/06/2022 12:00;115,95;116,06;115,41;115,48
27/06/2022 11:00;115,65;116,16;115,28;115,92
27/06/2022 10:00;116,23;116,25;115,6;115,65
27/06/2022 09:00;116,57;116,88;116,04;116,29
24/06/2022 17:05;117,73;117,93;117,47;117,56
24/06/2022 16:00;118,15;118,25;117,5;117,73
24/06/2022 15:00;117,71;118,3;117,41;118,15
24/06/2022 14:00;117,55;117,84;117,34;117,69
24/06/2022 13:00;117,54;117,85;117,21;117,61
24/06/2022 12:00;117,13;117,6;117,05;117,54
24/06/2022 11:00;117,29;117,56;116,69;117,12
24/06/2022 10:00;116,66;117,34;116,56;117,34
24/06/2022 09:00;116,87;117,72;115,93;116,61
23/06/2022 17:05;115,84;116,27;115,78;116
23/06/2022 16:00;115,87;116,21;115,65;116,04
23/06/2022 15:00;116,47;116,56;115,67;115,78
23/06/2022 14:00;115,79;116,69;115,76;116,42
23/06/2022 13:00;115,63;116,08;115,52;115,67
23/06/2022 12:00;115,65;115,97;115,52;115,65
23/06/2022 11:00;116,12;116,18;115,44;115,62
23/06/2022 10:00;116,69;116,72;116,08;116,1
23/06/2022 09:00;115,89;116,96;115,67;116,69
22/06/2022 17:05;118,03;118,13;117,73;117,93
22/06/2022 16:00;117,54;117,99;117,5;117,86
22/06/2022 15:00;118,21;118,23;117,5;117,5
22/06/2022 14:00;119,1;119,16;118,06;118,17
22/06/2022 13:00;119,33;119,62;119,06;119,22
22/06/2022 12:00;119,11;119,68;119,03;119,32
22/06/2022 11:00;119,76;120,06;118,9;119,07
22/06/2022 10:00;118,99;120,08;118,85;119,76
22/06/2022 09:00;118,55;119,25;118,55;118,97
21/06/2022 17:05;118,79;119,25;118,79;119,16
21/06/2022 16:00;119,36;119,4;119,16;119,25
21/06/2022 15:00;119,57;119,96;119,29;119,36
21/06/2022 14:00;120,02;120,1;119,1;119,58
21/06/2022 13:00;120,71;120,92;119,95;120,02
21/06/2022 12:00;120,47;120,79;120,27;120,67
21/06/2022 11:00;121,04;121,07;120,01;120,47
21/06/2022 10:00;121,64;121,68;120,73;121,01
21/06/2022 09:00;122,02;122,03;120,52;121,6
20/06/2022 17:05;123,59;123,72;123,47;123,64
20/06/2022 16:00;123,34;123,85;123,33;123,59
20/06/2022 15:00;123,27;123,57;123,14;123,34
20/06/2022 14:00;123,02;123,46;122,94;123,33
20/06/2022 13:00;122,99;123,28;122,94;123,06
20/06/2022 12:00;122,95;123,1;122,94;122,98
20/06/2022 11:00;122,99;123,14;122,81;122,94
20/06/2022 10:00;123,01;123,29;122,69;122,91
20/06/2022 09:00;121,77;123,04;121,18;122,99
17/06/2022 17:05;122,54;122,73;121,92;121,96
17/06/2022 16:00;122,22;122,81;122,16;122,39
17/06/2022 15:00;122,08;122,35;121,78;122,28
17/06/2022 14:00;122,08;122,73;121,91;122,08
17/06/2022 13:00;122,43;122,55;121,78;122,11
17/06/2022 12:00;122,77;122,88;122,29;122,48
17/06/2022 11:00;123,01;123,19;122,6;122,75
17/06/2022 10:00;123,4;123,7;122,94;122,95
17/06/2022 09:00;121,91;123,51;121,85;123,38
15/06/2022 17:05;120,78;120,91;120,36;120,66
15/06/2022 16:00;121,04;121,09;120,6;120,95
15/06/2022 15:00;121,47;121,77;120,51;120,99
15/06/2022 14:00;121,57;121,61;121,34;121,38
15/06/2022 13:00;121,38;121,65;121,29;121,53
15/06/2022 12:00;121,59;121,9;121,31;121,44
15/06/2022 11:00;120,86;121,61;120,75;121,59
15/06/2022 10:00;119,92;120,84;119,76;120,84
15/06/2022 09:00;119,71;120,86;119,31;119,91
14/06/2022 17:05;119,82;120,53;119,46;119,61
14/06/2022 16:00;119,78;120,05;119,55;119,88
14/06/2022 15:00;119,8;120;119,55;119,76
14/06/2022 14:00;119,31;120,06;119,29;119,79
14/06/2022 13:00;119,16;119,41;118,97;119,32
14/06/2022 12:00;119,23;119,23;118,97;119,1
14/06/2022 11:00;119,11;119,36;118,97;119,23
14/06/2022 10:00;119,03;119,29;118,64;119,1
14/06/2022 09:00;119,49;119,74;118,27;119,02
13/06/2022 17:05;119,62;119,75;119,31;119,5
13/06/2022 16:00;119,78;119,98;119,63;119,71
13/06/2022 15:00;119,93;120,34;119,71;119,83
13/06/2022 14:00;119,71;120,28;119,59;119,88
13/06/2022 13:00;119,95;120,17;119,42;119,72
13/06/2022 12:00;119,87;120,44;119,82;119,95
13/06/2022 11:00;119,58;120,58;119,55;119,89
13/06/2022 10:00;119,46;119,88;118,99;119,57
13/06/2022 09:00;121,25;121,36;118,85;119,49
10/06/2022 17:05;120,21;121,12;119,58;121,12
10/06/2022 16:00;119,84;120,78;119,82;120,05
10/06/2022 15:00;120,4;120,57;119,75;119,82
10/06/2022 14:00;121,25;121,34;120,34;120,34
10/06/2022 13:00;121,21;121,66;120,75;121,26
10/06/2022 12:00;121,68;121,9;121;121,21
10/06/2022 11:00;121,38;121,83;120,71;121,63
10/06/2022 10:00;121,2;122,12;120,92;121,51
10/06/2022 09:00;121,12;122,02;120,84;121,23
09/06/2022 17:05;120,7;121,1;120,66;120,99
09/06/2022 16:00;120,99;121,12;120,51;120,77
09/06/2022 15:00;121,05;121,21;120,4;120,99
09/06/2022 14:00;121,08;121,25;120,82;121,07
09/06/2022 13:00;121,51;121,77;120,48;121,09
09/06/2022 12:00;120,32;121,64;120,32;121,51
09/06/2022 11:00;119,25;120,34;119,25;120,31
09/06/2022 10:00;119,03;119,52;118,79;119,32
09/06/2022 09:00;118,63;120,06;118,23;119,02
08/06/2022 17:05;119,31;119,76;119,03;119,36
08/06/2022 16:00;119,68;119,68;118,5;119,29
08/06/2022 15:00;119,57;119,92;119,42;119,68
08/06/2022 14:00;119,75;120,21;119,16;119,55
08/06/2022 13:00;120,92;120,92;119,63;119,75
08/06/2022 12:00;121,47;121,68;120,74;120,92
08/06/2022 11:00;121,7;122,15;121,23;121,5
08/06/2022 10:00;121,96;121,96;120,74;121,74
08/06/2022 09:00;121,36;122,55;121,25;121,96
07/06/2022 17:05;120,47;120,58;119,55;119,68
07/06/2022 16:00;120,3;120,69;120,04;120,47
07/06/2022 15:00;119,59;120,34;119,41;120,34
07/06/2022 14:00;118,71;119,63;118,62;119,59
07/06/2022 13:00;118,49;118,83;118,41;118,71
07/06/2022 12:00;118,34;118,72;118,2;118,49
07/06/2022 11:00;118,33;118,47;117,89;118,34
07/06/2022 10:00;116,56;118,38;116,49;118,34
07/06/2022 09:00;116,29;116,86;115,91;116,51
06/06/2022 17:05;116,47;117,21;115,93;116,38
06/06/2022 16:00;117,16;117,2;116,59;116,59
06/06/2022 15:00;116,9;117,2;116,88;117,18
06/06/2022 14:00;117,12;117,29;116,79;116,95
06/06/2022 13:00;116,75;117,2;116,62;117,08
06/06/2022 12:00;116,78;117,17;116,57;116,82
06/06/2022 11:00;116,57;116,92;116,31;116,75
06/06/2022 10:00;116,95;117,43;116,4;116,57
06/06/2022 09:00;116,18;117,08;116,12;117
03/06/2022 17:05;115,87;115,91;115,53;115,54
03/06/2022 16:00;115,78;115,92;115,54;115,74
03/06/2022 15:00;116,19;116,4;115,65;115,78
03/06/2022 14:00;115,91;116,29;115,76;116,14
03/06/2022 13:00;115,83;116,04;115,73;115,91
03/06/2022 12:00;115,97;116,21;115,82;115,86
03/06/2022 11:00;116,18;116,18;115,73;116,03
03/06/2022 10:00;116,34;116,51;115,97;116,21
03/06/2022 09:00;116,43;117,47;116,03;116,34
02/06/2022 17:05;116,73;116,82;116,43;116,79
02/06/2022 16:00;116,57;116,69;116,3;116,44
02/06/2022 15:00;116,66;116,94;116,56;116,59
02/06/2022 14:00;116,49;116,85;116,42;116,66
02/06/2022 13:00;116,69;116,85;116,3;116,51
02/06/2022 12:00;116,94;117,03;116,62;116,75
02/06/2022 11:00;117,21;117,55;116,75;116,92
02/06/2022 10:00;117,41;117,98;117,15;117,26
02/06/2022 09:00;116,81;118,49;116,52;117,33
01/06/2022 17:05;116,92;117,34;116,82;117,21
01/06/2022 16:00;117,15;117,31;116,95;116,95
01/06/2022 15:00;117,37;117,67;117,12;117,15
01/06/2022 14:00;117,68;117,68;117,08;117,41
01/06/2022 13:00;117,17;117,99;117,12;117,68
01/06/2022 12:00;117,84;117,86;116,83;117,15
01/06/2022 11:00;118,34;118,6;117,65;117,84
01/06/2022 10:00;119,01;119,02;118,19;118,36
01/06/2022 09:00;119,05;119,42;118,54;118,96
31/05/2022 17:05;119,48;119,78;119,39;119,44
31/05/2022 16:00;119,66;119,87;119,63;119,7
31/05/2022 15:00;119,8;120,08;119,52;119,65
31/05/2022 14:00;119,54;119,93;119,39;119,82
31/05/2022 13:00;119,66;119,76;119,29;119,57
31/05/2022 12:00;120,09;120,19;119,52;119,67
31/05/2022 11:00;120,34;120,39;120,08;120,09
31/05/2022 10:00;120,86;120,86;120,1;120,32
31/05/2022 09:00;120,48;121,04;119,96;120,86
30/05/2022 17:05;120,84;121,09;120,73;121,08
30/05/2022 16:00;121,03;121,03;120,64;120,86
30/05/2022 15:00;121,44;121,46;120,94;120,94
30/05/2022 14:00;121,51;121,51;120,78;121,38
30/05/2022 13:00;121,66;121,89;121,31;121,51
30/05/2022 12:00;122,35;122,35;121,52;121,64
30/05/2022 11:00;122,24;122,62;122,16;122,32
30/05/2022 10:00;122,35;122,54;121,91;122,25
30/05/2022 09:00;123,85;124,36;122,29;122,33
27/05/2022 17:05;123,66;123,7;123,03;123,54
27/05/2022 16:00;123,16;123,5;122,52;123,46
27/05/2022 15:00;123,25;123,64;122,75;123,2
27/05/2022 14:00;121,98;123,29;121,98;123,23
27/05/2022 13:00;121,81;122,15;121,72;122,03
27/05/2022 12:00;121,48;122,25;121,46;121,74
27/05/2022 11:00;121,12;122,02;121,12;121,43
27/05/2022 10:00;120,56;121,29;120,48;121,13
27/05/2022 09:00;121,77;122;120,4;120,56
26/05/2022 17:05;121,43;121,77;121,43;121,69
26/05/2022 16:00;121,79;121,96;121,44;121,57
26/05/2022 15:00;122,15;122,22;121,64;121,69
26/05/2022 14:00;122,22;122,35;121,94;122,09
26/05/2022 13:00;122,28;122,35;121,94;122,28
26/05/2022 12:00;121,66;122,39;121,52;122,28
26/05/2022 11:00;121,57;121,94;121,51;121,7
26/05/2022 10:00;121,81;121,81;121,33;121,57
26/05/2022 09:00;121,96;122,16;121,25;121,76
25/05/2022 17:05;122,46;122,77;122,22;122,42
25/05/2022 16:00;123,36;123,42;122,67;122,82
25/05/2022 15:00;123,15;123,66;123,1;123,34
25/05/2022 14:00;123,6;123,92;122,94;123,12
25/05/2022 13:00;123,4;123,72;123,33;123,62
25/05/2022 12:00;123,8;123,89;123,33;123,46
25/05/2022 11:00;123,25;124,07;123,16;123,64
25/05/2022 10:00;123,15;123,38;122,55;123,2
25/05/2022 09:00;123,97;124,11;122,81;123,14
24/05/2022 17:05;125,55;125,6;124,83;125,02
24/05/2022 16:00;124,76;125,34;124,66;125,15
24/05/2022 15:00;125,14;125,27;124,27;124,76
24/05/2022 14:00;124,91;125,52;124,52;125,02
24/05/2022 13:00;124,84;125,64;124,06;124,86
24/05/2022 12:00;125,15;126,65;124,74;124,74
24/05/2022 11:00;124,35;125,15;124,27;125,14
24/05/2022 10:00;123,9;125,68;123,85;124,32
24/05/2022 09:00;121,9;124,11;121,64;123,9
23/05/2022 17:05;122,03;122,26;121,77;121,9
23/05/2022 16:00;122,29;122,55;121,83;122,26
23/05/2022 15:00;122,42;122,69;122,16;122,26
23/05/2022 14:00;122,68;122,84;122,22;122,38
23/05/2022 13:00;122,77;122,94;122,68;122,68
23/05/2022 12:00;122,88;122,94;122,65;122,78
23/05/2022 11:00;122,24;122,91;122,16;122,88
23/05/2022 10:00;122,5;122,64;122,16;122,26
23/05/2022 09:00;122,94;123,08;122,2;122,52
20/05/2022 17:05;123,21;123,33;123,14;123,14
20/05/2022 16:00;123,11;123,36;123,07;123,33
20/05/2022 15:00;123,92;123,92;123,11;123,11
20/05/2022 14:00;123,44;124,15;123,42;123,88
20/05/2022 13:00;123,44;123,64;123,4;123,46
20/05/2022 12:00;123,54;123,66;123,24;123,4
20/05/2022 11:00;123,2;123,59;123,1;123,59
20/05/2022 10:00;123,4;123,98;122,72;123,2
20/05/2022 09:00;123,58;123,9;123,14;123,33
19/05/2022 17:05;124,37;124,7;123,89;123,89
19/05/2022 16:00;124,88;125,42;124,18;124,31
19/05/2022 15:00;123,83;124,88;123,81;124,87
19/05/2022 14:00;124,13;124,37;123,72;123,76
19/05/2022 13:00;124,18;124,49;124,05;124,11
19/05/2022 12:00;123,89;124,24;123,49;124,09
19/05/2022 11:00;124,15;124,88;123,71;124
19/05/2022 10:00;123,53;124,57;123,07;124,13
19/05/2022 09:00;125,61;125,61;123,45;123,54
18/05/2022 17:05;125,17;125,92;124,5;125,87
18/05/2022 16:00;124,97;126,07;124,96;125,22
18/05/2022 15:00;125,14;125,3;124,67;125,01
18/05/2022 14:00;124,44;125,42;123,93;125,14
18/05/2022 13:00;124,18;124,91;124,05;124,44
18/05/2022 12:00;124,16;124,37;123,93;124,16
18/05/2022 11:00;124,44;125,22;124,13;124,16
18/05/2022 10:00;125,44;125,51;124,27;124,37
18/05/2022 09:00;126,2;126,31;123,31;125,45
17/05/2022 17:05;126,59;127,28;126,5;127,24
17/05/2022 16:00;127,56;127,62;126,34;126,77
17/05/2022 15:00;128,25;128,25;127,37;127,54
17/05/2022 14:00;128,38;128,4;127,89;128,25
17/05/2022 13:00;127,98;128,61;127,76;128,42
17/05/2022 12:00;128,5;128,8;127,85;127,89
17/05/2022 11:00;128,87;128,87;128,1;128,54
17/05/2022 10:00;128,29;129,52;127,79;128,87
17/05/2022 09:00;130,23;130,49;128,28;128,29
16/05/2022 17:05;131,02;131,28;130,53;130,62
16/05/2022 16:00;130,92;131,15;130,69;131,02
16/05/2022 15:00;130,69;131,05;130,53;130,94
16/05/2022 14:00;130,86;131,15;130,69;130,73
16/05/2022 13:00;130,73;130,95;130,34;130,83
16/05/2022 12:00;130,29;131,08;129,87;130,75
16/05/2022 11:00;130,16;130,34;129,63;130,25
16/05/2022 10:00;129,4;130,36;129,28;130,1
16/05/2022 09:00;128,42;129,48;127,88;129,32
13/05/2022 17:05;126,59;126,83;125,94;125,95
13/05/2022 16:00;127,72;127,72;126,64;126,85
13/05/2022 15:00;126,01;127,81;125,56;127,63
13/05/2022 14:00;127,95;127,95;125,96;126,07
13/05/2022 13:00;128,42;128,98;127,9;127,95
13/05/2022 12:00;128,46;129,65;128,15;128,42
13/05/2022 11:00;129,45;129,45;127,47;128,5
13/05/2022 10:00;129,74;130,1;129,32;129,4
13/05/2022 09:00;129,74;130,1;129,09;129,78
12/05/2022 17:05;128,89;128,93;128,49;128,8
12/05/2022 16:00;128,63;128,89;128,54;128,68
12/05/2022 15:00;128,45;129,15;128,33;128,63
12/05/2022 14:00;127,58;128,8;127,47;128,44
12/05/2022 13:00;128,05;128,48;127,17;127,59
12/05/2022 12:00;127,11;128,22;127;128,07
12/05/2022 11:00;126,65;127,21;126,55;127,11
12/05/2022 10:00;126,89;126,99;126,26;126,64
12/05/2022 09:00;126,98;127,89;126,46;126,91
11/05/2022 17:05;127,37;127,45;126,07;126,08
11/05/2022 16:00;126,99;127,43;126,07;127,1
11/05/2022 15:00;127,95;127,98;126,98;126,98
11/05/2022 14:00;127,38;128,02;126,74;127,94
11/05/2022 13:00;127,58;127,76;127,26;127,37
11/05/2022 12:00;127,51;127,75;127,24;127,55
11/05/2022 11:00;127,13;127,75;127,08;127,5
11/05/2022 10:00;128,1;128,15;126,73;127,13
11/05/2022 09:00;126,46;128,54;126,46;128,1
10/05/2022 17:05;126,65;127,62;126,33;126,33
10/05/2022 16:00;125,82;126,33;125,82;126,33
10/05/2022 15:00;124,82;126;124,48;125,94
10/05/2022 14:00;123,76;125,42;123,72;124,78
10/05/2022 13:00;123,74;124,24;123,54;123,75
10/05/2022 12:00;123,31;123,97;122,97;123,72
10/05/2022 11:00;122,33;123,32;122,16;123,32
10/05/2022 10:00;121,66;122,37;121,66;122,37
10/05/2022 09:00;121,51;122,42;121,26;121,68
09/05/2022 17:05;121,82;122,02;121,59;121,96
09/05/2022 16:00;121,52;121,69;121,25;121,65
09/05/2022 15:00;121,68;122;121,42;121,56
09/05/2022 14:00;121,53;121,65;121,38;121,65
09/05/2022 13:00;121,63;121,92;121,56;121,56
09/05/2022 12:00;121,83;122,55;121,38;121,6
09/05/2022 11:00;122,68;123,06;121,66;121,9
09/05/2022 10:00;122,11;122,84;121,2;122,73
09/05/2022 09:00;122,58;122,58;121,77;122,09
06/05/2022 17:05;122,73;123,45;122,72;123,14
06/05/2022 16:00;122,81;123,07;122,55;123,04
06/05/2022 15:00;122,45;122,91;122,16;122,76
06/05/2022 14:00;123,1;123,1;122,29;122,42
06/05/2022 13:00;123,11;123,45;123,01;123,12
06/05/2022 12:00;123,6;123,6;122,94;123,19
06/05/2022 11:00;123,37;123,98;123,33;123,63
06/05/2022 10:00;124,5;124,5;123,21;123,38
06/05/2022 09:00;124,09;124,75;122,85;124,5
05/05/2022 17:05;123,72;124,57;123,66;124,37
05/05/2022 16:00;123,5;124,11;123,02;124,11
05/05/2022 15:00;123,24;123,58;123,03;123,49
05/05/2022 14:00;123,34;123,44;122,62;123,27
05/05/2022 13:00;123,63;123,66;123,34;123,34
05/05/2022 12:00;123,59;123,83;123,33;123,59
05/05/2022 11:00;123,77;124,18;123,16;123,6
05/05/2022 10:00;122,5;123,92;122,5;123,72
05/05/2022 09:00;122,45;123,27;122,06;122,5
04/05/2022 17:05;122,45;122,56;122,2;122,55
04/05/2022 16:00;122,3;122,62;122,27;122,62
04/05/2022 15:00;123,14;123,3;122,34;122,34
04/05/2022 14:00;122,85;123,12;122,75;123,03
04/05/2022 13:00;123,19;123,23;122,74;122,79
04/05/2022 12:00;123,38;123,38;123,11;123,16
04/05/2022 11:00;123,29;123,37;123,09;123,3
04/05/2022 10:00;123,41;123,71;123,12;123,19
04/05/2022 09:00;122,62;123,68;122,22;123,44
03/05/2022 17:05;122,94;123,38;122,82;123,3
03/05/2022 16:00;123,64;123,85;123,3;123,57
03/05/2022 15:00;123,82;123,96;123,3;123,62
03/05/2022 14:00;124,12;124,27;123,72;123,77
03/05/2022 13:00;124,82;125,01;124,01;124,12
03/05/2022 12:00;124,53;124,93;124,4;124,85
03/05/2022 11:00;125,22;125,45;124,46;124,55
03/05/2022 10:00;125,29;125,56;124,67;125,29
03/05/2022 09:00;125,33;126,04;124,6;125,23
02/05/2022 17:05;125,96;126,3;125,92;125,92
02/05/2022 16:00;125,75;126,03;125,63;125,97
02/05/2022 15:00;125,33;125,9;124,96;125,74
02/05/2022 14:00;125,37;125,59;125,22;125,33
02/05/2022 13:00;125,82;125,99;125,36;125,36
02/05/2022 12:00;125,75;126,01;125,56;125,9
02/05/2022 11:00;125,67;125,99;125,41;125,88
02/05/2022 10:00;125,99;126,27;125,22;125,6
02/05/2022 09:00;125,51;126,29;125,09;126,01
29/04/2022 17:05;126,85;126,94;125,82;126,03
29/04/2022 16:00;126,31;126,52;126,31;126,44
29/04/2022 15:00;126,34;126,59;125,9;126,33
29/04/2022 14:00;126,73;127;126,2;126,31
29/04/2022 13:00;126,42;127,14;126,19;126,75
29/04/2022 12:00;126,44;126,73;126,04;126,26
29/04/2022 11:00;125,53;126,55;125,37;126,37
29/04/2022 10:00;125,46;126,18;125,09;125,53
29/04/2022 09:00;125,55;126,03;124,45;125,36
28/04/2022 17:05;125,25;125,62;124,81;125,62
28/04/2022 16:00;125,56;125,85;125,22;125,57
28/04/2022 15:00;127,22;127,23;125,22;125,51
28/04/2022 14:00;127,73;127,96;127,16;127,26
28/04/2022 13:00;127,52;127,96;127,27;127,82
28/04/2022 12:00;127,62;127,99;127,14;127,52
28/04/2022 11:00;126,56;127,62;126,53;127,62
28/04/2022 10:00;126,18;126,93;125,89;126,63
28/04/2022 09:00;125,63;126,42;124,74;126,18
27/04/2022 17:05;127,42;127,42;126,33;127
27/04/2022 16:00;128,15;128,31;127,71;127,81
27/04/2022 15:00;127,99;128,26;127,7;128,16
27/04/2022 14:00;129,37;129,47;127,63;127,99
27/04/2022 13:00;129,4;129,74;129,33;129,33
27/04/2022 12:00;129,96;130,08;129,1;129,45
27/04/2022 11:00;128,67;130,12;128,62;129,89
27/04/2022 10:00;129,33;129,34;128,59;128,67
27/04/2022 09:00;129,38;130,41;128,41;129,34
26/04/2022 17:05;130,56;130,56;129,26;129,81
26/04/2022 16:00;130,55;130,7;130,16;130,38
26/04/2022 15:00;129,85;130,51;129,78;130,51
26/04/2022 14:00;129,57;129,83;129,11;129,82
26/04/2022 13:00;129,53;130,12;129,25;129,55
26/04/2022 12:00;129,49;129,78;129,19;129,56
26/04/2022 11:00;130,1;130,18;128,89;129,47
26/04/2022 10:00;129,94;130,52;129,85;130,18
26/04/2022 09:00;129,89;130,82;129,7;129,9
25/04/2022 17:05;128,37;129,94;128,37;129,86
25/04/2022 16:00;128,42;128,51;128,23;128,41
25/04/2022 15:00;128,16;128,55;127,89;128,45
25/04/2022 14:00;128,23;128,59;128,16;128,16
25/04/2022 13:00;127,81;128,34;127,79;128,27
25/04/2022 12:00;127,41;127,96;127,08;127,82
25/04/2022 11:00;127;127,74;126,83;127,31
25/04/2022 10:00;126,33;127,05;126,04;126,86
25/04/2022 09:00;126,55;127,41;126,2;126,38
22/04/2022 17:05;126,85;126,93;126,41;126,46
22/04/2022 16:00;126,53;126,9;126,12;126,6
22/04/2022 15:00;125,56;126,55;125,37;126,49
22/04/2022 14:00;125,63;125,72;125,31;125,56
22/04/2022 13:00;125,37;125,75;125,31;125,63
22/04/2022 12:00;125,92;125,92;125,31;125,37
22/04/2022 11:00;126,16;126,22;125,44;125,88
22/04/2022 10:00;126,22;126,55;125,9;126,15
22/04/2022 09:00;125,9;126,55;124,94;126,2
20/04/2022 17:05;126,09;126,42;125,9;126,16
20/04/2022 16:00;125,46;126,18;125,36;126,08
20/04/2022 15:00;125,09;125,56;124,68;125,46
20/04/2022 14:00;125,37;125,46;125,05;125,14
20/04/2022 13:00;125,01;125,62;124,89;125,4
20/04/2022 12:00;125,08;125,18;124,89;125
20/04/2022 11:00;125,37;125,56;124,88;125,08
20/04/2022 10:00;125,49;125,7;125,19;125,42
20/04/2022 09:00;124,81;125,83;124,07;125,55
19/04/2022 17:05;124,74;124,74;124,33;124,46
19/04/2022 16:00;124,09;124,64;123,82;124,53
19/04/2022 15:00;124,33;124,64;123,51;124,19
19/04/2022 14:00;124,55;124,75;124,19;124,26
19/04/2022 13:00;124,09;124,81;124,05;124,53
19/04/2022 12:00;123,83;124,48;123,75;124,05
19/04/2022 11:00;123,35;123,92;123,25;123,83
19/04/2022 10:00;123,78;123,85;123,03;123,44
19/04/2022 09:00;122,89;124,11;120,71;123,78
18/04/2022 17:05;122,96;123,51;122,78;123,25
18/04/2022 16:00;123,26;123,44;122,88;122,93
18/04/2022 15:00;123,26;123,52;123,15;123,31
18/04/2022 14:00;123,34;123,89;123,25;123,27
18/04/2022 13:00;123,16;123,57;123,09;123,38
18/04/2022 12:00;122,68;123,29;122,67;123,15
18/04/2022 11:00;122,48;122,79;122,45;122,63
18/04/2022 10:00;122,82;122,96;122,12;122,46
18/04/2022 09:00;122,07;123,08;122,04;122,83
14/04/2022 17:05;121,23;121,93;121,23;121,71
14/04/2022 16:00;120,81;121,45;120,77;121,38
14/04/2022 15:00;120,78;120,83;120,46;120,83
14/04/2022 14:00;120,67;121,01;120,64;120,78
14/04/2022 13:00;120,56;120,77;120,22;120,72
14/04/2022 12:00;120,85;121,19;120,49;120,56
14/04/2022 11:00;120,57;120,9;120,38;120,83
14/04/2022 10:00;120,48;120,82;120,11;120,56
14/04/2022 09:00;120,7;120,92;119,92;120,56
13/04/2022 17:05;120,51;120,56;120,01;120,38
13/04/2022 16:00;120,41;120,81;120,29;120,49
13/04/2022 15:00;120,42;121,04;120,09;120,35
13/04/2022 14:00;119,33;120,48;118,96;120,42
13/04/2022 13:00;119,68;119,81;118,51;119,33
13/04/2022 12:00;119,89;120,22;119,44;119,67
13/04/2022 11:00;119,72;119,97;119,6;119,89
13/04/2022 10:00;119,26;119,81;119,05;119,72
13/04/2022 09:00;119,6;120;118,7;119,2
12/04/2022 17:05;120,83;121,04;120,44;120,56
12/04/2022 16:00;120,01;120,9;120,01;120,85
12/04/2022 15:00;120,15;120,35;119,81;120,04
12/04/2022 14:00;119,56;120,15;119,53;120,11
12/04/2022 13:00;119,7;119,79;119,19;119,59
12/04/2022 12:00;120,08;120,38;119,66;119,74
12/04/2022 11:00;119,77;120,38;119,46;120,08
12/04/2022 10:00;119,4;119,81;119,05;119,74
12/04/2022 09:00;119,45;120,14;119,16;119,38
11/04/2022 17:05;119,05;119,34;119,05;119,18
11/04/2022 16:00;118,72;119,18;118,51;118,98
11/04/2022 15:00;118,46;118,92;118,33;118,77
11/04/2022 14:00;118,57;118,68;118,33;118,46
11/04/2022 13:00;118,72;118,97;118,52;118,52
11/04/2022 12:00;119,01;119,57;118,64;118,75
11/04/2022 11:00;118,23;119,07;118,09;119,01
11/04/2022 10:00;119,18;119,22;118,23;118,23
11/04/2022 09:00;119,49;120,49;119;119,12
08/04/2022 17:05;119,4;119,61;118,6;118,85
08/04/2022 16:00;119,03;119,6;119,03;119,4
08/04/2022 15:00;118,92;119,44;118,6;119,12
08/04/2022 14:00;119,27;119,38;118,78;118,96
08/04/2022 13:00;119,14;119,46;118,29;119,26
08/04/2022 12:00;119,33;119,71;118,94;119,16
08/04/2022 11:00;119,64;119,94;119,07;119,37
08/04/2022 10:00;118,56;119,78;118,53;119,66
08/04/2022 09:00;118,2;118,83;117,98;118,61
07/04/2022 17:05;117,96;119,12;117,83;118,23
07/04/2022 16:00;118,72;119,03;118,37;118,51
07/04/2022 15:00;118,61;119,33;118,51;118,67
07/04/2022 14:00;118,37;118,86;118,22;118,66
07/04/2022 13:00;118,29;118,44;118,09;118,37
07/04/2022 12:00;118,18;118,63;118,08;118,38
07/04/2022 11:00;118,18;118,44;117,9;118,19
07/04/2022 10:00;117,96;118,74;117,85;118,3
07/04/2022 09:00;120,11;120,15;117,57;117,97
06/04/2022 17:05;120,56;120,63;120,16;120,56
06/04/2022 16:00;120,18;120,9;119,64;120,31
06/04/2022 15:00;120,01;120,55;119,34;120,19
06/04/2022 14:00;121,51;121,78;119,89;120,01
06/04/2022 13:00;121,83;121,88;121,11;121,42
06/04/2022 12:00;122,03;122,2;121,83;121,83
06/04/2022 11:00;122,07;122,46;121,77;121,96
06/04/2022 10:00;120,93;122,18;120,92;122,07
06/04/2022 09:00;120,29;121,51;119,72;120,97
05/04/2022 17:05;121,25;121,66;121,25;121,66
05/04/2022 16:00;120,85;121,37;120,83;121,25
05/04/2022 15:00;121,18;121,44;120,66;120,83
05/04/2022 14:00;120,81;121,63;120,56;121,22
05/04/2022 13:00;120,48;120,88;120,33;120,81
05/04/2022 12:00;121,27;121,38;120,16;120,35
05/04/2022 11:00;121,19;121,66;121,11;121,25
05/04/2022 10:00;120,26;121,68;120,23;121,31
05/04/2022 09:00;119,14;120,42;119;120,22
04/04/2022 17:05;119,33;119,67;118,94;119,2
04/04/2022 16:00;119,9;119,98;119,2;119,4
04/04/2022 15:00;120,22;120,42;119,88;119,89
04/04/2022 14:00;120,05;120,29;119,94;120,29
04/04/2022 13:00;120,64;120,7;119,89;120,08
04/04/2022 12:00;120,03;120,7;119,75;120,63
04/04/2022 11:00;119,61;120,29;119,61;120,03
04/04/2022 10:00;120,03;120,48;119,61;119,64
04/04/2022 09:00;122,22;122,55;119,9;120,03
01/04/2022 17:05;122,53;122,82;121,56;121,98
01/04/2022 16:00;121,93;122,38;121,53;122,33
01/04/2022 15:00;121,86;122,03;121,66;121,93
01/04/2022 14:00;121,83;122,07;121,42;121,85
01/04/2022 13:00;122,07;122,16;121,33;121,86
01/04/2022 12:00;121,93;122,41;121,53;122,07
01/04/2022 11:00;121,38;122,18;121;122
01/04/2022 10:00;122,77;122,96;121;121,3
01/04/2022 09:00;125,74;125,9;122,22;122,77
31/03/2022 17:05;125,19;125,22;125;125,22
31/03/2022 16:00;124,89;125,36;124,88;125,2
31/03/2022 15:00;124,88;125,08;124,74;124,89
31/03/2022 14:00;124,6;124,99;124,26;124,82
31/03/2022 13:00;123,9;125,22;123,89;124,66
31/03/2022 12:00;123,79;124,11;123,64;123,92
31/03/2022 11:00;123,74;123,9;123,51;123,79
31/03/2022 10:00;123,22;124,19;123,22;123,83
31/03/2022 09:00;123,03;124,4;122,9;123,25
30/03/2022 17:05;121,82;122,48;121,82;122,48
30/03/2022 16:00;120,57;121,93;119,88;121,85
30/03/2022 15:00;122,09;122,2;120,56;120,57
30/03/2022 14:00;122,44;122,75;121,45;122,11
30/03/2022 13:00;120,86;122,63;120,79;122,42
30/03/2022 12:00;121,42;121,59;120,59;120,97
30/03/2022 11:00;120,29;121,66;120,16;121,52
30/03/2022 10:00;120,41;120,49;119,96;120,29
30/03/2022 09:00;119,37;120,74;119,37;120,41
29/03/2022 17:05;118,38;119,67;118,31;119,19
29/03/2022 16:00;118,35;118,83;118,03;118,4
29/03/2022 15:00;119,07;119,41;118;118,37
29/03/2022 14:00;120,44;120,44;118,85;118,85
29/03/2022 13:00;120,26;120,56;119,57;120,42
29/03/2022 12:00;120,57;120,57;119,88;120,2
29/03/2022 11:00;120,66;121,11;120,29;120,57
29/03/2022 10:00;123;123,01;120,29;120,57
29/03/2022 09:00;122,2;123,09;121,94;122,94
28/03/2022 17:05;123,03;123,3;122,27;122,34
28/03/2022 16:00;124,41;124,41;122,9;123,08
28/03/2022 15:00;125,86;125,92;124,41;124,41
28/03/2022 14:00;126,81;126,9;125,83;125,9
28/03/2022 13:00;126,49;126,93;126,36;126,85
28/03/2022 12:00;127,75;128,08;126,45;126,49
28/03/2022 11:00;126,45;127,94;126,44;127,74
28/03/2022 10:00;125,66;126,56;125,56;126,38
28/03/2022 09:00;126,7;126,99;124,9;125,66
25/03/2022 17:05;127,93;128,62;127,68;128,27
25/03/2022 16:00;128,29;128,37;127,22;127,99
25/03/2022 15:00;128,75;129,34;127,94;128,23
25/03/2022 14:00;129,04;129,37;128,1;128,73
25/03/2022 13:00;128,82;129,66;128,6;129
25/03/2022 12:00;130,03;130,34;128,53;128,74
25/03/2022 11:00;132,33;132,41;129,96;130,03
25/03/2022 10:00;132,27;132,45;132,07;132,27
25/03/2022 09:00;133,21;133,21;131,93;132,27
24/03/2022 17:05;133,3;133,71;132,79;132,89
24/03/2022 16:00;133,03;133,47;133,03;133,44
24/03/2022 15:00;132,88;133,1;132,74;133,03
24/03/2022 14:00;133,15;133,21;132,77;132,88
24/03/2022 13:00;133,03;133,51;132,99;133,16
24/03/2022 12:00;132,89;133,34;132,82;132,97
24/03/2022 11:00;133,38;133,58;132,64;132,88
24/03/2022 10:00;133,94;133,97;133,3;133,4
24/03/2022 09:00;134,19;134,38;133,16;133,94
23/03/2022 17:05;134,86;134,86;134,56;134,6
23/03/2022 16:00;134,71;135,18;134,68;134,85
23/03/2022 15:00;134,47;134,78;134,47;134,75
23/03/2022 14:00;135,07;135,19;134,47;134,51
23/03/2022 13:00;135,36;135,63;134,96;135,07
23/03/2022 12:00;136,19;136,19;135,22;135,36
23/03/2022 11:00;136,58;136,64;135,66;136,15
23/03/2022 10:00;135,75;136,73;135,55;136,59
23/03/2022 09:00;136,32;136,58;135,31;135,77
22/03/2022 17:05;136,3;136,7;136,23;136,45
22/03/2022 16:00;136,4;136,4;136,05;136,3
22/03/2022 15:00;136,52;136,59;136,21;136,48
22/03/2022 14:00;137,34;137,36;136,47;136,55
22/03/2022 13:00;137,63;137,69;137,22;137,34
22/03/2022 12:00;137,51;137,73;137,21;137,58
22/03/2022 11:00;137,62;138;137,38;137,47
22/03/2022 10:00;137,4;137,9;137,21;137,59
22/03/2022 09:00;139,15;139,53;137,32;137,41
21/03/2022 17:05;138,77;138,99;138,4;138,97
21/03/2022 16:00;138,89;139,11;138,69;138,78
21/03/2022 15:00;139,15;139,29;138,84;138,89
21/03/2022 14:00;138,88;139,34;138,88;139,07
21/03/2022 13:00;138,92;139,06;138,58;138,81
21/03/2022 12:00;138,92;139,11;138,78;138,92
21/03/2022 11:00;139,03;139,38;138,7;138,92
21/03/2022 10:00;139,3;139,3;138,6;138,97
21/03/2022 09:00;139,47;139,74;139,04;139,3
18/03/2022 17:05;138,88;138,89;138,51;138,77
18/03/2022 16:00;138,92;138,96;138,66;138,66
18/03/2022 15:00;138,79;139,23;138,74;138,85
18/03/2022 14:00;139,06;139,06;138,6;138,79
18/03/2022 13:00;138,99;139,18;138,95;139,01
18/03/2022 12:00;139,03;139,34;138,92;139
18/03/2022 11:00;139,1;139,38;138,88;139,08
18/03/2022 10:00;139,56;139,59;139,06;139,1
18/03/2022 09:00;139,99;140,22;139,37;139,56
17/03/2022 17:05;140,11;140,27;139,93;140,19
17/03/2022 16:00;140,16;140,62;140;140,27
17/03/2022 15:00;140,3;140,49;139,75;140,16
17/03/2022 14:00;140,97;140,97;140,03;140,29
17/03/2022 13:00;141,12;141,26;140,86;140,96
17/03/2022 12:00;141,12;141,36;140,99;141,12
17/03/2022 11:00;141,34;141,52;141,12;141,12
17/03/2022 10:00;141,18;141,48;141,12;141,43
17/03/2022 09:00;140,97;141,52;140,56;141,18
16/03/2022 17:05;140,34;140,7;140,32;140,67
16/03/2022 16:00;140,51;140,84;140,43;140,84
16/03/2022 15:00;140,86;140,97;140,41;140,51
16/03/2022 14:00;140,41;141,11;140,4;140,92
16/03/2022 13:00;140,74;140,74;140,29;140,41
16/03/2022 12:00;140,66;140,89;140,43;140,66
16/03/2022 11:00;141,95;141,95;140,3;140,6
16/03/2022 10:00;141,81;142,16;141,69;141,95
16/03/2022 09:00;141,66;142,29;140,97;141,81
15/03/2022 17:05;142,45;142,48;142,01;142,34
15/03/2022 16:00;142,48;142,49;142,29;142,34
15/03/2022 15:00;142,82;142,88;142,41;142,49
15/03/2022 14:00;142,56;142,99;142,47;142,81
15/03/2022 13:00;142,64;142,69;142,4;142,56
15/03/2022 12:00;142,27;142,69;142,21;142,62
15/03/2022 11:00;142,27;142,63;142,23;142,27
15/03/2022 10:00;142,07;142,82;141,96;142,25
15/03/2022 09:00;142,62;142,88;141,93;142,07
14/03/2022 17:05;143,19;143,51;143,19;143,51
14/03/2022 16:00;143,3;143,41;142,97;143,29
14/03/2022 15:00;143,03;143,41;142,96;143,3
14/03/2022 14:00;142,45;143,1;142,29;143,03
14/03/2022 13:00;142,23;142,56;141,89;142,48
14/03/2022 12:00;142,86;142,89;142,21;142,22
14/03/2022 11:00;142,97;143,03;142,64;142,89
14/03/2022 10:00;143,03;143,12;142,85;142,97
14/03/2022 09:00;143,1;143,56;142,43;143,03
11/03/2022 17:05;142,93;143,03;142,52;143
11/03/2022 16:00;142,92;143,15;142,89;143,03
11/03/2022 15:00;142,78;143,03;142,71;143
11/03/2022 14:00;142,75;142,97;142,62;142,8
11/03/2022 13:00;142,73;142,96;142,67;142,77
11/03/2022 12:00;142,88;143,17;142,52;142,78
11/03/2022 11:00;141,95;143,03;141,81;142,88
11/03/2022 10:00;141,96;142,11;141,8;141,95
11/03/2022 09:00;142,12;142,29;141,53;142,01
10/03/2022 17:05;142,47;142,81;142,34;142,62
10/03/2022 16:00;142,59;142,66;142,23;142,48
10/03/2022 15:00;142,6;142,69;142,37;142,58
10/03/2022 14:00;142,22;142,69;142,22;142,6
10/03/2022 13:00;141,77;142,34;141,74;142,22
10/03/2022 12:00;141,78;142,19;141,66;141,78
10/03/2022 11:00;142,62;142,86;141,66;141,78
10/03/2022 10:00;141,6;142,67;141,51;142,62
10/03/2022 09:00;141,38;142,01;140,85;141,56
09/03/2022 17:05;140,62;140,86;140,48;140,66
09/03/2022 16:00;140,49;140,9;140,36;140,56
09/03/2022 15:00;140,41;140,75;139,88;140,45
09/03/2022 14:00;141,58;141,73;140,1;140,38
09/03/2022 13:00;141,84;141,9;141,48;141,59
09/03/2022 12:00;141,63;142,06;141,56;141,84
09/03/2022 11:00;142,16;142,26;141,55;141,7
09/03/2022 10:00;142,29;142,32;141,8;142,14
09/03/2022 09:00;142,48;143,17;142,22;142,27
08/03/2022 17:05;143,22;143,48;142,77;142,99
08/03/2022 16:00;143,19;143,38;143,01;143,3
08/03/2022 15:00;142,52;143,71;141,95;143,17
08/03/2022 14:00;144,19;144,29;142,36;142,51
08/03/2022 13:00;144,26;144,45;144,01;144,22
08/03/2022 12:00;144,54;144,6;143,96;144,18
08/03/2022 11:00;144,12;144,81;144,1;144,52
08/03/2022 10:00;143,67;144,45;143,55;144,07
08/03/2022 09:00;144,54;144,66;143,1;143,73
07/03/2022 17:05;144,81;144,93;144,58;144,75
07/03/2022 16:00;143,95;144,67;143,9;144,36
07/03/2022 15:00;144,34;144,74;143,77;143,93
07/03/2022 14:00;144,06;144,47;143,86;144,33
07/03/2022 13:00;143,43;144,26;143,43;144,03
07/03/2022 12:00;143,45;144,1;143,07;143,44
07/03/2022 11:00;144,37;144,71;143,29;143,55
07/03/2022 10:00;145,22;145,47;144,3;144,4
07/03/2022 09:00;144,54;146,23;144,54;145,22
04/03/2022 17:05;143,17;143,85;143,06;143,06
04/03/2022 16:00;142,55;143,03;142,48;143
04/03/2022 15:00;142,29;142,86;142,03;142,58
04/03/2022 14:00;141,52;142,45;141,01;142,27
04/03/2022 13:00;143,4;143,7;141,43;141,51
04/03/2022 12:00;143,34;143,73;143,06;143,33
04/03/2022 11:00;142,63;143,38;142,3;143,36
04/03/2022 10:00;142,1;143,21;141,86;142,63
04/03/2022 09:00;140,16;142,34;139,92;142,04
03/03/2022 17:05;139,26;139,69;139,06;139,41
03/03/2022 16:00;138,77;139,33;138,71;139,16
03/03/2022 15:00;139,04;139,06;138,6;138,71
03/03/2022 14:00;138,71;139,19;138,71;139,03
03/03/2022 13:00;137,93;138,9;137,93;138,73
03/03/2022 12:00;137,97;137,97;137,56;137,92
03/03/2022 11:00;136,93;138,03;136,92;137,99
03/03/2022 10:00;136,68;137;136,51;136,92
03/03/2022 09:00;136;136,97;135,01;136,68
02/03/2022 17:05;136,45;136,49;136,18;136,25
02/03/2022 16:00;135,62;136,3;135,62;136,3
02/03/2022 15:00;135,14;135,75;134,75;135,63
02/03/2022 14:00;135,38;135,63;134,81;135,14
02/03/2022 13:00;137,69;138,19;134,75;135,23
25/02/2022 17:05;132,34;132,88;132,25;132,41
25/02/2022 16:00;132,07;132,75;131,94;132,55
25/02/2022 15:00;131,88;132,23;131,88;132,08
25/02/2022 14:00;131,96;132,21;131,6;132
25/02/2022 13:00;131,96;132,11;131,66;132,1
25/02/2022 12:00;132,26;132,42;131,93;131,93
25/02/2022 11:00;132,44;132,68;132,12;132,21
25/02/2022 10:00;132,14;132,89;132,1;132,45
25/02/2022 09:00;132,47;132,74;131,56;132,03
24/02/2022 17:05;133,41;133,74;133,25;133,67
24/02/2022 16:00;133,42;133,91;133,25;133,41
24/02/2022 15:00;133,83;134,11;133,26;133,37
24/02/2022 14:00;133,23;133,99;133,1;133,72
24/02/2022 13:00;134,79;134,87;133,23;133,23
24/02/2022 12:00;134,71;135,03;134,47;134,66
24/02/2022 11:00;134,28;135,76;134,07;134,56
24/02/2022 10:00;134,4;134,72;134,05;134,32
24/02/2022 09:00;136,16;136,55;133,92;134,25
23/02/2022 17:05;132,64;132,79;132,36;132,6
23/02/2022 16:00;132,8;132,9;132,63;132,65
23/02/2022 15:00;132,52;132,86;132,52;132,8
23/02/2022 14:00;132,45;132,69;132,29;132,48
23/02/2022 13:00;132,34;132,75;132,09;132,44
23/02/2022 12:00;132,02;132,4;131,9;132,34
23/02/2022 11:00;132,25;132,36;131,88;132
23/02/2022 10:00;132,22;132,27;132,04;132,25
23/02/2022 09:00;132,67;133,06;132,1;132,27
22/02/2022 17:05;133;133,02;132,73;132,95
22/02/2022 16:00;132,4;132,69;132,34;132,65
22/02/2022 15:00;132,02;132,38;132,02;132,38
22/02/2022 14:00;131,87;132,14;131,87;132,02
22/02/2022 13:00;131,67;131,87;131,65;131,87
22/02/2022 12:00;131,87;131,99;131,65;131,65
22/02/2022 11:00;131,72;131,92;131,58;131,88
22/02/2022 10:00;132,13;132,14;131,68;131,75
22/02/2022 09:00;132,25;132,92;131,76;132,1
21/02/2022 17:05;131,3;131,41;131,17;131,25
21/02/2022 16:00;131,23;131,46;131,08;131,4
21/02/2022 15:00;131,4;131,41;131,07;131,18
21/02/2022 14:00;131,27;131,46;131,25;131,4
21/02/2022 13:00;131,1;131,31;130,95;131,27
21/02/2022 12:00;131,45;131,58;131,1;131,1
21/02/2022 11:00;131,77;131,87;131,35;131,44
21/02/2022 10:00;131,65;131,8;131,57;131,72
21/02/2022 09:00;131,33;132;131,17;131,6
18/02/2022 17:05;131,02;131,34;130,96;131,07
18/02/2022 16:00;130,92;131,06;130,81;130,94
18/02/2022 15:00;130,99;131;130,68;130,88
18/02/2022 14:00;130,88;131,04;130,85;130,95
18/02/2022 13:00;130,87;130,99;130,76;130,88
18/02/2022 12:00;131;131,19;130,79;130,87
18/02/2022 11:00;131,1;131,19;130,73;131,03
18/02/2022 10:00;131,19;131,19;130,95;131,11
18/02/2022 09:00;131,29;131,53;130,94;131,23
17/02/2022 17:05;130,94;131,41;130,68;131,3
17/02/2022 16:00;130,95;131,18;130,83;130,94
17/02/2022 15:00;131,27;131,33;130,95;130,95
17/02/2022 14:00;131,21;131,42;131,21;131,31
17/02/2022 13:00;131,3;131,44;131,14;131,22
17/02/2022 12:00;131,81;132,06;131,27;131,33
17/02/2022 11:00;131,35;131,87;131,34;131,81
17/02/2022 10:00;131,18;131,73;131,12;131,38
17/02/2022 09:00;131,15;131,49;130,83;131,14
16/02/2022 17:05;131,21;131,37;130,77;131,23
16/02/2022 16:00;131,08;131,27;130,94;131,14
16/02/2022 15:00;131,61;131,68;131,07;131,19
16/02/2022 14:00;131,83;131,94;131,54;131,61
16/02/2022 13:00;131,75;131,95;131,71;131,84
16/02/2022 12:00;131,77;131,88;131,67;131,8
16/02/2022 11:00;131,8;131,87;131,64;131,79
16/02/2022 10:00;132,02;132,11;131,64;131,77
16/02/2022 09:00;131,48;132,15;131,4;132,02
15/02/2022 17:05;131,27;131,5;131,21;131,33
15/02/2022 16:00;131,46;131,64;131,21;131,27
15/02/2022 15:00;131,65;131,69;131,42;131,42
15/02/2022 14:00;131,76;131,84;131,54;131,65
15/02/2022 13:00;131,48;131,98;131,41;131,72
15/02/2022 12:00;132,44;132,44;131,34;131,48
15/02/2022 11:00;132,42;132,56;132,37;132,42
15/02/2022 10:00;132,37;132,53;132,31;132,42
15/02/2022 09:00;132,69;133,15;131,96;132,38
14/02/2022 17:05;134,2;134,52;134,1;134,18
14/02/2022 16:00;134,11;134,49;134,05;134,37
14/02/2022 15:00;134,52;134,57;133,86;134,14
14/02/2022 14:00;134,13;134,71;134,09;134,51
14/02/2022 13:00;133,82;134,24;133,68;134,15
14/02/2022 12:00;133,64;133,84;133,51;133,83
14/02/2022 11:00;133,78;133,86;133,51;133,68
14/02/2022 10:00;134,11;134,14;133,78;133,8
14/02/2022 09:00;134,83;135,13;133,78;134,06
11/02/2022 17:05;134,79;135,13;134,59;134,83
11/02/2022 16:00;134,44;135,01;134,4;134,72
11/02/2022 15:00;132,96;134,44;132,96;134,44
11/02/2022 14:00;133,05;133,18;132,96;132,96
11/02/2022 13:00;133,17;133,23;132,91;133,07
11/02/2022 12:00;133,42;133,46;133,23;133,23
11/02/2022 11:00;133,23;133,51;133,23;133,37
11/02/2022 10:00;133,38;133,55;133,19;133,32
11/02/2022 09:00;133,15;133,68;132,76;133,41
10/02/2022 17:05;132,84;133,14;132,77;132,96
10/02/2022 16:00;133,09;133,68;132,99;133,03
10/02/2022 15:00;133,37;133,37;132,96;133,09
10/02/2022 14:00;133,48;133,67;133,21;133,37
10/02/2022 13:00;133,87;133,91;133,37;133,52
10/02/2022 12:00;133,78;134,17;133,72;133,82
10/02/2022 11:00;134,21;134,21;133,69;133,79
10/02/2022 10:00;134,1;134,45;133,98;134,25
10/02/2022 09:00;133,64;134,28;133,13;134,11
09/02/2022 17:05;133,98;133,98;133,57;133,78
09/02/2022 16:00;133,97;133,98;133,64;133,78
09/02/2022 15:00;133,95;134,13;133,64;133,97
09/02/2022 14:00;134,02;134,4;133,26;133,98
09/02/2022 13:00;134,38;134,48;133,91;134,02
09/02/2022 12:00;133,88;134,59;133,72;134,38
09/02/2022 11:00;133,34;134,01;133,03;133,88
09/02/2022 10:00;133,28;133,69;132,69;133,41
09/02/2022 09:00;133,71;134,09;132,99;133,3
08/02/2022 17:05;133,52;134,03;133,23;133,37
08/02/2022 16:00;133,64;133,91;133,3;133,56
08/02/2022 15:00;133,52;133,75;133,37;133,63
08/02/2022 14:00;134,09;134,11;133,45;133,51
08/02/2022 13:00;134,18;134,21;134,05;134,09
08/02/2022 12:00;134,25;134,28;133,91;134,17
08/02/2022 11:00;134,36;134,41;134,05;134,32
08/02/2022 10:00;134,78;134,86;133,95;134,33
08/02/2022 09:00;134,11;135,11;133,64;134,76
07/02/2022 17:05;134,79;134,86;134,48;134,52
07/02/2022 16:00;134,13;134,6;134,11;134,33
07/02/2022 15:00;133,79;134,17;133,68;134,11
07/02/2022 14:00;133,3;133,82;133,3;133,78
07/02/2022 13:00;133,34;133,42;133,03;133,28
07/02/2022 12:00;133,09;133,48;133,09;133,33
07/02/2022 11:00;132,56;133,36;132,53;133,06
07/02/2022 10:00;132,26;132,69;132,18;132,54
07/02/2022 09:00;131,96;132,96;131,96;132,25
04/02/2022 17:05;131,08;131,34;130,84;131,27
04/02/2022 16:00;131,27;131,34;130,66;131,08
04/02/2022 15:00;131,21;131,27;131,07;131,26
04/02/2022 14:00;131,22;131,34;131,1;131,21
04/02/2022 13:00;131,08;131,41;131;131,26
04/02/2022 12:00;131,06;131,17;130,81;131,1
04/02/2022 11:00;131,37;131,5;130,95;131,03
04/02/2022 10:00;131,6;131,61;131,22;131,35
04/02/2022 09:00;130,81;131,6;130,81;131,6
03/02/2022 17:05;130,88;131,08;130,81;130,94
03/02/2022 16:00;131,41;131,44;130,66;130,79
03/02/2022 15:00;131,21;131,52;131;131,41
03/02/2022 14:00;131,71;131,77;131,22;131,22
03/02/2022 13:00;132,11;132,19;131,64;131,75
03/02/2022 12:00;132,19;132,29;131,84;132,1
03/02/2022 11:00;132,26;132,36;132,09;132,22
03/02/2022 10:00;131,84;132,29;131,69;132,26
03/02/2022 09:00;131,23;132,56;131;131,8
02/02/2022 17:05;131,41;131,76;131,34;131,69
02/02/2022 16:00;131,77;131,88;131,27;131,48
02/02/2022 15:00;131,5;131,98;131,34;131,76
02/02/2022 14:00;131,67;131,87;131,48;131,53
02/02/2022 13:00;132,03;132,03;131,61;131,67
02/02/2022 12:00;132,3;132,5;131,96;132,03
02/02/2022 11:00;133,03;133,18;132,29;132,29
02/02/2022 10:00;133,09;133,15;132,94;132,96
02/02/2022 09:00;133,22;133,37;132,79;133,13
01/02/2022 17:05;133,03;133,32;132,84;133,05
01/02/2022 16:00;133,21;133,26;132,76;133,03
01/02/2022 15:00;133,76;133,86;133,11;133,23
01/02/2022 14:00;133,6;134,03;133,6;133,78
01/02/2022 13:00;133,38;133,64;133,33;133,6
01/02/2022 12:00;133,09;133,38;132,92;133,38
01/02/2022 11:00;133,25;133,41;133,1;133,1
01/02/2022 10:00;133,1;133,83;133,1;133,25
01/02/2022 09:00;133,41;133,48;132,86;133,1
31/01/2022 17:05;133,37;133,51;133,29;133,41
31/01/2022 16:00;133,55;133,74;133,36;133,59
31/01/2022 15:00;133,37;133,64;132,99;133,56
31/01/2022 14:00;133,65;133,87;133,25;133,44
31/01/2022 13:00;133,69;133,88;133,55;133,71
31/01/2022 12:00;134,07;134,11;133,41;133,68
31/01/2022 11:00;134,25;134,29;134,06;134,06
31/01/2022 10:00;134,52;134,56;133,94;134,24
31/01/2022 09:00;134,11;134,83;133,8;134,52
28/01/2022 17:05;134,06;134,32;134,01;134,18
28/01/2022 16:00;134,2;134,2;133,65;133,99
28/01/2022 15:00;134,7;134,82;134,18;134,21
28/01/2022 14:00;134,45;134,83;134,2;134,7
28/01/2022 13:00;134,72;134,87;134,43;134,45
28/01/2022 12:00;135,16;135,22;134,7;134,74
28/01/2022 11:00;134,99;135,2;134,99;135,18
28/01/2022 10:00;135,37;135,53;134,6;135,02
28/01/2022 09:00;135,86;136,35;135,1;135,39
27/01/2022 17:05;136,17;136,49;135,87;135,99
27/01/2022 16:00;135,06;135,8;135,06;135,8
27/01/2022 15:00;134,93;135,11;134,91;135,11
27/01/2022 14:00;134,91;135,14;134,91;134,93
27/01/2022 13:00;135,16;135,32;134,89;134,91
27/01/2022 12:00;134,75;135,22;134,59;135,16
27/01/2022 11:00;134,45;134,8;134,3;134,71
27/01/2022 10:00;134,9;134,95;134,38;134,51
27/01/2022 09:00;134,49;135,48;134,49;134,9
26/01/2022 17:05;134,37;134,45;134,11;134,45
26/01/2022 16:00;135,02;135,03;134,59;134,59
26/01/2022 15:00;135,1;135,49;134,9;135,05
26/01/2022 14:00;134,95;135,2;134,79;135,09
26/01/2022 13:00;135,26;135,36;134,7;134,98
26/01/2022 12:00;135,47;135,51;135,2;135,29
26/01/2022 11:00;135,2;135,6;135,03;135,41
26/01/2022 10:00;135,66;135,66;135,14;135,18
26/01/2022 09:00;135,66;135,78;135,13;135,66
25/01/2022 17:05;136,08;136,33;135,83;136,08
25/01/2022 16:00;136,29;136,29;135,85;136,05
25/01/2022 15:00;136,52;136,63;136,21;136,31
25/01/2022 14:00;136,36;136,71;136,31;136,52
25/01/2022 13:00;136,13;136,41;136,08;136,37
25/01/2022 12:00;136,28;136,28;135,8;136,1
25/01/2022 11:00;136,55;136,59;135,99;136,28
25/01/2022 10:00;136,74;136,74;136,43;136,6
25/01/2022 09:00;136,74;137,32;136,43;136,72
24/01/2022 17:05;136,58;137,02;136,39;136,93
24/01/2022 16:00;136,44;136,75;136,39;136,56
24/01/2022 15:00;136,43;136,87;136,37;136,45
24/01/2022 14:00;136,44;136,56;136,17;136,44
24/01/2022 13:00;136,33;136,52;136,03;136,41
24/01/2022 12:00;135,99;136,39;135,83;136,29
24/01/2022 11:00;135,97;136,08;135,86;136,01
24/01/2022 10:00;135,78;136,14;135,76;135,98
24/01/2022 09:00;135,16;136,01;135,16;135,79
21/01/2022 17:05;134,99;135,25;134,86;135,13
21/01/2022 16:00;134,89;135,07;134,66;134,99
21/01/2022 15:00;134,98;135,13;134,79;134,87
21/01/2022 14:00;134,76;135,13;134,76;135,02
21/01/2022 13:00;134,83;134,97;134,59;134,75
21/01/2022 12:00;134,83;134,86;134,59;134,8
21/01/2022 11:00;134,75;134,99;134,66;134,76
21/01/2022 10:00;134,34;134,79;134,32;134,74
21/01/2022 09:00;134,15;134,52;133,72;134,32
20/01/2022 17:05;134,21;134,37;134,17;134,2
20/01/2022 16:00;134,48;134,57;134,25;134,3
20/01/2022 15:00;134,9;134,9;134,38;134,49
20/01/2022 14:00;134,87;134,94;134,61;134,87
20/01/2022 13:00;134,91;135,13;134,79;134,93
20/01/2022 12:00;134,59;135,01;134,55;134,93
20/01/2022 11:00;134,25;134,64;134,05;134,59
20/01/2022 10:00;134,71;134,79;134,2;134,25
20/01/2022 09:00;135,11;135,47;134,68;134,75
19/01/2022 17:05;135,18;135,18;134,86;134,93
19/01/2022 16:00;135,1;135,4;135,06;135,25
19/01/2022 15:00;134,98;135,21;134,95;135,13
19/01/2022 14:00;134,87;135,03;134,8;134,98
19/01/2022 13:00;134,7;134,93;134,7;134,87
19/01/2022 12:00;134,89;135,03;134,66;134,7
19/01/2022 11:00;134,83;135,06;134,82;134,87
19/01/2022 10:00;134,51;134,87;134,48;134,86
19/01/2022 09:00;134,86;135,24;134,48;134,53
18/01/2022 17:05;134,37;134,71;134,37;134,66
18/01/2022 16:00;134,38;134,55;134,18;134,45
18/01/2022 15:00;134,28;134,55;134,24;134,4
18/01/2022 14:00;134,34;134,59;134,14;134,26
18/01/2022 13:00;134,41;134,52;134,21;134,34
18/01/2022 12:00;134,02;134,44;134,02;134,4
18/01/2022 11:00;133,95;134,07;133,78;134,01
18/01/2022 10:00;133,69;134,17;133,38;133,91
18/01/2022 09:00;133,53;134,01;133,17;133,68
17/01/2022 17:05;133,79;134,32;133,78;134,05
17/01/2022 16:00;133,71;134,21;133,4;133,72
17/01/2022 15:00;133,11;133,78;133,03;133,69
17/01/2022 14:00;133,33;133,44;132,96;133,13
17/01/2022 13:00;133,78;133,86;132,92;133,37
17/01/2022 12:00;134,05;134,06;133,51;133,78
17/01/2022 11:00;134,82;134,82;134,05;134,06
17/01/2022 10:00;134,91;134,97;134,26;134,86
17/01/2022 09:00;134,45;135,1;134,25;134,9
14/01/2022 17:05;134,18;134,52;134,18;134,45
14/01/2022 16:00;134,11;134,38;133,91;134,25
14/01/2022 15:00;133,76;134,11;133,59;134,1
14/01/2022 14:00;133,79;133,88;133,59;133,87
14/01/2022 13:00;133,34;133,78;133,29;133,76
14/01/2022 12:00;133,28;133,42;133,05;133,29
14/01/2022 11:00;133,55;133,76;133,26;133,32
14/01/2022 10:00;133,74;133,9;133,52;133,57
14/01/2022 09:00;133,51;134,21;133,33;133,74
13/01/2022 17:05;132,83;133,19;132,68;132,96
13/01/2022 16:00;132,72;132,9;132,59;132,83
13/01/2022 15:00;132,91;133,03;132,59;132,73
13/01/2022 14:00;132,68;132,94;132,59;132,91
13/01/2022 13:00;132,6;132,75;132,59;132,69
13/01/2022 12:00;132,75;132,8;132,59;132,6
13/01/2022 11:00;133,26;133,29;132,71;132,72
13/01/2022 10:00;133,03;133,37;132,98;133,25
13/01/2022 09:00;132,82;133,25;132,56;133
12/01/2022 17:05;133,18;133,44;132,88;133,23
12/01/2022 16:00;132,95;133,14;132,45;132,76
12/01/2022 15:00;132,68;133,09;132,63;132,95
12/01/2022 14:00;132,1;132,83;131,63;132,68
12/01/2022 13:00;132,07;132,15;131,49;132,15
12/01/2022 12:00;132,25;132,25;131,98;132,13
12/01/2022 11:00;132,52;132,64;132,04;132,29
12/01/2022 10:00;132,71;132,84;132,33;132,52
12/01/2022 09:00;132,96;133,1;132,38;132,71
11/01/2022 17:05;132,44;132,76;131,76;132,69
11/01/2022 16:00;133,09;133,21;132,15;132,15
11/01/2022 15:00;132,75;133,15;132,73;133,05
11/01/2022 14:00;132,88;132,95;132,56;132,73
11/01/2022 13:00;132,87;132,96;132,76;132,84
11/01/2022 12:00;132,92;133,03;132,65;132,83
11/01/2022 11:00;132,68;133,34;132,64;132,96
11/01/2022 10:00;132,71;132,96;132,45;132,67
11/01/2022 09:00;133,15;133,64;132,56;132,75
10/01/2022 17:05;132,61;133;132,61;132,83
10/01/2022 16:00;132,36;132,79;132,36;132,76
10/01/2022 15:00;131,81;132,45;131,77;132,36
10/01/2022 14:00;131,72;131,88;131,49;131,83
10/01/2022 13:00;131,8;131,98;131,61;131,72
10/01/2022 12:00;131,91;132,03;131,61;131,8
10/01/2022 11:00;132,56;132,63;131,88;131,92
10/01/2022 10:00;132,95;133,07;132,46;132,54
10/01/2022 09:00;131,95;132,95;131,8;132,95
07/01/2022 17:05;132,07;132,38;131,22;131,53
07/01/2022 16:00;131,75;132,07;131,68;132,02
07/01/2022 15:00;132,03;132,11;131,68;131,68
07/01/2022 14:00;132,04;132,23;131,95;132,06
07/01/2022 13:00;131,61;132,41;131,58;132,04
07/01/2022 12:00;131,5;131,61;131,46;131,61
07/01/2022 11:00;131,48;131,61;131,44;131,48
07/01/2022 10:00;131,41;131,72;131,34;131,46
07/01/2022 09:00;131,18;131,45;130,61;131,41
06/01/2022 17:05;130,37;130,87;129,87;130,76
06/01/2022 16:00;131,08;131,08;130,42;130,6
06/01/2022 15:00;131,35;131,41;130,87;131,14
06/01/2022 14:00;131,35;131,44;131,33;131,4
06/01/2022 13:00;131,31;131,52;131,22;131,34
06/01/2022 12:00;131,21;131,41;131,18;131,21
06/01/2022 11:00;131,48;131,49;130,99;131,21
06/01/2022 10:00;131,14;131,75;131,14;131,49
06/01/2022 09:00;130,77;131,61;130,37;131,19
05/01/2022 17:05;131,21;131,79;131,11;131,21
05/01/2022 16:00;130,85;131,21;130,53;131,07
05/01/2022 15:00;130,61;130,8;130,39;130,8
05/01/2022 14:00;130,69;130,95;130,26;130,54
05/01/2022 13:00;130,56;130,73;130,39;130,73
05/01/2022 12:00;130,91;130,91;130,54;130,57
05/01/2022 11:00;130,66;131,21;130,66;130,89
05/01/2022 10:00;130,6;130,66;130,22;130,66
05/01/2022 09:00;131,6;131,63;130,41;130,61
04/01/2022 17:05;131,9;132,29;131,48;131,72
04/01/2022 16:00;131,07;131,83;131,07;131,61
04/01/2022 15:00;130,94;131,07;130,57;131,07
04/01/2022 14:00;130,91;131,06;130,56;130,94
04/01/2022 13:00;130,53;130,94;130,41;130,91
04/01/2022 12:00;130,52;130,75;130,26;130,58
04/01/2022 11:00;130,19;130,77;130,08;130,52
04/01/2022 10:00;130,03;130,25;129,69;130,19
04/01/2022 09:00;128,47;130,03;128,47;130
03/01/2022 17:05;128,27;128,37;127,91;128,23
03/01/2022 16:00;127,45;128,08;127,28;127,95
03/01/2022 15:00;127,28;127,68;127,12;127,46
03/01/2022 14:00;126,57;127,38;126,57;127,24
03/01/2022 13:00;126,53;126,66;126,43;126,57
03/01/2022 12:00;126,62;126,65;126,34;126,51
03/01/2022 11:00;126,89;127,24;126,59;126,66
03/01/2022 10:00;126,42;127,11;126,4;126,89
03/01/2022 09:00;126,62;127,5;126,31;126,43
30/12/2021 17:05;125,93;127,4;125,93;127,11
30/12/2021 16:00;126,34;126,5;125,8;125,84
30/12/2021 15:00;126,55;126,61;126,27;126,4
30/12/2021 14:00;126,78;126,78;126,16;126,54
30/12/2021 13:00;126,47;127,01;126,34;126,78
30/12/2021 12:00;126,77;127,01;126,47;126,57
30/12/2021 11:00;126,8;127,49;126,65;126,76
30/12/2021 10:00;126,61;127,01;126,47;126,8
30/12/2021 09:00;127,15;127,84;125,93;126,63
29/12/2021 17:05;127,41;127,74;127,02;127,36
29/12/2021 16:00;127,16;127,47;125,32;126,92
29/12/2021 15:00;127,44;128,15;126,83;127,09
29/12/2021 14:00;126,92;127,98;126,82;127,4
29/12/2021 13:00;127,41;127,41;126,73;126,82
29/12/2021 12:00;127,17;127,57;126,73;127,33
29/12/2021 11:00;127,36;127,54;127,02;127,03
29/12/2021 10:00;127,43;128,36;127,37;127,37
29/12/2021 09:00;128,72;129,26;127,16;127,44
28/12/2021 17:05;126,31;129,51;126,13;128,65
28/12/2021 16:00;128,16;128,41;125,18;125,62
28/12/2021 15:00;128,43;129,06;128,15;128,15
28/12/2021 14:00;128,95;128,95;128,43;128,43
28/12/2021 13:00;128,95;129,26;128,71;128,77
28/12/2021 12:00;129,22;129,53;128,85;128,95
28/12/2021 11:00;129,9;129,95;128,77;129,2
28/12/2021 10:00;130,55;130,55;129,42;129,94
28/12/2021 09:00;131,48;131,48;129,85;130,49
27/12/2021 17:05;131,56;131,56;130,83;131,04
27/12/2021 16:00;132,34;132,39;131,11;131,11
27/12/2021 15:00;132,32;132,44;132,24;132,31
27/12/2021 14:00;132,34;132,45;132,24;132,38
27/12/2021 13:00;132,37;132,48;132,21;132,31
27/12/2021 12:00;132,11;132,52;132,11;132,38
27/12/2021 11:00;132,1;132,28;132,1;132,1
27/12/2021 10:00;132,1;132,37;132,04;132,1
27/12/2021 09:00;132,61;133,3;132,03;132,03
23/12/2021 17:05;131,67;132,3;131,56;131,7
23/12/2021 16:00;131,36;131,82;131,25;131,63
23/12/2021 15:00;130,66;131,38;130,66;131,38
23/12/2021 14:00;130,47;131,1;129,98;130,66
23/12/2021 13:00;130,25;130,56;130,23;130,45
23/12/2021 12:00;130,36;130,52;129,92;130,25
23/12/2021 11:00;130,47;130,74;130,35;130,39
23/12/2021 10:00;130,8;131,17;129,85;130,39
23/12/2021 09:00;130,12;130,9;129,09;130,76
22/12/2021 17:05;130,28;130,67;129,92;130,4
22/12/2021 16:00;131,59;131,82;130,12;130,26
22/12/2021 15:00;130,42;131,82;130,12;131,67
22/12/2021 14:00;131,55;131,66;130,35;130,35
22/12/2021 13:00;131,11;131,82;130,97;131,52
22/12/2021 12:00;132,31;132,31;130,84;131,12
22/12/2021 11:00;132,49;132,59;131,98;132,18
22/12/2021 10:00;132,51;132,76;131,63;132,56
22/12/2021 09:00;133,34;133,89;132,03;132,63
21/12/2021 17:05;132,1;132,61;131,98;132,31
21/12/2021 16:00;131,39;131,87;131,07;131,48
21/12/2021 15:00;130,55;131,65;130,45;131,43
21/12/2021 14:00;130,28;130,69;130,19;130,55
21/12/2021 13:00;130,47;130,56;129,99;130,31
21/12/2021 12:00;130,81;130,94;130,33;130,55
21/12/2021 11:00;129,42;131,05;129,42;130,77
21/12/2021 10:00;129,18;129,5;129,13;129,4
21/12/2021 09:00;127,44;129,35;127,04;129,27
20/12/2021 17:05;126,88;127,16;126,88;127,02
20/12/2021 16:00;126,97;127,16;126,88;126,88
20/12/2021 15:00;126,97;127,07;126,78;126,93
20/12/2021 14:00;126,76;127,3;126,65;126,96
20/12/2021 13:00;126,4;127,06;126,21;126,66
20/12/2021 12:00;126,59;126,66;125,92;126,31
20/12/2021 11:00;126,9;127,09;126,58;126,59
20/12/2021 10:00;126,93;127,43;126,44;126,95
20/12/2021 09:00;125,42;127,58;125,39;127,02
17/12/2021 17:05;126,37;126,37;125,68;126,03
17/12/2021 16:00;126,21;126,38;126,03;126,18
17/12/2021 15:00;126,25;126,37;125,96;126,21
17/12/2021 14:00;126,23;126,89;126,04;126,25
17/12/2021 13:00;126,31;126,49;126,17;126,23
17/12/2021 12:00;126,79;126,97;126,03;126,34
17/12/2021 11:00;126,81;126,88;126,59;126,75
17/12/2021 10:00;127,2;127,3;126,42;126,82
17/12/2021 09:00;128,13;128,27;127,09;127,16
16/12/2021 17:05;127,93;128,7;127,76;128,46
16/12/2021 16:00;128,29;128,43;127,75;127,93
16/12/2021 15:00;128,64;128,81;128,29;128,29
16/12/2021 14:00;128,32;128,92;128,29;128,67
16/12/2021 13:00;128,47;128,75;128,3;128,33
16/12/2021 12:00;129,2;129,51;128,43;128,47
16/12/2021 11:00;129,2;129,56;129,02;129,2
16/12/2021 10:00;128,63;129,42;128,63;129,2
16/12/2021 09:00;128,58;129,27;128,15;128,63
15/12/2021 17:05;128,57;128,77;128,41;128,5
15/12/2021 16:00;129,03;129,09;128,57;128,57
15/12/2021 15:00;129,4;129,42;128,72;128,99
15/12/2021 14:00;129,7;129,7;129,16;129,29
15/12/2021 13:00;129,7;130,14;129,66;129,7
15/12/2021 12:00;129,91;129,91;129,5;129,7
15/12/2021 11:00;129,84;130,26;129,63;129,91
15/12/2021 10:00;130,69;130,74;129,63;129,85
15/12/2021 09:00;131,48;131,9;130,14;130,63
14/12/2021 17:05;131,7;131,87;131,48;131,8
14/12/2021 16:00;132,14;132,63;131,48;131,63
14/12/2021 15:00;131,84;132,35;131,74;132,22
14/12/2021 14:00;131,59;131,89;131,31;131,82
14/12/2021 13:00;131,73;131,74;131,32;131,59
14/12/2021 12:00;131,53;131,8;131,46;131,72
14/12/2021 11:00;131,49;131,58;131,26;131,53
14/12/2021 10:00;131,7;131,7;131,05;131,52
14/12/2021 09:00;131,69;132,27;131,43;131,74
13/12/2021 17:05;132,04;132,31;131,55;131,55
13/12/2021 16:00;132,51;132,73;131,96;132,24
13/12/2021 15:00;132,8;132,89;132,27;132,45
13/12/2021 14:00;132,66;132,94;132,55;132,82
13/12/2021 13:00;132,52;132,8;132,11;132,65
13/12/2021 12:00;132,24;132,61;132,24;132,52
13/12/2021 11:00;132,93;132,94;131,96;132,27
13/12/2021 10:00;132,73;132,94;132,7;132,93
13/12/2021 09:00;132,08;133,23;131,82;132,69
10/12/2021 17:05;131,12;132,38;131,11;131,96
10/12/2021 16:00;131,62;132,24;131,04;131,25
10/12/2021 15:00;131,39;131,93;131,39;131,65
10/12/2021 14:00;131,36;131,72;131,25;131,39
10/12/2021 13:00;131,17;131,38;130,93;131,35
10/12/2021 12:00;130,83;131,18;130,59;131,08
10/12/2021 11:00;131,15;131,52;130,71;130,8
10/12/2021 10:00;132;132,07;130,7;131,18
10/12/2021 09:00;131,87;132,48;131,6;132,1
09/12/2021 17:05;131,43;132,52;131,29;132,24
09/12/2021 16:00;131,76;131,82;131,28;131,55
09/12/2021 15:00;132,49;132,52;131,7;131,74
09/12/2021 14:00;132,59;132,75;131,67;132,49
09/12/2021 13:00;132,39;132,63;131,86;132,52
09/12/2021 12:00;133,16;133,37;132,32;132,41
09/12/2021 11:00;132,53;133,2;132,34;133,11
09/12/2021 10:00;131,98;132,8;131,55;132,53
09/12/2021 09:00;132,22;132,38;131,45;131,98
08/12/2021 17:05;131,62;132,87;131,32;132,65
08/12/2021 16:00;131,77;132,38;131,15;131,6
08/12/2021 15:00;131,86;132,1;131,67;131,77
08/12/2021 14:00;132,8;132,8;131,77;131,82
08/12/2021 13:00;132,77;133,04;132,62;132,8
08/12/2021 12:00;132,94;133,18;132,73;132,73
08/12/2021 11:00;133,48;133,66;132,61;132,94
08/12/2021 10:00;133,65;133,75;133,09;133,47
08/12/2021 09:00;133,93;134,62;133,52;133,65
07/12/2021 17:05;133,23;133,45;132,85;133,18
07/12/2021 16:00;133,61;133,65;133,16;133,37
07/12/2021 15:00;133,49;133,65;133,38;133,59
07/12/2021 14:00;133,23;133,65;133,13;133,51
07/12/2021 13:00;133,42;133,64;133,23;133,23
07/12/2021 12:00;133,44;133,51;132,7;133,37
07/12/2021 11:00;133,03;134,34;132,99;133,41
07/12/2021 10:00;132,42;133,21;132,01;133,03
07/12/2021 09:00;132,94;133,21;131,53;132,45
06/12/2021 17:05;133,35;133,79;133,24;133,65
06/12/2021 16:00;133,86;133,9;133,37;133,66
06/12/2021 15:00;133,21;133,99;133,21;133,86
06/12/2021 14:00;132,9;133,31;132,87;133,25
06/12/2021 13:00;133,54;133,65;132,35;132,82
06/12/2021 12:00;132,83;133,59;132,82;133,54
06/12/2021 11:00;132,35;133,16;132,25;132,82
06/12/2021 10:00;132,15;132,49;131,83;132,32
06/12/2021 09:00;131,21;132,52;130,9;132,04
03/12/2021 17:05;131,82;131,94;131,25;131,39
03/12/2021 16:00;131,11;131,76;130,76;131,74
03/12/2021 15:00;132,07;132,08;130,69;131,11
03/12/2021 14:00;131,25;132,08;131,25;132,07
03/12/2021 13:00;131,53;131,58;131,15;131,26
03/12/2021 12:00;131,14;131,59;131;131,5
03/12/2021 11:00;130,9;131,35;130,84;131,11
03/12/2021 10:00;130,64;131,04;130,28;130,88
03/12/2021 09:00;130,15;130,76;129,56;130,64
02/12/2021 17:05;129,42;129,77;129,16;129,54
02/12/2021 16:00;128,87;130,09;128,79;129,44
02/12/2021 15:00;128,41;128,96;128,36;128,88
02/12/2021 14:00;128,19;128,57;127,91;128,39
02/12/2021 13:00;128,48;128,56;128,15;128,22
02/12/2021 12:00;128,23;128,65;128,23;128,54
02/12/2021 11:00;128,03;128,41;127,91;128,26
02/12/2021 10:00;128,46;128,46;127,86;128,05
02/12/2021 09:00;128,3;128,96;128,16;128,47
01/12/2021 17:05;127,68;128,13;127,65;128,08
01/12/2021 16:00;127,68;127,72;127,44;127,64
01/12/2021 15:00;127,51;127,72;127,47;127,65
01/12/2021 14:00;126,79;127,65;126,79;127,52
01/12/2021 13:00;126,51;126,96;126,51;126,78
01/12/2021 12:00;126,59;126,73;126,45;126,49
01/12/2021 11:00;126,71;126,96;126,51;126,64
01/12/2021 10:00;126,71;126,88;126,33;126,71
01/12/2021 09:00;126,85;127,02;126,18;126,71
30/11/2021 17:05;125,41;125,73;125,11;125,31
30/11/2021 16:00;124,86;125,44;124,86;125,25
30/11/2021 15:00;124,63;125,04;124,56;124,91
30/11/2021 14:00;124,53;124,76;124,34;124,69
30/11/2021 13:00;124,97;125,01;124,49;124,53
30/11/2021 12:00;124,41;125,18;124,26;124,9
30/11/2021 11:00;124,9;125,15;124,34;124,34
30/11/2021 10:00;125,25;125,25;124,69;124,9
30/11/2021 09:00;126,1;126,24;124,63;125,25
29/11/2021 17:05;126,27;126,27;125,83;126,23
29/11/2021 16:00;125,82;126,27;125,75;126,09
29/11/2021 15:00;126,07;126,17;125,63;125,86
29/11/2021 14:00;126,38;126,44;125,93;126,07
29/11/2021 13:00;126,1;126,51;126,1;126,38
29/11/2021 12:00;125,75;126,31;125,75;126,1
29/11/2021 11:00;125,69;126,1;125,39;125,79
29/11/2021 10:00;125,96;126,1;125,18;125,66
29/11/2021 09:00;125,48;126,42;124,94;125,94
26/11/2021 17:05;125,56;125,58;124,87;124,93
26/11/2021 16:00;125,31;125,61;125,29;125,46
26/11/2021 15:00;125,37;125,94;125,17;125,34
26/11/2021 14:00;124,41;125,38;124,41;125,38
26/11/2021 13:00;123,21;124,41;123,08;124,39
26/11/2021 12:00;123,56;123,64;123,21;123,21
26/11/2021 11:00;123,84;124,01;122,99;123,59
26/11/2021 10:00;123,81;124,28;123,49;123,77
26/11/2021 09:00;124,21;124,87;123,33;123,8
25/11/2021 17:05;125,21;125,41;124,62;124,76
25/11/2021 16:00;125,18;125,59;125,04;125,04
25/11/2021 15:00;125,01;125,45;124,76;125,18
25/11/2021 14:00;124,26;125,01;124,26;125,01
25/11/2021 13:00;124,69;125,04;124,24;124,32
25/11/2021 12:00;122,99;124,69;122,94;124,69
25/11/2021 11:00;123,08;123,22;122,97;122,99
25/11/2021 10:00;123,63;123,69;122,84;123,22
25/11/2021 09:00;123,26;124,05;122,29;123,69
24/11/2021 17:05;123,35;123,56;123,22;123,36
24/11/2021 16:00;123,94;124,18;123,66;123,73
24/11/2021 15:00;124,48;124,66;123,91;123,94
24/11/2021 14:00;125,18;125,37;124,43;124,53
24/11/2021 13:00;126,09;126,27;125,1;125,18
24/11/2021 12:00;126,37;126,48;125,82;126,09
24/11/2021 11:00;126,38;126,38;126,03;126,31
24/11/2021 10:00;126,2;126,66;125,82;126,34
24/11/2021 09:00;126,24;126,81;125,68;126,25
23/11/2021 17:05;126,11;126,66;125,9;126,24
23/11/2021 16:00;125,46;126,14;125,42;125,94
23/11/2021 15:00;125,61;125,73;125,34;125,46
23/11/2021 14:00;124,86;125,75;124,76;125,61
23/11/2021 13:00;124,93;125,03;124,63;124,9
23/11/2021 12:00;124,96;125,04;124,63;124,9
23/11/2021 11:00;124,56;125,04;124,38;124,96
23/11/2021 10:00;123,01;124,82;122,8;124,58
23/11/2021 09:00;123,26;123,53;122,35;122,95
22/11/2021 17:05;123,45;123,63;123,21;123,47
22/11/2021 16:00;123,07;123,78;122,94;123,35
22/11/2021 15:00;122,97;123,21;122,68;123,04
22/11/2021 14:00;122,95;123,09;122,71;122,95
22/11/2021 13:00;122,99;123,18;122,92;122,95
22/11/2021 12:00;123,28;123,35;122,9;122,92
22/11/2021 11:00;123,02;123,26;122,92;123,21
22/11/2021 10:00;123,05;123,42;122,8;123,01
22/11/2021 09:00;122,42;123,29;122,32;123,05
19/11/2021 17:05;122,08;122,66;121,92;122,22
19/11/2021 16:00;121,3;121,79;121,09;121,79
19/11/2021 15:00;121,48;121,51;121,06;121,23
19/11/2021 14:00;121,09;121,54;120,85;121,48
19/11/2021 13:00;121,06;121,23;120,96;121,09
19/11/2021 12:00;120,69;121,15;120,65;121,09
19/11/2021 11:00;120,23;120,88;120,16;120,69
19/11/2021 10:00;120,17;120,26;120,04;120,17
19/11/2021 09:00;119,96;120,67;119,54;120,17
18/11/2021 17:05;120,14;120,37;119,89;120,19
18/11/2021 16:00;120,47;120,88;119,82;120,1
18/11/2021 15:00;120,57;120,65;120,33;120,45
18/11/2021 14:00;120,1;120,79;120,1;120,52
18/11/2021 13:00;120,6;120,72;119,96;120,14
18/11/2021 12:00;120,81;121,1;120,52;120,58
18/11/2021 11:00;120,85;121,32;120,27;120,81
18/11/2021 10:00;119,45;120,85;119,3;120,85
18/11/2021 09:00;118,85;119,54;118,59;119,45
17/11/2021 17:05;119,09;119,25;118,83;118,83
17/11/2021 16:00;118,83;119,4;118,8;119,16
17/11/2021 15:00;118,58;118,97;118,41;118,85
17/11/2021 14:00;118,77;118,82;118,34;118,55
17/11/2021 13:00;119,27;119,59;118,7;118,77
17/11/2021 12:00;119,18;119,62;118,83;119,31
17/11/2021 11:00;118,77;119,25;118,15;119,24
17/11/2021 10:00;119,62;119,62;118,55;118,75
17/11/2021 09:00;120,5;120,52;119,41;119,72
16/11/2021 17:05;119,68;120,51;119,54;120,36
16/11/2021 16:00;120,19;120,38;119,92;120
16/11/2021 15:00;120,19;120,67;120,02;120,21
16/11/2021 14:00;120,38;120,45;119,89;120,24
16/11/2021 13:00;121,32;121,37;120,28;120,44
16/11/2021 12:00;121,29;121,48;121,09;121,29
16/11/2021 11:00;121,39;121,6;121;121,27
16/11/2021 10:00;120,93;121,41;120,93;121,32
16/11/2021 09:00;120,88;122,27;120,44;120,89
12/11/2021 17:05;120,98;121,43;120,72;120,84
12/11/2021 16:00;120,88;121,51;120,88;121,23
12/11/2021 15:00;120,67;121,15;120,31;120,88
12/11/2021 14:00;119,54;120,74;119,48;120,72
12/11/2021 13:00;119,57;119,57;119,47;119,54
12/11/2021 12:00;119,64;119,82;119,47;119,55
12/11/2021 11:00;119,45;119,89;119,45;119,68
12/11/2021 10:00;119,35;119,89;119,35;119,55
12/11/2021 09:00;118,96;119,52;118,69;119,4
11/11/2021 17:05;119,54;119,92;119,25;119,86
11/11/2021 16:00;120,17;120,34;119,44;119,54
11/11/2021 15:00;120,68;120,68;120,12;120,21
11/11/2021 14:00;121,26;121,36;120,68;120,68
11/11/2021 13:00;121,29;121,37;121,09;121,27
11/11/2021 12:00;121,37;121,4;120,98;121,34
11/11/2021 11:00;121,56;121,65;121,24;121,37
11/11/2021 10:00;121,75;121,75;121,39;121,51
11/11/2021 09:00;121,7;121,94;121,19;121,74
10/11/2021 17:05;122,25;122,3;121,27;121,78
10/11/2021 16:00;121,47;122,02;121,39;121,79
10/11/2021 15:00;121,36;121,56;121,17;121,5
10/11/2021 14:00;120,92;121,39;120,91;121,39
10/11/2021 13:00;120,61;121,1;120,6;120,96
10/11/2021 12:00;120,92;121,26;120,6;120,62
10/11/2021 11:00;120,44;121,06;120,41;120,95
10/11/2021 10:00;120,52;120,65;120,37;120,4
10/11/2021 09:00;120,81;120,98;120,2;120,52
09/11/2021 17:05;121,27;121,27;120,81;120,99
09/11/2021 16:00;121,84;122,02;121,24;121,39
09/11/2021 15:00;122,06;122,36;121,82;121,85
09/11/2021 14:00;121,63;122,36;121,63;122,11
09/11/2021 13:00;121,6;121,78;121,46;121,64
09/11/2021 12:00;121,51;121,79;121,5;121,58
09/11/2021 11:00;122,01;122,03;121,37;121,5
09/11/2021 10:00;122,39;122,39;121,98;122,03
09/11/2021 09:00;122,25;122,71;122,15;122,43
08/11/2021 17:05;122,81;122,9;122,29;122,78
08/11/2021 16:00;122,95;123,07;122,74;123,07
08/11/2021 15:00;123,14;123,22;122,92;123,04
08/11/2021 14:00;123,23;123,33;123,08;123,12
08/11/2021 13:00;123,16;123,28;123,12;123,21
08/11/2021 12:00;123,49;123,62;123,14;123,21
08/11/2021 11:00;123,35;123,47;123,12;123,47
08/11/2021 10:00;123,56;124;123,21;123,39
08/11/2021 09:00;122,92;123,84;122,92;123,43
05/11/2021 17:05;122,92;123,28;122,87;123,09
05/11/2021 16:00;123,42;123,45;123,08;123,18
05/11/2021 15:00;123,42;123,67;123,35;123,35
05/11/2021 14:00;123,29;123,69;123,21;123,43
05/11/2021 13:00;123,87;124,04;123,29;123,29
05/11/2021 12:00;123,6;124,26;123,54;123,91
05/11/2021 11:00;124,05;124,14;123,49;123,67
05/11/2021 10:00;124,12;124,26;123,97;124,04
05/11/2021 09:00;124,55;124,55;123,8;124,12
04/11/2021 17:05;124,91;125,08;124,77;125
04/11/2021 16:00;125,37;125,61;125,15;125,18
04/11/2021 15:00;125;125,41;124,77;125,34
04/11/2021 14:00;124,7;125,01;124,66;124,98
04/11/2021 13:00;124,77;124,8;124,66;124,7
04/11/2021 12:00;124,86;124,93;124,73;124,76
04/11/2021 11:00;124,93;125,15;124,73;124,8
04/11/2021 10:00;124,89;125,13;124,52;124,87
04/11/2021 09:00;125,41;125,46;124,74;124,89
03/11/2021 17:05;125,51;125,72;125,3;125,3
03/11/2021 16:00;125,87;125,9;125,61;125,72
03/11/2021 15:00;126,21;126,28;125,79;125,89
03/11/2021 14:00;126,31;126,33;125,96;126,24
03/11/2021 13:00;126,4;126,55;126,18;126,35
03/11/2021 12:00;126,89;126,89;126,24;126,43
03/11/2021 11:00;126,89;126,99;126,79;126,88
03/11/2021 10:00;127,13;127,16;126,58;126,93
03/11/2021 09:00;127,13;127,27;126,02;127,12
01/11/2021 17:05;127,56;127,56;126,72;127,07
01/11/2021 16:00;127,33;127,41;127,22;127,41
01/11/2021 15:00;127,19;127,34;127,17;127,34
01/11/2021 14:00;127,06;127,58;127,06;127,22
01/11/2021 13:00;127,1;127,13;126,88;127,03
01/11/2021 12:00;126,55;127,32;126,54;127,03
01/11/2021 11:00;126,33;126,71;126,31;126,52
01/11/2021 10:00;126,54;126,57;126,21;126,4
01/11/2021 09:00;124,73;127,36;124,55;126,54
29/10/2021 17:05;124,98;125,01;124,59;124,59
29/10/2021 16:00;124,76;125,01;124,56;125,01
29/10/2021 15:00;124,96;124,96;124,66;124,73
29/10/2021 14:00;124,89;125,15;124,74;124,9
29/10/2021 13:00;124,65;124,94;124,52;124,84
29/10/2021 12:00;124,72;124,79;124,62;124,66
29/10/2021 11:00;124,49;124,76;124,36;124,69
29/10/2021 10:00;124,7;124,8;124,18;124,45
29/10/2021 09:00;124,07;125,11;123,83;124,7
28/10/2021 17:05;124,45;124,73;124,09;124,22
28/10/2021 16:00;124,02;124,31;123,78;124,24
28/10/2021 15:00;124,31;124,36;123,98;124,02
28/10/2021 14:00;124,12;124,33;124,02;124,32
28/10/2021 13:00;124,49;124,52;123,91;124,18
28/10/2021 12:00;124,26;124,53;124,09;124,48
28/10/2021 11:00;123,32;124,31;123,28;124,25
28/10/2021 10:00;123,42;123,44;123,03;123,37
28/10/2021 09:00;123,11;123,53;122,89;123,43
27/10/2021 17:05;123,98;124,01;123,43;123,46
27/10/2021 16:00;124,18;124,36;123,78;124,01
27/10/2021 15:00;124,41;124,48;124,07;124,15
27/10/2021 14:00;123,8;124,59;123,8;124,41
27/10/2021 13:00;123,98;124,18;123,68;123,73
27/10/2021 12:00;123,5;124,45;123,5;123,98
27/10/2021 11:00;122,88;123,5;122,82;123,47
27/10/2021 10:00;122,77;122,95;122,47;122,82
27/10/2021 09:00;123,18;123,3;122,64;122,77
26/10/2021 17:05;123,74;123,98;123,6;123,6
26/10/2021 16:00;123,37;123,9;123,36;123,61
26/10/2021 15:00;123,32;123,46;123,32;123,37
26/10/2021 14:00;123,42;123,49;123,06;123,3
26/10/2021 13:00;123,32;123,59;123,28;123,39
26/10/2021 12:00;122,96;123,44;122,94;123,26
26/10/2021 11:00;122,96;123,15;122,67;122,98
26/10/2021 10:00;123,4;123,44;122,91;122,96
26/10/2021 09:00;123,77;123,77;123,16;123,42
25/10/2021 17:05;123,7;123,85;123,33;123,39
25/10/2021 16:00;123,77;124,08;123,74;123,88
25/10/2021 15:00;124,05;124,09;123,74;123,77
25/10/2021 14:00;124,19;124,24;123,92;124,07
25/10/2021 13:00;124,65;124,65;124,15;124,21
25/10/2021 12:00;125,14;125,25;124,6;124,65
25/10/2021 11:00;125,15;125,45;125,11;125,13
25/10/2021 10:00;125,18;125,62;125,05;125,08
25/10/2021 09:00;125,78;126,43;125,03;125,25
22/10/2021 17:05;125,22;125,58;125,2;125,3
22/10/2021 16:00;124,89;125,41;124,83;125,38
22/10/2021 15:00;125,07;125,14;124,8;124,89
22/10/2021 14:00;125,11;125,22;125,01;125,04
22/10/2021 13:00;124,72;125,22;124,72;125,08
22/10/2021 12:00;124,76;124,87;124,65;124,76
22/10/2021 11:00;124,66;124,94;124,53;124,76
22/10/2021 10:00;125,1;125,1;124,56;124,65
22/10/2021 09:00;125,01;125,37;124,79;125,04
21/10/2021 17:05;124,8;125,03;124,65;124,87
21/10/2021 16:00;125,42;125,58;124,87;124,89
21/10/2021 15:00;125,28;125,49;125,1;125,44
21/10/2021 14:00;125,22;125,56;125,13;125,22
21/10/2021 13:00;125,03;125,25;124,91;125,15
21/10/2021 12:00;125,04;125,39;124,9;125,08
21/10/2021 11:00;124,93;125,24;124,93;125,04
21/10/2021 10:00;124,86;125,13;124,74;124,94
21/10/2021 09:00;124,87;125,11;124,43;124,87
20/10/2021 17:05;125,14;125,48;124,8;125,21
20/10/2021 16:00;125,3;125,48;125,15;125,48
20/10/2021 15:00;125,35;125,45;125,24;125,3
20/10/2021 14:00;125,3;125,42;125,22;125,35
20/10/2021 13:00;125,45;125,54;125,21;125,21
20/10/2021 12:00;125,37;125,58;125,35;125,44
20/10/2021 11:00;125,46;125,52;125,17;125,32
20/10/2021 10:00;125,87;125,87;125,13;125,48
20/10/2021 09:00;126,64;126,65;125,75;125,93
19/10/2021 17:05;125,9;126,31;125,79;125,97
19/10/2021 16:00;126,64;126,82;126;126,1
19/10/2021 15:00;126,82;126,89;126,35;126,69
19/10/2021 14:00;126,86;127,03;126,59;126,81
19/10/2021 13:00;126,98;127,03;126,68;126,86
19/10/2021 12:00;127,2;127,37;126,83;126,92
19/10/2021 11:00;126,86;127,34;126,67;127,12
19/10/2021 10:00;126,81;126,92;126,48;126,92
19/10/2021 09:00;126;126,99;126;126,82
18/10/2021 17:05;126,96;126,96;125,72;125,93
18/10/2021 16:00;126,11;127,48;125,61;126,43
18/10/2021 15:00;126,21;126,21;125,93;126,1
18/10/2021 14:00;126,13;126,43;126,07;126,26
18/10/2021 13:00;125,94;126,18;125,82;126,13
18/10/2021 12:00;126,27;126,35;125,93;126
18/10/2021 11:00;126,18;126,3;126,14;126,23
18/10/2021 10:00;126,27;126,5;126,17;126,21
18/10/2021 09:00;126,03;126,88;126,03;126,24
15/10/2021 17:05;125,8;127,68;125,51;125,72
15/10/2021 16:00;125,46;125,72;125,28;125,72
15/10/2021 15:00;125,42;125,72;125,38;125,48
15/10/2021 14:00;125,41;125,51;125,32;125,39
15/10/2021 13:00;125,38;125,39;125,11;125,39
15/10/2021 12:00;125,46;125,54;125,38;125,39
15/10/2021 11:00;125,66;125,73;125,48;125,49
15/10/2021 10:00;125,49;125,8;125,31;125,7
15/10/2021 09:00;125,61;125,9;125,42;125,54
14/10/2021 17:05;125,22;125,72;124,93;125,44
14/10/2021 16:00;125,75;125,96;125,3;125,3
14/10/2021 15:00;125,63;125,86;125,58;125,72
14/10/2021 14:00;125,68;125,97;125,51;125,65
14/10/2021 13:00;125,39;125,86;125,37;125,65
14/10/2021 12:00;125,56;125,69;125,27;125,39
14/10/2021 11:00;125,24;125,66;125,1;125,62
14/10/2021 10:00;125,05;125,42;125,05;125,3
14/10/2021 09:00;125,15;125,58;125,01;125,15
13/10/2021 17:05;125,48;126,13;124,74;124,74
13/10/2021 16:00;124,94;125,48;124,9;125,44
13/10/2021 15:00;125,42;125,72;124,81;125
13/10/2021 14:00;124,97;125,44;124,9;125,42
13/10/2021 13:00;124,81;125,01;124,72;124,98
13/10/2021 12:00;124,87;124,94;124,67;124,89
13/10/2021 11:00;124,74;125,01;124,67;124,87
13/10/2021 10:00;124,45;124,81;124,39;124,73
13/10/2021 09:00;124,77;125,1;124,38;124,45
11/10/2021 17:05;125,48;125,99;125,18;125,37
11/10/2021 16:00;125,79;126;125,17;125,48
11/10/2021 15:00;126,04;126,28;125,58;125,76
11/10/2021 14:00;125,01;126,43;125,01;125,97
11/10/2021 13:00;125,1;125,17;124,76;125,05
11/10/2021 12:00;125,46;125,51;125,01;125,1
11/10/2021 11:00;125,46;125,52;125,05;125,52
11/10/2021 10:00;125,94;126;125,18;125,44
11/10/2021 09:00;125,99;126,51;125,42;125,94
08/10/2021 17:05;125,15;125,72;124,35;125,62
08/10/2021 16:00;125,38;125,45;125;125,15
08/10/2021 15:00;126;126,06;125,3;125,37
08/10/2021 14:00;126,34;126,69;125,86;126,03
08/10/2021 13:00;126,52;126,55;125,92;126,4
08/10/2021 12:00;126,71;126,85;126,3;126,51
08/10/2021 11:00;126,11;127,03;126,04;126,71
08/10/2021 10:00;126,14;126,14;125,86;126,1
08/10/2021 09:00;124,91;126,28;124,9;126,14
07/10/2021 17:05;125,21;125,56;125,08;125,37
07/10/2021 16:00;125,48;125,62;125,08;125,08
07/10/2021 15:00;125,58;125,78;125,44;125,48
07/10/2021 14:00;125,75;126,26;125,3;125,58
07/10/2021 13:00;125,44;125,79;125,39;125,76
07/10/2021 12:00;125,27;125,63;125,2;125,42
07/10/2021 11:00;126,13;126,14;125,01;125,28
07/10/2021 10:00;126,21;126,34;126;126,07
07/10/2021 09:00;127,07;127,07;125,86;126,23
06/10/2021 17:05;126,71;126,71;126,34;126,47
06/10/2021 16:00;127,05;127,1;126,64;126,85
06/10/2021 15:00;127,27;127,32;126,88;127,03
06/10/2021 14:00;127,75;127,87;127,27;127,29
06/10/2021 13:00;127,77;127,91;127,5;127,7
06/10/2021 12:00;127,68;127,82;127,5;127,77
06/10/2021 11:00;127,85;127,96;127,58;127,7
06/10/2021 10:00;128,12;128,12;127,48;127,92
06/10/2021 09:00;128,46;128,69;127,89;128,12
05/10/2021 17:05;127,58;127,77;127,32;127,68
05/10/2021 16:00;128,2;128,26;127,17;127,44
05/10/2021 15:00;128,97;129,02;128,19;128,19
05/10/2021 14:00;129,22;129,65;128,85;129,01
05/10/2021 13:00;128,87;129,31;128,74;129,24
05/10/2021 12:00;128,8;129,11;128,67;128,85
05/10/2021 11:00;128,6;128,83;128,18;128,8
05/10/2021 10:00;128,08;128,93;127,96;128,61
05/10/2021 09:00;127,51;128,52;126,86;128,05
04/10/2021 17:05;127,44;127,75;127,13;127,41
04/10/2021 16:00;127,98;128,12;127,24;127,58
04/10/2021 15:00;128,19;128,37;127,98;127,98
04/10/2021 14:00;128,61;128,69;128,12;128,15
04/10/2021 13:00;128,43;128,9;128,4;128,61
04/10/2021 12:00;128,64;128,9;128,33;128,43
04/10/2021 11:00;128,33;128,69;128,26;128,47
04/10/2021 10:00;128,64;128,73;127,98;128,32
04/10/2021 09:00;128,84;129,42;128,33;128,76
01/10/2021 17:05;128,7;129,04;128,69;128,76
01/10/2021 16:00;129,5;129,5;128,69;128,69
01/10/2021 15:00;129,18;129,5;129,15;129,48
01/10/2021 14:00;129,48;129,53;129,15;129,18
01/10/2021 13:00;129,87;129,96;129,32;129,42
01/10/2021 12:00;129,82;130,1;129,79;129,84
01/10/2021 11:00;130,1;130,22;129,74;129,82
01/10/2021 10:00;130,52;130,59;130,08;130,08
01/10/2021 09:00;129,87;130,63;129,55;130,52
30/09/2021 17:05;129,62;130,08;129,36;129,83
30/09/2021 16:00;130,54;130,54;129,74;129,9
30/09/2021 15:00;130,68;130,8;130,52;130,62
30/09/2021 14:00;130,42;130,73;130,38;130,71
30/09/2021 13:00;131,2;131,27;130,38;130,45
30/09/2021 12:00;131,21;131,34;130,96;131,23
30/09/2021 11:00;131,21;131,62;131,09;131,23
30/09/2021 10:00;130,68;131,23;130,38;131,14
30/09/2021 09:00;131,52;131,95;130,27;130,68
29/09/2021 17:05;131,75;132,02;131,64;131,69
29/09/2021 16:00;131,86;132,15;131,81;131,98
29/09/2021 15:00;132,06;132,27;131,84;131,89
29/09/2021 14:00;131,88;132,16;131,79;132,06
29/09/2021 13:00;131,93;132,05;131,81;131,88
29/09/2021 12:00;131,79;131,93;131,54;131,93
29/09/2021 11:00;132,1;132,13;131,68;131,82
29/09/2021 10:00;131,79;132,29;131,79;132,19
29/09/2021 09:00;132,36;132,63;131,58;131,84
28/09/2021 17:05;131,79;132,29;131,54;132,08
28/09/2021 16:00;132,16;132,22;131,37;131,67
28/09/2021 15:00;132,33;132,39;132,09;132,16
28/09/2021 14:00;132,1;132,43;131,99;132,32
28/09/2021 13:00;132,29;132,64;132;132
28/09/2021 12:00;132,34;132,47;132,17;132,27
28/09/2021 11:00;132,36;132,41;132,22;132,34
28/09/2021 10:00;132,2;132,57;132,09;132,36
28/09/2021 09:00;132,08;133,13;131,93;132,29
27/09/2021 17:05;131,09;131,37;130,96;131,3
27/09/2021 16:00;130,63;131,23;130,39;131,2
27/09/2021 15:00;130,56;130,65;130,3;130,59
27/09/2021 14:00;130,44;131,36;130,3;130,63
27/09/2021 13:00;130,08;130,56;130;130,44
27/09/2021 12:00;130,03;130,38;129,9;130,06
27/09/2021 11:00;129,74;129,96;129,42;129,96
27/09/2021 10:00;129,18;130,72;129,18;129,74
27/09/2021 09:00;128,06;129,25;127,7;129,18
24/09/2021 17:05;128,53;128,53;127,84;128,12
24/09/2021 16:00;128,22;128,3;128,02;128,19
24/09/2021 15:00;128,54;128,69;128,19;128,22
24/09/2021 14:00;128,36;128,69;128,23;128,54
24/09/2021 13:00;128,15;128,39;128,08;128,35
24/09/2021 12:00;128,19;128,26;128,05;128,22
24/09/2021 11:00;128,39;128,5;128,05;128,15
24/09/2021 10:00;128,37;128,52;128,26;128,4
24/09/2021 09:00;128,93;129,24;128,3;128,47
23/09/2021 17:05;129,43;129,43;129,14;129,36
23/09/2021 16:00;129,56;129,74;129,43;129,46
23/09/2021 15:00;129,31;129,59;129,28;129,52
23/09/2021 14:00;129,38;129,42;129,25;129,29
23/09/2021 13:00;129,39;129,46;129,04;129,38
23/09/2021 12:00;129,53;129,6;129,39;129,39
23/09/2021 11:00;129,45;129,66;129,41;129,48
23/09/2021 10:00;129,43;129,59;129,26;129,48
23/09/2021 09:00;129,94;130,03;129,28;129,45
22/09/2021 17:05;130,27;130,28;129,67;130,1
22/09/2021 16:00;130,35;130,39;130,21;130,27
22/09/2021 15:00;130,25;130,44;130,08;130,35
22/09/2021 14:00;130,42;130,45;130,24;130,27
22/09/2021 13:00;130,52;130,65;130,41;130,41
22/09/2021 12:00;130,39;130,52;130,38;130,52
22/09/2021 11:00;130,48;130,66;130,28;130,38
22/09/2021 10:00;130,41;130,78;130,25;130,54
22/09/2021 09:00;130,38;130,86;129,82;130,48
21/09/2021 17:05;130,9;131,37;130,87;130,87
21/09/2021 16:00;130,83;131,16;130,8;131,06
21/09/2021 15:00;130,89;131,09;130,73;130,83
21/09/2021 14:00;130,83;131,21;130,78;130,92
21/09/2021 13:00;130,62;130,93;130,55;130,79
21/09/2021 12:00;130,66;130,79;130,58;130,62
21/09/2021 11:00;130,86;130,92;130,59;130,63
21/09/2021 10:00;131,02;131,13;130,8;130,85
21/09/2021 09:00;130,52;131,27;130,27;131
20/09/2021 17:05;130,92;131,09;130,8;131,07
20/09/2021 16:00;131,09;131,19;130,95;130,95
20/09/2021 15:00;131,23;131,23;131,03;131,16
20/09/2021 14:00;131,36;131,5;131,11;131,17
20/09/2021 13:00;131,04;131,36;131,02;131,36
20/09/2021 12:00;131,02;131,13;131,02;131,04
20/09/2021 11:00;131,27;131,27;130,95;131,02
20/09/2021 10:00;131,2;131,44;131,09;131,27
20/09/2021 09:00;131,23;131,58;130,71;131,26
17/09/2021 17:05;131,69;132;131,48;131,86
17/09/2021 16:00;131,51;131,93;131,47;131,65
17/09/2021 15:00;131,23;131,79;131,19;131,51
17/09/2021 14:00;130,86;131,23;130,85;131,23
17/09/2021 13:00;131,02;131,19;130,71;130,87
17/09/2021 12:00;131,04;131,16;130,85;131,07
17/09/2021 11:00;131,02;131,5;130,95;131,06
17/09/2021 10:00;130,87;131,16;130,66;131,09
17/09/2021 09:00;130,86;131,55;130,44;130,87
16/09/2021 17:05;131,44;131,57;130,82;131,09
16/09/2021 16:00;132;132,08;131,17;131,44
16/09/2021 15:00;131,92;132,17;131,79;132,02
16/09/2021 14:00;132;132,05;131,72;131,93
16/09/2021 13:00;131,85;132;131,72;131,93
16/09/2021 12:00;132,05;132,26;131,81;131,85
16/09/2021 11:00;131,79;132,34;131,54;132,13
16/09/2021 10:00;132,92;132,99;131,71;131,79
16/09/2021 09:00;132,78;133,33;132,58;132,87
15/09/2021 17:05;133,13;133,49;132,57;132,64
15/09/2021 16:00;132,97;133,21;132,71;133,13
15/09/2021 15:00;132,54;133,32;132,47;132,89
15/09/2021 14:00;132,57;132,7;132,36;132,51
15/09/2021 13:00;132,78;132,78;132,43;132,57
15/09/2021 12:00;132,73;132,8;132,64;132,71
15/09/2021 11:00;132,71;132,82;132,5;132,7
15/09/2021 10:00;132,58;132,92;132,22;132,78
15/09/2021 09:00;133,63;133,69;132,53;132,56
14/09/2021 17:05;133,71;133,77;133,52;133,7
14/09/2021 16:00;133,66;133,71;133,28;133,56
14/09/2021 15:00;133,57;133,7;133,49;133,69
14/09/2021 14:00;133,63;133,84;133,56;133,56
14/09/2021 13:00;133,74;133,77;133,56;133,63
14/09/2021 12:00;133,8;133,86;133,5;133,77
14/09/2021 11:00;133,56;133,91;133,56;133,77
14/09/2021 10:00;133,43;133,63;133,25;133,5
14/09/2021 09:00;132,57;133,71;132,5;133,42
13/09/2021 17:05;132,2;132,64;132,08;132,33
13/09/2021 16:00;131,64;131,89;131,61;131,85
13/09/2021 15:00;131,65;131,86;131,47;131,65
13/09/2021 14:00;131,64;131,71;131,51;131,65
13/09/2021 13:00;131,64;131,72;131,51;131,67
13/09/2021 12:00;131,64;131,76;131,41;131,58
13/09/2021 11:00;131,76;131,79;131,47;131,52
13/09/2021 10:00;131,48;131,93;131,43;131,75
13/09/2021 09:00;130,68;131,62;130,65;131,5
10/09/2021 17:05;130,61;130,78;128,85;129,11
10/09/2021 16:00;130,95;131,19;130,44;130,68
10/09/2021 15:00;131;131,23;130,92;131
10/09/2021 14:00;130,68;131,09;130,61;130,95
10/09/2021 13:00;130,82;131,09;129,82;130,8
10/09/2021 12:00;130,51;131,37;130,41;130,86
10/09/2021 11:00;130,52;130,56;130,38;130,51
10/09/2021 10:00;130,8;130,8;130,24;130,52
10/09/2021 09:00;131,33;131,34;130,66;130,8
09/09/2021 17:05;130,9;131,19;130,66;131,07
09/09/2021 16:00;131,3;131,65;130,95;131,51
09/09/2021 15:00;131,21;131,44;131,11;131,33
09/09/2021 14:00;131,2;131,43;131;131,23
09/09/2021 13:00;130,93;131,61;130,87;131,24
09/09/2021 12:00;130,92;131,09;130,73;130,85
09/09/2021 11:00;130,85;131,21;130,66;131,04
09/09/2021 10:00;131,43;131,43;130,52;130,9
09/09/2021 09:00;130,99;131,51;130,24;131,41
08/09/2021 17:05;131,33;131,89;130,95;131,27
08/09/2021 16:00;131,55;131,75;130,66;131,37
08/09/2021 15:00;131,57;132,08;130,8;131,44
08/09/2021 14:00;131,67;131,72;131,4;131,57
08/09/2021 13:00;131,24;131,71;131,23;131,6
08/09/2021 12:00;131,2;131,85;131,09;131,24
08/09/2021 11:00;130,06;131,92;129,89;131,19
08/09/2021 10:00;130,21;130,24;129,73;130,06
08/09/2021 09:00;129,32;130,35;129,24;130,21
06/09/2021 17:05;130,55;130,61;128,54;128,54
06/09/2021 16:00;129,55;130,66;129,41;130,24
06/09/2021 15:00;129,59;129,74;129,39;129,56
06/09/2021 14:00;129,46;129,53;129,21;129,5
06/09/2021 13:00;129,53;129,69;129,39;129,46
06/09/2021 12:00;129,28;129,53;129,17;129,5
06/09/2021 11:00;129,73;129,74;129,17;129,29
06/09/2021 10:00;129,53;129,73;129,32;129,73
06/09/2021 09:00;129,18;130,14;128,95;129,59
03/09/2021 17:05;129,46;130,07;129,46;130,04
03/09/2021 16:00;129,89;130,22;129,25;129,6
03/09/2021 15:00;129,67;129,9;129,53;129,83
03/09/2021 14:00;130,08;130,31;129,14;129,73
03/09/2021 13:00;129,87;130,17;129,65;130,07
03/09/2021 12:00;129,93;130,38;129,56;129,8
03/09/2021 11:00;129,74;129,96;129,56;129,9
03/09/2021 10:00;129,46;129,87;129,25;129,8
03/09/2021 09:00;128,59;129,96;128,26;129,46
02/09/2021 17:05;129,96;130,32;128,83;128,83
02/09/2021 16:00;130,11;130,65;129,26;130,01
02/09/2021 15:00;130,08;130,52;129,87;130,03
02/09/2021 14:00;129,91;130,1;129,69;129,98
02/09/2021 13:00;130,63;130,66;129,89;129,93
02/09/2021 12:00;130,65;130,73;130,1;130,63
02/09/2021 11:00;130,42;131,09;129,98;130,59
02/09/2021 10:00;129,04;130,8;129,04;130,47
02/09/2021 09:00;128,83;129,18;127,95;129,01
01/09/2021 17:05;128,08;128,69;128,06;128,33
01/09/2021 16:00;127,09;127,81;127,02;127,81
01/09/2021 15:00;127,63;127,75;126,98;127,09
01/09/2021 14:00;127,7;127,91;127,53;127,63
01/09/2021 13:00;127,85;128,01;127,6;127,88
01/09/2021 12:00;127,95;128,01;127,75;127,92
01/09/2021 11:00;128,01;128,18;127,84;127,84
01/09/2021 10:00;127,91;128,19;127,67;127,98
01/09/2021 09:00;128,13;128,54;127,41;127,81
31/08/2021 17:05;129,63;130,04;129,42;129,49
31/08/2021 16:00;129,99;130,1;129,12;129,42
31/08/2021 15:00;129,91;130,24;129,77;130,06
31/08/2021 14:00;129,91;130,11;129,7;129,91
31/08/2021 13:00;130,47;130,48;129,87;129,9
31/08/2021 12:00;130,35;130,56;130,13;130,47
31/08/2021 11:00;130,9;130,9;130,21;130,37
31/08/2021 10:00;131,57;131,67;130,83;130,92
31/08/2021 09:00;132,47;133,52;131,48;131,67
30/08/2021 17:05;131,58;132,39;131,55;132,32
30/08/2021 16:00;131,95;132,37;131,13;131,61
30/08/2021 15:00;132,78;132,85;131,89;131,96
30/08/2021 14:00;132,47;132,84;132,06;132,74
30/08/2021 13:00;132,81;132,88;132,35;132,46
30/08/2021 12:00;132,78;132,88;132,67;132,74
30/08/2021 11:00;133,24;133,52;132,61;132,74
30/08/2021 10:00;133,82;133,83;133,17;133,31
30/08/2021 09:00;133,34;134,1;133,04;133,8
27/08/2021 17:05;134,71;135,15;134,11;134,66
27/08/2021 16:00;134,74;135;134,3;134,49
27/08/2021 15:00;135,07;135,07;134,74;134,81
27/08/2021 14:00;135,02;135,19;134,82;135,03
27/08/2021 13:00;135,2;135,26;134,96;135,02
27/08/2021 12:00;135,2;135,3;135,09;135,15
27/08/2021 11:00;135,13;135,36;135;135,2
27/08/2021 10:00;134,88;135,15;134,81;135,07
27/08/2021 09:00;134,78;135,4;134,45;134,88
26/08/2021 17:05;134,9;135,36;134,58;135,3
26/08/2021 16:00;135,07;135,15;134,58;134,93
26/08/2021 15:00;135,41;135,41;135,05;135,15
26/08/2021 14:00;135,31;135,5;135,29;135,43
26/08/2021 13:00;135,48;135,48;135,27;135,33
26/08/2021 12:00;135,75;135,85;135,15;135,46
26/08/2021 11:00;135,34;135,78;135,31;135,78
26/08/2021 10:00;135,34;135,43;135,16;135,36
26/08/2021 09:00;135,15;135,56;134,35;135,34
25/08/2021 17:05;135,13;135,13;134,51;134,65
25/08/2021 16:00;134,71;134,98;134,51;134,89
25/08/2021 15:00;135,16;135,27;134,52;134,62
25/08/2021 14:00;135,34;135,57;135,12;135,15
25/08/2021 13:00;135,41;135,43;135,15;135,36
25/08/2021 12:00;135,2;135,51;135,07;135,3
25/08/2021 11:00;134,99;135,41;134,9;135,09
25/08/2021 10:00;134,65;135,13;134,65;135
25/08/2021 09:00;134,51;135,03;133,6;134,65
24/08/2021 17:05;134,92;135,15;134,86;135
24/08/2021 16:00;134,69;135,15;134,41;134,71
24/08/2021 15:00;135,37;135,56;134,65;134,78
24/08/2021 14:00;135,5;135,68;135,15;135,37
24/08/2021 13:00;135,29;135,71;135,22;135,53
24/08/2021 12:00;135,15;135,56;135,07;135,29
24/08/2021 11:00;135,77;135,98;134,89;135,15
24/08/2021 10:00;135,37;136,06;135,06;135,82
24/08/2021 09:00;136,12;136,25;135,16;135,4
23/08/2021 17:05;134,86;136,49;134,72;136,28
23/08/2021 16:00;136,63;136,98;134,16;134,65
23/08/2021 15:00;136,95;137,12;136,56;136,6
23/08/2021 14:00;136,63;137,28;136,35;136,95
23/08/2021 13:00;135,91;136,97;135,87;136,57
23/08/2021 12:00;135,6;135,91;135,58;135,91
23/08/2021 11:00;135,91;136,09;135,29;135,6
23/08/2021 10:00;135,29;136,28;135,22;135,91
23/08/2021 09:00;135,99;136,12;134,88;135,36
20/08/2021 17:05;135,74;135,88;135,48;135,71
20/08/2021 16:00;136,09;136,09;135,43;135,68
20/08/2021 15:00;136,56;136,64;135,99;136,06
20/08/2021 14:00;136,77;136,84;136,28;136,57
20/08/2021 13:00;136,95;137,1;136,7;136,7
20/08/2021 12:00;136,71;137,03;136,42;136,84
20/08/2021 11:00;136,83;137,36;136,66;136,7
20/08/2021 10:00;136,87;137,05;136,66;136,86
20/08/2021 09:00;137,34;137,68;136,57;136,91
19/08/2021 17:05;136,42;137,31;136,25;137,18
19/08/2021 16:00;137,53;137,87;136,71;136,84
19/08/2021 15:00;138,28;138,28;137,08;137,48
19/08/2021 14:00;138,26;138,54;138,14;138,27
19/08/2021 13:00;137,87;138,45;137,72;138,37
19/08/2021 12:00;138,38;138,41;137,83;137,97
19/08/2021 11:00;138,2;138,52;138,2;138,33
19/08/2021 10:00;137,9;138,68;137,87;138,21
19/08/2021 09:00;138,09;138,47;137,56;137,97
18/08/2021 17:05;138,47;138,81;138,26;138,54
18/08/2021 16:00;138,48;138,54;138,11;138,47
18/08/2021 15:00;138,95;138,96;138,18;138,54
18/08/2021 14:00;138,83;139,16;138,82;139,03
18/08/2021 13:00;138,98;139,43;138,75;138,82
18/08/2021 12:00;139,46;139,53;138,86;138,98
18/08/2021 11:00;138,35;140,16;138,31;139,44
18/08/2021 10:00;139,68;139,68;138,31;138,38
18/08/2021 09:00;140,14;140,52;139,24;139,58
17/08/2021 17:05;140,16;140,76;139,13;140,29
17/08/2021 16:00;140,8;141,08;140,38;140,4
17/08/2021 15:00;140,73;141,2;140,59;140,91
17/08/2021 14:00;140,74;141;140,38;140,81
17/08/2021 13:00;140,3;141,03;140,23;140,74
17/08/2021 12:00;141,22;141,22;140,02;140,3
17/08/2021 11:00;141,24;141,49;141,1;141,22
17/08/2021 10:00;141,51;141,65;141,22;141,29
17/08/2021 09:00;141,66;141,82;141,08;141,51
16/08/2021 17:05;141,22;141,83;141;141,79
16/08/2021 16:00;141,01;141,44;140,66;141,27
16/08/2021 15:00;141,45;141,45;140,97;140,97
16/08/2021 14:00;141,21;141,51;140,97;141,37
16/08/2021 13:00;141,25;141,25;140,94;141,18
16/08/2021 12:00;141,12;141,27;140,93;141,22
16/08/2021 11:00;141,68;141,86;141,15;141,15
16/08/2021 10:00;141,87;142,14;141,38;141,79
16/08/2021 09:00;141,66;142,41;141,66;141,93
13/08/2021 17:05;140,96;141,83;140,83;141,37
13/08/2021 16:00;141;141,22;140,76;141,22
13/08/2021 15:00;140,97;141,29;140,8;141,05
13/08/2021 14:00;141,22;141,22;140,56;140,9
13/08/2021 13:00;140,94;141,44;140,32;141,21
13/08/2021 12:00;141,82;141,92;140,8;140,96
13/08/2021 11:00;141,85;142;141,72;141,87
13/08/2021 10:00;142,03;142,35;141,8;141,8
13/08/2021 09:00;142,1;142,57;141,58;142
12/08/2021 17:05;141,37;141,65;141,08;141,63
12/08/2021 16:00;142;142,02;141,22;141,37
12/08/2021 15:00;142,14;142,28;141,68;142,03
12/08/2021 14:00;142,23;142,4;141,66;142,14
12/08/2021 13:00;141,34;142,78;141,29;142,27
12/08/2021 12:00;140,8;141,34;140,66;141,34
12/08/2021 11:00;140,88;141,22;140,5;140,83
12/08/2021 10:00;140,84;141,51;140,67;140,94
12/08/2021 09:00;140,29;141,21;139,6;140,87
11/08/2021 17:05;140,38;140,38;139,81;140,23
11/08/2021 16:00;140,22;140,66;139,67;140,38
11/08/2021 15:00;139,95;140,63;139,85;140,23
11/08/2021 14:00;139,24;139,99;138,81;139,95
11/08/2021 13:00;138,68;139,53;138,62;139,24
11/08/2021 12:00;137,93;138,96;137,83;138,76
11/08/2021 11:00;138,34;138,44;137,7;137,94
11/08/2021 10:00;138,68;138,75;138,26;138,4
11/08/2021 09:00;138,85;139,09;137,97;138,68
10/08/2021 17:05;138,95;139,37;138,69;138,69
10/08/2021 16:00;138,99;139,1;138,54;138,96
10/08/2021 15:00;138,81;139,17;138,5;138,95
10/08/2021 14:00;138,83;138,92;138,23;138,78
10/08/2021 13:00;138,68;139,08;138,68;138,75
10/08/2021 12:00;138,81;139,09;138,55;138,65
10/08/2021 11:00;138,31;139,19;138,28;138,81
10/08/2021 10:00;138,18;138,72;138,14;138,48
10/08/2021 09:00;137,73;138,38;137,12;138,18
09/08/2021 17:05;137,53;137,55;136,86;137,21
09/08/2021 16:00;137,21;137,69;137,03;137,55
09/08/2021 15:00;137,05;137,82;136,73;137,08
09/08/2021 14:00;137,22;137,29;136,21;137,08
09/08/2021 13:00;137,6;138,04;137,12;137,32
09/08/2021 12:00;137,55;137,68;137,35;137,55
09/08/2021 11:00;137,35;137,69;137;137,53
09/08/2021 10:00;137,14;137,68;136,98;137,34
09/08/2021 09:00;136,52;138,11;136,16;137,15
06/08/2021 17:05;137,76;138,13;137,27;138,06
06/08/2021 16:00;138,13;138,23;137,48;138,04
06/08/2021 15:00;138,78;139,08;138,11;138,11
06/08/2021 14:00;138,61;139,44;138,54;138,89
06/08/2021 13:00;138,95;139,1;137,83;138,68
06/08/2021 12:00;139,23;139,34;138,95;138,95
06/08/2021 11:00;139,33;139,41;138,91;139,13
06/08/2021 10:00;139,56;139,74;139,26;139,34
06/08/2021 09:00;139,12;140,66;138,54;139,46
05/08/2021 17:05;138,67;139,17;138,41;139
05/08/2021 16:00;137,75;138,41;137,53;138,26
05/08/2021 15:00;137,01;137,82;136,91;137,68
05/08/2021 14:00;137,29;137,92;136,93;136,94
05/08/2021 13:00;137,25;137,41;136,94;137,28
05/08/2021 12:00;135,99;137,97;135,99;137,34
05/08/2021 11:00;134,79;136,13;134,72;135,99
05/08/2021 10:00;134,72;135;134,4;134,86
05/08/2021 09:00;135,05;135,24;134,01;134,72
04/08/2021 17:05;135,05;135,36;134,3;134,3
04/08/2021 16:00;134,79;135;134,48;134,86
04/08/2021 15:00;135,48;135,54;134,58;134,85
04/08/2021 14:00;135,36;135,64;135,33;135,37
04/08/2021 13:00;135,17;135,71;135,07;135,39
04/08/2021 12:00;135,37;135,5;135,02;135,15
04/08/2021 11:00;135,64;135,88;135,29;135,29
04/08/2021 10:00;136,02;136,18;135,15;135,65
04/08/2021 09:00;136,36;136,77;135,41;136,09
03/08/2021 17:05;136,56;136,84;136,22;136,83
03/08/2021 16:00;138,47;138,47;136,71;136,74
03/08/2021 15:00;139,33;139,51;138,31;138,4
03/08/2021 14:00;139,37;139,53;139,24;139,33
03/08/2021 13:00;139,05;139,46;139,03;139,36
03/08/2021 12:00;139,53;139,53;138,69;139,05
03/08/2021 11:00;140,04;140,16;139,39;139,53
03/08/2021 10:00;140,08;140,32;139,95;140,04
03/08/2021 09:00;139,26;140,36;139,03;140,04
02/08/2021 17:05;139,53;140,08;139,13;139,16
02/08/2021 16:00;139,77;139,94;139,26;139,67
02/08/2021 15:00;140,11;140,56;139,54;139,77
02/08/2021 14:00;139,58;140,49;139,57;140,09
02/08/2021 13:00;139,65;139,92;139,37;139,61
02/08/2021 12:00;139,41;139,94;139,34;139,65
02/08/2021 11:00;140,09;140,28;139,4;139,4
02/08/2021 10:00;139,34;140,36;138,89;140,01
02/08/2021 09:00;139,74;140,22;138,26;139,46
30/07/2021 17:05;140,59;140,88;140,26;140,26
30/07/2021 16:00;141,41;141,51;140,3;140,52
30/07/2021 15:00;141,48;141,66;141,2;141,37
30/07/2021 14:00;141,18;141,66;140,96;141,48
30/07/2021 13:00;140,87;141,2;140,8;141,2
30/07/2021 12:00;140,39;141,07;140,28;140,84
30/07/2021 11:00;140,21;140,56;140,02;140,39
30/07/2021 10:00;140,9;140,96;140,02;140,16
30/07/2021 09:00;140,66;141,07;139,53;140,87
29/07/2021 17:05;141,63;141,94;141,28;141,28
29/07/2021 16:00;141,51;142,35;141,44;141,51
29/07/2021 15:00;141,69;141,72;141,22;141,45
29/07/2021 14:00;141,99;141,99;141,39;141,69
29/07/2021 13:00;142,21;142,5;141,76;141,86
29/07/2021 12:00;141,56;142,21;141,46;142,21
29/07/2021 11:00;141,51;141,56;140,71;141,56
29/07/2021 10:00;142,78;142,99;141,08;141,51
29/07/2021 09:00;143,22;144,33;142,38;142,68
28/07/2021 17:05;143,77;143,88;141,72;143,49
28/07/2021 16:00;144,12;144,4;143,34;143,61
28/07/2021 15:00;143,75;144,14;143,61;144,08
28/07/2021 14:00;143,3;143,91;143,22;143,6
28/07/2021 13:00;143,91;144,02;143,16;143,29
28/07/2021 12:00;144,29;144,33;143,6;143,91
28/07/2021 11:00;145,21;145,41;144,26;144,35
28/07/2021 10:00;145,01;145,31;144,76;145,25
28/07/2021 09:00;145,46;146,03;144,67;145,03
27/07/2021 17:05;145,42;145,73;145,13;145,32
27/07/2021 16:00;144,11;145,04;143,51;144,96
27/07/2021 15:00;143,91;144,32;143,84;144,05
27/07/2021 14:00;144,43;144,76;143,74;143,95
27/07/2021 13:00;143,26;144,43;143,09;144,33
27/07/2021 12:00;144,15;144,62;143,08;143,26
27/07/2021 11:00;144,46;144,86;143,98;144,11
27/07/2021 10:00;145,42;145,59;143,78;144,32
27/07/2021 09:00;145,61;146,27;144,63;145,42
26/07/2021 17:05;144,62;145,45;144,48;145,11
26/07/2021 16:00;143,58;144,48;143,51;144,25
26/07/2021 15:00;143,44;143,7;143,22;143,63
26/07/2021 14:00;143,32;143,63;143,17;143,34
26/07/2021 13:00;143,15;143,39;143,06;143,3
26/07/2021 12:00;142,99;143,25;142,82;143,19
26/07/2021 11:00;143,05;143,47;142,91;142,99
26/07/2021 10:00;143,64;143,87;142,82;143,06
26/07/2021 09:00;141,18;143,95;141,15;143,64
23/07/2021 17:05;140,87;141,32;140,45;140,53
23/07/2021 16:00;140,7;140,94;140,01;140,87
23/07/2021 15:00;140,77;140,87;140,5;140,76
23/07/2021 14:00;140,45;140,77;140,23;140,77
23/07/2021 13:00;140,63;140,79;140,4;140,5
23/07/2021 12:00;140,84;140,93;140,38;140,66
23/07/2021 11:00;140,53;141,07;140,47;140,8
23/07/2021 10:00;140,7;141,07;140,36;140,52
23/07/2021 09:00;139,54;140,87;139,24;140,77
22/07/2021 17:05;139,99;140,32;139,26;139,26
22/07/2021 16:00;140,16;140,38;139,67;139,95
22/07/2021 15:00;139,78;140,35;139,78;140,23
22/07/2021 14:00;139,47;139,95;139,43;139,81
22/07/2021 13:00;139,36;139,51;139,17;139,46
22/07/2021 12:00;138,89;139,37;138,89;139,34
22/07/2021 11:00;138,88;139,53;138,69;138,95
22/07/2021 10:00;138,52;139,03;138,27;138,78
22/07/2021 09:00;138,96;139,19;137,85;138,54
21/07/2021 17:05;139,48;139,92;139,32;139,65
21/07/2021 16:00;138,95;139,24;138,44;139,24
21/07/2021 15:00;138,78;138,96;138,5;138,95
21/07/2021 14:00;139,2;139,2;138,13;138,82
21/07/2021 13:00;139,2;139,24;138,99;139,19
21/07/2021 12:00;139,23;139,27;138,92;139,17
21/07/2021 11:00;139,53;139,6;139,17;139,17
21/07/2021 10:00;139,5;139,64;139,34;139,53
21/07/2021 09:00;138,54;139,78;138,48;139,53
20/07/2021 17:05;137,58;139,39;137,28;138,96
20/07/2021 16:00;137,86;138,47;136,56;137,22
20/07/2021 15:00;137,55;138,33;137,19;137,87
20/07/2021 14:00;137,83;138,01;136,84;137,52
20/07/2021 13:00;137,97;138,23;137,76;137,83
20/07/2021 12:00;138,09;138,35;137,63;137,99
20/07/2021 11:00;138,24;138,33;137,93;138,04
20/07/2021 10:00;138,35;138,47;138,01;138,24
20/07/2021 09:00;138,34;138,54;137,62;138,35
19/07/2021 17:05;135,99;137,55;135,99;137,52
19/07/2021 16:00;135,7;136,28;135,58;135,99
19/07/2021 15:00;136,09;136,09;135,57;135,64
19/07/2021 14:00;135,88;136,13;135,85;136,08
19/07/2021 13:00;135,74;135,99;135,5;135,87
19/07/2021 12:00;135,61;135,92;135,57;135,71
19/07/2021 11:00;135,71;136,23;135,17;135,57
19/07/2021 10:00;135,89;136,42;135,48;135,71
19/07/2021 09:00;135,7;137,53;134,58;135,99
16/07/2021 17:05;134;135,34;133,73;135,27
16/07/2021 16:00;135,99;136,06;133,41;133,7
16/07/2021 15:00;136,26;136,59;135,78;135,94
16/07/2021 14:00;135,98;136,7;135,96;136,15
16/07/2021 13:00;136,22;136,3;135,78;135,92
16/07/2021 12:00;136,05;136,56;135,72;136,21
16/07/2021 11:00;136,13;136,28;135,89;136,02
16/07/2021 10:00;136,98;137,11;135,98;136,06
16/07/2021 09:00;137,34;137,96;136,3;137,03
15/07/2021 17:05;136,28;136,28;135,57;136,13
15/07/2021 16:00;138,18;138,24;135,85;136,22
15/07/2021 15:00;138,17;138,42;137,41;138,13
15/07/2021 14:00;138,26;138,54;137,87;138,03
15/07/2021 13:00;138,21;138,37;137,12;138,35
15/07/2021 12:00;138,09;138,45;137,94;138,26
15/07/2021 11:00;137,96;138,16;137,9;138,09
15/07/2021 10:00;137,65;138,35;137,65;137,9
15/07/2021 09:00;138,07;138,75;137,42;137,65
14/07/2021 17:05;137,27;137,83;136,71;137,69
14/07/2021 16:00;136,56;138,04;136,02;137,12
14/07/2021 15:00;135,57;136,66;135,06;136,56
14/07/2021 14:00;134,57;135,57;134,54;135,57
14/07/2021 13:00;134,52;134,86;134,3;134,51
14/07/2021 12:00;134,93;135,15;134,16;134,51
14/07/2021 11:00;134,44;135,3;134,07;134,93
14/07/2021 10:00;133,43;134,71;133,1;134,55
14/07/2021 09:00;135;135;133,02;133,45
13/07/2021 17:05;135;135;134,16;134,3
13/07/2021 16:00;135,26;135,29;133,94;135,07
13/07/2021 15:00;135,19;135,57;135;135,17
13/07/2021 14:00;135,27;135,48;135,1;135,16
13/07/2021 13:00;135,46;135,58;135,02;135,29
13/07/2021 12:00;135,4;135,84;135,02;135,46
13/07/2021 11:00;136,76;136,77;135,24;135,4
13/07/2021 10:00;137,08;137,41;136,59;136,64
13/07/2021 09:00;135,57;137,62;134,65;137,05
12/07/2021 17:05;136,22;136,36;135,81;135,85
12/07/2021 16:00;135,99;136,33;135,56;135,89
12/07/2021 15:00;137,12;137,12;135,85;135,88
12/07/2021 14:00;137,46;137,48;137,12;137,15
12/07/2021 13:00;137,31;137,48;135,85;137,48
12/07/2021 12:00;137,69;137,8;137,14;137,66
12/07/2021 11:00;137,87;138,26;137,19;137,56
12/07/2021 10:00;137,03;137,94;136,98;137,87
12/07/2021 09:00;137,59;138,54;136,76;136,91
08/07/2021 17:05;137,9;137,9;137,39;137,69
08/07/2021 16:00;137,36;137,83;137,25;137,69
08/07/2021 15:00;137,04;137,48;136,91;137,41
08/07/2021 14:00;136,7;137,31;136,59;137,04
08/07/2021 13:00;137,05;137,1;136,7;136,77
08/07/2021 12:00;137,53;137,55;136,87;137,05
08/07/2021 11:00;137,42;137,53;136,98;137,53
08/07/2021 10:00;137,22;137,9;137,17;137,49
08/07/2021 09:00;136,56;137,49;136,09;137,27
07/07/2021 17:05;135,58;136,06;135,33;135,78
07/07/2021 16:00;135,61;136,19;134,44;135,57
07/07/2021 15:00;135,89;136,02;135,43;135,6
07/07/2021 14:00;135,1;136,3;135,06;135,91
07/07/2021 13:00;135,27;135,71;134,75;135,12
07/07/2021 12:00;133,67;135,27;133,59;135,27
07/07/2021 11:00;133,87;134,04;133,26;133,72
07/07/2021 10:00;133,21;134,25;132,97;133,93
07/07/2021 09:00;132,9;134,28;132,46;133,24
06/07/2021 17:05;132,88;133,24;132,32;132,95
06/07/2021 16:00;132,6;132,88;131,89;132,25
06/07/2021 15:00;131,5;132,6;131,19;132,6
06/07/2021 14:00;133,87;134,17;131,19;131,61
06/07/2021 13:00;134,3;134,55;133,77;133,87
06/07/2021 12:00;135,33;135,46;133,59;134,08
06/07/2021 11:00;134,58;135,71;134,44;135,27
06/07/2021 10:00;136,46;137,08;134,44;134,58
06/07/2021 09:00;138,04;138,04;134,52;136,43
05/07/2021 17:05;137,99;138,11;137,83;137,9
05/07/2021 16:00;137,24;138,17;137,12;137,68
05/07/2021 15:00;138,57;138,64;137,12;137,25
05/07/2021 14:00;138,61;138,75;138,33;138,57
05/07/2021 13:00;138,34;138,89;138,09;138,61
05/07/2021 12:00;138,26;138,54;138,26;138,38
05/07/2021 11:00;138,14;138,59;138,03;138,23
05/07/2021 10:00;137,63;139,1;137,55;138,11
05/07/2021 09:00;135,54;138;135,05;137,69
02/07/2021 17:05;134,57;134,57;134,01;134,42
02/07/2021 16:00;134,08;134,27;133,32;134,08
02/07/2021 15:00;134,55;134,55;133,73;134,08
02/07/2021 14:00;134,81;134,81;134,34;134,55
02/07/2021 13:00;134,75;134,93;134,58;134,76
02/07/2021 12:00;134,49;134,78;134,31;134,69
02/07/2021 11:00;134,38;134,93;134,3;134,49
02/07/2021 10:00;134,3;134,58;133,99;134,37
02/07/2021 09:00;134,81;135,56;133,48;134,3
01/07/2021 17:05;132,9;134,42;132,9;133,58
01/07/2021 16:00;131,85;133,02;131,47;132,81
01/07/2021 15:00;131,68;132,16;131,54;131,75
01/07/2021 14:00;132,3;132,3;131,47;131,68
01/07/2021 13:00;132,26;132,88;131,89;132,06
01/07/2021 12:00;132,43;133,17;131,61;132,18
01/07/2021 11:00;133,08;133,41;131,94;132,32
01/07/2021 10:00;133,1;133,67;132,88;133,08
01/07/2021 09:00;132,46;135,82;132,18;133,1
30/06/2021 17:05;130,44;131,05;129,17;130,9
30/06/2021 16:00;131,06;131,3;128,93;129,09
30/06/2021 15:00;133,83;133,87;130,83;131,07
30/06/2021 14:00;134,13;134,23;133,45;133,8
30/06/2021 13:00;130,34;135,71;130,25;134,13
30/06/2021 12:00;130,9;131,12;128,78;130,32
30/06/2021 11:00;130,34;131,47;130,1;131,02
30/06/2021 10:00;131,5;132,3;129,56;130,4
30/06/2021 09:00;135,61;135,61;127,04;131,7
29/06/2021 17:05;138,4;138,54;135;135,57
29/06/2021 16:00;131,23;131,23;131,23;131,23
29/06/2021 14:00;131,23;131,23;131,23;131,23
29/06/2021 13:00;131,23;131,23;131,23;131,23
29/06/2021 12:00;131,23;131,23;131,23;131,23
29/06/2021 11:00;131,23;131,23;131,23;131,23
29/06/2021 10:00;131,23;131,23;131,23;131,23
29/06/2021 09:00;131,23;131,23;130,97;131,23
28/06/2021 17:05;128,37;130,47;128,37;130,06
28/06/2021 16:00;124,98;124,98;124,98;124,98
28/06/2021 15:00;124,98;124,98;124,98;124,98
28/06/2021 14:00;124,98;124,98;124,98;124,98
28/06/2021 13:00;124,98;124,98;124,98;124,98
28/06/2021 12:00;124,98;124,98;124,98;124,98
28/06/2021 11:00;124,37;124,98;124,36;124,98
28/06/2021 10:00;123,03;124,37;122,99;124,36
28/06/2021 09:00;121,15;123,98;121,07;123,06
25/06/2021 17:05;119,31;120;119,03;119,61
25/06/2021 16:00;118,48;119,31;118,45;119,24
25/06/2021 15:00;118,73;118,83;118,25;118,46
25/06/2021 14:00;117,87;118,85;117,81;118,75
25/06/2021 13:00;118,11;118,58;117,79;117,87
25/06/2021 12:00;118,62;118,73;117,79;118,11
25/06/2021 11:00;118,83;119,35;118,48;118,61
25/06/2021 10:00;118,42;119,72;117,93;118,83
25/06/2021 09:00;117,49;118,66;117,05;118,48
24/06/2021 17:05;116,74;117,76;116,48;117,49
24/06/2021 16:00;117,18;117,71;115,99;116,61
24/06/2021 15:00;116,91;117,19;116,41;117,18
24/06/2021 14:00;116,27;117,05;116,2;116,92
24/06/2021 13:00;115,21;116,7;115,16;116,2
24/06/2021 12:00;114,85;115,83;114,65;115,21
24/06/2021 11:00;116,16;116,27;114,72;114,87
24/06/2021 10:00;116,48;116,8;115,92;116,2
24/06/2021 09:00;114,92;117,25;114,92;116,48
23/06/2021 17:05;114,75;115,92;114,15;115,59
23/06/2021 16:00;115,35;115,5;114,79;114,89
23/06/2021 15:00;115,38;115,81;115,24;115,45
23/06/2021 14:00;116,06;116,13;115,24;115,4
23/06/2021 13:00;116,3;116,48;115,86;116,02
23/06/2021 12:00;116;116,58;115,26;116,29
23/06/2021 11:00;116,32;116,41;115,74;116,05
23/06/2021 10:00;115,57;116,95;115,5;116,3
23/06/2021 09:00;114,51;116,2;113,98;115,64
22/06/2021 17:05;114,22;115,07;114,22;114,63
22/06/2021 16:00;114,05;114,51;113,86;114,42
22/06/2021 15:00;114,96;115,28;113,8;114,07
22/06/2021 14:00;115,04;115,48;114,96;114,97
22/06/2021 13:00;116,07;116,32;114,93;115,04
22/06/2021 12:00;116,58;116,63;116,06;116,13
22/06/2021 11:00;116,98;116,98;116,2;116,58
22/06/2021 10:00;116,67;116,98;115,82;116,92
22/06/2021 09:00;117,33;118,17;116,39;116,64
21/06/2021 17:05;118,75;119,4;118,45;118,59
21/06/2021 16:00;119,02;119,09;118,32;118,61
21/06/2021 15:00;119,21;119,88;118,89;119,14
21/06/2021 14:00;119,99;119,99;119,17;119,24
21/06/2021 13:00;120,13;120,44;119,75;119,95
21/06/2021 12:00;120;121,28;119,75;120,1
21/06/2021 11:00;119,54;120,73;119,33;119,89
21/06/2021 10:00;119,18;119,59;118,2;119,54
21/06/2021 09:00;119,59;120,37;118,94;119,17
18/06/2021 17:05;121,56;122,2;121,36;121,4
18/06/2021 16:00;120,43;121,42;120,27;121,36
18/06/2021 15:00;118,66;120,87;118,41;120,37
18/06/2021 14:00;120,12;120,16;118,1;118,73
18/06/2021 13:00;119,88;120,16;119,55;120,03
18/06/2021 12:00;119,06;119,88;118,9;119,85
18/06/2021 11:00;119,09;119,45;118,61;119,03
18/06/2021 10:00;120,17;120,82;118,04;119
18/06/2021 09:00;118,89;120,43;117,63;120,26
17/06/2021 17:05;116,23;116,81;113,97;114,08
17/06/2021 16:00;117,4;117,4;117,4;117,4
17/06/2021 15:00;117,4;117,4;117,4;117,4
17/06/2021 14:00;117,47;117,73;117,4;117,4
17/06/2021 13:00;118,46;118,62;117,4;117,47
17/06/2021 12:00;119,17;119,64;118,39;118,61
17/06/2021 11:00;119,55;120;118,9;119,17
17/06/2021 10:00;119,89;120,3;119,16;119,45
17/06/2021 09:00;120,58;120,73;118,03;119,89
16/06/2021 17:05;124,01;124,13;123,51;123,77
16/06/2021 16:00;123,4;123,98;123,13;123,98
16/06/2021 15:00;124,09;124,53;123,33;123,43
16/06/2021 14:00;125,7;125,72;123,55;124,18
16/06/2021 13:00;126,31;126,38;125,57;125,69
16/06/2021 12:00;126,44;126,59;126,3;126,38
16/06/2021 11:00;127;127,21;126,27;126,51
16/06/2021 10:00;126,54;127,5;126,24;127,02
16/06/2021 09:00;126,37;126,66;125,32;126,52
15/06/2021 17:05;127,29;127,29;126,8;126,8
15/06/2021 16:00;127,24;127,37;126,66;126,95
15/06/2021 15:00;127,79;128,2;126,82;127,17
15/06/2021 14:00;127,47;127,86;127,26;127,79
15/06/2021 13:00;127,31;127,65;125,89;127,38
15/06/2021 12:00;127,53;127,6;127,04;127,34
15/06/2021 11:00;127,65;127,88;127,13;127,51
15/06/2021 10:00;128,47;128,49;126,97;127,65
15/06/2021 09:00;127,36;129,14;127,26;128,42
14/06/2021 17:05;128,83;129,35;128,64;129,28
14/06/2021 16:00;128,5;128,93;128,11;128,78
14/06/2021 15:00;128,6;129,14;128,22;128,5
14/06/2021 14:00;129,35;129,49;128,22;128,56
14/06/2021 13:00;130,07;130,13;129,35;129,38
14/06/2021 12:00;130,45;130,45;130,03;130,15
14/06/2021 11:00;130,15;130,73;130,14;130,47
14/06/2021 10:00;130,4;130,48;129,6;130,15
14/06/2021 09:00;130,48;131,26;129,84;130,4
11/06/2021 17:05;134,3;134,44;133,86;134,3
11/06/2021 16:00;133,97;134,27;133,73;134,27
11/06/2021 15:00;133,77;134,58;133,32;133,96
11/06/2021 14:00;133,96;134,08;133,45;133,72
11/06/2021 13:00;134,06;134,28;133,84;133,92
11/06/2021 12:00;134,28;134,48;133,41;134,28
11/06/2021 11:00;133,45;134,27;133,21;134,27
11/06/2021 10:00;134,2;134,86;133,02;133,45
11/06/2021 09:00;135,29;135,29;133,65;134,13
10/06/2021 17:05;135,87;136,83;135,71;136,7
10/06/2021 16:00;136,9;136,94;135,85;136,13
10/06/2021 15:00;136,7;136,98;136,45;136,91
10/06/2021 14:00;137,19;137,41;136,6;136,69
10/06/2021 13:00;137,89;138,4;136,4;137,27
10/06/2021 12:00;138,03;138,16;137,69;137,82
10/06/2021 11:00;137,75;138,38;137,69;137,97
10/06/2021 10:00;137,34;137,83;137,14;137,7
10/06/2021 09:00;137,12;137,69;136,87;137,31
09/06/2021 17:05;136,66;137,97;136,66;137,49
09/06/2021 16:00;136,37;136,84;136,29;136,77
09/06/2021 15:00;137,34;137,51;136,26;136,46
09/06/2021 14:00;136,64;137,52;136,56;137,34
09/06/2021 13:00;136,05;136,7;135,92;136,67
09/06/2021 12:00;135,85;136,26;135,71;136,09
09/06/2021 11:00;136,4;136,52;135,56;135,78
09/06/2021 10:00;135,71;136,71;135,36;136,22
09/06/2021 09:00;135,71;136,28;134,88;135,75
08/06/2021 17:05;136,86;137,36;136,86;137,14
08/06/2021 16:00;137,01;137,27;136,64;137,19
08/06/2021 15:00;137,49;137,56;136,91;137,03
08/06/2021 14:00;137,55;137,69;137,12;137,58
08/06/2021 13:00;138,13;138,18;136,84;137,62
08/06/2021 12:00;138,2;138,37;137,85;138,13
08/06/2021 11:00;138,86;138,89;138,11;138,18
08/06/2021 10:00;138;138,89;137,99;138,76
08/06/2021 09:00;137,97;138,96;137,69;138,04
07/06/2021 17:05;138,54;138,83;138,4;138,54
07/06/2021 16:00;138,81;138,81;137,12;137,62
07/06/2021 15:00;139,02;139,1;138,61;138,89
07/06/2021 14:00;139,5;139,58;139,03;139,09
07/06/2021 13:00;139,81;139,81;139,39;139,47
07/06/2021 12:00;140,01;140,25;139,43;139,81
07/06/2021 11:00;140,14;140,33;139,75;140,09
07/06/2021 10:00;140,49;140,59;139,73;139,99
07/06/2021 09:00;139,39;140,73;138,76;140,49
04/06/2021 17:05;137,48;137,65;137,36;137,41
04/06/2021 16:00;138,3;138,54;137,14;137,36
04/06/2021 15:00;138,2;138,4;137,83;138,27
04/06/2021 14:00;138,14;138,35;137,96;138,23
04/06/2021 13:00;138,07;138,4;137,99;138,18
04/06/2021 12:00;137,86;138,26;137,76;138,04
04/06/2021 11:00;138,13;138,14;137,72;138,1
04/06/2021 10:00;138,07;138,23;137,56;138,14
04/06/2021 09:00;137,01;138,54;135,96;138,09
02/06/2021 17:05;137,38;137,83;137;137
02/06/2021 16:00;138,07;138,23;136,42;137,97
02/06/2021 15:00;137,46;138,54;137,45;138,04
02/06/2021 14:00;137,59;138,18;137,29;137,56
02/06/2021 13:00;137,44;137,9;136,88;137,53
02/06/2021 12:00;138,2;138,33;137,22;137,41
02/06/2021 11:00;138,92;139,19;138,13;138,26
02/06/2021 10:00;138,44;139,56;138,37;138,76
02/06/2021 09:00;139,82;139,82;137,7;138,45
01/06/2021 17:05;139,98;139,98;139,03;139,67
01/06/2021 16:00;139,85;140,15;139,41;140,08
01/06/2021 15:00;140,5;140,66;139,74;139,88
01/06/2021 14:00;140,52;140,63;140,28;140,53
01/06/2021 13:00;140,33;140,64;140,26;140,52
01/06/2021 12:00;140,19;140,8;139,7;140,33
01/06/2021 11:00;140,38;140,97;140,09;140,19
01/06/2021 10:00;140,06;140,66;139,36;140,49
01/06/2021 09:00;139,95;140,63;138,99;140,16
31/05/2021 17:05;137,97;137,97;137,27;137,51
31/05/2021 16:00;138,23;138,33;136,87;137,79
31/05/2021 15:00;138,38;138,52;137,83;138,26
31/05/2021 14:00;138,5;138,72;138,11;138,4
31/05/2021 13:00;137,46;138,5;137,46;138,4
31/05/2021 12:00;137,55;137,83;137,27;137,46
31/05/2021 11:00;136,87;137,63;136,84;137,55
31/05/2021 10:00;137,07;137,41;136,86;136,91
31/05/2021 09:00;134,47;137,66;134,47;137,07
28/05/2021 17:05;134,23;134,92;134,08;134,33
28/05/2021 16:00;134,25;134,65;133,87;134,55
28/05/2021 15:00;134,62;134,64;133,67;134,18
28/05/2021 14:00;134,59;134,75;134,03;134,68
28/05/2021 13:00;133,77;134,81;133,52;134,66
28/05/2021 12:00;133,55;134,37;133,48;133,8
28/05/2021 11:00;133,41;133,76;133,17;133,52
28/05/2021 10:00;133,12;133,45;132,67;133,35
28/05/2021 09:00;133,73;135;132,18;133,11
27/05/2021 17:05;133,58;134,52;133,41;133,56
27/05/2021 16:00;133,39;133,59;133,22;133,41
27/05/2021 15:00;132,93;133,58;132,88;133,45
27/05/2021 14:00;132,52;133,24;132,43;132,93
27/05/2021 13:00;131,82;132,71;131,82;132,53
27/05/2021 12:00;131,54;132,25;131,47;131,88
27/05/2021 11:00;132,35;132,6;131,14;131,51
27/05/2021 10:00;131,89;133,59;131,89;132,35
27/05/2021 09:00;129,72;132,56;129,63;131,87
26/05/2021 17:05;129,33;130,18;129,33;129,56
26/05/2021 16:00;129,32;129,69;129,11;129,24
26/05/2021 15:00;128,98;129,35;128,9;129,21
26/05/2021 14:00;129,26;129,49;128,64;128,98
26/05/2021 13:00;128,36;129,33;128,18;129,22
26/05/2021 12:00;129,05;129,7;128,36;128,36
26/05/2021 11:00;127,4;129,07;126,96;129,07
26/05/2021 10:00;128,93;129,22;126,73;127,5
26/05/2021 09:00;128,5;129,33;127,65;129,09
25/05/2021 17:05;128,36;128,91;128,36;128,71
25/05/2021 16:00;128,15;128,77;128,08;128,36
25/05/2021 15:00;128,19;128,93;127,23;128,08
25/05/2021 14:00;129,42;129,58;128,09;128,19
25/05/2021 13:00;129,21;129,63;129;129,58
25/05/2021 12:00;129,89;130,06;129;129,15
25/05/2021 11:00;131,36;131,46;129,82;129,89
25/05/2021 10:00;129,58;131,72;129,58;131,33
25/05/2021 09:00;130,48;130,96;128,94;129,63
24/05/2021 17:05;129,89;130,62;129,77;130,42
24/05/2021 16:00;129,58;130,06;129,42;130,06
24/05/2021 15:00;129;129,84;128,98;129,49
24/05/2021 14:00;129,19;129,33;128,84;129
24/05/2021 13:00;128,93;129,46;128,5;129,04
24/05/2021 12:00;128,85;129,07;128,68;128,93
24/05/2021 11:00;128,71;128,93;128,44;128,91
24/05/2021 10:00;128,93;129,02;128,36;128,88
24/05/2021 09:00;131,4;131,4;128,37;128,93
21/05/2021 17:05;131,91;132,6;131,91;132,6
21/05/2021 16:00;132,69;132,88;132,47;132,59
21/05/2021 15:00;132,95;133,17;132,25;132,66
21/05/2021 14:00;133,52;133,63;132,19;132,95
21/05/2021 13:00;133,56;133,79;133,35;133,55
21/05/2021 12:00;133,66;133,77;133,24;133,45
21/05/2021 11:00;133,73;133,83;133,11;133,75
21/05/2021 10:00;133,38;134,16;133,1;133,65
21/05/2021 09:00;135,13;135,13;133,18;133,34
20/05/2021 17:05;136,01;136,01;135,47;135,71
20/05/2021 16:00;135,57;135,99;135,16;135,85
20/05/2021 15:00;135,72;136,32;135,41;135,57
20/05/2021 14:00;136,4;136,59;135,7;135,74
20/05/2021 13:00;137,1;137,1;136,11;136,42
20/05/2021 12:00;136,95;137,38;136,83;137,07
20/05/2021 11:00;136,25;137,12;136,01;136,91
20/05/2021 10:00;136,66;137,76;135,85;136,42
20/05/2021 09:00;136,36;137,12;135,26;136,66
19/05/2021 17:05;136,23;136,97;136,21;136,28
19/05/2021 16:00;136,13;136,78;136,13;136,45
19/05/2021 15:00;134,99;136,28;134,83;136,11
19/05/2021 14:00;134,44;135,29;134,28;134,98
19/05/2021 13:00;134,37;134,72;134,08;134,34
19/05/2021 12:00;134,45;134,65;134,24;134,37
19/05/2021 11:00;134,31;134,86;134,25;134,4
19/05/2021 10:00;135,58;135,65;134,01;134,3
19/05/2021 09:00;137,53;138;135,19;135,58
18/05/2021 17:05;136,7;137,01;136,39;136,53
18/05/2021 16:00;136,83;136,83;135,99;136,7
18/05/2021 15:00;135,99;137,12;135,98;136,7
18/05/2021 14:00;137,65;137,65;135,85;136,01
18/05/2021 13:00;138,37;138,37;137,21;137,7
18/05/2021 12:00;138,4;138,62;138,04;138,3
18/05/2021 11:00;138,37;138,48;137,48;138,4
18/05/2021 10:00;138,41;138,74;138,33;138,41
18/05/2021 09:00;137,82;139,05;137,8;138,48
17/05/2021 17:05;137,12;137,55;136,7;137,32
17/05/2021 16:00;136,49;137,83;136,46;137,12
17/05/2021 15:00;135,8;136,69;135,67;136,52
17/05/2021 14:00;135,6;135,95;135,3;135,78
17/05/2021 13:00;136,08;136,3;135,46;135,63
17/05/2021 12:00;135,56;136,42;135,27;136,09
17/05/2021 11:00;134,81;135,7;134,52;135,61
17/05/2021 10:00;134,48;135,22;134,2;134,71
17/05/2021 09:00;134,31;135;134,01;134,58
14/05/2021 17:05;134,3;135,7;134,17;135,07
14/05/2021 16:00;133,93;134,72;132,95;134,16
14/05/2021 15:00;134,45;135,15;133,63;133,89
14/05/2021 14:00;134,52;135;134,13;134,45
14/05/2021 13:00;135,12;135,15;134,25;134,58
14/05/2021 12:00;135,22;135,29;133,17;135,06
14/05/2021 11:00;136,98;137,1;135;135,29
14/05/2021 10:00;136,76;137;135,44;136,93
14/05/2021 09:00;136,28;137,12;135,02;136,7
13/05/2021 17:05;134,88;135,16;134,06;134,3
13/05/2021 16:00;135,57;135,8;134,3;135
13/05/2021 15:00;135,72;136,26;135,03;135,57
13/05/2021 14:00;135,43;136,8;135,31;135,71
13/05/2021 13:00;138,37;138,37;133,69;135,31
13/05/2021 12:00;140,11;140,11;137,73;138,18
13/05/2021 11:00;140,15;140,23;139,75;140,22
13/05/2021 10:00;140,7;140,71;139,95;140,08
13/05/2021 09:00;140,11;141,1;139,54;140,7
12/05/2021 17:05;141,08;141,08;140,38;140,88
12/05/2021 16:00;141,37;141,51;140,46;140,66
12/05/2021 15:00;140,56;141,51;140,43;141,37
12/05/2021 14:00;140,6;141,08;140,39;140,59
12/05/2021 13:00;141,52;141,68;139,23;140,6
12/05/2021 12:00;141,87;142,1;141,37;141,55
12/05/2021 11:00;141,78;142;141,63;141,93
12/05/2021 10:00;141,73;142,1;141,53;141,8
12/05/2021 09:00;141,66;142,62;141,04;141,73
11/05/2021 17:05;140,94;141,37;140,25;141,22
11/05/2021 16:00;141,22;141,35;140,5;140,93
11/05/2021 15:00;141,85;141,92;141,2;141,25
11/05/2021 14:00;141,96;142,07;141,62;141,82
11/05/2021 13:00;141,53;142,21;141,42;141,96
11/05/2021 12:00;142,14;142,21;141,08;141,58
11/05/2021 11:00;141,86;142,19;141,44;142,19
11/05/2021 10:00;140,87;142,28;140,87;141,79
11/05/2021 09:00;140,43;141,51;140,26;140,87
10/05/2021 17:05;140,25;140,73;140,25;140,66
10/05/2021 16:00;142,21;142,21;139,95;140,09
10/05/2021 15:00;141,92;142,35;141,85;142,13
10/05/2021 14:00;142,38;142,44;141,82;141,92
10/05/2021 13:00;142,19;142,41;141,82;142,33
10/05/2021 12:00;142,71;142,96;142,23;142,23
10/05/2021 11:00;142,47;142,75;141,65;142,68
10/05/2021 10:00;142,93;142,99;142,09;142,34
10/05/2021 09:00;142,4;143,13;142,09;142,93
07/05/2021 17:05;142,23;142,34;141,47;142,34
07/05/2021 16:00;142,41;142,45;141,45;141,86
07/05/2021 15:00;142,44;142,69;142,29;142,37
07/05/2021 14:00;142,08;142,66;142;142,47
07/05/2021 13:00;141,58;142,25;141,27;142,08
07/05/2021 12:00;141,83;141,83;141,17;141,57
07/05/2021 11:00;142,39;142,4;141,72;142
07/05/2021 10:00;142,26;142,76;142,26;142,4
07/05/2021 09:00;141,72;142,44;141,72;142,27
06/05/2021 17:05;141,57;142,12;141,06;141,82
06/05/2021 16:00;141,31;141,67;141,09;141,57
06/05/2021 15:00;141,5;141,72;141,03;141,29
06/05/2021 14:00;141,17;141,71;141,15;141,53
06/05/2021 13:00;140,75;141,17;140,64;141,17
06/05/2021 12:00;140,06;140,89;139,98;140,77
06/05/2021 11:00;140,8;140,88;139,99;140,16
06/05/2021 10:00;140,84;141,31;140,6;140,77
06/05/2021 09:00;140,48;141,4;139,74;140,89
05/05/2021 17:05;140,44;140,82;140,06;140,08
05/05/2021 16:00;140,99;141,03;140,41;140,48
05/05/2021 15:00;141,29;141,29;140,55;140,95
05/05/2021 14:00;141,24;141,38;141,24;141,28
05/05/2021 13:00;141,51;141,65;141,03;141,27
05/05/2021 12:00;141;141,78;140,91;141,51
05/05/2021 11:00;141,04;141,1;140,35;140,99
05/05/2021 10:00;140,92;141,31;140,82;141,06
05/05/2021 09:00;142,55;142,55;140,77;140,82
04/05/2021 17:05;141,93;143,01;141,93;142,83
04/05/2021 16:00;142,32;142,36;141,8;141,93
04/05/2021 15:00;142,98;143,01;142,27;142,34
04/05/2021 14:00;143,27;143,3;142,83;143,04
04/05/2021 13:00;142,69;143,26;142,27;143,26
04/05/2021 12:00;143,71;143,71;142,62;142,7
04/05/2021 11:00;143,81;143,98;143,6;143,73
04/05/2021 10:00;143,86;144,22;143,38;143,82
04/05/2021 09:00;144,89;145,43;143,26;143,8
03/05/2021 17:05;144,9;145,03;144,58;144,64
03/05/2021 16:00;144,94;145,11;144,35;145,01
03/05/2021 15:00;143,96;144,93;143,73;144,93
03/05/2021 14:00;144,14;144,68;143,59;143,96
03/05/2021 13:00;143,93;144,24;143,81;144
03/05/2021 12:00;144,21;144,35;143,82;144,03
03/05/2021 11:00;144,76;144,8;142,18;144,2
03/05/2021 10:00;144,65;145,03;144,6;144,76
03/05/2021 09:00;143,8;145,11;143,8;144,78
30/04/2021 17:05;142,97;143,33;142,97;143,21
30/04/2021 16:00;142,77;143,1;142,43;142,97
30/04/2021 15:00;142,95;143,16;142,11;142,77
30/04/2021 14:00;142,58;143,35;142,58;142,97
30/04/2021 13:00;141,71;142,92;141,71;142,62
30/04/2021 12:00;140,91;141,82;140,91;141,72
30/04/2021 11:00;141,35;141,58;140,86;140,86
30/04/2021 10:00;141,31;142,04;141,13;141,35
30/04/2021 09:00;141,76;141,76;140,35;141,25
29/04/2021 17:05;140,48;141,31;140,21;141,29
29/04/2021 16:00;140,93;140,95;140,2;140,2
29/04/2021 15:00;141,06;141,5;140,77;140,98
29/04/2021 14:00;141,6;141,98;140,89;141,04
29/04/2021 13:00;140,93;141,83;140,75;141,57
29/04/2021 12:00;142,32;142,33;140,62;140,93
29/04/2021 11:00;142,51;143,37;142,05;142,41
29/04/2021 10:00;143,8;144,76;142,43;142,51
29/04/2021 09:00;145,04;145,58;142,84;143,8
28/04/2021 17:05;144,76;145,3;144,56;144,63
28/04/2021 16:00;145,48;145,48;143,62;144,97
28/04/2021 15:00;146,38;146,38;145,48;145,48
28/04/2021 14:00;146,91;146,91;146,13;146,4
28/04/2021 13:00;147,22;147,43;146,57;146,85
28/04/2021 12:00;146,95;147,69;146,87;147,31
28/04/2021 11:00;146,77;147,24;146,63;146,96
28/04/2021 10:00;146,05;147,21;145,94;146,78
28/04/2021 09:00;146,12;147,46;145,87;146,01
27/04/2021 17:05;148,03;148,59;147,83;148,5
27/04/2021 16:00;147,32;148,22;147,27;148,22
27/04/2021 15:00;148,33;148,33;147,25;147,39
27/04/2021 14:00;148,15;148,63;147,34;148,34
27/04/2021 13:00;148,66;148,76;147,94;148,08
27/04/2021 12:00;148,43;148,9;148,33;148,63
27/04/2021 11:00;148,08;148,57;147,72;148,55
27/04/2021 10:00;148,5;149,26;146,89;148,04
27/04/2021 09:00;149,33;150,79;148,01;148,55
26/04/2021 17:05;146,98;147,45;146,91;147,32
26/04/2021 16:00;147,04;147,07;146,73;146,84
26/04/2021 15:00;146,35;147,17;146,24;147,04
26/04/2021 14:00;145,4;146,37;145,22;146,37
26/04/2021 13:00;145,34;145,45;145,07;145,37
26/04/2021 12:00;145,08;145,39;144,96;145,36
26/04/2021 11:00;145,12;145,16;144,86;145,08
26/04/2021 10:00;144,8;145,59;144,69;145,15
26/04/2021 09:00;144,42;145,39;144,17;144,92
23/04/2021 17:05;143,66;144,04;143,55;144
23/04/2021 16:00;143,92;144,14;143,67;143,8
23/04/2021 15:00;144,1;144,25;143,67;143,93
23/04/2021 14:00;143,44;144,13;143,1;144,07
23/04/2021 13:00;143,52;143,62;143,27;143,52
23/04/2021 12:00;143,04;143,73;142,97;143,46
23/04/2021 11:00;143,24;143,33;142,86;143,05
23/04/2021 10:00;142,8;143,44;142,69;143,24
23/04/2021 09:00;143,52;143,92;142,69;142,83
22/04/2021 17:05;144,35;144,63;144,21;144,63
22/04/2021 16:00;144,02;144,49;143,86;144,42
22/04/2021 15:00;143,88;144,14;143,67;143,98
22/04/2021 14:00;143,57;144,33;143,52;144,03
22/04/2021 13:00;143,44;144,06;143,1;143,55
22/04/2021 12:00;142,72;143,45;142,69;143,38
22/04/2021 11:00;142,48;143,1;142,15;142,76
22/04/2021 10:00;143,06;143,3;142,23;142,43
22/04/2021 09:00;143,1;143,52;142,63;143,05
20/04/2021 17:05;142,12;142,12;141,47;141,47
20/04/2021 16:00;142,26;142,32;141,1;141,71
20/04/2021 15:00;142,45;142,54;142,14;142,26
20/04/2021 14:00;142,55;142,63;141,6;142,44
20/04/2021 13:00;142,57;143,09;142,5;142,54
20/04/2021 12:00;142,8;142,83;142,47;142,69
20/04/2021 11:00;142,47;142,92;142,33;142,73
20/04/2021 10:00;142,41;143,05;141,13;142,48
20/04/2021 09:00;143,52;143,86;141,83;142,4
19/04/2021 17:05;143,24;143,44;143,01;143,38
19/04/2021 16:00;143,3;143,38;142,97;143,24
19/04/2021 15:00;143,34;143,46;143,05;143,33
19/04/2021 14:00;143,02;143,52;142,83;143,41
19/04/2021 13:00;143,31;143,33;142,69;142,97
19/04/2021 12:00;143,35;143,52;143,33;143,39
19/04/2021 11:00;143,56;143,78;142,76;143,38
19/04/2021 10:00;143,49;144,06;143,38;143,66
19/04/2021 09:00;142,69;143,77;142,47;143,52
16/04/2021 17:05;141,87;142,07;141,74;141,98
16/04/2021 16:00;141,45;142,21;141,45;142,14
16/04/2021 15:00;141,11;141,45;141,1;141,45
16/04/2021 14:00;140,89;141,62;140,89;141,14
16/04/2021 13:00;141,71;141,71;140,34;140,89
16/04/2021 12:00;142,09;142,27;141,38;141,72
16/04/2021 11:00;141,89;142,37;141,61;142,08
16/04/2021 10:00;142,16;142,83;141,35;141,8
16/04/2021 09:00;141,57;143,1;141,57;142,09
15/04/2021 17:05;141,1;141,49;141,03;141,38
15/04/2021 16:00;140,37;141,03;140,19;140,75
15/04/2021 15:00;140,24;140,41;139,66;140,34
15/04/2021 14:00;140,44;140,81;140,09;140,39
15/04/2021 13:00;139,38;140,68;139,38;140,41
15/04/2021 12:00;139,29;139,5;138,97;139,37
15/04/2021 11:00;140,05;140,05;138,96;139,29
15/04/2021 10:00;139,65;140,2;138,54;140,02
15/04/2021 09:00;140,88;141,6;138,96;139,65
14/04/2021 17:05;138,82;140,84;138,82;140,46
14/04/2021 16:00;142,09;142,09;138,58;138,96
14/04/2021 15:00;144,4;144,4;142;142,21
14/04/2021 14:00;144,94;144,94;144,06;144,4
14/04/2021 13:00;144,93;145,08;144,82;145
14/04/2021 12:00;145,01;145,1;144,8;144,89
14/04/2021 11:00;144,94;145,14;144,74;144,96
14/04/2021 10:00;145,03;145,15;144,5;144,94
14/04/2021 09:00;143,49;145,41;143,38;145,04
13/04/2021 17:05;143,62;143,78;143,04;143,24
13/04/2021 16:00;143,38;143,78;143,34;143,66
13/04/2021 15:00;143,13;143,78;142,91;143,27
13/04/2021 14:00;143,21;143,52;142,9;143,17
13/04/2021 13:00;142,76;143,42;142,27;143,19
13/04/2021 12:00;142,36;142,9;142,27;142,74
13/04/2021 11:00;142,79;143,1;142;142,34
13/04/2021 10:00;142,97;143,45;142,55;142,79
13/04/2021 09:00;141,29;143,16;141,04;142,97
12/04/2021 17:05;140,96;141,2;140,81;141,03
12/04/2021 16:00;140,92;141,02;140,71;141,02
12/04/2021 15:00;140,75;141,02;140,62;140,86
12/04/2021 14:00;140,33;141,02;140,2;140,73
12/04/2021 13:00;140,2;140,38;139,95;140,2
12/04/2021 12:00;140,37;140,62;140,06;140,26
12/04/2021 11:00;140,1;140,68;140,03;140,34
12/04/2021 10:00;139,47;140,45;139,47;140,19
12/04/2021 09:00;139,44;139,88;139,08;139,41
09/04/2021 17:05;139,08;139,34;138,76;139,23
09/04/2021 16:00;138,8;139,09;138,75;138,97
09/04/2021 15:00;138,71;139,16;138,6;138,82
09/04/2021 14:00;138,96;139,08;138,56;138,76
09/04/2021 13:00;139,51;140,2;137,85;138,96
09/04/2021 12:00;139,36;139,63;139,25;139,58
09/04/2021 11:00;139,09;139,44;139,04;139,29
09/04/2021 10:00;139,25;139,3;138,8;139,07
09/04/2021 09:00;138,54;139,52;138,54;139,25
08/04/2021 17:05;138,14;138,27;138,11;138,2
08/04/2021 16:00;137,88;138,11;137,78;138,04
08/04/2021 15:00;137,86;137,96;137,6;137,88
08/04/2021 14:00;137,88;137,97;137,71;137,82
08/04/2021 13:00;138,03;138,11;137,71;137,88
08/04/2021 12:00;137,64;138,06;137,23;138,02
08/04/2021 11:00;137,32;137,78;137,32;137,68
08/04/2021 10:00;137,34;137,56;136,95;137,34
08/04/2021 09:00;136,83;137,57;136,81;137,32
07/04/2021 17:05;136,76;137,34;136,74;136,74
07/04/2021 16:00;137,05;137,05;136,33;136,76
07/04/2021 15:00;137,16;137,24;136,81;137,06
07/04/2021 14:00;136,99;137,28;136,81;137,15
07/04/2021 13:00;137,45;137,59;136,81;136,98
07/04/2021 12:00;137,34;137,85;137,08;137,48
07/04/2021 11:00;136,74;137,57;136,67;137,42
07/04/2021 10:00;137,35;137,48;136,4;136,63
07/04/2021 09:00;137,44;137,74;135,71;137,34
06/04/2021 17:05;137,85;137,95;136,67;137,02
06/04/2021 16:00;137,71;138,09;137,67;137,88
06/04/2021 15:00;138,11;138,21;137,71;137,75
06/04/2021 14:00;138,21;138,22;138,03;138,17
06/04/2021 13:00;137,77;138,27;137,64;138,17
06/04/2021 12:00;137,78;137,93;137,64;137,74
06/04/2021 11:00;137,88;138,1;137,71;137,78
06/04/2021 10:00;138,06;138,13;137,63;137,89
06/04/2021 09:00;137,66;138,39;137,3;137,96
05/04/2021 17:05;137,08;137,48;137,08;137,42
05/04/2021 16:00;136,54;137,16;136,51;137,03
05/04/2021 15:00;136,88;137,23;136,27;136,54
05/04/2021 14:00;136,8;137,05;136,65;136,88
05/04/2021 13:00;136,52;137,08;136,43;136,73
05/04/2021 12:00;136,3;136,74;136,14;136,56
05/04/2021 11:00;136,26;136,36;135,78;136,33
05/04/2021 10:00;136,07;136,54;135,71;136,37
05/04/2021 09:00;134,68;136,3;134,68;136,05
01/04/2021 17:05;134,71;134,79;134,41;134,6
01/04/2021 16:00;134,95;135,08;134,27;134,81
01/04/2021 15:00;134,95;135,21;134,49;134,95
01/04/2021 14:00;134,03;135,02;133,98;135,02
01/04/2021 13:00;134,34;134,48;133,49;134,03
01/04/2021 12:00;134,12;134,68;133,84;134,32
01/04/2021 11:00;135,29;135,44;133,95;134,05
01/04/2021 10:00;134,6;135,38;134,6;135,29
01/04/2021 09:00;134,12;134,89;133,05;134,63
31/03/2021 17:05;133,56;133,91;133,47;133,63
31/03/2021 16:00;133,2;133,83;133,2;133,49
31/03/2021 15:00;132,28;133,33;132,18;133,18
31/03/2021 14:00;131,68;132,53;131,56;132,42
31/03/2021 13:00;129,8;131,92;129,8;131,75
31/03/2021 12:00;129,87;129,87;129,49;129,73
31/03/2021 11:00;130,09;130,09;129,55;129,72
31/03/2021 10:00;129,93;130,51;129,84;130,07
31/03/2021 09:00;129,64;129,9;129,14;129,86
30/03/2021 17:05;130,04;130,15;129,44;130,07
30/03/2021 16:00;130,61;130,65;129,83;129,83
30/03/2021 15:00;130,48;130,66;130,25;130,61
30/03/2021 14:00;130,69;130,74;130,47;130,47
30/03/2021 13:00;130,31;130,87;130,25;130,7
30/03/2021 12:00;130,55;130,65;130,11;130,31
30/03/2021 11:00;130,49;130,94;130,31;130,59
30/03/2021 10:00;131,01;131,06;130,25;130,45
30/03/2021 09:00;131,13;131,48;130,67;130,94
29/03/2021 17:05;130,45;130,63;130,45;130,48
29/03/2021 16:00;130,55;130,92;130,48;130,74
29/03/2021 15:00;130,23;130,66;130,14;130,52
29/03/2021 14:00;130,07;130,36;129,71;130,14
29/03/2021 13:00;130,74;130,77;129,84;130,04
29/03/2021 12:00;130,8;131,01;130,54;130,7
29/03/2021 11:00;130,7;131,08;130,54;130,8
29/03/2021 10:00;131,21;131,27;130,4;130,8
29/03/2021 09:00;131,09;131,35;130,92;131,2
26/03/2021 17:05;130,54;130,94;130,52;130,9
26/03/2021 16:00;130,66;130,8;130,54;130,73
26/03/2021 15:00;130,47;130,66;130,11;130,66
26/03/2021 14:00;130,11;130,88;129,83;130,52
26/03/2021 13:00;129,61;130,11;129,53;130,11
26/03/2021 12:00;129,32;129,69;129,17;129,54
26/03/2021 11:00;129,11;129,51;128,89;129,32
26/03/2021 10:00;129,62;129,75;128,75;129,19
26/03/2021 09:00;128,9;129,9;128,9;129,61
25/03/2021 17:05;128,96;129,13;128,54;128,86
25/03/2021 16:00;129,37;129,55;128,66;129,04
25/03/2021 15:00;129,9;130,18;129,28;129,37
25/03/2021 14:00;129,21;129,96;129,14;129,93
25/03/2021 13:00;129,49;129,79;129,07;129,28
25/03/2021 12:00;128,31;129,91;127,77;129,49
25/03/2021 11:00;130,15;130,44;128,12;128,12
25/03/2021 10:00;130,88;130,92;129,97;130,23
25/03/2021 09:00;130,49;131,06;130,38;130,88
24/03/2021 17:05;130,27;130,4;129,94;130,31
24/03/2021 16:00;129,6;130,37;129,57;130,29
24/03/2021 15:00;129,08;129,69;129,02;129,58
24/03/2021 14:00;128,97;129,62;128,95;129,19
24/03/2021 13:00;128,37;129,15;128,25;129,07
24/03/2021 12:00;127,9;128,39;127,83;128,38
24/03/2021 11:00;128,5;128,56;127,78;127,9
24/03/2021 10:00;128,38;128,54;128,14;128,5
24/03/2021 09:00;127,87;128,59;127,49;128,45
23/03/2021 17:05;128,05;128,38;127,78;128,35
23/03/2021 16:00;127,63;127,76;127,47;127,76
23/03/2021 15:00;127,33;127,7;127,2;127,65
23/03/2021 14:00;127,38;127,52;127,2;127,29
23/03/2021 13:00;127,34;127,9;127,2;127,58
23/03/2021 12:00;127,9;127,9;127,3;127,34
23/03/2021 11:00;127,37;128,03;127,3;127,9
23/03/2021 10:00;127,52;127,59;127,27;127,36
23/03/2021 09:00;126,84;127,72;126,66;127,47
22/03/2021 17:05;127,36;127,69;127,2;127,2
22/03/2021 16:00;127,56;127,76;127,43;127,69
22/03/2021 15:00;127,31;127,67;127,12;127,54
22/03/2021 14:00;127,23;127,59;127,07;127,2
22/03/2021 13:00;126,76;127,47;126,65;127,34
22/03/2021 12:00;127,22;127,34;126,54;126,75
22/03/2021 11:00;127,91;127,96;127,05;127,23
22/03/2021 10:00;129,17;129,24;127,62;127,9
22/03/2021 09:00;128,88;129,28;128,3;129,15
19/03/2021 17:05;128,28;128,57;127,95;128,38
19/03/2021 16:00;128,42;128,59;127,98;128,23
19/03/2021 15:00;127,84;128,67;127,48;128,43
19/03/2021 14:00;127,99;128,17;127,01;127,9
19/03/2021 13:00;126,65;128,31;126,58;128,01
19/03/2021 12:00;126,69;127,47;126,31;126,64
19/03/2021 11:00;127,15;127,31;126,13;126,8
19/03/2021 10:00;127,44;127,69;126,69;127,2
19/03/2021 09:00;128,07;128,09;127;127,38
18/03/2021 17:05;129;129;128,37;128,43
18/03/2021 16:00;129,43;129,43;128,71;129
18/03/2021 15:00;129,91;129,91;129,29;129,44
18/03/2021 14:00;129,72;130,15;129,65;129,8
18/03/2021 13:00;129,71;129,79;129,42;129,62
18/03/2021 12:00;129,94;130,55;129,71;129,72
18/03/2021 11:00;129,84;130,26;129;130,01
18/03/2021 10:00;130,7;130,78;129,5;129,9
18/03/2021 09:00;129,91;130,87;128,92;130,73
17/03/2021 17:05;131,19;131,88;131,09;131,88
17/03/2021 16:00;131,49;131,56;130,05;131,09
17/03/2021 15:00;132,37;132,43;131,37;131,49
17/03/2021 14:00;132,51;132,64;132,22;132,32
17/03/2021 13:00;132,61;132,67;132,21;132,51
17/03/2021 12:00;132,6;132,67;132,39;132,58
17/03/2021 11:00;132,31;132,67;132,18;132,6
17/03/2021 10:00;131,78;132,46;131,46;132,31
17/03/2021 09:00;131,42;132;131,12;131,82
16/03/2021 17:05;131,08;131,21;130,67;130,9
16/03/2021 16:00;131,17;131,28;131,06;131,08
16/03/2021 15:00;130,73;131,2;130,54;131,1
16/03/2021 14:00;131,2;131,21;130,7;130,77
16/03/2021 13:00;130,87;131,25;130,76;131,16
16/03/2021 12:00;130,63;130,99;130,63;130,91
16/03/2021 11:00;130,67;130,8;130,45;130,55
16/03/2021 10:00;130,99;131,08;130,43;130,76
16/03/2021 09:00;130,25;131,12;130,25;130,98
15/03/2021 17:05;130,25;130,65;129,55;130,14
15/03/2021 16:00;129,53;130,2;129,44;130,14
15/03/2021 15:00;128,93;129,62;128,88;129,46
15/03/2021 14:00;129,4;129,57;128,61;128,9
15/03/2021 13:00;129;129,91;128,9;129,49
15/03/2021 12:00;128,57;129,13;128,32;129
15/03/2021 11:00;128,17;128,57;127,96;128,57
15/03/2021 10:00;127,27;128,31;127,27;128,17
15/03/2021 09:00;128,31;128,31;124,58;127,37
12/03/2021 17:05;128,45;128,5;128,1;128,31
12/03/2021 16:00;128,28;128,79;128,25;128,59
12/03/2021 15:00;128,14;128,41;128,05;128,23
12/03/2021 14:00;127,95;128,59;127,74;128,17
12/03/2021 13:00;129,07;129,25;127,7;128,06
12/03/2021 12:00;129,18;129,21;128,92;129,14
12/03/2021 11:00;129,55;129,62;128,88;129,11
12/03/2021 10:00;129,8;129,9;129,49;129,55
12/03/2021 09:00;129,69;129,9;129,35;129,8
11/03/2021 17:05;130,23;130,38;130,11;130,38
11/03/2021 16:00;129,84;130,16;129,78;130,05
11/03/2021 15:00;129,69;130,07;129,62;129,83
11/03/2021 14:00;130,01;130,31;129,44;129,69
11/03/2021 13:00;130,23;130,52;129,69;130,22
11/03/2021 12:00;130,29;130,45;130,18;130,2
11/03/2021 11:00;130,66;130,72;130,27;130,31
11/03/2021 10:00;130,87;130,94;130,04;130,59
11/03/2021 09:00;131,19;131,82;130,27;130,88
10/03/2021 17:05;129,72;130,25;129,68;130,25
10/03/2021 16:00;129,76;129,97;129,57;129,72
10/03/2021 15:00;129,35;129,83;129,25;129,68
10/03/2021 14:00;129,28;129,68;129;129,28
10/03/2021 13:00;129,68;129,75;128,93;129,28
10/03/2021 12:00;129,55;129,94;129,28;129,69
10/03/2021 11:00;129,14;129,68;129,07;129,55
10/03/2021 10:00;129,17;129,6;129,02;129,35
10/03/2021 09:00;129,76;130,19;128,82;129,21
09/03/2021 17:05;130,47;130,61;129,98;130,31
09/03/2021 16:00;130,51;130,84;130,25;130,25
09/03/2021 15:00;130,31;130,66;130,25;130,51
09/03/2021 14:00;129,84;130,38;129,43;130,29
09/03/2021 13:00;130,52;130,67;129,78;129,82
09/03/2021 12:00;130,84;130,9;130,52;130,52
09/03/2021 11:00;130,77;131,02;130,36;130,83
09/03/2021 10:00;131,35;131,46;130,25;130,76
09/03/2021 09:00;131,21;132,02;130,8;131,35
08/03/2021 17:05;131,35;131,75;130,83;131,49
08/03/2021 16:00;130,56;131,2;129,97;131,14
08/03/2021 15:00;130,15;130,66;129,32;130,63
08/03/2021 14:00;130,55;130,9;129,97;130,18
08/03/2021 13:00;130,07;130,65;129,71;130,51
08/03/2021 12:00;129,13;130,66;128,86;130,07
08/03/2021 11:00;131,64;131,64;128,34;129,08
08/03/2021 10:00;132,35;132,6;131,64;131,64
08/03/2021 09:00;132,55;133,02;132,11;132,43
05/03/2021 17:05;132,42;132,51;131,5;132,1
05/03/2021 16:00;132,2;132,72;132,2;132,53
05/03/2021 15:00;132,83;133,37;132,08;132,18
05/03/2021 14:00;132,32;133,08;132,28;132,86
05/03/2021 13:00;132,21;132,72;132,15;132,31
05/03/2021 12:00;132,18;132,32;132,06;132,2
05/03/2021 11:00;132,2;132,36;132,04;132,15
05/03/2021 10:00;132,26;132,43;132,04;132,24
05/03/2021 09:00;131,46;132,91;131,37;132,25
04/03/2021 17:05;130,11;131,28;130,11;130,87
04/03/2021 16:00;130,43;130,96;130,11;130,25
04/03/2021 15:00;128,43;130,54;128,41;130,43
04/03/2021 14:00;127,77;128,82;127,62;128,41
04/03/2021 13:00;127,08;127,9;126,93;127,78
04/03/2021 12:00;127,76;127,77;127,07;127,07
04/03/2021 11:00;127,94;128,06;127,6;127,76
04/03/2021 10:00;126,72;128,12;126,72;127,96
04/03/2021 09:00;125,79;126,91;125,27;126,82
03/03/2021 17:05;125,82;125,82;124,99;125,28
03/03/2021 16:00;125,49;125,96;125,48;125,89
03/03/2021 15:00;125,05;125,59;124,91;125,48
03/03/2021 14:00;124,92;125,19;124,91;125,06
03/03/2021 13:00;125,02;125,27;124,91;124,95
03/03/2021 12:00;124,58;125,12;124,51;124,99
03/03/2021 11:00;124,44;124,65;124,23;124,59
03/03/2021 10:00;123,89;124,7;123,83;124,29
03/03/2021 09:00;123,18;123,89;122,89;123,89
02/03/2021 17:05;123,06;123,26;122,86;123,06
02/03/2021 16:00;122,72;123,03;122,64;122,97
02/03/2021 15:00;122,7;122,75;122,59;122,72
02/03/2021 14:00;122,93;122,93;122,56;122,78
02/03/2021 13:00;122,81;123,08;122,79;122,96
02/03/2021 12:00;122,75;122,92;122,71;122,79
02/03/2021 11:00;122,71;122,85;122,63;122,77
02/03/2021 10:00;122,89;122,92;122,56;122,71
02/03/2021 09:00;122,71;123,14;122,42;122,83
01/03/2021 17:05;122,66;122,72;122,45;122,66
01/03/2021 16:00;122,66;122,66;122,53;122,64
01/03/2021 15:00;122,38;122,66;122,26;122,66
01/03/2021 14:00;121,99;122,53;121,97;122,38
01/03/2021 13:00;122,06;122,24;121,99;121,99
01/03/2021 12:00;122,2;122,22;121,86;121,96
01/03/2021 11:00;122,46;122,74;122,18;122,2
01/03/2021 10:00;122,31;122,54;121,68;122,5
01/03/2021 09:00;122,88;122,88;122,24;122,29
26/02/2021 17:05;122,95;123,31;122,93;123,21
26/02/2021 16:00;123,55;123,55;122,86;122,86
26/02/2021 15:00;123,91;123,94;123,56;123,56
26/02/2021 14:00;123,77;123,91;123,69;123,85
26/02/2021 13:00;123,7;123,81;123,63;123,71
26/02/2021 12:00;123,77;123,91;123,7;123,76
26/02/2021 11:00;123,55;123,83;123,51;123,77
26/02/2021 10:00;123,51;123,62;123,35;123,56
26/02/2021 09:00;123,67;123,85;123,28;123,55
25/02/2021 17:05;123,9;123,91;123,21;123,7
25/02/2021 16:00;123,77;123,98;123,77;123,92
25/02/2021 15:00;123,97;123,97;123,62;123,81
25/02/2021 14:00;123,59;123,98;123,42;123,98
25/02/2021 13:00;123,37;123,76;123,06;123,59
25/02/2021 12:00;123,13;123,63;122,88;123,35
25/02/2021 11:00;123,02;123,39;122,86;123,06
25/02/2021 10:00;123,6;123,88;122,79;123,14
25/02/2021 09:00;123,37;123,77;122,95;123,56
24/02/2021 17:05;123,67;124,05;123,57;124,05
24/02/2021 16:00;123,27;123,7;123,27;123,7
24/02/2021 15:00;123,02;123,41;123;123,2
24/02/2021 14:00;123,05;123,13;122,88;122,96
24/02/2021 13:00;122,82;123,07;122,78;123,05
24/02/2021 12:00;122,95;123,03;122,72;122,79
24/02/2021 11:00;122,93;123,14;122,93;122,95
24/02/2021 10:00;122,56;123;122,56;122,99
24/02/2021 09:00;122,79;123,55;122,25;122,53
23/02/2021 17:05;123,17;123,7;123,09;123,09
23/02/2021 16:00;122,79;123,2;122,72;123,07
23/02/2021 15:00;122,35;123;122,26;122,79
23/02/2021 14:00;122,53;122,64;122,22;122,28
23/02/2021 13:00;122,82;123;122,45;122,52
23/02/2021 12:00;123,14;123,49;122,67;122,81
23/02/2021 11:00;123,11;123,14;122,53;123,11
23/02/2021 10:00;122,13;123,14;122,11;123,14
23/02/2021 09:00;122,24;122,86;122,13;122,13
22/02/2021 17:05;121,68;122,07;121,58;122,03
22/02/2021 16:00;121,23;121,68;121,23;121,68
22/02/2021 15:00;120,88;121,26;120,83;121,26
22/02/2021 14:00;120,86;121,08;120,79;120,88
22/02/2021 13:00;121,05;121,29;120,56;120,84
22/02/2021 12:00;121,47;121,5;120,98;121,07
22/02/2021 11:00;121,74;121,86;121,43;121,47
22/02/2021 10:00;121,93;121,96;121,61;121,75
22/02/2021 09:00;121,26;122,22;120,84;121,92
19/02/2021 17:05;120,86;121,05;120,84;120,91
19/02/2021 16:00;120,9;120,91;120,7;120,72
19/02/2021 15:00;120,91;121,08;120,77;120,91
19/02/2021 14:00;120,88;121,04;120,72;120,93
19/02/2021 13:00;121,19;121,3;120,8;120,88
19/02/2021 12:00;121,26;121,39;121,14;121,21
19/02/2021 11:00;121,53;121,54;121,26;121,29
19/02/2021 10:00;121,12;121,54;121,04;121,53
19/02/2021 09:00;120,93;121,5;120,8;121,12
18/02/2021 17:05;120,56;120,97;120,56;120,7
18/02/2021 16:00;120,76;120,84;120,69;120,77
18/02/2021 15:00;120,75;120,86;120,48;120,72
18/02/2021 14:00;120,26;120,9;120,08;120,8
18/02/2021 13:00;121,02;121,22;120,02;120,22
18/02/2021 12:00;120,8;121,12;120,72;121,02
18/02/2021 11:00;120,73;120,88;120,65;120,82
18/02/2021 10:00;120,72;121,04;120,72;120,75
18/02/2021 09:00;121,22;121,69;120,3;120,72
17/02/2021 17:05;121,21;121,21;120,76;120,98
17/02/2021 16:00;120,62;121,26;120,56;121,26
17/02/2021 15:00;120,51;120,83;120,49;120,62
17/02/2021 14:00;119,91;120,51;119,85;120,51
17/02/2021 13:00;119,87;120,98;119,32;119,91
12/02/2021 17:05;119,6;119,84;119,53;119,53
12/02/2021 16:00;119,98;120,23;119,51;119,53
12/02/2021 15:00;119,45;120,31;119,41;119,87
12/02/2021 14:00;119,45;119,6;119,25;119,45
12/02/2021 13:00;119,63;119,73;119,31;119,52
12/02/2021 12:00;119,66;120,01;119,56;119,59
12/02/2021 11:00;120,08;120,08;119,52;119,66
12/02/2021 10:00;120,36;120,41;119,94;120,06
12/02/2021 09:00;121,01;121,12;120,22;120,42
11/02/2021 17:05;120,65;120,9;120,12;120,15
11/02/2021 16:00;119,88;120,7;119,88;120,65
11/02/2021 15:00;120,08;120,26;119,73;119,88
11/02/2021 14:00;119,21;120,34;118,82;120,09
11/02/2021 13:00;119,9;119,9;119,03;119,24
11/02/2021 12:00;120,1;120,56;119,85;119,91
11/02/2021 11:00;119,1;120,26;119,1;120,06
11/02/2021 10:00;119,03;119,37;119,03;119,17
11/02/2021 09:00;118,5;119,78;118,33;119,03
10/02/2021 17:05;118,4;119,3;118,4;119,27
10/02/2021 16:00;118,93;118,93;118,29;118,49
10/02/2021 15:00;119,57;119,63;118,82;118,89
10/02/2021 14:00;120,02;120,02;119,32;119,56
10/02/2021 13:00;119,88;120,42;119,73;120,02
10/02/2021 12:00;120,09;120,1;119,73;119,94
10/02/2021 11:00;120,84;121,05;120,01;120,37
10/02/2021 10:00;120,1;120,84;119,63;120,83
10/02/2021 09:00;120,97;121,68;119,87;120,05
09/02/2021 17:05;121,04;121,54;120,9;121,46
09/02/2021 16:00;121,15;121,54;120,66;121,05
09/02/2021 15:00;120,45;121,18;119,62;121,11
09/02/2021 14:00;122,24;122,29;118,98;120,47
09/02/2021 13:00;122,38;122,52;122,11;122,31
09/02/2021 12:00;121,96;122,38;121,62;122,36
09/02/2021 11:00;122,13;122,24;120,91;121,96
09/02/2021 10:00;122,22;122,4;121,85;122,06
09/02/2021 09:00;121,25;122,54;121,25;122,26
08/02/2021 17:05;120,8;121,25;120,77;120,87
08/02/2021 16:00;120,16;120,8;120,16;120,76
08/02/2021 15:00;119,95;120,29;119,92;120,09
08/02/2021 14:00;119,39;120,02;119,34;119,94
08/02/2021 13:00;119,87;120,1;119,03;119,32
08/02/2021 12:00;118,84;119,87;118,78;119,87
08/02/2021 11:00;118,19;119,32;117,93;118,81
08/02/2021 10:00;118,35;118,75;118,08;118,19
08/02/2021 09:00;118,38;119,02;117,37;118,36
05/02/2021 17:05;118,75;119,41;118,68;118,89
05/02/2021 16:00;119,53;119,62;118,82;118,89
05/02/2021 15:00;119,87;120,13;119,31;119,55
05/02/2021 14:00;120,36;120,42;119,41;119,84
05/02/2021 13:00;120,15;120,54;119,92;120,29
05/02/2021 12:00;119,14;120,29;119,14;120,15
05/02/2021 11:00;118,91;119,14;118,75;119,09
05/02/2021 10:00;118,99;119,09;118,65;118,82
05/02/2021 09:00;118,78;119,42;118,54;118,99
04/02/2021 17:05;118,75;119,03;118,57;118,74
04/02/2021 16:00;119,24;119,53;118,77;118,77
04/02/2021 15:00;119,24;119,59;119,1;119,18
04/02/2021 14:00;119,94;119,94;118,91;119,18
04/02/2021 13:00;120,08;120,19;119,88;119,95
04/02/2021 12:00;120,02;120,3;119,94;120,16
04/02/2021 11:00;119,94;120,49;119,52;120,01
04/02/2021 10:00;120,63;120,7;119,87;119,92
04/02/2021 09:00;121,26;121,54;120,26;120,7
03/02/2021 17:05;120,86;121,07;120,16;120,7
03/02/2021 16:00;120,77;121,23;120,63;120,87
03/02/2021 15:00;121,25;121,47;120,4;120,77
03/02/2021 14:00;121,25;121,75;120,8;121,23
03/02/2021 13:00;120,48;121,39;120,17;121,23
03/02/2021 12:00;120,27;120,52;120,08;120,48
03/02/2021 11:00;119,56;120,55;119,52;120,27
03/02/2021 10:00;119,45;119,73;119,14;119,59
03/02/2021 09:00;119,85;120,24;118,47;119,44
02/02/2021 17:05;121,4;121,4;120,22;121,26
02/02/2021 16:00;121,99;121,99;120,98;121,21
02/02/2021 15:00;122;122,15;121,69;121,94
02/02/2021 14:00;122,18;122,22;121,39;121,93
02/02/2021 13:00;121,67;122,52;121,48;122,22
02/02/2021 12:00;121,67;121,68;121,07;121,61
02/02/2021 11:00;121,44;121,74;120,73;121,61
02/02/2021 10:00;122,91;123,02;121,41;121,43
02/02/2021 09:00;124,05;124,19;122,71;122,98
01/02/2021 17:05;123,21;123,71;122,86;123,57
01/02/2021 16:00;123,13;123,17;122,72;123,09
01/02/2021 15:00;122,95;123,21;122,71;123,06
01/02/2021 14:00;123,25;123,44;122,86;123
01/02/2021 13:00;122,88;123,27;122,52;123,27
01/02/2021 12:00;123,13;123,56;122,59;122,86
01/02/2021 11:00;122,85;123,35;122,4;123,14
01/02/2021 10:00;122,99;123,48;122,79;122,84
01/02/2021 09:00;122,03;123,91;122,03;123
29/01/2021 17:05;120,93;121,25;120,62;121,19
29/01/2021 16:00;120,16;121,19;120,16;120,97
29/01/2021 15:00;120,06;120,31;119,78;120,12
29/01/2021 14:00;120,06;120,55;119,59;120,05
29/01/2021 13:00;119,16;120,2;119,16;120,06
29/01/2021 12:00;118,65;119,62;118,64;119,18
29/01/2021 11:00;118,06;118,89;117,82;118,54
29/01/2021 10:00;118,03;119,1;117,68;118,06
29/01/2021 09:00;117,5;118,07;116,9;117,99
28/01/2021 17:05;118,13;118,46;117,43;117,5
28/01/2021 16:00;117,27;117,78;117,27;117,76
28/01/2021 15:00;117,39;117,5;116,94;117,21
28/01/2021 14:00;116,91;117,65;116,8;117,5
28/01/2021 13:00;117,32;117,37;116,8;116,94
28/01/2021 12:00;117,71;117,75;117,15;117,32
28/01/2021 11:00;117,29;118,19;117,29;117,78
28/01/2021 10:00;117,09;118,01;116,97;117,36
28/01/2021 09:00;116,41;117,48;116,1;116,98
27/01/2021 17:05;117,18;117,36;116,38;116,59
27/01/2021 16:00;117,01;117,22;116,59;117,04
27/01/2021 15:00;118,35;118,77;116,7;116,94
27/01/2021 14:00;119,67;119,8;118,19;118,4
27/01/2021 13:00;119,69;119,87;119,63;119,76
27/01/2021 12:00;119,69;119,76;119,6;119,73
27/01/2021 11:00;119,73;120,12;119,53;119,8
27/01/2021 10:00;120,16;120,42;119,52;119,73
27/01/2021 09:00;119,66;120,8;119,66;120,19
26/01/2021 17:05;119,49;120,08;119,49;119,78
26/01/2021 16:00;119,05;119,59;119,03;119,49
26/01/2021 15:00;118,93;119,31;118,89;119,07
26/01/2021 14:00;119,25;119,31;118,68;118,95
26/01/2021 13:00;119,31;119,52;119,03;119,31
26/01/2021 12:00;119,85;119,92;119,31;119,31
26/01/2021 11:00;119,8;120,29;118,95;119,95
26/01/2021 10:00;118,52;119,87;118,25;119,78
26/01/2021 09:00;120,29;120,42;117,92;118,5
22/01/2021 17:05;119,52;119,87;119,3;119,73
22/01/2021 16:00;120,34;120,34;119,17;119,17
22/01/2021 15:00;120,41;120,7;120,17;120,38
22/01/2021 14:00;121,33;121,43;120,09;120,45
22/01/2021 13:00;121,5;121,54;121,26;121,33
22/01/2021 12:00;121,26;121,58;121,05;121,51
22/01/2021 11:00;121,33;121,4;120,98;121,15
22/01/2021 10:00;121,33;121,79;121,12;121,39
22/01/2021 09:00;122,01;122,17;120,86;121,33
21/01/2021 17:05;123,18;123,28;122,96;123,28
21/01/2021 16:00;122,25;123,34;122,21;122,95
21/01/2021 15:00;122,52;122,66;122,13;122,2
21/01/2021 14:00;122,17;122,66;122,15;122,61
21/01/2021 13:00;121,57;122,17;121,54;122,13
21/01/2021 12:00;121,87;121,89;121,44;121,55
21/01/2021 11:00;121,96;122,14;121,53;121,85
21/01/2021 10:00;121,96;121,99;121,36;121,85
21/01/2021 09:00;122,47;123,18;121,61;121,96
20/01/2021 17:05;121,54;121,76;120,77;121,61
20/01/2021 16:00;122,13;122,14;121,41;121,96
20/01/2021 15:00;122,24;122,42;121,69;122,14
20/01/2021 14:00;122,42;122,66;122,1;122,35
20/01/2021 13:00;122,6;123,13;122,01;122,39
20/01/2021 12:00;121,26;123,2;120,98;122,52
20/01/2021 11:00;121,68;121,75;120,98;121,26
20/01/2021 10:00;120,98;122,13;120,84;121,68
20/01/2021 09:00;123,49;123,49;120,62;120,91
19/01/2021 17:05;123,69;124,05;123,51;124,01
19/01/2021 16:00;124,08;124,15;123,94;124,03
19/01/2021 15:00;123,98;124,22;123,83;124,12
19/01/2021 14:00;124,19;124,2;123,7;124,02
19/01/2021 13:00;124,34;124,38;123,92;124,19
19/01/2021 12:00;124,23;124,55;123,91;124,27
19/01/2021 11:00;123,55;124,65;123,51;124,27
19/01/2021 10:00;124,43;124,58;123,45;123,55
19/01/2021 09:00;124,2;125,08;123,77;124,45
18/01/2021 17:05;124,06;124,33;123,95;124,33
18/01/2021 16:00;124,33;124,59;123,78;124,19
18/01/2021 15:00;123,49;124,33;123,44;124,33
18/01/2021 14:00;123,2;123,63;122,93;123,62
18/01/2021 13:00;123,64;123,64;122,7;123,21
18/01/2021 12:00;123,97;124,19;123,37;123,63
18/01/2021 11:00;124,36;124,4;123,92;123,97
18/01/2021 10:00;123,98;124,68;123,91;124,31
18/01/2021 09:00;123,59;124,15;123,11;123,98
15/01/2021 17:05;122,6;123,77;122,42;123,32
15/01/2021 16:00;123,11;123,11;122,25;122,85
15/01/2021 15:00;123,41;123,63;122,86;123,1
15/01/2021 14:00;124,33;124,33;122,81;123,41
15/01/2021 13:00;124,36;124,47;124,01;124,33
15/01/2021 12:00;124,22;124,56;123,77;124,36
15/01/2021 11:00;124,61;125,07;123,35;124,13
15/01/2021 10:00;123,99;124,68;123,94;124,47
15/01/2021 09:00;124,02;124,75;122,67;123,94
14/01/2021 17:05;123,14;123,91;122,93;123,38
14/01/2021 16:00;122,32;123,34;121,96;122,98
14/01/2021 15:00;122,33;122,92;122;122,4
14/01/2021 14:00;123;123,77;121,99;122,35
14/01/2021 13:00;121,46;123,07;121,46;122,92
14/01/2021 12:00;121,57;121,57;121,26;121,36
14/01/2021 11:00;121,33;122,07;120,56;121,67
14/01/2021 10:00;121,65;122,35;121,26;121,3
14/01/2021 09:00;119,87;121,8;119,17;121,65
13/01/2021 17:05;121,12;121,12;120,56;120,84
13/01/2021 16:00;122,36;122,36;120,33;120,56
13/01/2021 15:00;122,35;123,34;121,97;122,38
13/01/2021 14:00;124,17;124,4;122,13;122,35
13/01/2021 13:00;124,8;124,95;123,71;124,05
13/01/2021 12:00;124,63;125,01;124,4;124,79
13/01/2021 11:00;124,05;125,44;123,97;124,59
13/01/2021 10:00;125,32;125,53;123,7;124,26
13/01/2021 09:00;124,66;125,99;124,66;125,35
12/01/2021 17:05;123,76;123,77;121,96;123,52
12/01/2021 16:00;123,87;123,97;123,56;123,56
12/01/2021 15:00;123,66;124,02;123,35;123,87
12/01/2021 14:00;122,47;124,59;122,47;123,63
12/01/2021 13:00;122,59;122,64;121,97;122,29
12/01/2021 12:00;122,63;123,13;122,25;122,53
12/01/2021 11:00;121,89;122,86;121,89;122,59
12/01/2021 10:00;121,76;121,96;120,56;121,93
12/01/2021 09:00;121,18;121,93;120,84;121,75
11/01/2021 17:05;120,86;121,26;120,77;121,26
11/01/2021 16:00;120,91;121,05;120,56;120,56
11/01/2021 15:00;120,49;121,08;120,42;120,9
11/01/2021 14:00;120,49;120,7;120,29;120,51
11/01/2021 13:00;120,51;120,69;120,44;120,58
11/01/2021 12:00;120,45;120,65;120,16;120,49
11/01/2021 11:00;120,7;120,83;120,27;120,3
11/01/2021 10:00;120,48;121,11;120,09;120,72
11/01/2021 09:00;118,47;120,55;117,99;120,47
08/01/2021 17:05;119,44;119,52;118,42;118,95
08/01/2021 16:00;119,56;119,81;119,35;119,37
08/01/2021 15:00;119,31;119,78;119,3;119,64
08/01/2021 14:00;119,31;119,42;119,2;119,3
08/01/2021 13:00;119,31;119,46;119,25;119,3
08/01/2021 12:00;119,57;119,59;119,31;119,31
08/01/2021 11:00;119,35;119,71;118,95;119,52
08/01/2021 10:00;119,71;119,8;119,27;119,31
08/01/2021 09:00;119,53;120,01;119,28;119,7
07/01/2021 17:05;118,84;119,3;118,78;118,89
07/01/2021 16:00;117,82;118,75;117,79;118,75
07/01/2021 15:00;118,33;118,45;117,71;117,82
07/01/2021 14:00;116,79;118,47;116,79;118,33
07/01/2021 13:00;116,62;116,98;116,59;116,79
07/01/2021 12:00;117,07;117,07;116,47;116,62
07/01/2021 11:00;117,3;117,4;116,75;117,05
07/01/2021 10:00;117,15;117,76;117,04;117,36
07/01/2021 09:00;117,3;118,17;116,38;117,25
06/01/2021 17:05;117,69;118,76;117,35;118,26
06/01/2021 16:00;117,69;118,45;117,62;118,26
06/01/2021 15:00;117,37;118,44;117,05;117,96
06/01/2021 14:00;118,51;118,89;115,34;117,44
06/01/2021 13:00;120,29;120,39;118,51;118,62
06/01/2021 12:00;120,61;120,75;120,15;120,42
06/01/2021 11:00;120,62;120,68;120,48;120,55
06/01/2021 10:00;120,73;120,91;120,52;120,62
06/01/2021 09:00;120,33;121,16;120,33;120,65
05/01/2021 17:05;120,13;121,05;120,12;120,95
05/01/2021 16:00;120,51;120,75;119,98;120,12
05/01/2021 15:00;120,23;120,52;120,21;120,49
05/01/2021 14:00;120,36;120,53;119,98;120,23
05/01/2021 13:00;120,01;120,41;119,92;120,36
05/01/2021 12:00;120,11;120,41;119,59;119,86
05/01/2021 11:00;120,29;120,72;119,59;119,91
05/01/2021 10:00;119,58;120,29;119,32;120,25
05/01/2021 09:00;118,12;119,79;117,78;119,55
04/01/2021 17:05;118,65;118,91;117,55;117,74
04/01/2021 16:00;119,21;119,21;117,91;118,26
04/01/2021 15:00;120,76;120,79;118,94;119,22
04/01/2021 14:00;120,61;121,18;120,52;120,71
04/01/2021 13:00;120,71;121,01;120,49;120,59
04/01/2021 12:00;120,11;120,73;120,11;120,65
04/01/2021 11:00;119,88;120,32;119,83;120,19
04/01/2021 10:00;120,45;120,48;119,76;119,88
04/01/2021 09:00;119,32;121,03;119,21;120,48
30/12/2020 17:05;118,05;118,68;117,86;118,62
30/12/2020 16:00;118,48;118,48;118,05;118,05
30/12/2020 15:00;118,82;118,91;117,07;118,48
30/12/2020 14:00;119,05;119,11;118,72;118,89
30/12/2020 13:00;118,98;119,15;118,88;119,12
30/12/2020 12:00;118,91;119,25;118,71;119,01
30/12/2020 11:00;119,05;119,44;118,81;118,85
30/12/2020 10:00;118,94;119,25;118,81;119,16
30/12/2020 09:00;118,76;119,45;118,48;118,76
29/12/2020 17:05;118,16;119,01;118,16;118,75
29/12/2020 16:00;118,41;118,62;117,98;118,19
29/12/2020 15:00;117,85;118,41;117,79;118,41
29/12/2020 14:00;117,88;118,02;117,62;117,81
29/12/2020 13:00;117,99;118,12;117,76;117,91
29/12/2020 12:00;118,08;118,41;116,64;118,09
29/12/2020 11:00;118,11;118,19;117,98;118,11
29/12/2020 10:00;118,08;118,14;117,72;118,09
29/12/2020 09:00;117,62;118,48;117,59;118,11
28/12/2020 17:05;116,81;117,35;116,81;117,34
28/12/2020 16:00;117,18;117,19;116,91;116,92
28/12/2020 15:00;116,59;117,18;116,48;117,18
28/12/2020 14:00;116,39;116,68;116,21;116,57
28/12/2020 13:00;115,62;116,74;115,62;116,47
28/12/2020 12:00;115,54;115,7;115,38;115,52
28/12/2020 11:00;115,58;115,75;115,38;115,47
28/12/2020 10:00;115;115,61;115;115,57
28/12/2020 09:00;113,38;115,08;113,27;115,01
23/12/2020 17:05;113,87;114,2;113,84;113,98
23/12/2020 16:00;114,17;114,28;113,65;114,07
23/12/2020 15:00;114,17;114,34;114,07;114,08
23/12/2020 14:00;114,2;114,55;114,17;114,17
23/12/2020 13:00;113,97;114,2;113,85;114,18
23/12/2020 12:00;114,25;114,45;113,84;113,98
23/12/2020 11:00;114,2;114,31;114,1;114,15
23/12/2020 10:00;114,2;114,61;113,95;114,2
23/12/2020 09:00;113,7;114,34;113,34;114,2
22/12/2020 17:05;113,47;113,47;111,43;112,74
22/12/2020 16:00;113,37;113,47;113,21;113,27
22/12/2020 15:00;113,27;113,63;113,17;113,41
22/12/2020 14:00;113,1;113,34;113,05;113,24
22/12/2020 13:00;113,4;113,4;113,03;113,1
22/12/2020 12:00;113,15;113,41;112,93;113,37
22/12/2020 11:00;113,07;113,77;113,05;113,2
22/12/2020 10:00;112,58;113,3;112,37;113,14
22/12/2020 09:00;111,41;112,61;111,26;112,55
21/12/2020 17:05;111,14;111,6;111,14;111,34
21/12/2020 16:00;111,2;111,48;111,14;111,33
21/12/2020 15:00;111,51;111,56;111,13;111,2
21/12/2020 14:00;111,21;111,56;111,21;111,36
21/12/2020 13:00;111,08;111,27;110,94;111,26
21/12/2020 12:00;111,2;111,3;111,11;111,11
21/12/2020 11:00;111,4;111,51;111,04;111,2
21/12/2020 10:00;111,34;111,54;110,91;111,54
21/12/2020 09:00;111,76;112,06;110,61;111,34
18/12/2020 17:05;110,86;111,34;109,56;110,61
18/12/2020 16:00;109,83;110,61;109,83;110,43
18/12/2020 15:00;109,71;110,03;109,57;109,76
18/12/2020 14:00;109,34;109,84;109;109,73
18/12/2020 13:00;109,26;109,43;109,09;109,34
18/12/2020 12:00;109;109,56;108,73;109,07
18/12/2020 11:00;108,66;109,06;108,56;108,9
18/12/2020 10:00;109,03;109,03;108,49;108,63
18/12/2020 09:00;108,64;109,2;108,23;109,03
17/12/2020 17:05;109,89;109,89;109,2;109,56
17/12/2020 16:00;110,14;110,33;109,56;109,56
17/12/2020 15:00;109,84;110,33;109,79;110,13
17/12/2020 14:00;109,96;110,06;109,77;109,86
17/12/2020 13:00;110,29;110,48;109,81;109,96
17/12/2020 12:00;110,16;110,31;110,04;110,3
17/12/2020 11:00;110,27;110,27;109,77;110,11
17/12/2020 10:00;110,2;110,63;110,1;110,26
17/12/2020 09:00;110,36;110,63;109,21;110,2
16/12/2020 17:05;110,41;110,63;109,51;109,64
16/12/2020 16:00;109,57;110,41;109,57;110,41
16/12/2020 15:00;108,5;109,81;108,34;109,73
16/12/2020 14:00;109,56;109,56;107,99;108,49
16/12/2020 13:00;109,81;109,91;109,43;109,54
16/12/2020 12:00;109,63;109,91;109,51;109,8
16/12/2020 11:00;110,03;110,06;109,36;109,63
16/12/2020 10:00;109,84;110,04;109,21;110,03
16/12/2020 09:00;108,59;110,14;108,49;109,84
15/12/2020 17:05;108,9;109,06;108,2;108,22
15/12/2020 16:00;109,09;109,11;108,84;108,91
15/12/2020 15:00;109,1;109,2;108,69;109,1
15/12/2020 14:00;108,07;109,2;108,07;109,11
15/12/2020 13:00;107,7;108,59;107,59;108,16
15/12/2020 12:00;108,77;109,49;107,26;107,9
15/12/2020 11:00;106,37;108,77;105,92;108,67
15/12/2020 10:00;108,06;108,13;106,37;106,37
15/12/2020 09:00;108,23;109,67;106,7;108,04
14/12/2020 17:05;108,49;109;108,4;108,83
14/12/2020 16:00;108,22;108,7;108,2;108,49
14/12/2020 15:00;107,67;108,33;107,33;108,27
14/12/2020 14:00;107,54;107,77;107,06;107,66
14/12/2020 13:00;107,67;107,7;107,36;107,53
14/12/2020 12:00;107,29;107,77;107,29;107,66
14/12/2020 11:00;107,39;107,57;106,87;107,29
14/12/2020 10:00;107,44;108,42;105,1;107,33
14/12/2020 09:00;106,77;107,73;105,63;107,42
11/12/2020 17:05;106,53;107,03;106,42;106,76
11/12/2020 16:00;105,16;106,46;105,16;105,92
11/12/2020 15:00;105,35;105,45;104,92;105,35
11/12/2020 14:00;105,47;105,63;105;105,2
11/12/2020 13:00;105,06;105,56;104,63;105,47
11/12/2020 12:00;105,56;105,76;104,28;105,06
11/12/2020 11:00;105,16;106,17;104,92;105,46
11/12/2020 10:00;104,68;105,53;104,26;105,16
11/12/2020 09:00;102,08;105,62;101,95;104,68
10/12/2020 17:05;104,19;104,19;102,79;103,49
10/12/2020 16:00;105,59;105,63;104,03;104,08
10/12/2020 15:00;105,95;105,95;103,56;105,57
10/12/2020 14:00;107,06;107,06;105,05;105,96
10/12/2020 13:00;106,6;107,06;106,39;107,06
10/12/2020 12:00;107,2;107,2;106,35;106,6
10/12/2020 11:00;107;109,34;106,35;107,13
10/12/2020 10:00;111,23;111,88;103,48;106,83
10/12/2020 09:00;110,44;112,4;110,07;111,37
09/12/2020 17:05;109,59;110,68;108,84;109,77
09/12/2020 15:00;107,04;107,04;107,04;107,04
09/12/2020 14:00;107,04;107,04;107,04;107,04
09/12/2020 13:00;107,04;107,04;107,04;107,04
09/12/2020 12:00;107,04;107,04;107,04;107,04
09/12/2020 11:00;107,04;107,04;107,04;107,04
09/12/2020 10:00;107,04;107,04;107,04;107,04
09/12/2020 09:00;104,23;107,04;104,23;107,04
08/12/2020 17:05;105,2;106,2;104,63;105,13
08/12/2020 16:00;101,95;101,95;101,95;101,95
08/12/2020 15:00;101,95;101,95;101,95;101,95
08/12/2020 14:00;101,95;101,95;101,95;101,95
08/12/2020 13:00;101,95;101,95;101,95;101,95
08/12/2020 12:00;101,95;101,95;101,95;101,95
08/12/2020 11:00;101,85;101,95;101,69;101,95
08/12/2020 10:00;100,19;101,92;100,09;101,79
08/12/2020 09:00;96,42;100,64;96,07;100,19
07/12/2020 17:05;97,42;97,44;96,6;97,07
07/12/2020 16:00;97,97;97,99;97,07;97,2
07/12/2020 15:00;97,21;98,34;97,12;97,82
07/12/2020 14:00;96,82;97,5;96,78;97,15
07/12/2020 13:00;97,52;97,52;96,42;96,92
07/12/2020 12:00;98,39;98,39;97,41;97,48
07/12/2020 11:00;98,68;98,68;98,07;98,41
07/12/2020 10:00;98,84;98,87;97,79;98,81
07/12/2020 09:00;98,78;99,14;97,17;98,79
04/12/2020 17:05;99,49;99,65;98,89;99,64
04/12/2020 16:00;100,06;100,19;99,21;99,49
04/12/2020 15:00;100,78;101,09;100,02;100,11
04/12/2020 14:00;101,46;101,62;100,65;100,91
04/12/2020 13:00;101,78;101,88;101,36;101,39
04/12/2020 12:00;101,96;102,19;101,78;101,78
04/12/2020 11:00;101,89;102,35;101,73;101,92
04/12/2020 10:00;101,83;102,06;101,63;101,85
04/12/2020 09:00;103,35;103,35;101,35;101,78
03/12/2020 17:05;103,65;104,03;102,53;103,4
03/12/2020 16:00;104,18;104,3;103,66;103,66
03/12/2020 15:00;104,18;104,33;104,06;104,13
03/12/2020 14:00;103,75;104,56;103,72;104,2
03/12/2020 13:00;103,99;104,88;103,56;103,72
03/12/2020 12:00;104,25;104,49;103,92;103,99
03/12/2020 11:00;104,6;104,6;104,15;104,2
03/12/2020 10:00;105,19;105,29;104,42;104,63
03/12/2020 09:00;104,78;105,62;104,13;105,19
02/12/2020 17:05;106,53;106,9;104,99;104,99
02/12/2020 16:00;106,43;107,04;105,87;106,73
02/12/2020 15:00;106,96;107,2;106,27;106,5
02/12/2020 14:00;107,74;108,7;106,7;107,07
02/12/2020 13:00;105,7;107,9;105,65;107,7
02/12/2020 12:00;105,39;106,35;105,09;105,63
02/12/2020 11:00;105,76;105,76;104,99;105,45
02/12/2020 10:00;105,86;105,9;105,42;105,77
02/12/2020 09:00;106,2;106,47;104,78;105,92
01/12/2020 17:05;107,6;108,04;107,06;107,2
01/12/2020 16:00;108,06;108,06;107,52;107,77
01/12/2020 15:00;108,59;108,83;107,94;108,04
01/12/2020 14:00;109,93;109,96;108,24;108,63
01/12/2020 13:00;110,06;110,23;109,8;109,96
01/12/2020 12:00;110,17;110,3;110,06;110,07
01/12/2020 11:00;110,03;110,3;109,77;110,2
01/12/2020 10:00;110,74;110,87;109,77;110,1
01/12/2020 09:00;110,91;111,27;110,66;110,73
30/11/2020 17:05;111,33;112,04;111,27;111,63
30/11/2020 16:00;111,96;111,96;111,08;111,44
30/11/2020 15:00;111,78;112,01;111,77;111,93
30/11/2020 14:00;111,9;112,07;111,48;111,84
30/11/2020 13:00;112,58;112,58;111,78;111,78
30/11/2020 12:00;112,65;112,77;112,27;112,57
30/11/2020 11:00;113,13;113,23;112,48;112,74
30/11/2020 10:00;113,18;113,63;112,94;113,14
30/11/2020 09:00;112,21;113,2;112,21;113,18
27/11/2020 17:05;112,13;112,34;111,67;112,07
27/11/2020 16:00;112,3;112,53;112,06;112,2
27/11/2020 15:00;113,04;113,11;112,3;112,3
27/11/2020 14:00;112,85;113,13;112,84;113,08
27/11/2020 13:00;112,83;113,03;112,81;112,91
27/11/2020 12:00;112,84;113,13;112,57;112,84
27/11/2020 11:00;113,13;113,2;112,57;112,84
27/11/2020 10:00;112,3;113,2;112,17;113,13
27/11/2020 09:00;112,27;112,54;111,8;112,28
26/11/2020 17:05;112,77;113,18;112,51;112,63
26/11/2020 16:00;111,94;112,77;111,9;112,74
26/11/2020 15:00;111,74;112,28;111,51;111,98
26/11/2020 14:00;112,01;112,2;111,48;111,61
26/11/2020 13:00;112,08;112,44;111,91;112,1
26/11/2020 12:00;112,16;112,31;112,03;112,07
26/11/2020 11:00;112,53;112,54;112;112,16
26/11/2020 10:00;112,53;112,85;112,28;112,54
26/11/2020 09:00;112,84;113,37;111,91;112,63
25/11/2020 17:05;112,35;112,9;112,23;112,83
25/11/2020 16:00;112,83;112,97;112,35;112,35
25/11/2020 15:00;113,58;113,58;112,78;112,84
25/11/2020 14:00;113,63;113,77;113,57;113,58
25/11/2020 13:00;113,65;113,77;113,55;113,63
25/11/2020 12:00;113,77;113,77;113,48;113,68
25/11/2020 11:00;113,85;113,91;113,65;113,77
25/11/2020 10:00;113,67;113,91;113,54;113,78
25/11/2020 09:00;113,84;114,48;113,48;113,65
24/11/2020 17:05;114,62;114,82;114,25;114,62
24/11/2020 16:00;114,77;114,91;114,67;114,91
24/11/2020 15:00;115,02;115,04;114,48;114,65
24/11/2020 14:00;114,72;115,42;114,71;115,02
24/11/2020 13:00;114,5;114,9;114,47;114,9
24/11/2020 12:00;114,41;114,91;114,35;114,47
24/11/2020 11:00;114,1;114,55;113,97;114,4
24/11/2020 10:00;114,95;114,97;113,93;114,18
24/11/2020 09:00;115,2;115,34;113,48;114,94
23/11/2020 17:05;115,5;115,97;115,25;115,84
23/11/2020 16:00;114,31;115,5;114,27;115,5
23/11/2020 15:00;114,1;114,34;114,07;114,27
23/11/2020 14:00;114,18;114,2;114,08;114,08
23/11/2020 13:00;114,08;114,48;114,08;114,11
23/11/2020 12:00;113,95;114,34;113,95;114,11
23/11/2020 11:00;114,11;114,34;113,8;113,8
23/11/2020 10:00;114,27;114,48;113,98;114,05
23/11/2020 09:00;113,11;115,02;113,11;114,27
20/11/2020 17:05;112,38;112,41;111,57;112,41
20/11/2020 16:00;112,7;112,73;112,21;112,38
20/11/2020 15:00;112,75;113,27;112,54;112,77
20/11/2020 14:00;113,41;113,41;112,21;112,77
20/11/2020 13:00;113,93;114,05;113,27;113,45
20/11/2020 12:00;114,05;114,31;113,64;113,78
20/11/2020 11:00;114,42;114,57;113;114,12
20/11/2020 10:00;114,18;114,62;112,88;114,42
20/11/2020 09:00;111,14;114,18;111,13;114,18
19/11/2020 17:05;112,48;112,68;111,3;111,84
19/11/2020 16:00;113,58;113,58;112,28;112,4
19/11/2020 15:00;113,68;113,84;113,48;113,53
19/11/2020 14:00;113,77;113,85;113,63;113,73
19/11/2020 13:00;113,87;114,05;113,77;113,77
19/11/2020 12:00;113,63;113,84;113,48;113,84
19/11/2020 11:00;113,55;113,85;113,48;113,6
19/11/2020 10:00;114,12;114,15;113,48;113,57
19/11/2020 09:00;113,98;114,4;113,68;114,17
18/11/2020 17:05;114,17;114,77;113,77;114,44
18/11/2020 16:00;114,3;114,47;114,2;114,34
18/11/2020 15:00;114,57;114,61;114,21;114,3
18/11/2020 14:00;114,55;114,75;114,44;114,47
18/11/2020 13:00;114,37;114,82;114,37;114,48
18/11/2020 12:00;114,21;114,55;114,2;114,38
18/11/2020 11:00;114,24;114,48;114,12;114,22
18/11/2020 10:00;113,78;114,62;113,28;114,1
18/11/2020 09:00;114,48;115,07;113,53;113,78
17/11/2020 17:05;114,2;114,48;113,64;114,48
17/11/2020 16:00;114,11;114,12;113,95;114,05
17/11/2020 15:00;113,85;114,2;113,85;114,05
17/11/2020 14:00;113,85;113,98;113,77;113,85
17/11/2020 13:00;113,98;114,05;113,77;113,85
17/11/2020 12:00;113,97;114,05;113,8;113,98
17/11/2020 11:00;113,7;114,31;113,7;113,84
17/11/2020 10:00;114,12;114,14;113,64;113,71
17/11/2020 09:00;113,77;114,61;112,93;114,02
16/11/2020 17:05;114,5;115,18;113,44;114,25
16/11/2020 16:00;114,88;115,2;114,5;114,65
16/11/2020 15:00;115,14;115,28;114,81;114,82
16/11/2020 14:00;114,34;115,48;113,91;115,15
16/11/2020 13:00;115,04;115,04;113,95;114,35
16/11/2020 12:00;115,27;115,35;114,95;115,07
16/11/2020 11:00;115,31;115,55;114,95;115,2
16/11/2020 10:00;115,58;116,14;113,31;115,28
16/11/2020 09:00;114,37;115,62;114,37;115,58
13/11/2020 17:05;114,14;114,62;113,84;114,34
13/11/2020 16:00;114,05;114,27;114,05;114,12
13/11/2020 15:00;114,3;114,34;113,34;114,07
13/11/2020 14:00;114,48;114,7;114,27;114,28
13/11/2020 13:00;114,54;114,91;114,28;114,64
13/11/2020 12:00;114,77;114,84;114,2;114,48
13/11/2020 11:00;114,12;114,91;114,12;114,77
13/11/2020 10:00;114,47;114,61;113,77;114,07
13/11/2020 09:00;113,48;115,89;113,07;114,47
12/11/2020 17:05;114,77;114,8;114,2;114,57
12/11/2020 16:00;114,61;114,7;114,18;114,2
12/11/2020 15:00;114,2;114,91;114,12;114,62
12/11/2020 14:00;114,72;114,84;113,78;114,2
12/11/2020 13:00;114,75;115,08;114,55;114,72
12/11/2020 12:00;115,41;115,41;114,7;114,91
12/11/2020 11:00;114,72;116,05;114,54;115,48
12/11/2020 10:00;115,77;115,8;114,65;114,72
12/11/2020 09:00;116,62;117,92;114,5;115,77
11/11/2020 17:05;117,78;117,82;116,35;116,62
11/11/2020 16:00;117,62;117,76;117,37;117,69
11/11/2020 15:00;117,42;117,76;117,28;117,68
11/11/2020 14:00;116,74;118,05;116,57;117,44
11/11/2020 13:00;116,51;116,75;115,91;116,62
11/11/2020 12:00;118,12;118,19;114,88;116,51
11/11/2020 11:00;118,36;118,72;117,99;118,12
11/11/2020 10:00;117,91;118,48;117,76;118,38
11/11/2020 09:00;118,48;119,26;117,76;117,79
10/11/2020 17:05;118,48;118,89;117,85;118,12
10/11/2020 16:00;117,64;117,64;117,64;117,64
10/11/2020 15:00;117,42;117,64;117,12;117,64
10/11/2020 14:00;116,39;117,64;116,31;117,41
10/11/2020 13:00;116,24;116,88;115,65;116,39
10/11/2020 12:00;115,7;116,31;115,61;116,05
10/11/2020 11:00;114,61;115,74;113,93;115,7
10/11/2020 10:00;113,45;114,75;113,35;114,4
10/11/2020 09:00;111,94;114,2;111,48;113,44
09/11/2020 17:05;110,79;111,77;110,78;111,23
09/11/2020 16:00;111,93;112,2;111,51;111,91
09/11/2020 15:00;111,7;112,55;111,23;112,15
09/11/2020 14:00;112,88;113,26;111,24;111,77
09/11/2020 13:00;112,48;113,6;111,93;113,02
09/11/2020 12:00;112,55;113,22;112,21;112,48
09/11/2020 11:00;110,93;112,59;110,31;112,38
09/11/2020 10:00;109,82;111,3;108,08;111
09/11/2020 09:00;113,28;113,42;109,98;109,98
06/11/2020 17:05;113,19;114,3;112,76;114,26
06/11/2020 16:00;114,24;114,33;113,4;113,4
06/11/2020 15:00;113,72;115,32;113,47;114,24
06/11/2020 14:00;114,91;114,91;112,99;113,67
06/11/2020 13:00;115,43;115,7;114,89;115,01
06/11/2020 12:00;116,23;116,23;114,89;115,43
06/11/2020 11:00;116,5;116,54;115,75;116,29
06/11/2020 10:00;116,95;117,07;116,19;116,67
06/11/2020 09:00;116,73;117,52;116,05;117
05/11/2020 17:05;117,39;117,52;116,2;117,22
05/11/2020 16:00;117,88;117,88;117,45;117,54
05/11/2020 15:00;117,55;118,16;117,35;118,09
05/11/2020 14:00;117,58;117,86;117,45;117,56
05/11/2020 13:00;117,74;117,85;117,32;117,62
05/11/2020 12:00;118,12;118,19;117,31;117,74
05/11/2020 11:00;117,82;118,3;117,74;118,09
05/11/2020 10:00;118,4;118,77;117,37;117,85
05/11/2020 09:00;118,02;119,44;118,02;118,3
04/11/2020 17:05;117;117,79;117;117,59
04/11/2020 16:00;116,39;116,88;116,26;116,84
04/11/2020 15:00;116,06;116,46;115,76;116,26
04/11/2020 14:00;116,58;116,81;115,42;116,03
04/11/2020 13:00;116,83;116,98;116,46;116,5
04/11/2020 12:00;117,39;117,69;116,47;116,88
04/11/2020 11:00;117,48;117,86;116,81;117,38
04/11/2020 10:00;116,29;118,16;116,29;117,34
04/11/2020 09:00;116,02;116,43;114,61;116,32
03/11/2020 17:05;115,89;116,84;115,53;116,1
03/11/2020 16:00;115,89;116,03;115,65;115,87
03/11/2020 15:00;115,76;116,1;115,19;115,87
03/11/2020 14:00;116,24;116,46;115,04;115,87
03/11/2020 13:00;116,46;116,78;115,78;116,24
03/11/2020 12:00;115,9;117,04;115,53;116,32
03/11/2020 11:00;115,7;116,17;115,42;115,89
03/11/2020 10:00;114,18;116,46;114,18;115,52
03/11/2020 09:00;112,4;114,82;110,49;114,18
30/10/2020 17:05;113,05;113,05;112,37;112,82
30/10/2020 16:00;113,99;113,99;112,92;112,99
30/10/2020 15:00;113,9;114,18;113,33;113,97
30/10/2020 14:00;114,1;114,57;113,9;113,9
30/10/2020 13:00;113,62;114,18;113,6;114,04
30/10/2020 12:00;113,43;113,9;113,29;113,69
30/10/2020 11:00;113,38;113,62;112,91;113,4
30/10/2020 10:00;113,43;114,03;113,33;113,4
30/10/2020 09:00;114,75;115,43;112,91;113,42
29/10/2020 17:05;115,6;115,75;115,12;115,46
29/10/2020 16:00;116,6;116,6;115,68;115,75
29/10/2020 15:00;116,74;116,98;116,47;116,61
29/10/2020 14:00;117,32;117,52;116,74;116,74
29/10/2020 13:00;117,74;117,81;116,74;117,34
29/10/2020 12:00;117,88;119,23;117,34;117,79
29/10/2020 11:00;115,89;117,88;115,82;117,86
29/10/2020 10:00;115,49;116,73;115,39;115,85
29/10/2020 09:00;117,03;117,59;115,45;115,51
28/10/2020 17:05;117,88;118,09;117,17;117,99
28/10/2020 16:00;118,19;118,56;118,1;118,16
28/10/2020 15:00;118,08;118,27;117,83;118,18
28/10/2020 14:00;117,86;118,3;117,75;117,98
28/10/2020 13:00;118,08;118,19;117,71;117,89
28/10/2020 12:00;118,03;118,22;117,61;118,19
28/10/2020 11:00;117,92;118,73;117,59;118,02
28/10/2020 10:00;118,25;118,46;116,74;117,95
28/10/2020 09:00;120,01;120,33;117,64;118,3
27/10/2020 17:05;120,22;120,22;117,54;119,58
27/10/2020 16:00;120,16;120,66;119,89;120,53
27/10/2020 15:00;120,16;120,6;119,87;120,21
27/10/2020 14:00;119,68;120,43;119,68;120,22
27/10/2020 13:00;119,38;119,72;119,31;119,71
27/10/2020 12:00;119,3;119,51;119,01;119,33
27/10/2020 11:00;119,28;120,01;118,89;119,27
27/10/2020 10:00;120,46;121,2;117,52;119,14
27/10/2020 09:00;120,29;121,85;118,96;120,46
26/10/2020 17:05;119,01;120,25;118,3;120,12
26/10/2020 16:00;117,58;118,94;117,54;118,79
26/10/2020 15:00;116,74;117,59;116,74;117,47
26/10/2020 14:00;116,88;117,31;116,46;116,74
26/10/2020 13:00;116,07;117,07;116,03;116,87
26/10/2020 12:00;116,39;117,35;115,04;116,07
26/10/2020 11:00;115,32;116,46;115,26;116,37
26/10/2020 10:00;115,53;115,75;114,67;115,43
26/10/2020 09:00;115,39;116,95;114,33;115,52
23/10/2020 17:05;113,89;115,96;113,89;115,04
23/10/2020 16:00;113,46;113,94;113,45;113,76
23/10/2020 15:00;113,76;113,97;113,05;113,53
23/10/2020 14:00;113,84;113,97;113,16;113,76
23/10/2020 13:00;113,9;114,33;111,86;113,84
23/10/2020 12:00;115,04;115,04;113,84;113,9
23/10/2020 11:00;115,82;115,89;114,33;114,92
23/10/2020 10:00;114,36;116,17;113,63;115,82
23/10/2020 09:00;116,51;117,17;113,97;114,45
22/10/2020 17:05;117,88;118,57;114,48;115,75
22/10/2020 16:00;118,12;118,16;117,47;117,66
22/10/2020 15:00;118,09;118,3;117,52;118,1
22/10/2020 14:00;117,38;118,49;116,03;117,88
22/10/2020 13:00;118,67;118,76;115,76;117,2
22/10/2020 12:00;118,56;120,97;117,31;118,45
22/10/2020 11:00;116,23;119,3;113,62;118,49
22/10/2020 10:00;121,71;122,76;115,62;116,43
22/10/2020 09:00;123,56;125,11;116,64;121,71
21/10/2020 17:05;120,93;122,07;119,72;121,29
21/10/2020 16:00;119,18;119,18;119,18;119,18
21/10/2020 15:00;119,18;119,18;119,18;119,18
21/10/2020 14:00;119,18;119,18;119,18;119,18
21/10/2020 13:00;118,64;119,18;118,46;119,18
21/10/2020 12:00;118,06;118,81;118,06;118,69
21/10/2020 11:00;118,13;118,27;117,59;118,06
21/10/2020 10:00;117,31;118,39;117,1;118,15
21/10/2020 09:00;115,32;117,37;115,32;117,31
20/10/2020 17:05;113,52;113,87;113,49;113,69
20/10/2020 16:00;113,29;113,62;113,22;113,47
20/10/2020 15:00;113,16;113,33;113,08;113,22
20/10/2020 14:00;113,6;113,62;112,98;113,16
20/10/2020 13:00;113,38;113,65;113,2;113,62
20/10/2020 12:00;112,95;113,59;112,93;113,43
20/10/2020 11:00;112,92;113,08;112,86;112,95
20/10/2020 10:00;112,89;113,32;112,81;112,99
20/10/2020 09:00;112,2;113,43;111,91;112,91
19/10/2020 17:05;110,65;111,63;110,65;111,46
19/10/2020 16:00;111,02;111,13;110,32;110,63
19/10/2020 15:00;111,24;111,34;110,53;110,93
19/10/2020 14:00;110,42;111,49;110,42;111,29
19/10/2020 13:00;110,34;110,42;110,15;110,39
19/10/2020 12:00;110,34;110,45;109,78;110,32
19/10/2020 11:00;109,46;110,35;109,46;110,34
19/10/2020 10:00;109,81;109,85;109,26;109,46
19/10/2020 09:00;107,44;110,46;107,44;109,81
16/10/2020 17:05;107,89;108,06;107,84;107,84
16/10/2020 16:00;107,91;108,09;107,67;107,79
16/10/2020 15:00;107,38;107,92;107,38;107,92
16/10/2020 14:00;107,38;107,92;107,3;107,41
16/10/2020 13:00;107,25;107,45;107,08;107,38
16/10/2020 12:00;106,77;107,27;106,71;107,24
16/10/2020 11:00;106,6;106,8;106,23;106,67
16/10/2020 10:00;106,37;106,97;106,33;106,61
16/10/2020 09:00;105,42;106,52;105,17;106,37
15/10/2020 17:05;104,97;105,08;104,81;104,92
15/10/2020 16:00;104,85;105,02;104,74;104,95
15/10/2020 15:00;104,78;104,92;104,53;104,85
15/10/2020 14:00;104,13;104,81;104,12;104,74
15/10/2020 13:00;104,06;104,51;104,06;104,1
15/10/2020 12:00;103,96;104,31;103,92;104,06
15/10/2020 11:00;103,76;104,14;103,75;104
15/10/2020 10:00;103,97;104,23;103,68;103,7
15/10/2020 09:00;103,68;104,39;103,66;104
14/10/2020 17:05;102,85;103,63;101,54;103,52
14/10/2020 16:00;103,15;103,21;102,72;102,75
14/10/2020 15:00;103,68;103,68;102,68;103,08
14/10/2020 14:00;103,49;103,68;103,48;103,68
14/10/2020 13:00;103,55;103,68;103,26;103,46
14/10/2020 12:00;102,89;103,65;102,87;103,53
14/10/2020 11:00;102,89;103,09;102,71;102,91
14/10/2020 10:00;102,5;103,16;102,5;102,81
14/10/2020 09:00;102,65;103,26;102,01;102,52
13/10/2020 17:05;101,97;102,25;101,84;101,86
13/10/2020 16:00;101,2;102,11;101,06;102,04
13/10/2020 15:00;99,91;101,39;99,91;101,19
13/10/2020 14:00;99,36;100,12;99,14;99,91
13/10/2020 13:00;99,4;99,56;99,16;99,41
13/10/2020 12:00;99,37;99,5;99;99,4
13/10/2020 11:00;99,93;100,04;99,14;99,41
13/10/2020 10:00;100,05;100,34;99,46;99,95
13/10/2020 09:00;100,12;100,55;98,28;100,04
09/10/2020 17:05;100,56;100,92;100,2;100,92
09/10/2020 16:00;100,56;100,85;100,41;100,62
09/10/2020 15:00;100,65;101,12;99,98;100,56
09/10/2020 14:00;100,34;100,91;100,27;100,69
09/10/2020 13:00;99,22;101,26;99;100,32
09/10/2020 12:00;98,82;99,63;98,42;99,24
09/10/2020 11:00;100,37;100,47;98,73;98,83
09/10/2020 10:00;100,34;101,62;99,57;100,24
09/10/2020 09:00;101,47;102,74;98,49;100,34
08/10/2020 17:05;100,99;101,46;100,88;101,32
08/10/2020 16:00;100,41;100,91;100,39;100,86
08/10/2020 15:00;100,48;100,52;100,24;100,42
08/10/2020 14:00;100,24;100,61;100,24;100,48
08/10/2020 13:00;99,98;100,22;99,78;100,22
08/10/2020 12:00;100,2;100,27;99,91;99,98
08/10/2020 11:00;100,25;100,34;100,05;100,15
08/10/2020 10:00;99,91;100,45;99,71;100,21
08/10/2020 09:00;98,99;100,12;98,8;99,91
07/10/2020 17:05;98,43;98,85;98,42;98,56
07/10/2020 16:00;98,7;98,78;98,46;98,49
07/10/2020 15:00;98,66;99,24;98,42;98,69
07/10/2020 14:00;98,63;98,9;98,52;98,66
07/10/2020 13:00;98,97;98,99;97,99;98,63
07/10/2020 12:00;98,79;99,09;98,79;98,97
07/10/2020 11:00;98,96;99,12;98,7;98,8
07/10/2020 10:00;98,07;98,97;97,87;98,96
07/10/2020 09:00;97,27;98,07;97,16;98,04
06/10/2020 17:05;97,54;97,85;97,54;97,85
06/10/2020 16:00;97,6;97,71;97,43;97,71
06/10/2020 15:00;97,1;97,71;97,07;97,57
06/10/2020 14:00;96,9;97,23;96,9;97,07
06/10/2020 13:00;96,65;97,13;96,63;96,96
06/10/2020 12:00;96,49;96,72;96,45;96,69
06/10/2020 11:00;96,53;96,77;96,3;96,62
06/10/2020 10:00;96,59;96,65;96,15;96,52
06/10/2020 09:00;96,7;96,84;96,47;96,57
05/10/2020 17:05;96,29;96,45;96,09;96,43
05/10/2020 16:00;96,2;96,29;95,95;96,29
05/10/2020 15:00;96,47;96,5;96,01;96,2
05/10/2020 14:00;96,23;96,52;95,95;96,52
05/10/2020 13:00;96,43;96,46;96,15;96,22
05/10/2020 12:00;96,11;96,45;96,11;96,43
05/10/2020 11:00;95,85;96,12;95,85;96,08
05/10/2020 10:00;95,75;95,86;95,47;95,86
05/10/2020 09:00;94,96;95,84;94,96;95,72
02/10/2020 17:05;94,98;95,08;94,76;95,08
02/10/2020 16:00;94,98;95,01;94,91;94,97
02/10/2020 15:00;95,03;95,15;94,87;94,96
02/10/2020 14:00;95,01;95,13;94,87;95,07
02/10/2020 13:00;95,13;95,15;94,9;94,96
02/10/2020 12:00;94,84;95,14;94,61;95,1
02/10/2020 11:00;94,34;94,86;94,33;94,84
02/10/2020 10:00;94,73;94,8;94,23;94,39
02/10/2020 09:00;94,81;95,1;94,09;94,76
01/10/2020 17:05;94,32;94,86;93,73;94,77
01/10/2020 16:00;94,73;94,87;94,23;94,37
01/10/2020 15:00;94,96;95,01;94,66;94,74
01/10/2020 14:00;95,08;95,14;94,84;94,93
01/10/2020 13:00;94,9;95,25;94,44;95,08
01/10/2020 12:00;94,97;95;94,8;94,93
01/10/2020 11:00;94,87;95;94,76;94,94
01/10/2020 10:00;94,83;95,08;94,5;94,84
01/10/2020 09:00;94,09;94,88;93,73;94,83
30/09/2020 17:05;94,51;95,01;94,32;94,34
30/09/2020 16:00;94,29;94,44;94,24;94,37
30/09/2020 15:00;94,61;94,7;94,16;94,3
30/09/2020 14:00;94,63;94,71;94,46;94,66
30/09/2020 13:00;93,55;94,8;93,55;94,6
30/09/2020 12:00;93,41;93,59;93,29;93,55
30/09/2020 11:00;93,44;93,62;92,92;93,41
30/09/2020 10:00;93,66;93,73;93,34;93,39
30/09/2020 09:00;93,19;93,66;93,05;93,66
29/09/2020 17:05;92,88;93,17;92,87;93,09
29/09/2020 16:00;92,58;92,87;92,55;92,87
29/09/2020 15:00;92,16;92,58;92,07;92,57
29/09/2020 14:00;92,06;92,3;91,96;92,16
29/09/2020 13:00;91,57;92,44;91,48;92,03
29/09/2020 12:00;91,82;91,87;91,21;91,57
29/09/2020 11:00;92,03;92,17;91,65;91,89
29/09/2020 10:00;92,51;92,88;91,53;92,03
29/09/2020 09:00;92,1;92,95;91,39;92,46
28/09/2020 17:05;92,54;92,67;92,31;92,47
28/09/2020 16:00;92,46;92,7;92,38;92,67
28/09/2020 15:00;92,33;92,5;92,09;92,44
28/09/2020 14:00;92,13;92,51;91,77;92,31
28/09/2020 13:00;91,66;92,31;91,65;92,11
28/09/2020 12:00;91,49;91,7;91,4;91,65
28/09/2020 11:00;91,38;91,52;91,25;91,46
28/09/2020 10:00;91,13;91,42;90,98;91,39
28/09/2020 09:00;90,18;91,29;89,7;91,08
25/09/2020 17:05;90,31;90,33;90,04;90,18
25/09/2020 16:00;90;90,18;89,94;90,17
25/09/2020 15:00;89,91;90,04;89,79;90,04
25/09/2020 14:00;90;90,1;89,88;89,9
25/09/2020 13:00;89,83;90,01;89,71;89,93
25/09/2020 12:00;89,73;90,17;89,73;89,88
25/09/2020 11:00;89,6;89,76;89,5;89,71
25/09/2020 10:00;89,67;89,76;89,26;89,6
25/09/2020 09:00;88,64;89,69;88,64;89,64
24/09/2020 17:05;88,9;88,9;88,21;88,34
24/09/2020 16:00;89,15;89,3;88,83;88,9
24/09/2020 15:00;88,46;89,39;88,35;89,19
24/09/2020 14:00;88,24;88,69;88,05;88,42
24/09/2020 13:00;88,35;88,76;87,93;88,25
24/09/2020 12:00;89,12;89,12;88,25;88,35
24/09/2020 11:00;89,19;89,43;89,09;89,19
24/09/2020 10:00;89,23;89,62;89,05;89,25
24/09/2020 09:00;89,47;89,88;88,64;89,23
23/09/2020 17:05;89,3;89,33;89,08;89,26
23/09/2020 16:00;89,2;89,47;89,13;89,26
23/09/2020 15:00;88,96;89,27;88,9;89,2
23/09/2020 14:00;88,48;88,98;88,45;88,98
23/09/2020 13:00;88,32;88,46;88,27;88,46
23/09/2020 12:00;88,32;88,48;88,22;88,32
23/09/2020 11:00;88,27;88,62;88,19;88,28
23/09/2020 10:00;88,05;88,32;87,91;88,22
23/09/2020 09:00;87,48;88,62;87,48;88,05
22/09/2020 17:05;87,21;87,67;87,21;87,63
22/09/2020 16:00;87,03;87,34;86,99;87,33
22/09/2020 15:00;86,77;87,04;86,68;87,02
22/09/2020 14:00;86,83;86,92;86,42;86,75
22/09/2020 13:00;86,69;87,17;86,6;86,82
22/09/2020 12:00;86,5;86,79;86,29;86,69
22/09/2020 11:00;86,33;86,62;86,16;86,49
22/09/2020 10:00;85,99;86,38;85,79;86,36
22/09/2020 09:00;85,88;86,06;85,58;86,05
21/09/2020 17:05;85,61;85,61;85,5;85,6
21/09/2020 16:00;85,52;85,72;85,41;85,61
21/09/2020 15:00;85,38;85,6;85,28;85,57
21/09/2020 14:00;85,65;85,68;84,99;85,37
21/09/2020 13:00;85,78;85,85;85,64;85,67
21/09/2020 12:00;85,65;85,84;85,64;85,72
21/09/2020 11:00;85,6;85,81;85,51;85,68
21/09/2020 10:00;85,43;85,64;85,4;85,62
21/09/2020 09:00;85,07;85,89;84,87;85,43
18/09/2020 17:05;84,86;85,21;84,86;85,21
18/09/2020 16:00;84,81;84,93;84,66;84,87
18/09/2020 15:00;85,14;85,21;84,73;84,86
18/09/2020 14:00;85,16;85,21;84,5;85,14
18/09/2020 13:00;84,72;85,18;84,72;85,17
18/09/2020 12:00;84,74;84,83;84,67;84,72
18/09/2020 11:00;84,3;84,86;84,23;84,74
18/09/2020 10:00;84,09;84,5;83,91;84,3
18/09/2020 09:00;83,3;84,93;83,08;84,32
17/09/2020 17:05;84,02;84,03;83,24;83,81
17/09/2020 16:00;84,25;84,4;84,08;84,08
17/09/2020 15:00;84,57;84,64;83,82;84,35
17/09/2020 14:00;85,2;85,21;83,65;84,62
17/09/2020 13:00;85,07;85,2;85;85,18
17/09/2020 12:00;84,9;85;84,89;85
17/09/2020 11:00;85,35;85,37;84,86;84,89
17/09/2020 10:00;84,91;85,5;84,8;85,3
17/09/2020 09:00;85,08;85,58;84,74;84,86
16/09/2020 17:05;85,06;85,08;84,64;84,64
16/09/2020 16:00;85,03;85,07;84,9;85
16/09/2020 15:00;84,67;85,06;84,25;85,01
16/09/2020 14:00;83,22;84,79;83,11;84,64
16/09/2020 13:00;83,17;83,27;83,1;83,24
16/09/2020 12:00;83,41;83,44;83,01;83,22
16/09/2020 11:00;83,41;83,44;83,22;83,39
16/09/2020 10:00;83,3;83,48;83;83,37
16/09/2020 09:00;83,34;83,48;82,51;83,3
15/09/2020 17:05;84,09;84,33;84,01;84,08
15/09/2020 16:00;84,49;84,53;84,01;84,01
15/09/2020 15:00;84,63;84,66;84,37;84,5
15/09/2020 14:00;84,39;84,57;84,29;84,57
15/09/2020 13:00;84,32;84,63;84,29;84,46
15/09/2020 12:00;84,69;84,91;84,13;84,36
15/09/2020 11:00;85,16;85,21;84,7;84,72
15/09/2020 10:00;85,26;85,57;85,08;85,24
15/09/2020 09:00;85,84;85,92;84,54;85,34
14/09/2020 16:20;85,24;85,62;85,08;85,47
14/09/2020 15:00;86,05;86,09;84,09;85,16
14/09/2020 14:00;85,7;86,14;85,64;86,01
14/09/2020 13:00;85,71;85,77;85,61;85,64
14/09/2020 12:00;85,85;85,85;85,51;85,71
14/09/2020 11:00;85,57;85,91;85,35;85,85
14/09/2020 10:00;85,82;85,99;85,51;85,54
14/09/2020 09:00;85,34;86,48;85,23;85,82
11/09/2020 16:20;84,93;85,07;84,5;84,91
11/09/2020 15:00;84,57;84,96;84,45;84,91
11/09/2020 14:00;84,3;84,67;84,29;84,59
11/09/2020 13:00;84,13;84,62;83,65;84,28
11/09/2020 12:00;84,03;84,5;84,01;84,22
11/09/2020 11:00;83,81;84,08;83,68;84,03
11/09/2020 10:00;83,83;83,93;83,65;83,88
11/09/2020 09:00;84,02;84,22;83,51;83,88
10/09/2020 16:20;83,61;83,71;83,42;83,65
10/09/2020 15:00;82,83;83,48;82,8;83,42
10/09/2020 14:00;82,9;83,08;82,59;82,81