Data;Abertura;Máxima;Mínima;Fechamento
24/03/2025;79,66;80,07;78,21;78,74
21/03/2025;80,35;81,67;78,91;79,65
20/03/2025;83,29;83,74;80,17;80,36
19/03/2025;84,43;84,8;82,9;83,31
18/03/2025;82,14;84,58;82,14;84,48
17/03/2025;79,62;82,49;79,5;82,01
14/03/2025;79,88;80,45;79,26;79,83
13/03/2025;79,6;80,27;78,83;79,69
12/03/2025;79,44;81,04;79,26;79,5
11/03/2025;80,09;80,24;79,49;79,72
10/03/2025;78,43;80,16;78,35;79,99
07/03/2025;78,87;79,15;77,82;78,32
06/03/2025;78,7;79,48;78,54;78,88
05/03/2025;79,06;79,08;78,25;78,59
28/02/2025;79,13;79,4;78,83;78,86
27/02/2025;78,76;79,26;77,81;78,95
26/02/2025;77,51;79,08;77,35;78,63
25/02/2025;76,13;77,22;76;77,22
24/02/2025;77,41;77,69;75,83;76,17
21/02/2025;75,22;77,75;75,22;77,44
20/02/2025;73,56;75,4;73,53;75,35
19/02/2025;73,58;73,76;72,8;73,53
18/02/2025;73,26;73,9;72,9;73,49
17/02/2025;73,36;74,15;73,15;73,17
14/02/2025;72,59;73,53;72,46;73,42
13/02/2025;71,58;72,79;71,47;72,59
12/02/2025;71,26;71,87;71,1;71,45
11/02/2025;72,12;72,47;71,26;71,26
10/02/2025;71,17;72,29;71,07;72,03
07/02/2025;71,17;71,52;70,87;71,07
06/02/2025;70,97;71,4;69,92;71,05
05/02/2025;69,8;70,97;69,72;70,9
04/02/2025;68,84;69,82;68,77;69,78
03/02/2025;68,72;69,04;68,07;68,84
31/01/2025;69,24;69,41;68,44;68,71
30/01/2025;69,03;69,35;68,72;69,19
29/01/2025;68,1;68,99;68,08;68,91
28/01/2025;68,14;68,69;67,89;68,12
27/01/2025;68,35;68,55;67,71;68,3
24/01/2025;69,46;69,76;68,04;68,39
23/01/2025;69,22;70,07;68,95;69,55
22/01/2025;70,49;70,49;69,07;69,26
21/01/2025;71,21;71,25;70,17;70,49
20/01/2025;69,66;71,23;69,26;71,14
17/01/2025;69,3;70,69;68,7;69,8
16/01/2025;70,96;70,97;69,26;69,33
15/01/2025;72,08;72,14;70,75;70,98
14/01/2025;72,7;72,99;71,63;72,04
13/01/2025;70,94;72,99;70,67;72,73
10/01/2025;69,89;71,07;69,61;70,94
09/01/2025;69,15;69,96;68,83;69,84
08/01/2025;68,84;69,44;68,84;69,19
07/01/2025;69,18;69,36;68,54;68,81
06/01/2025;68;69,15;67,95;69,13
03/01/2025;68,39;68,78;67,9;68,01
02/01/2025;69,13;69,56;68,39;68,49
30/12/2024;68,56;69,18;68,44;68,9
27/12/2024;68,41;68,64;68,15;68,44
26/12/2024;68,71;68,91;68,15;68,43
23/12/2024;68,45;68,99;68,43;68,67
20/12/2024;69,18;69,18;68,35;68,57
19/12/2024;70,11;70,28;68,99;69,13
18/12/2024;69,77;69,92;68,9;69,91
17/12/2024;69,01;70,35;68,97;69,74
16/12/2024;69,58;69,65;68,57;69,18
13/12/2024;70,17;70,49;69,46;69,64
12/12/2024;71,5;71,5;69,7;70,3
11/12/2024;70,9;72,01;69,85;71,47
10/12/2024;69,93;71,07;69,7;70,9
09/12/2024;69,18;70,07;68,65;69,98
06/12/2024;67,75;69,27;67,41;69,13
05/12/2024;66,58;67,69;65,88;67,64
04/12/2024;67,61;67,66;66,43;66,52
03/12/2024;67,9;67,9;67,32;67,59
02/12/2024;67,09;67,86;66,89;67,82
29/11/2024;66,12;67,12;65,68;66,98
28/11/2024;66,17;66,36;64,93;65,97
27/11/2024;65,84;66,83;65,57;66,17
26/11/2024;66,64;67,36;65,51;65,92
25/11/2024;67,41;68,19;66,31;66,67
22/11/2024;67,79;67,92;67,03;67,42
21/11/2024;68,23;68,53;67,46;67,66
19/11/2024;68,93;69,17;68,04;68,23
18/11/2024;69,69;70,12;68,84;68,93
14/11/2024;70,51;71,22;69,56;69,68
13/11/2024;70,74;70,83;70,47;70,63
12/11/2024;70,99;71,06;70,56;70,77
11/11/2024;70,39;71;70,32;70,93
08/11/2024;70,2;70,49;70,09;70,41
07/11/2024;69,1;70,2;69,02;70,08
06/11/2024;68,77;69,31;68,69;69,1
05/11/2024;69,45;69,46;68,64;68,77
04/11/2024;69,72;69,98;69,39;69,48
01/11/2024;69,54;69,92;69,3;69,63
31/10/2024;69,73;69,98;69,13;69,5
30/10/2024;69,79;70,56;69,51;69,72
29/10/2024;68,91;69,95;68,75;69,82
28/10/2024;69,15;69,26;68,41;68,91
25/10/2024;68,81;69,34;68,66;69,15
24/10/2024;68,25;69,08;68,16;68,81
23/10/2024;67,63;68,4;67,34;68,25
22/10/2024;66,87;67,86;66,63;67,62
21/10/2024;66,01;66,89;65,83;66,77
18/10/2024;65,79;66,27;65,67;66,01
17/10/2024;65,3;65,96;65,12;65,79
16/10/2024;65,42;65,86;65,16;65,25
15/10/2024;64,2;65,48;63,92;65,39
14/10/2024;65,28;65,29;64,02;64,23
11/10/2024;65,66;66,04;65,22;65,29
10/10/2024;65,1;65,77;65,02;65,6
09/10/2024;64,68;65,39;64,1;65,05
08/10/2024;63,86;65,15;63,58;64,59
07/10/2024;64,83;65,29;63,73;63,86
04/10/2024;66,34;66,34;64,82;64,83
03/10/2024;66,35;66,63;66,06;66,26
02/10/2024;65,72;66,61;65,72;66,39
01/10/2024;65,66;65,77;65,32;65,77
30/09/2024;65,5;65,74;65,23;65,67
27/09/2024;64,92;65,49;64,57;65,48
26/09/2024;64,58;65,55;64,36;65
25/09/2024;64,96;65,1;64,27;64,57
24/09/2024;64,97;65,04;64,44;65,01
23/09/2024;64,66;65,1;64,34;64,92
20/09/2024;63,79;64,82;63,29;64,67
19/09/2024;63,29;64,02;62,77;63,8
18/09/2024;64,11;64,11;63,11;63,2
17/09/2024;64,29;64,43;63,77;64,1
16/09/2024;64,64;64,71;63,82;64,3
13/09/2024;63,5;64,77;63,48;64,63
12/09/2024;63,86;64,57;63,31;63,58
11/09/2024;64,15;64,88;63,7;63,86
10/09/2024;64,23;65,43;63,86;64,09
09/09/2024;63,02;64,6;63,02;64,3
06/09/2024;62,49;63,6;62,4;62,98
05/09/2024;63,14;63,22;62,44;62,55
04/09/2024;62,06;63,23;61,87;63,14
03/09/2024;61,6;62,25;61,08;62,14
02/09/2024;61,7;61,94;61,54;61,73
30/08/2024;60,98;61,69;60,74;61,69
29/08/2024;60,44;61,19;60,23;60,98
28/08/2024;60,39;60,49;60,18;60,44
27/08/2024;60,08;60,49;59,72;60,44
26/08/2024;60,13;60,3;59,88;60,08
23/08/2024;60,42;60,59;60,14;60,22
22/08/2024;60,27;60,49;60,04;60,47
21/08/2024;60,58;60,58;60,02;60,18
20/08/2024;60,18;60,59;59,89;60,46
19/08/2024;59,54;60,14;59,5;60,13
16/08/2024;60,29;60,29;59,32;59,55
15/08/2024;59,71;60,31;59,64;60,26
14/08/2024;59,94;60,16;59,67;59,71
13/08/2024;60,48;60,68;59,76;59,94
12/08/2024;60,22;60,49;59,49;60,46
09/08/2024;60,03;60,26;59,67;60,22
08/08/2024;60,1;61,06;59,93;60,08
07/08/2024;60,31;60,63;59,9;60,1
06/08/2024;61,49;61,62;60,31;60,31
05/08/2024;61,72;62,21;61,1;61,69
02/08/2024;60,79;61,89;60,56;61,82
01/08/2024;59,62;60,67;59,59;60,59
31/07/2024;59,97;60,24;59,42;59,62
30/07/2024;60,98;61,03;59,97;60,02
29/07/2024;61,1;61,49;60,59;61,06
26/07/2024;61,48;61,49;60,62;61,07
25/07/2024;61,73;62,49;61,1;61,38
24/07/2024;60,89;61,99;60,54;61,67
23/07/2024;60,46;61,39;60,02;60,88
22/07/2024;59,13;60,59;59,1;60,42
19/07/2024;58,23;59,42;57,99;59,13
18/07/2024;59,13;59,14;58,2;58,24
17/07/2024;58,56;59,19;58,39;59
16/07/2024;57,72;58,82;57,64;58,54
15/07/2024;58,4;58,49;57,34;57,74
12/07/2024;57,54;58,65;57,4;58,29
11/07/2024;57,89;58,38;57,5;57,5
10/07/2024;58,04;58,16;57,61;57,94
09/07/2024;57,73;58,17;57,37;58,03
08/07/2024;57,84;57,99;56,82;57,88
05/07/2024;57,87;58,18;57,54;57,84
04/07/2024;58,54;58,59;57,51;57,87
03/07/2024;59,49;59,7;58,39;58,58
02/07/2024;58,87;59,74;58,79;59,55
01/07/2024;59,32;59,51;58,29;58,86
28/06/2024;60,82;61,61;59,25;59,26
27/06/2024;59,94;61,01;59,8;60,65
26/06/2024;59,75;60,09;59,59;59,94
25/06/2024;60,85;60,85;59,7;59,75
24/06/2024;60,56;60,89;59,9;60,75
21/06/2024;60,34;61,19;60,11;60,49
20/06/2024;61,53;61,64;60,26;60,49
19/06/2024;60,64;61,77;60,28;61,49
18/06/2024;60,48;61,13;60,45;60,59
17/06/2024;61,24;61,35;60,4;60,48
14/06/2024;62,44;62,68;61,11;61,13
13/06/2024;62,69;63,33;62,38;62,48
12/06/2024;62,68;62,99;62;62,69
11/06/2024;62,44;63,15;61,98;62,65
10/06/2024;61,17;62,63;60,7;62,44
07/06/2024;61,28;61,37;60,59;61,12
06/06/2024;60,14;61,98;60,11;61,33
05/06/2024;60,33;60,48;60,09;60,19
04/06/2024;60,59;60,79;60,03;60,34
03/06/2024;61,54;61,72;60,42;60,49
31/05/2024;61,82;62,22;61,39;61,45
29/05/2024;62,21;62,86;61,69;61,8
28/05/2024;63,61;63,61;62,12;62,19
27/05/2024;62,81;63,47;62,62;63,44
24/05/2024;62,74;62,95;62,56;62,81
23/05/2024;63,1;63,22;62,71;62,71
22/05/2024;62,94;63,48;62,47;63,12
21/05/2024;63,07;63,12;62,36;62,89
20/05/2024;61,49;63,15;61,49;63,07
17/05/2024;62;62,19;61,29;61,65
16/05/2024;63,11;63,55;61,89;62,09
15/05/2024;62,96;63,38;62,73;63,19
14/05/2024;63,41;63,83;62,83;63,08
13/05/2024;62,55;63,61;62,19;63,44
10/05/2024;62,36;62,8;62;62,34
09/05/2024;61,69;62,49;61,39;62,33
08/05/2024;61,89;62,88;61,2;61,69
07/05/2024;61,56;62,56;61,23;61,99
06/05/2024;60,04;61,71;59,82;61,56
03/05/2024;60,21;60,59;59,9;60,03
02/05/2024;59,54;60,58;59,39;60,09
30/04/2024;59,59;59,95;59,44;59,49
29/04/2024;59;59,49;58,96;59,49
26/04/2024;59,58;59,84;58,89;59,07
25/04/2024;59,1;59,76;58,98;59,58
24/04/2024;58,88;59,31;58,76;59,07
23/04/2024;59,02;59,31;58,82;58,95
22/04/2024;59,17;59,54;58,91;59,03
19/04/2024;59,11;59,91;58,95;59,23
18/04/2024;59,42;59,63;58,93;59,15
17/04/2024;60,18;60,57;59,12;59,43
16/04/2024;59,88;61,12;59,63;60,22
15/04/2024;58,71;59,93;58,31;59,78
12/04/2024;58,35;60,97;57,96;58,7
11/04/2024;58,88;59,43;58,1;58,38
10/04/2024;58,24;59,53;57,79;59,02
09/04/2024;59,22;59,4;57,99;58,29
08/04/2024;60,31;60,47;59,11;59,29
05/04/2024;60,7;61,06;59,9;60,35
04/04/2024;60,17;60,96;60,09;60,76
03/04/2024;60,32;60,76;59,73;60,24
02/04/2024;61,01;61,22;60,06;60,3
01/04/2024;61,56;62,32;60,45;60,86
28/03/2024;61,02;62,18;60,78;61,68
27/03/2024;61,19;61,88;60,35;61,06
26/03/2024;62,7;63;61,17;61,19
25/03/2024;61,56;62,8;61,27;62,7
22/03/2024;61,72;61,87;61,1;61,51
21/03/2024;61,88;62,38;61,63;61,83
20/03/2024;62,7;63,52;61,57;62,01
19/03/2024;62,25;63,27;61,09;63,06
18/03/2024;62,14;63,11;59,94;62,29
15/03/2024;64,54;64,68;61,94;62,14
14/03/2024;65,01;65,05;63,96;64,5
13/03/2024;64,32;65,4;63,08;65,1
12/03/2024;62,88;64,52;62,85;64,27
11/03/2024;61,89;63,8;60,99;63,01
08/03/2024;62,29;62,34;60,76;62,05
07/03/2024;59,7;62,39;59,62;62,32
06/03/2024;59,48;59,73;58,67;59,73
05/03/2024;59,06;59,99;58,51;59,48
04/03/2024;57,69;59,41;57,54;59,01
01/03/2024;57,68;58,34;57,04;57,73
29/02/2024;57,68;58,14;57,41;57,59
28/02/2024;58,58;58,72;57,39;57,59
27/02/2024;58,34;59,02;57,98;58,43
26/02/2024;59,25;59,98;57,33;58,35
23/02/2024;61,27;61,37;58,78;59,31
22/02/2024;61,79;61,93;61,13;61,37
21/02/2024;61,87;61,97;61,51;61,59
20/02/2024;62,13;62,31;61,63;61,96
19/02/2024;61,73;62,29;61,62;62,13
16/02/2024;61,7;61,84;61,54;61,75
15/02/2024;61,6;62,07;61,53;61,71
14/02/2024;62,09;62,1;61,46;61,66
09/02/2024;62,46;62,59;61,57;62,04
08/02/2024;61,75;62,46;61,32;62,42
07/02/2024;62,43;62,61;61,46;61,74
06/02/2024;62,46;63,3;61,99;62,51
05/02/2024;61,42;62,74;61,11;62,65
02/02/2024;61,2;61,51;60,79;61,38
01/02/2024;62,32;62,39;61,22;61,27
31/01/2024;61,66;62,59;61,55;62,25
30/01/2024;61,32;61,99;60,89;61,69
29/01/2024;62,56;62,81;61,23;61,34
26/01/2024;64,27;64,42;62,02;62,59
25/01/2024;63,84;64,54;62,94;64,44
24/01/2024;63,37;64,04;62,18;64
23/01/2024;61,81;64,36;61,17;63,41
22/01/2024;62,55;62,65;61,41;61,87
19/01/2024;63,88;63,97;61,97;62,56
18/01/2024;64,82;64,82;63,66;63,8
17/01/2024;64,22;65,81;63,54;64,95
16/01/2024;63,57;64,74;62,54;63,97
15/01/2024;65,19;65,67;63,5;63,58
12/01/2024;68,01;68,09;64,64;65,19
11/01/2024;68,96;68,97;67,4;68,11
10/01/2024;71,07;71,08;67,78;68,87
09/01/2024;72,23;72,56;70,98;71,01
08/01/2024;73,9;73,98;71,68;72,23
05/01/2024;73,62;74,27;73,46;73,94
04/01/2024;73,61;73,85;73,01;73,61
03/01/2024;73,13;73,59;72,6;73,51
02/01/2024;72,36;73,34;72,26;73,05
28/12/2023;70,77;72,35;70,68;72,3
27/12/2023;71,37;71,81;70,37;70,67
26/12/2023;71,53;72,01;71,13;71,43
22/12/2023;72,47;72,63;71,38;71,53
21/12/2023;72,65;73,07;72,09;72,4
20/12/2023;71,34;72,65;71,33;72,65
19/12/2023;73,83;73,92;71,39;71,47
18/12/2023;74,52;74,61;73,47;73,62
15/12/2023;73,59;74,64;72,9;74,47
14/12/2023;74,27;74,84;73,31;73,38
13/12/2023;74,27;74,78;73,74;74,34
12/12/2023;72,52;75,08;72,47;74,28
11/12/2023;72,65;72,94;72,06;72,5
08/12/2023;72,28;72,67;71,87;72,59
07/12/2023;71,09;72,3;70,82;72,28
06/12/2023;71,92;72,79;71,03;71,09
05/12/2023;71,06;72,6;70,96;71,93
04/12/2023;71,08;71,18;69,61;71,07
01/12/2023;70,93;71,37;70,23;71,02
30/11/2023;68,9;71,12;68,69;70,93
29/11/2023;69,4;70,28;68,83;68,96
28/11/2023;66,67;69,52;66,66;69,4
27/11/2023;67,67;67,82;66,58;66,81
24/11/2023;68,46;69,07;67,27;67,86
23/11/2023;69,92;70,1;68,59;68,71
22/11/2023;69,89;70,51;68,93;69,93
21/11/2023;68,96;70,27;68,47;69,99
20/11/2023;68,06;68,98;67,49;68,95
17/11/2023;67,99;68,78;67,77;68,07
16/11/2023;69,1;69,27;67,27;68,17
14/11/2023;69,41;70,42;68,28;69,35
13/11/2023;65,84;69,27;65,64;69,27
10/11/2023;64,98;66,1;64,83;65,76
09/11/2023;65,03;65,14;64,44;64,95
08/11/2023;64,27;65,23;64,18;64,98
07/11/2023;65,39;65,74;64,09;64,29
06/11/2023;64,44;65,83;64,22;65,44
03/11/2023;64,51;64,86;64,09;64,44
01/11/2023;65,12;65,61;64,51;64,53
31/10/2023;65,25;65,54;64,7;65,03
30/10/2023;64,62;65,44;63,89;65,3
27/10/2023;63,74;64,7;63,55;64,63
26/10/2023;63,73;64,38;63,52;63,73
25/10/2023;63,52;63,84;63,15;63,78
24/10/2023;64,36;64,43;63,41;63,52
23/10/2023;64,95;65,13;64,16;64,25
20/10/2023;65,58;65,95;64,92;64,95
19/10/2023;64,87;66,05;64,44;65,68
18/10/2023;65,07;65,4;64,38;64,86
17/10/2023;66,3;66,31;64,74;64,95
16/10/2023;66,73;66,85;66,09;66,42
13/10/2023;65,77;67,36;65,71;66,68
11/10/2023;64,75;65,93;64,74;65,8
10/10/2023;65,74;65,77;64,48;64,89
09/10/2023;65,09;66,08;65,07;65,7
06/10/2023;65,26;65,93;64,86;65,1
05/10/2023;64,38;65,45;63,86;65,26
04/10/2023;64,27;64,57;63,64;64,38
03/10/2023;63,67;64,16;63,52;64,16
02/10/2023;62,62;63,76;62,39;63,68
29/09/2023;62,83;62,9;62,07;62,62
28/09/2023;62,81;63,05;62,07;62,84
27/09/2023;61,96;63,01;61,79;62,65
26/09/2023;62,22;62,46;61,73;61,95
25/09/2023;61,05;62,35;60,94;62,29
22/09/2023;60,84;61,16;60,57;61,05
21/09/2023;61,35;61,5;60,84;60,87
20/09/2023;61,26;61,49;61;61,32
19/09/2023;61,5;61,74;60,49;61,19
18/09/2023;62,44;62,62;61,53;61,59
15/09/2023;61,66;62,5;61,35;62,41
14/09/2023;61,22;61,69;61,05;61,59
13/09/2023;61,34;61,68;61;61,22
12/09/2023;61,99;62,25;60,83;61,43
11/09/2023;61,48;61,99;61,21;61,99
08/09/2023;61,8;62,05;61,4;61,48
06/09/2023;60,86;61,99;60,81;61,92
05/09/2023;60,27;60,89;60,15;60,86
04/09/2023;59,86;60,53;59,84;60,27
01/09/2023;59,95;60,27;59,62;59,96
31/08/2023;59,79;60,33;59,79;59,91
30/08/2023;60,23;60,48;59,77;59,79
29/08/2023;60,8;60,94;60,02;60,27
28/08/2023;60,86;61,09;60,55;60,81
25/08/2023;61;61,14;60,24;61,08
24/08/2023;60,3;61,14;60,19;60,92
23/08/2023;60,63;60,98;60,06;60,33
22/08/2023;60,51;60,73;59,77;60,69
21/08/2023;61,2;61,93;60,2;60,3
18/08/2023;60,41;61,43;60,28;61,25
17/08/2023;59,96;60,6;59,4;60,47
16/08/2023;59,38;60,14;59,34;59,88
15/08/2023;59,65;59,95;59,3;59,36
14/08/2023;60,42;60,65;59,54;59,81
11/08/2023;61,79;61,95;59,92;60,54
10/08/2023;62,02;62,32;61,65;61,76
09/08/2023;62,81;63,06;62,1;62,1
08/08/2023;62,1;63,12;61,88;62,84
07/08/2023;61,82;62,22;61,26;62,16
04/08/2023;62,52;63,04;61,54;61,83
03/08/2023;62,44;62,64;62,07;62,42
02/08/2023;62,58;62,82;61,93;62,45
01/08/2023;62,64;62,99;61,7;62,57
31/07/2023;62,73;62,89;61,88;62,44
28/07/2023;64,51;64,59;62,79;63
27/07/2023;63,58;64,58;63,46;64,36
26/07/2023;64,4;64,65;63,57;63,87
25/07/2023;65,7;65,71;64,44;64,64
24/07/2023;64,55;66,49;64,31;65,56
21/07/2023;65;65,24;63,17;64,45
20/07/2023;67,1;67,1;64,42;64,98
19/07/2023;65,35;67,96;65,15;66,94
18/07/2023;62,69;65,56;62,67;65,03
17/07/2023;63,51;64,18;62,33;62,96
14/07/2023;63,23;63,77;62,89;63,5
13/07/2023;62,41;63,34;62,23;63,25
12/07/2023;63,57;64,19;62,1;62,44
11/07/2023;62,95;63,5;61,99;63,43
10/07/2023;62,36;63,96;62,34;63,12
07/07/2023;63,8;64,19;62,38;62,45
06/07/2023;62,52;63,85;62,44;63,78
05/07/2023;63,41;64,11;62,22;62,49
04/07/2023;62,23;64,36;61,88;63,68
03/07/2023;61,99;63,57;61,25;62,33
30/06/2023;63,79;64,68;61,62;62,36
29/06/2023;64,62;64,68;63,14;63,77
28/06/2023;65,87;66,33;64,18;64,68
27/06/2023;68,31;69,71;65;65,88
26/06/2023;67,46;68,19;66,05;68,08
23/06/2023;70,89;70,89;67,47;67,52
22/06/2023;72,96;72,96;70,45;70,82
21/06/2023;69,37;72,66;69,26;72,66
20/06/2023;69,1;69,65;67,74;69,26
19/06/2023;69,49;69,89;67,07;69,06
16/06/2023;66,93;69,88;66,67;69,79
15/06/2023;64,93;67,03;64,51;66,77
14/06/2023;64,7;65,37;63,99;65,09
13/06/2023;65,19;66,15;64,82;64,82
12/06/2023;64,82;66,22;64,79;65,26
09/06/2023;65;65,99;64,48;64,81
07/06/2023;64,49;65,25;64,3;64,92
06/06/2023;64,27;65,35;63,86;64,46
05/06/2023;65,33;65,81;64,2;64,36
02/06/2023;66,24;66,63;64,65;65,32
01/06/2023;64,79;66,44;64,08;66,27
31/05/2023;65,37;65,91;63,13;64,58
30/05/2023;69,65;69,77;66,25;66,25
29/05/2023;69,07;70,2;68;69,71
26/05/2023;66,41;69,49;66;69,09
25/05/2023;66,45;66,88;65,16;66,27
24/05/2023;66,77;67,63;64,93;66,39
23/05/2023;64,28;66,84;63,14;66,61
22/05/2023;64,72;65,54;63,74;64,3
19/05/2023;63,55;65,12;62,67;64,54
18/05/2023;64,59;64,68;61,47;63,46
17/05/2023;65,8;66,05;64,53;64,7
16/05/2023;66,48;66,98;65,48;65,92
15/05/2023;67,5;68,75;65,97;66,3
12/05/2023;68,74;69,05;66,95;67,51
11/05/2023;68,97;69,74;68,27;68,87
10/05/2023;70,13;70,42;67,87;68,98
09/05/2023;73,76;73,97;70,09;70,14
08/05/2023;72,03;74,11;71,81;73,8
05/05/2023;71,85;72,34;71,46;72,02
04/05/2023;71,56;72,19;70,98;72,02
03/05/2023;71,91;72,36;70,36;71,46
02/05/2023;72,7;73,1;71,37;72,08
28/04/2023;73,27;74,16;72,3;73,05
27/04/2023;75,02;75,12;73,32;73,61
26/04/2023;75,91;77,87;74,99;75,4
25/04/2023;73,48;76,07;72,86;75,91
24/04/2023;76,14;76,35;73,04;73,6
20/04/2023;78,91;79,09;75,18;76,2
19/04/2023;80,58;80,91;78,45;78,91
18/04/2023;82,65;83,21;80,14;80,58
17/04/2023;85,06;85,28;82,58;82,8
14/04/2023;84,21;85,56;83,53;85,06
13/04/2023;85,93;86,02;83,39;84,08
12/04/2023;87,67;87,67;85,29;85,95
11/04/2023;90,44;90,5;87,4;87,67
10/04/2023;91,59;91,82;90,33;90,44
06/04/2023;92,05;92,41;91,47;91,65
05/04/2023;91,59;92,22;90,67;92,19
04/04/2023;92,9;93,72;91,76;91,76
03/04/2023;91,75;92,9;91,62;92,85
31/03/2023;93,12;93,48;91,28;91,52
30/03/2023;94,75;95,02;92,98;93,14
29/03/2023;94,87;95,01;93,86;94,64
28/03/2023;96,32;96,64;94,87;94,87
27/03/2023;96,45;97,89;96,25;96,25
24/03/2023;96,65;96,91;96,03;96,59
23/03/2023;96,49;97,04;96,16;96,66
22/03/2023;98,03;98,03;96,26;96,48
21/03/2023;98,79;98,79;97,8;98,03
20/03/2023;99,26;99,37;98,55;98,76
17/03/2023;99,73;99,91;99,26;99,34
16/03/2023;100,27;100,42;99,7;99,76
15/03/2023;101,02;101,13;100,25;100,3
14/03/2023;101,02;101,25;100,7;101,02
13/03/2023;100,27;101,14;99,95;101,08
10/03/2023;100,39;100,59;99,9;100,34
09/03/2023;100,27;101,49;100,13;100,4
08/03/2023;100,4;100,62;100,07;100,27
07/03/2023;100,13;100,61;99,92;100,59
06/03/2023;100,38;100,5;100,04;100,13
03/03/2023;100,32;100,79;100,21;100,32
02/03/2023;100,07;100,52;99,71;100,32
01/03/2023;100,42;100,72;99,65;100,02
28/02/2023;100,32;100,9;100,17;100,48
27/02/2023;101,03;101,13;100,22;100,32
24/02/2023;101,53;101,7;101;101,13
23/02/2023;101,37;102,1;101,24;101,57
22/02/2023;102,22;102,39;101,49;101,52
17/02/2023;102,14;102,56;101,84;102,37
16/02/2023;101,54;102,28;100,9;102,26
15/02/2023;102,28;102,35;101,46;101,7
14/02/2023;102,81;102,89;101,64;102,22
13/02/2023;102,38;102,96;102,16;102,83
10/02/2023;100,64;102,38;100,41;102,38
09/02/2023;100,59;100,88;100,09;100,61
08/02/2023;100,9;101,31;100,29;100,46
07/02/2023;101,99;102,14;100,84;100,95
06/02/2023;102,14;102,45;101,64;102,05
03/02/2023;102,06;102,61;101,4;102,08
02/02/2023;103,2;103,6;101,97;102,21
01/02/2023;102,28;103,2;102,06;103,19
31/01/2023;102,28;103,19;101,89;102,29
30/01/2023;101,07;102,39;100,91;102,31
27/01/2023;102,23;102,23;100,76;101,07
26/01/2023;102,51;102,77;101,94;102,22
25/01/2023;103,29;103,31;102,39;102,51
24/01/2023;103,65;103,97;103,02;103,29
23/01/2023;104,12;104,35;103,21;103,66
20/01/2023;104,26;104,63;103,82;104,12
19/01/2023;105,29;105,38;104,36;104,4
18/01/2023;105,64;105,9;104,92;105,36
17/01/2023;106,53;106,74;105,51;105,7
16/01/2023;105,9;106,76;105,62;106,48
13/01/2023;106,42;106,54;105,65;106,02
12/01/2023;106,02;106,86;105,8;106,42
11/01/2023;106,67;106,86;105,96;106,02
10/01/2023;106,76;107,59;106,43;106,67
09/01/2023;105,37;106,94;105,22;106,86
06/01/2023;105,44;106,13;105,11;105,28
05/01/2023;105,97;106,02;105,27;105,51
04/01/2023;106,11;106,15;105,38;105,97
03/01/2023;107,03;107,27;105,55;106,06
02/01/2023;108,17;108,34;107,08;107,09
29/12/2022;107,55;108,59;107,03;108,38
28/12/2022;106,63;107,86;106,35;107,8
27/12/2022;105,94;106,41;105,76;106,4
26/12/2022;106,09;106,22;105,91;105,98
23/12/2022;106,16;106,4;105,86;106,23
22/12/2022;106,18;106,32;105,73;106,23
21/12/2022;106,05;106,22;105,57;106,17
20/12/2022;106,1;106,45;105,45;106,05
19/12/2022;106,16;106,64;105,51;106,03
16/12/2022;105,94;106,16;105,69;106,11
15/12/2022;106,02;106,05;105,61;105,92
14/12/2022;105,68;106,04;105,27;106,04
13/12/2022;106,17;106,23;105,45;105,79
12/12/2022;105,45;106,35;105,3;106,16
09/12/2022;105,49;106,05;105,1;105,45
08/12/2022;104,99;105,57;104,74;105,57
07/12/2022;105,42;106,04;104,73;105,21
06/12/2022;105,29;105,57;104,46;105,45
05/12/2022;105,27;105,69;104,94;105,15
02/12/2022;106,64;106,76;105,06;105,22
01/12/2022;106,44;106,96;105,32;106,53
30/11/2022;106,65;107,26;105,88;106,61
29/11/2022;108,53;108,91;106,14;106,65
28/11/2022;108,78;108,93;107,27;108,76
25/11/2022;108,68;109,43;108,34;108,88
24/11/2022;108,1;108,76;107,93;108,75
23/11/2022;107,85;108,22;107,33;108,17
22/11/2022;106,79;108,1;106,68;107,85
21/11/2022;107,68;108;106,79;106,9
18/11/2022;106,16;107,8;105,57;107,44
17/11/2022;105,09;106,17;104,73;105,94
16/11/2022;104,59;105,14;104,09;105,09
14/11/2022;105,05;105,24;103,74;104,46
11/11/2022;106,36;106,62;104,5;105,03
10/11/2022;106,54;106,58;105,73;106,29
09/11/2022;106,62;106,91;106,42;106,6
08/11/2022;106,62;107,16;106,42;106,73
07/11/2022;106,33;106,79;106,17;106,68
04/11/2022;106,81;107,13;106,13;106,54
03/11/2022;107,76;108,01;106,54;107,04
01/11/2022;107,56;108,03;106,93;108,03
31/10/2022;107,49;109,84;106,94;107,66
28/10/2022;107,41;107,77;107,18;107,41
27/10/2022;107,29;107,66;107,04;107,44
26/10/2022;107,34;107,51;106,74;107,27
25/10/2022;106,76;107,35;106,32;107,26
24/10/2022;107,31;107,41;106,49;106,8
21/10/2022;107,54;107,78;106,98;107,26
20/10/2022;108,67;109,21;107,54;107,54
19/10/2022;107,98;108,53;107,78;108,53
18/10/2022;108,22;108,62;107,64;108,07
17/10/2022;108,88;109,23;108,03;108,26
14/10/2022;109,28;109,29;108,46;108,88
13/10/2022;107,41;109,15;107,05;109,13
11/10/2022;107,55;108,16;107,04;107,45
10/10/2022;107,71;108,77;107,26;107,66
07/10/2022;106,9;107,54;106,9;107,52
06/10/2022;108,05;108,16;106,67;106,96
05/10/2022;107,4;108,22;106,94;108
04/10/2022;109,28;109,28;106,91;107,41
03/10/2022;111,7;111,81;108,9;109,14
30/09/2022;110,88;111,76;110,39;111,64
29/09/2022;110,44;111,08;110,36;110,68
28/09/2022;110,77;111,24;110,18;110,52
27/09/2022;111,53;111,95;110,71;110,76
26/09/2022;110,69;111,76;110,3;111,65
23/09/2022;111,49;111,64;110,52;110,78
22/09/2022;110,92;111,64;110,78;111,64
21/09/2022;111,53;112,25;110,99;111,02
20/09/2022;110,66;111,5;110,1;111,5
19/09/2022;111,97;112,19;110,64;110,66
16/09/2022;111,95;112,97;111,08;111,86
15/09/2022;109,79;112,07;109,61;112,07
14/09/2022;111,27;111,36;109,85;110,07
13/09/2022;111,43;112,61;111,14;111,27
12/09/2022;110,2;111,64;110,02;111,43
09/09/2022;110,44;110,83;110,15;110,21
08/09/2022;110,51;111,02;110,03;110,62
06/09/2022;110,21;110,89;109,55;110,71
05/09/2022;110,62;111,27;110,11;110,25
02/09/2022;110,31;110,83;110,02;110,58
01/09/2022;111,4;111,53;110,24;110,31
31/08/2022;111,49;111,68;110,72;111,35
30/08/2022;112,22;112,46;110,75;111,41
29/08/2022;113,11;113,67;112;112,16
26/08/2022;110,44;113,11;110,37;113,11
25/08/2022;110,85;111,09;110,14;110,45
24/08/2022;111,05;111,97;110,72;110,83
23/08/2022;110,05;111,92;110,05;111,04
22/08/2022;110,93;111,17;109,72;110,11
19/08/2022;111,86;112,22;110,71;110,71
18/08/2022;111,55;112,31;111,09;111,91
17/08/2022;111,45;112,95;110,96;111,66
16/08/2022;114,07;114,27;111,49;111,61
15/08/2022;115,5;115,89;113,04;114,08
12/08/2022;116,09;116,16;113,45;115,52
11/08/2022;113,19;116,38;113,04;116,17
10/08/2022;114,45;114,59;112,91;113,32
09/08/2022;112,85;114,85;112,29;114,49
08/08/2022;113,56;114,18;111,68;112,63
05/08/2022;113,85;114,45;112,67;113,68
04/08/2022;112,12;113,95;111,95;113,76
03/08/2022;111,84;112,82;110,7;111,87
02/08/2022;110,89;112,51;110,35;111,55
01/08/2022;111,74;113,95;110,05;111,15
29/07/2022;115,04;117,34;111,35;111,41
28/07/2022;112,65;115,52;112,31;115,06
27/07/2022;114,37;114,38;112,52;112,67
26/07/2022;109,23;113,94;109,23;113,94
25/07/2022;108,22;109,63;107,96;109,27
22/07/2022;109,01;109,36;107,83;108,21
21/07/2022;110,96;111,05;108,76;108,95
20/07/2022;110,89;111,68;110,24;110,87
19/07/2022;114,61;115,39;110,93;111,13
18/07/2022;112,18;114,87;111,35;114,8
15/07/2022;110,67;111,99;110,24;111,99
14/07/2022;111,41;113,39;110,7;110,87
13/07/2022;111,22;112,87;110,97;111,48
12/07/2022;114,48;114,61;111,35;111,55
11/07/2022;112,82;115,48;112,53;114,48
08/07/2022;112,25;114,18;111,41;112,91
07/07/2022;110,35;112,64;109,87;112,25
06/07/2022;110,06;110,57;109,23;110,32
05/07/2022;112,26;113,26;109,89;110,06
04/07/2022;113,19;113,58;112;112,26
01/07/2022;113,56;114,45;112,93;113,3
30/06/2022;113,51;115,07;112,2;113,68
29/06/2022;115,06;115,14;113,56;113,69
28/06/2022;114,93;116,82;114,8;115,09
27/06/2022;117,73;117,93;114,74;114,94
24/06/2022;115,84;118,3;115,78;117,73
23/06/2022;118,03;118,13;115,44;116,04
22/06/2022;118,79;120,08;117,5;117,86
21/06/2022;123,59;123,72;119,1;119,25
20/06/2022;122,54;123,85;121,18;123,59
17/06/2022;120,78;123,7;120,36;122,39
15/06/2022;119,82;121,9;119,31;120,95
14/06/2022;119,62;120,06;118,27;119,88
13/06/2022;120,21;121,36;118,85;119,71
10/06/2022;120,7;122,12;119,75;120,05
09/06/2022;119,31;121,77;118,23;120,77
08/06/2022;120,47;122,55;118,5;119,29
07/06/2022;116,47;120,69;115,91;120,47
06/06/2022;115,87;117,43;115,53;116,59
03/06/2022;116,73;117,47;115,54;115,74
02/06/2022;116,92;118,49;116,3;116,44
01/06/2022;119,48;119,78;116,83;116,95
31/05/2022;120,84;121,09;119,29;119,7
30/05/2022;123,66;124,36;120,64;120,86
27/05/2022;121,43;123,64;120,4;123,46
26/05/2022;122,46;122,77;121,25;121,57
25/05/2022;125,55;125,6;122,55;122,82
24/05/2022;122,03;126,65;121,64;125,15
23/05/2022;123,21;123,33;121,83;122,26
20/05/2022;124,37;124,7;122,72;123,33
19/05/2022;125,17;125,92;123,07;124,31
18/05/2022;126,59;127,28;123,31;125,22
17/05/2022;131,02;131,28;126,34;126,77
16/05/2022;126,59;131,15;125,94;131,02
13/05/2022;128,89;130,1;125,56;126,85
12/05/2022;127,37;129,15;126,07;128,68
11/05/2022;126,65;128,54;126,07;127,1
10/05/2022;121,82;126,33;121,26;126,33
09/05/2022;122,73;123,45;121,2;121,65
06/05/2022;123,72;124,75;122,16;123,04
05/05/2022;122,54;124,18;122,06;124,11
04/05/2022;122,94;123,71;122,22;122,62
03/05/2022;125,96;126,3;123,3;123,57
02/05/2022;126,85;126,94;124,96;125,97
29/04/2022;125,25;127,14;124,45;126,44
28/04/2022;127,42;127,99;124,74;125,57
27/04/2022;130,56;130,56;127,63;127,81
26/04/2022;128,37;130,82;128,37;130,38
25/04/2022;126,85;128,59;126,04;128,41
22/04/2022;126,09;126,9;124,94;126,6
20/04/2022;124,74;126,18;124,07;126,08
19/04/2022;122,96;124,81;120,71;124,53
18/04/2022;121,23;123,89;121,23;122,93
14/04/2022;120,51;121,45;119,92;121,38
13/04/2022;120,83;121,04;118,51;120,49
12/04/2022;119,05;120,9;119,05;120,85
11/04/2022;119,4;120,49;118,09;118,98
08/04/2022;117,96;119,94;117,83;119,4
07/04/2022;120,56;120,63;117,57;118,51
06/04/2022;121,25;122,46;119,34;120,31
05/04/2022;119,33;121,68;118,94;121,25
04/04/2022;122,53;122,82;119,2;119,4
01/04/2022;125,19;125,9;121;122,33
31/03/2022;121,82;125,36;121,82;125,2
30/03/2022;118,38;122,75;118,31;121,85
29/03/2022;123,03;123,3;118;118,4
28/03/2022;127,93;128,62;122,9;123,08
25/03/2022;133,3;133,71;127,22;127,99
24/03/2022;134,86;134,86;132,64;133,44
23/03/2022;136,3;136,73;134,47;134,85
22/03/2022;138,77;139,53;136,05;136,3
21/03/2022;138,88;139,74;138,51;138,78
18/03/2022;140,11;140,27;138,6;138,66
17/03/2022;140,34;141,52;139,75;140,27
16/03/2022;142,45;142,48;140,29;140,84
15/03/2022;143,19;143,51;141,93;142,34
14/03/2022;142,93;143,56;141,89;143,29
11/03/2022;142,47;143,17;141,53;143,03
10/03/2022;140,62;142,86;140,48;142,48
09/03/2022;143,22;143,48;139,88;140,56
08/03/2022;144,81;144,93;141,95;143,3
07/03/2022;143,17;146,23;143,06;144,36
04/03/2022;139,26;143,73;139,06;143
03/03/2022;136,45;139,33;135,01;139,16
02/03/2022;132,34;138,19;132,25;136,3
25/02/2022;133,42;133,71;131,56;132,55
24/02/2022;132,64;136,55;132,36;133,41
23/02/2022;133;133,06;131,88;132,65
22/02/2022;131,3;132,92;131,17;132,65
21/02/2022;131,02;132;130,95;131,4
18/02/2022;130,94;131,53;130,68;130,94
17/02/2022;131,21;132,06;130,77;130,94
16/02/2022;131,27;132,15;130,94;131,14
15/02/2022;134,2;134,52;131,21;131,27
14/02/2022;134,79;135,13;133,51;134,37
11/02/2022;132,84;135,01;132,76;134,72
10/02/2022;133,98;134,45;132,96;133,03
09/02/2022;133,52;134,59;132,69;133,78
08/02/2022;134,79;135,11;133,3;133,56
07/02/2022;131,08;134,6;130,84;134,33
04/02/2022;130,88;131,61;130,66;131,08
03/02/2022;131,41;132,56;130,66;130,79
02/02/2022;133,03;133,37;131,27;131,48
01/02/2022;133,37;134,03;132,76;133,03
31/01/2022;134,06;134,83;132,99;133,59
28/01/2022;136,17;136,49;133,65;133,99
27/01/2022;134,37;135,8;134,11;135,8
26/01/2022;136,08;136,33;134,59;134,59
25/01/2022;136,58;137,32;135,8;136,05
24/01/2022;134,99;136,87;134,86;136,56
21/01/2022;134,21;135,13;133,72;134,99
20/01/2022;135,18;135,47;134,05;134,3
19/01/2022;134,37;135,4;134,37;135,25
18/01/2022;133,79;134,59;133,17;134,45
17/01/2022;134,18;135,1;132,92;133,72
14/01/2022;132,83;134,38;132,68;134,25
13/01/2022;133,18;133,44;132,56;132,83
12/01/2022;132,44;133,14;131,49;132,76
11/01/2022;132,61;133,64;132,15;132,15
10/01/2022;132,07;133,07;131,22;132,76
07/01/2022;130,37;132,41;129,87;132,02
06/01/2022;131,21;131,79;130,37;130,6
05/01/2022;131,9;132,29;130,22;131,07
04/01/2022;128,27;131,83;127,91;131,61
03/01/2022;125,93;128,08;125,93;127,95
30/12/2021;127,42;128,64;125,8;125,84
29/12/2021;126,31;129,51;125,32;126,92
28/12/2021;131,56;131,56;125,18;125,62
27/12/2021;131,67;133,3;131,11;131,11
23/12/2021;130,28;131,82;129,09;131,63
22/12/2021;132,1;133,89;130,12;130,26
21/12/2021;126,88;131,87;126,88;131,48
20/12/2021;126,37;127,58;125,39;126,88
17/12/2021;127,93;128,7;125,96;126,18
16/12/2021;128,57;129,56;127,75;127,93
15/12/2021;131,7;131,9;128,57;128,57
14/12/2021;132,04;132,63;131,05;131,63
13/12/2021;131,12;133,23;131,11;132,24
10/12/2021;131,43;132,52;130,59;131,25
09/12/2021;131,62;133,37;131,28;131,55
08/12/2021;133,23;134,62;131,15;131,6
07/12/2021;133,35;134,34;131,53;133,37
06/12/2021;131,82;133,99;130,9;133,66
03/12/2021;129,42;132,08;129,16;131,74
02/12/2021;127,68;130,09;127,65;129,44
01/12/2021;125,41;127,72;125,11;127,64
30/11/2021;126,27;126,27;124,26;125,25
29/11/2021;125,56;126,51;124,87;126,09
26/11/2021;125,21;125,94;122,99;125,46
25/11/2021;123,35;125,59;122,29;125,04
24/11/2021;126,11;126,81;123,66;123,73
23/11/2021;123,45;126,14;122,35;125,94
22/11/2021;122,08;123,78;121,92;123,35
19/11/2021;120,14;121,79;119,54;121,79
18/11/2021;119,09;121,32;118,59;120,1
17/11/2021;119,68;120,52;118,15;119,16
16/11/2021;120,98;122,27;119,89;120
12/11/2021;119,54;121,51;118,69;121,23
11/11/2021;122,25;122,3;119,44;119,54
10/11/2021;121,27;122,02;120,2;121,79
09/11/2021;122,81;122,9;121,24;121,39
08/11/2021;122,92;124;122,74;123,07
05/11/2021;125,04;125,18;123,08;123,18
04/11/2021;125,51;125,72;124,52;125,18
03/11/2021;127,56;127,56;125,61;125,72
01/11/2021;124,98;127,58;124,55;127,41
29/10/2021;124,45;125,15;123,83;125,01
28/10/2021;123,98;124,53;122,89;124,24
27/10/2021;123,74;124,59;122,47;124,01
26/10/2021;123,7;123,9;122,67;123,61
25/10/2021;125,22;126,43;123,74;123,88
22/10/2021;124,8;125,41;124,53;125,38
21/10/2021;125,14;125,58;124,43;124,89
20/10/2021;125,9;126,65;125,13;125,48
19/10/2021;126,96;127,37;125,72;126,1
18/10/2021;125,8;127,68;125,51;126,43
15/10/2021;125,22;125,9;124,93;125,72
14/10/2021;125,48;126,13;124,74;125,3
13/10/2021;125,48;125,99;124,38;125,44
11/10/2021;125,15;126,51;124,35;125,48
08/10/2021;125,21;127,03;124,9;125,15
07/10/2021;126,71;127,07;125,01;125,08
06/10/2021;127,58;128,69;126,64;126,85
05/10/2021;127,44;129,65;126,86;127,44
04/10/2021;128,7;129,42;127,24;127,58
01/10/2021;129,62;130,63;128,69;128,69
30/09/2021;131,75;132,02;129,74;129,9
29/09/2021;131,79;132,63;131,54;131,98
28/09/2021;131,09;133,13;130,96;131,67
27/09/2021;128,53;131,36;127,7;131,2
24/09/2021;129,43;129,43;128,02;128,19
23/09/2021;130,27;130,28;129,04;129,46
22/09/2021;130,9;131,37;129,82;130,27
21/09/2021;130,92;131,27;130,27;131,06
20/09/2021;131,69;132;130,71;130,95
17/09/2021;131,44;131,93;130,44;131,65
16/09/2021;133,13;133,49;131,17;131,44
15/09/2021;133,71;133,77;132,22;133,13
14/09/2021;132,2;133,91;132,08;133,56
13/09/2021;130,61;131,93;128,85;131,85
10/09/2021;130,9;131,37;129,82;130,68
09/09/2021;131,33;131,89;130,24;131,51
08/09/2021;130,55;132,08;128,54;131,37
06/09/2021;129,46;130,66;128,95;130,24
03/09/2021;129,96;130,38;128,26;129,6
02/09/2021;128,4;131,09;127,95;130,01
01/09/2021;129,53;129,94;126,98;127,81
31/08/2021;131,58;133,52;129,12;129,42
30/08/2021;134,71;135,15;131,13;131,61
27/08/2021;134,9;135,4;134,3;134,49
26/08/2021;135,13;135,85;134,35;134,93
25/08/2021;134,92;135,57;133,6;134,89
24/08/2021;134,86;136,49;134,41;134,71
23/08/2021;135,74;137,28;134,16;134,65
20/08/2021;136,42;137,68;135,43;135,68
19/08/2021;138,47;138,81;136,71;136,84
18/08/2021;140,16;140,76;138,11;138,47
17/08/2021;141,22;141,83;140,02;140,4
16/08/2021;140,96;142,41;140,66;141,27
13/08/2021;141,37;142,57;140,32;141,22
12/08/2021;140,38;142,78;139,6;141,37
11/08/2021;138,95;140,66;137,7;140,38
10/08/2021;137,53;139,19;136,86;138,96
09/08/2021;137,76;138,13;136,16;137,55
06/08/2021;138,67;140,66;137,48;138,04
05/08/2021;135,05;138,41;134,01;138,26
04/08/2021;136,56;136,84;134,48;134,86
03/08/2021;139,53;140,36;136,71;136,74
02/08/2021;140,59;140,88;138,26;139,67
30/07/2021;141,63;141,94;139,53;140,52
29/07/2021;143,77;144,33;140,71;141,51
28/07/2021;145,42;146,03;143,16;143,61
27/07/2021;144,62;146,27;143,08;144,96
26/07/2021;140,87;144,48;140,45;144,25
23/07/2021;139,99;141,07;139,24;140,87
22/07/2021;139,48;140,38;137,85;139,95
21/07/2021;137,58;139,78;137,28;139,24
20/07/2021;135,99;138,54;135,99;137,22
19/07/2021;134;137,53;133,73;135,99
16/07/2021;136,28;137,96;133,41;133,7
15/07/2021;137,27;138,75;135,85;136,22
14/07/2021;135;138,04;133,02;137,12
13/07/2021;136,22;137,62;133,94;135,07
12/07/2021;137,9;138,54;135,56;135,89
08/07/2021;135,58;137,9;135,33;137,69
07/07/2021;132,88;136,3;132,32;135,57
06/07/2021;137,99;138,11;131,19;132,25
05/07/2021;134,57;139,1;134,01;137,68
02/07/2021;132,9;135,56;132,9;134,08
01/07/2021;130,44;135,82;129,17;132,81
30/06/2021;138,4;138,54;127,04;129,09
29/06/2021;128,37;131,23;128,37;131,23
28/06/2021;119,31;124,98;119,03;124,98
25/06/2021;116,74;119,72;116,48;119,24
24/06/2021;114,75;117,71;114,15;116,61
23/06/2021;114,22;116,95;113,98;114,89
22/06/2021;118,75;119,4;113,8;114,42
21/06/2021;121,56;122,2;118,2;118,61
18/06/2021;116,23;121,42;113,97;121,36
17/06/2021;124,01;124,13;117,4;117,4
16/06/2021;127,29;127,5;123,13;123,98
15/06/2021;128,83;129,35;125,89;126,95
14/06/2021;134,3;134,44;128,11;128,78
11/06/2021;135,87;136,83;133,02;134,27
10/06/2021;136,66;138,4;135,85;136,13
09/06/2021;136,86;137,52;134,88;136,77
08/06/2021;138,54;138,96;136,64;137,19
07/06/2021;137,48;140,73;137,12;137,62
04/06/2021;137,38;138,54;135,96;137,36
02/06/2021;139,98;139,98;136,42;137,97
01/06/2021;137,97;140,97;137,27;140,08
31/05/2021;134,23;138,72;134,08;137,79
28/05/2021;133,58;135;132,18;134,55
27/05/2021;129,33;133,59;129,33;133,41
26/05/2021;128,36;129,7;126,73;129,24
25/05/2021;129,89;131,72;127,23;128,36
24/05/2021;131,91;132,6;128,36;130,06
21/05/2021;136,01;136,01;132,19;132,59
20/05/2021;136,23;137,76;135,16;135,85
19/05/2021;136,7;138;134,01;136,45
18/05/2021;137,12;139,05;135,85;136,7
17/05/2021;134,3;137,83;134,01;137,12
14/05/2021;134,88;137,12;132,95;134,16
13/05/2021;141,08;141,1;133,69;135
12/05/2021;140,94;142,62;139,23;140,66
11/05/2021;140,25;142,28;140,25;140,93
10/05/2021;141,89;143,13;139,95;140,09
07/05/2021;141,57;142,76;141,06;141,86
06/05/2021;140,44;141,72;139,74;141,57
05/05/2021;141,93;143,01;140,35;140,48
04/05/2021;144,9;145,43;141,8;141,93
03/05/2021;142,97;145,11;142,18;145,01
30/04/2021;140,48;143,35;140,21;142,97
29/04/2021;144,76;145,58;140,2;140,2
28/04/2021;148,03;148,59;143,62;144,97
27/04/2021;146,98;150,79;146,89;148,22
26/04/2021;143,66;147,17;143,55;146,84
23/04/2021;144,35;144,63;142,69;143,8
22/04/2021;142,12;144,49;141,47;144,42
20/04/2021;143,24;143,86;141,1;141,71
19/04/2021;141,87;144,06;141,74;143,24
16/04/2021;141,1;143,1;140,34;142,14
15/04/2021;138,82;141,6;138,54;140,75
14/04/2021;143,62;145,41;138,58;138,96
13/04/2021;140,96;143,78;140,81;143,66
12/04/2021;139,08;141,02;138,76;141,02
09/04/2021;138,14;140,2;137,85;138,97
08/04/2021;136,76;138,11;136,74;138,04
07/04/2021;137,85;137,95;135,71;136,76
06/04/2021;137,08;138,39;137,08;137,88
05/04/2021;134,71;137,23;134,41;137,03
01/04/2021;133,56;135,44;133,05;134,81
31/03/2021;130,04;133,83;129,14;133,49
30/03/2021;130,45;131,48;129,83;129,83
29/03/2021;130,54;131,35;129,71;130,74
26/03/2021;128,96;130,88;128,54;130,73
25/03/2021;130,27;131,06;127,77;129,04
24/03/2021;128,05;130,37;127,49;130,29
23/03/2021;127,36;128,03;126,66;127,76
22/03/2021;128,28;129,28;126,54;127,69
19/03/2021;129;129;126,13;128,23
18/03/2021;131,19;131,88;128,71;129
17/03/2021;131,08;132,67;130,05;131,09
16/03/2021;130,25;131,28;129,55;131,08
15/03/2021;128,45;130,2;124,58;130,14
12/03/2021;130,23;130,38;127,7;128,59
11/03/2021;129,72;131,82;129,44;130,05
10/03/2021;130,47;130,61;128,82;129,72
09/03/2021;131,35;132,02;129,43;130,25
08/03/2021;132,42;133,02;128,34;131,14
05/03/2021;130,11;133,37;130,11;132,53
04/03/2021;125,82;130,96;124,99;130,25
03/03/2021;123,06;125,96;122,86;125,89
02/03/2021;122,78;123,14;122,42;122,97
01/03/2021;122,95;123,31;121,68;122,64
26/02/2021;123,9;123,94;122,86;122,86
25/02/2021;123,67;124,05;122,79;123,92
24/02/2021;123,17;123,7;122,25;123,7
23/02/2021;121,68;123,49;121,58;123,07
22/02/2021;120,86;122,22;120,56;121,68
19/02/2021;120,56;121,54;120,56;120,72
18/02/2021;121,21;121,69;120,02;120,77
17/02/2021;119,6;121,26;119,32;121,26
12/02/2021;120,65;121,12;119,25;119,53
11/02/2021;118,4;120,7;118,33;120,65
10/02/2021;121,04;121,68;118,29;118,49
09/02/2021;120,8;122,54;118,98;121,05
08/02/2021;118,75;120,8;117,37;120,76
05/02/2021;118,75;120,54;118,54;118,89
04/02/2021;120,86;121,54;118,77;118,77
03/02/2021;121,4;121,75;118,47;120,87
02/02/2021;123,21;124,19;120,73;121,21
01/02/2021;120,93;123,91;120,62;123,09
29/01/2021;118,13;121,19;116,9;120,97
28/01/2021;117,18;118,19;116,1;117,76
27/01/2021;119,49;120,8;116,59;117,04
26/01/2021;119,52;120,42;117,92;119,49
22/01/2021;123,18;123,28;119,17;119,17
21/01/2021;121,54;123,34;120,77;122,95
20/01/2021;123,69;124,05;120,62;121,96
19/01/2021;124,06;125,08;123,45;124,03
18/01/2021;122,6;124,68;122,42;124,19
15/01/2021;123,14;125,07;122,25;122,85
14/01/2021;121,12;123,77;119,17;122,98
13/01/2021;123,76;125,99;120,33;120,56
12/01/2021;120,86;124,59;120,56;123,56
11/01/2021;119,44;121,11;117,99;120,56
08/01/2021;118,84;120,01;118,78;119,37
07/01/2021;118,11;118,82;116,38;118,75
06/01/2021;120,13;121,16;115,34;118,26
05/01/2021;118,65;120,75;117,55;120,12
04/01/2021;118,05;121,18;117,86;118,26
30/12/2020;118,16;119,45;117,07;118,05
29/12/2020;116,81;118,62;116,64;118,19
28/12/2020;113,87;117,19;113,27;116,92
23/12/2020;113,47;114,61;111,43;114,07
22/12/2020;111,14;113,77;111,14;113,27
21/12/2020;110,86;112,06;109,56;111,33
18/12/2020;109,89;110,61;108,23;110,43
17/12/2020;110,41;110,63;109,21;109,56
16/12/2020;108,9;110,41;107,99;110,41
15/12/2020;108,49;109,67;105,92;108,91
14/12/2020;106,53;108,7;105,1;108,49
11/12/2020;104,19;106,46;101,95;105,92
10/12/2020;109,59;112,4;103,48;104,08
09/12/2020;105,2;107,04;104,23;107,04
08/12/2020;97,42;101,95;96,07;101,95
07/12/2020;99,49;99,65;96,42;97,2
04/12/2020;103,65;104,03;99,21;99,49
03/12/2020;106,53;106,9;103,56;103,66
02/12/2020;107,6;108,7;104,78;106,73
01/12/2020;111,33;112,04;107,52;107,77
30/11/2020;112,13;113,63;111,08;111,44
27/11/2020;112,77;113,2;111,8;112,2
26/11/2020;112,35;113,37;111,48;112,74
25/11/2020;114,62;114,82;112,35;112,35
24/11/2020;115,5;115,97;113,48;114,91
23/11/2020;112,38;115,5;111,57;115,5
20/11/2020;112,48;114,62;111,13;112,38
19/11/2020;114,17;114,77;112,28;112,4
18/11/2020;114,2;115,07;113,28;114,34
17/11/2020;114,5;115,18;112,93;114,05
16/11/2020;114,14;116,14;113,31;114,65
13/11/2020;114,77;115,89;113,07;114,12
12/11/2020;117,78;117,92;113,78;114,2
11/11/2020;118,48;119,26;114,88;117,69
10/11/2020;111,33;117,64;110,86;117,64
09/11/2020;113,19;114,3;108,08;111,91
06/11/2020;117,39;117,52;112,99;113,4
05/11/2020;117;119,44;117;117,54
04/11/2020;115,89;118,16;114,61;116,84
03/11/2020;113,05;117,04;110,49;115,87
30/10/2020;115,6;115,75;112,91;112,99
29/10/2020;117,88;119,23;115,39;115,75
28/10/2020;120,22;120,33;116,74;118,16
27/10/2020;119,01;121,85;117,52;120,53
26/10/2020;113,89;118,94;113,89;118,79
23/10/2020;117,88;118,57;111,86;113,76
22/10/2020;120,93;125,11;113,62;117,66
21/10/2020;113,52;119,18;113,49;119,18
20/10/2020;110,65;113,65;110,65;113,47
19/10/2020;107,89;111,49;107,44;110,63
16/10/2020;104,97;108,09;104,81;107,79
15/10/2020;102,85;105,02;101,54;104,95
14/10/2020;101,97;103,68;101,84;102,75
13/10/2020;100,56;102,11;98,28;102,04
09/10/2020;100,99;102,74;98,42;100,62
08/10/2020;98,43;100,91;98,42;100,86
07/10/2020;97,54;99,24;97,16;98,49
06/10/2020;96,29;97,71;96,09;97,71
05/10/2020;94,98;96,52;94,76;96,29
02/10/2020;94,32;95,15;93,73;94,97
01/10/2020;94,51;95,25;93,73;94,37
30/09/2020;92,88;94,8;92,87;94,37
29/09/2020;92,54;92,95;91,21;92,87
28/09/2020;90,31;92,7;89,7;92,67
25/09/2020;88,9;90,18;88,21;90,17
24/09/2020;89,3;89,88;87,93;88,9
23/09/2020;87,21;89,47;87,21;89,26
22/09/2020;85,61;87,34;85,5;87,33
21/09/2020;84,86;85,89;84,86;85,61
18/09/2020;84,02;85,21;83,08;84,87
17/09/2020;85,06;85,58;83,65;84,08
16/09/2020;84,09;85,07;82,51;85
15/09/2020;85,84;85,92;84,01;84,01
14/09/2020;85,34;86,48;84,09;85,16
11/09/2020;84,02;84,96;83,51;84,91
10/09/2020;81,24;83,48;81,09;83,42
09/09/2020;83,34;84,42;81,39;81,97
08/09/2020;80,97;83,65;80,97;83,01
04/09/2020;78,88;81,09;77,54;80,67
03/09/2020;79,96;80,88;77,83;77,83
02/09/2020;82,39;82,39;80,16;80,16
01/09/2020;85,2;85,21;82,25;83,02
31/08/2020;83,79;84,72;83,54;84,68
28/08/2020;84,23;84,63;82,59;83,05
27/08/2020;84,14;84,21;82,39;83,69
26/08/2020;85,62;86,37;83,93;84,14
25/08/2020;84,35;86,19;84,35;85,84
24/08/2020;84,76;85,18;84,14;84,56
21/08/2020;84,35;84,72;83,51;84,15
20/08/2020;84,49;85,31;84,23;84,35
19/08/2020;83,37;83,95;82,94;83,56
18/08/2020;82,74;83,77;81,76;82,49
17/08/2020;81,97;84,47;81,97;84,07
14/08/2020;80,74;81,99;80,34;81,55
13/08/2020;79,04;81,06;78,41;80,74
12/08/2020;77,85;78,97;77,29;78,59
11/08/2020;77,1;78,19;76,74;77,32
10/08/2020;76,48;76,87;75,13;76,74
07/08/2020;74,99;76,6;74,99;76,46
06/08/2020;74,15;75,38;74,03;75,06
05/08/2020;72,74;73,94;72,7;73,7
04/08/2020;73,45;74,36;72,21;72,52
03/08/2020;70,94;74,08;70,94;73,73
31/07/2020;70,05;71,68;69,96;71,22
30/07/2020;68,24;69,35;68,23;69,33
29/07/2020;68,11;68,19;67,46;68,04
28/07/2020;68,29;68,29;67,5;68,17
27/07/2020;67,31;68,36;67,24;68,27
24/07/2020;66,89;67,43;66,54;67,03
23/07/2020;65,52;66,74;65,21;66,68
22/07/2020;65,93;66,58;65,51;65,84
21/07/2020;66,9;67,07;65,98;66,16
20/07/2020;66,61;67,59;66,42;66,97
17/07/2020;65,17;67,16;65,1;66,81
16/07/2020;65,83;66,3;65,14;65,49
15/07/2020;65,58;65,98;64,88;65,63
14/07/2020;65,59;66,61;65,07;65,35
13/07/2020;66,33;66,33;64,8;64,94
10/07/2020;67,8;68,43;66,76;66,76
09/07/2020;66,83;68,13;66,69;68,01
08/07/2020;66,75;66,9;66,21;66,74
07/07/2020;66,33;66,89;65,86;66,71
06/07/2020;65,42;65,84;65,23;65,79
03/07/2020;64,8;65,41;64,8;65,38
02/07/2020;65,72;65,91;64,96;65,21
01/07/2020;64,82;65,49;64,61;65,42
30/06/2020;63,4;64,77;63,4;64,68
29/06/2020;62,31;63,3;62,21;63,29
26/06/2020;61,82;62,42;61,51;62,14
25/06/2020;62,13;62,42;61,44;61,51
24/06/2020;60,89;62,11;60,61;61,79
23/06/2020;62,42;62,46;60,82;60,89
22/06/2020;62,91;62,91;61,86;62
19/06/2020;62,62;63,06;62,31;62,74
18/06/2020;62,14;62,74;62,09;62,62
17/06/2020;61,33;62,07;61,03;61,86
16/06/2020;60,87;61,36;60,34;61,3
15/06/2020;60,54;61,19;60,54;61,05
12/06/2020;59,74;61,01;59,67;60,05
10/06/2020;59,34;59,7;59,13;59,35
09/06/2020;59,07;59,78;59,07;59,22
08/06/2020;59,41;60,02;59,25;59,63
05/06/2020;60,02;60,02;59,49;59,98
04/06/2020;59,88;60,45;59,43;60,23
03/06/2020;60,19;60,19;59,43;59,82
02/06/2020;61,09;61,09;60,22;60,26
01/06/2020;61,23;61,44;60,77;61,16
29/05/2020;61,77;62,28;61,18;61,19
28/05/2020;60,79;61,93;60,77;61,86
27/05/2020;61,25;61,39;60,61;60,75
26/05/2020;61,86;61,86;60,77;61,3
25/05/2020;63,12;63,26;61,51;61,65
22/05/2020;62,35;63,19;62,16;62,98
21/05/2020;63,94;63,97;62,21;62,35
20/05/2020;63,86;64,24;63,34;63,59
19/05/2020;62,14;63,93;61,79;63,65
18/05/2020;63,72;63,72;62,17;62,49
15/05/2020;64,17;64,45;63,47;63,47
14/05/2020;63,82;64,87;63,69;64,38
13/05/2020;63,87;64,07;63,72;63,96
12/05/2020;63,46;63,93;63,45;63,83
11/05/2020;63,44;63,74;63,3;63,55
08/05/2020;63,41;64,17;63,35;63,51
07/05/2020;58,53;59,85;58,38;59,76
06/05/2020;58,42;58,66;57,95;58,36
05/05/2020;57,4;58,73;57,38;58,4
04/05/2020;56,44;57,55;56,44;57,35
30/04/2020;55,99;56,85;55,91;56,51
29/04/2020;56,57;56,75;55,91;55,93
28/04/2020;56,58;57,89;56,51;56,68
27/04/2020;56,75;57,09;56,05;56,57
24/04/2020;55,03;56,75;54,96;56,75
23/04/2020;54,46;55,19;53,76;54,74
22/04/2020;54;54,46;53,3;54,42
20/04/2020;54,66;55,01;53,82;54,07
17/04/2020;54,3;55,2;54,28;54,6
16/04/2020;55,25;55,26;53,62;54,47
15/04/2020;56,09;56,09;54,36;55,26
14/04/2020;56,31;56,83;55,81;56,09
13/04/2020;55,91;57,12;55,62;56,23
09/04/2020;55,81;56,45;55,56;55,95
08/04/2020;56,79;56,81;55,94;55,97
07/04/2020;58,07;58,28;56,57;56,87
06/04/2020;58,94;59,68;57,97;58,07
03/04/2020;57,71;59,02;57,53;58,76
02/04/2020;59,32;59,32;57,77;57,83
01/04/2020;60,45;60,75;58,66;59,32
31/03/2020;59,37;61,47;59,2;60,57
30/03/2020;57,24;59,2;56,33;59,2
27/03/2020;58,96;59,25;57,52;57,52
26/03/2020;58,3;59,01;58,24;58,79
25/03/2020;58,18;59,49;58,01;58,3
24/03/2020;58,54;59,08;57,42;58,07
23/03/2020;59,56;59,74;57,8;58,36
20/03/2020;59,02;60,32;58,36;59,44
19/03/2020;59,44;61,49;58,66;59,06
18/03/2020;56,19;59,64;54,04;59,08
17/03/2020;59,88;59,88;56,88;56,88
16/03/2020;63,26;63,29;59,88;59,88
13/03/2020;62,66;63,56;62,27;63,07
12/03/2020;61,59;63,07;61,55;62,55
11/03/2020;59,74;61,7;59,68;61,65
10/03/2020;59,92;60,11;59,37;59,61
09/03/2020;60,1;60,34;59,15;59,92
06/03/2020;60,1;60,51;59,56;60,08
05/03/2020;59,92;60,63;59,86;59,98
04/03/2020;59,78;59,92;59,42;59,92
03/03/2020;58,77;59,82;58,69;59,55
02/03/2020;57,63;58,9;57,53;58,73
28/02/2020;57,69;58,11;57,53;57,95
27/02/2020;56,71;57,69;56,66;57,58
26/02/2020;56,11;56,75;55,82;56,66
21/02/2020;55,96;56,3;55,69;56,17
20/02/2020;56,49;56,76;55,98;56,11
19/02/2020;57,02;57,05;56,13;56,44
18/02/2020;56,82;57,11;56,62;56,98
17/02/2020;56,08;57,12;55,76;56,76
14/02/2020;55,58;56,11;55,57;56,06
13/02/2020;54,19;55,62;54,19;55,62
12/02/2020;53,11;54,14;52,92;54,1
11/02/2020;53,69;53,96;53,08;53,14
10/02/2020;53,51;54,1;53,41;53,68
07/02/2020;53,24;53,62;53,09;53,51
06/02/2020;52,84;53,59;52,76;53,24
05/02/2020;52,63;53,08;52,18;52,86
04/02/2020;52,21;53,02;51,94;52,49
03/02/2020;53,17;53,32;52,11;52,21
31/01/2020;53,73;54,94;52,47;52,97
30/01/2020;55,01;55,05;53,44;53,72
29/01/2020;55,65;55,94;54,65;54,98
28/01/2020;55,92;56,39;55,58;55,74
27/01/2020;56,18;56,28;55,82;56,01
24/01/2020;56,85;56,85;56,22;56,26
23/01/2020;56,48;56,96;56,33;56,85
22/01/2020;55,85;56,66;55,79;56,43
21/01/2020;56,58;56,58;55,83;55,9
20/01/2020;56,33;56,66;56,19;56,46
17/01/2020;56,23;56,36;55,48;56,33
16/01/2020;56,83;57,36;56,21;56,41
15/01/2020;56,66;56,79;56,45;56,76
14/01/2020;57,02;57,24;56,57;56,66
13/01/2020;56,28;57,13;56,09;57,13
10/01/2020;56,55;56,98;55,79;56,33
09/01/2020;56,11;57,14;56,11;56,49
08/01/2020;56,54;56,66;56,03;56,13
07/01/2020;55,7;56,54;55,6;56,39
06/01/2020;54,87;55,64;54,85;55,64
03/01/2020;54,99;55,15;54,69;54,87
02/01/2020;55,49;55,49;54,95;55,09
30/12/2019;54,98;55,47;54,88;55,2
27/12/2019;54,7;55,09;54,7;54,88
26/12/2019;54,43;54,72;54,41;54,7
23/12/2019;54,17;54,42;53,98;54,35
20/12/2019;54,06;54,19;53,75;54,19
19/12/2019;53,67;54,2;53,67;54,06
18/12/2019;54,21;54,24;53,6;53,69
17/12/2019;54,68;55,14;54,2;54,29
16/12/2019;54,49;54,96;54,42;54,68
13/12/2019;54,8;55,24;54,43;54,49
12/12/2019;53,64;54,8;53,45;54,8
11/12/2019;54,13;54,13;53,48;53,7
10/12/2019;54,11;54,94;54,03;54,15
09/12/2019;54,3;56,4;54,09;54,22
06/12/2019;54,34;54,52;54,09;54,2
05/12/2019;55,33;55,53;53,93;54,33
04/12/2019;55,16;55,86;55,15;55,41
03/12/2019;55,26;55,43;55,06;55,26
02/12/2019;55,32;55,43;54,87;55,38
29/11/2019;54,98;55,32;54,55;55,31
28/11/2019;55,21;55,52;54,65;54,98
27/11/2019;55,32;55,32;54,06;55,15
26/11/2019;54,83;55,48;54,48;55,26
25/11/2019;54,24;54,95;54,12;54,59
22/11/2019;54,2;55,21;53,3;54,09
21/11/2019;52,69;54,55;52,69;54,2
19/11/2019;51,49;52,74;51,44;52,72
18/11/2019;51,65;51,84;50,9;51,49
14/11/2019;51,38;51,85;51,38;51,73
13/11/2019;51,62;51,8;51,3;51,39
12/11/2019;50,63;51,67;50,58;51,67
11/11/2019;50,21;50,68;50,2;50,65
08/11/2019;50,02;50,3;49,99;50,21
07/11/2019;49,79;50,09;49,57;49,99
06/11/2019;49,53;50,02;49,24;49,74
05/11/2019;49,11;49,63;49,1;49,51
04/11/2019;49,1;49,44;48,69;49,04
01/11/2019;49,66;49,72;48,87;49,1
31/10/2019;49,8;50,02;49,69;49,74
30/10/2019;49,81;50,07;49,63;49,85
29/10/2019;50,34;50,62;49,8;49,86
28/10/2019;50,62;50,62;50,28;50,37
25/10/2019;50,69;50,82;50,44;50,67
24/10/2019;50,76;50,97;50,47;50,69
23/10/2019;50,81;51;50,44;50,84
22/10/2019;51,13;51,5;50,69;50,86
21/10/2019;50,28;51,12;50,28;51,1
18/10/2019;50,55;50,62;50,22;50,39
17/10/2019;49,63;50,71;49,63;50,65
16/10/2019;48,77;49,74;48,75;49,63
15/10/2019;48,42;48,79;48,23;48,75
14/10/2019;48;48,9;47,93;48,49
11/10/2019;47,5;48,16;47,42;47,98
10/10/2019;47,43;47,75;47,09;47,44
09/10/2019;47,53;47,58;47,2;47,37
08/10/2019;47,41;47,62;47,16;47,53
07/10/2019;46,84;47,4;46,84;47,37
04/10/2019;46,77;46,94;46,65;46,84
03/10/2019;47,06;47,29;46,82;46,89
02/10/2019;47,55;47,67;47,07;47,07
01/10/2019;47,31;47,76;47,1;47,42
30/09/2019;46,88;47,41;46,73;47,33
27/09/2019;46,61;46,88;46,51;46,87
26/09/2019;46,82;47,28;46,6;46,65
25/09/2019;46,92;47,05;46,47;46,87
24/09/2019;46,87;47,03;46,6;46,82
23/09/2019;46,53;47,08;46,42;46,82
20/09/2019;46,26;46,59;46,26;46,56
19/09/2019;45,87;46,3;45,84;46,23
18/09/2019;45,79;46,11;45,72;45,98
17/09/2019;46,14;46,24;45,72;45,83
16/09/2019;46,02;46,71;45,89;46,24
13/09/2019;45,66;46,22;45,66;46,01
12/09/2019;45,19;45,83;44,84;45,65
11/09/2019;45,29;45,41;44,85;45,19
10/09/2019;44,5;45,22;44,49;45,17
09/09/2019;44,13;44,69;44,13;44,38
06/09/2019;45,7;45,71;45,45;45,52
05/09/2019;46,01;46,07;45,62;45,7
04/09/2019;46,56;46,56;45,97;46,18
03/09/2019;46,27;46,57;46,27;46,5
02/09/2019;46,56;46,57;45,95;46,27
30/08/2019;46,47;46,75;46,32;46,55
29/08/2019;46,33;46,86;46,26;46,48
28/08/2019;46,23;46,43;45,76;46,33
27/08/2019;46,17;46,23;45,84;46,11
26/08/2019;45,6;46,14;45,56;46,07
23/08/2019;45,66;45,8;45,45;45,7
22/08/2019;45,15;45,76;45,15;45,56
21/08/2019;45,26;45,54;44,96;45,21
20/08/2019;45,42;46,07;45,04;45,14
19/08/2019;45,51;45,76;45,15;45,46
16/08/2019;45,39;45,82;45,32;45,64
15/08/2019;45,64;45,82;45,26;45,39
14/08/2019;45,47;46,28;45,47;45,89
13/08/2019;45,91;45,91;45,01;45,55
12/08/2019;48,01;48,57;45,96;45,96
09/08/2019;47,57;48,2;47,56;48,01
08/08/2019;48,07;48,07;47,45;47,63
07/08/2019;46,95;48,32;46,81;48,05
06/08/2019;46,68;47,01;46,07;46,88
05/08/2019;45,57;46,7;45,09;46,51
02/08/2019;45,11;45,72;45,02;45,56
01/08/2019;45,65;45,92;45,01;45,07
31/07/2019;46,11;46,11;45,54;45,64
30/07/2019;46,04;46,15;45,71;46,01
29/07/2019;45,8;46,18;45,79;46,17
26/07/2019;45,64;45,89;45,47;45,82
25/07/2019;45,76;45,94;45,6;45,65
24/07/2019;46,07;46,48;45,76;45,76
23/07/2019;46,17;46,53;45,9;46,01
22/07/2019;46,57;46,72;45,9;46,1
19/07/2019;46,21;46,75;46,21;46,57
18/07/2019;47,21;47,32;46,2;46,25
17/07/2019;47,07;47,57;47,03;47,21
16/07/2019;47,03;47,13;46,4;47
15/07/2019;47,5;47,82;46,96;47,13
12/07/2019;46,71;47,51;46,61;47,45
11/07/2019;46,57;46,95;45,96;46,82
10/07/2019;47,52;47,53;46,21;46,4
08/07/2019;47,32;47,57;46,88;47,45
05/07/2019;47,71;48,12;47,17;47,32
04/07/2019;47,07;47,7;46,52;47,7
03/07/2019;46,2;47,26;46,02;47,07
02/07/2019;45,57;46,41;45,57;46,18
01/07/2019;46,2;46,63;45,39;45,51
28/06/2019;48;48,96;45,95;46,27
27/06/2019;48,03;48,31;47,95;48,13
26/06/2019;48,18;48,2;47,63;47,95
25/06/2019;47,82;48,57;47,57;48,13
24/06/2019;47,06;48,02;47,01;47,63
21/06/2019;47,07;48,2;46,82;47,07
19/06/2019;48,44;48,57;46,97;47,07
18/06/2019;49,61;50,01;48,32;48,58
17/06/2019;49,18;50,41;49,07;49,63
14/06/2019;49,06;49,47;48,82;49,32
13/06/2019;48,07;49,08;47,95;48,94
12/06/2019;46,32;48,06;46,12;48,06
11/06/2019;45,7;46,43;44,66;46,32
10/06/2019;45,82;46,01;45,26;45,7
07/06/2019;46,56;46,81;45,64;46,01
06/06/2019;45,99;46,45;44,49;46,32
05/06/2019;46,82;46,87;45,76;46,01
04/06/2019;49,01;49,19;46,83;46,83
03/06/2019;48,51;49,21;47,76;48,2
31/05/2019;49,07;49,32;47,98;48,63
30/05/2019;47,46;49,27;47,32;49,01
29/05/2019;48,46;50,31;47,2;47,76
28/05/2019;46,82;48,01;46,68;47,9
27/05/2019;44,76;46,68;44,6;46,68
24/05/2019;43,26;44,76;42,93;44,57
23/05/2019;44,3;45,06;43,46;43,6
22/05/2019;44,72;44,87;43,41;44,21
21/05/2019;45,44;45,89;44,36;44,96
20/05/2019;44,81;46,32;44,71;45,51
17/05/2019;43,01;44,89;42,95;44,89
16/05/2019;41,53;43,18;41,53;42,95
15/05/2019;40,62;41,89;40,58;41,45
14/05/2019;40,21;40,68;40,21;40,58
13/05/2019;39,84;40,4;39,84;40,21
10/05/2019;39,63;40,03;39,4;39,91
09/05/2019;38,96;39,64;38,83;39,61
08/05/2019;38,98;39,26;38,81;39
07/05/2019;38,61;39,03;38,45;38,83
06/05/2019;38,94;38,95;38,46;38,69
03/05/2019;39,12;39,39;38,81;39
02/05/2019;38,33;39,06;38,18;39
30/04/2019;39,44;39,44;38,34;38,34
29/04/2019;40,76;40,8;39,45;39,54
26/04/2019;41,08;41,24;40,48;40,83
25/04/2019;41,67;41,67;41,02;41,19
24/04/2019;41,54;41,67;41,2;41,61
23/04/2019;41,65;42,14;41,44;41,49
22/04/2019;41,67;41,67;40,94;41,43
18/04/2019;41,84;41,91;41,52;41,58
17/04/2019;41,65;42,29;41,54;41,86
16/04/2019;42,09;42,65;41,67;41,73
15/04/2019;42,22;42,46;41,98;42,1
12/04/2019;42,79;43,07;42,22;42,22
11/04/2019;43,69;43,82;42,83;42,95
10/04/2019;43,85;43,91;43,56;43,79
09/04/2019;43,8;43,8;43,26;43,74
08/04/2019;43,62;43,84;43,28;43,62
05/04/2019;43,96;44,01;43,54;43,56
04/04/2019;44,23;44,7;43,62;43,92
03/04/2019;44,41;44,76;44,06;44,22
02/04/2019;43,97;44,64;43,5;44,41
01/04/2019;44,3;44,47;43,66;43,82
29/03/2019;45,13;45,39;44,29;44,33
28/03/2019;45,45;45,97;45,26;45,26
27/03/2019;44,8;45,63;44,65;45,43
26/03/2019;45,37;46,05;44,9;45,06
25/03/2019;44,78;45,39;44,72;45,32
22/03/2019;43,68;44,78;43,68;44,78
21/03/2019;43,56;44,14;43,19;43,68
20/03/2019;44,2;44,23;43,29;43,5
19/03/2019;45,25;45,25;43,96;44,2
18/03/2019;45,93;46,05;45,03;45,14
15/03/2019;44,78;46,09;44,74;45,93
14/03/2019;44,9;44,96;44,36;44,72
13/03/2019;45,49;45,73;44,9;45,06
12/03/2019;45,98;46,22;45,3;45,49
11/03/2019;47,62;47,66;45,87;46,05
08/03/2019;47,7;47,78;47,58;47,64
07/03/2019;47,93;47,94;47,53;47,76
06/03/2019;47,67;47,99;47,37;47,93
01/03/2019;48,03;48,19;47,81;47,87
28/02/2019;47,82;47,93;47,37;47,88
27/02/2019;48,08;48,13;47,75;47,86
26/02/2019;47,7;48,14;47,6;48,04
25/02/2019;47,29;47,75;47,25;47,73
22/02/2019;47,03;47,35;46,77;47,25
21/02/2019;46,97;47,11;46,69;46,96
20/02/2019;47,03;47,37;46,65;46,97
19/02/2019;47,16;47,33;46,98;46,98
18/02/2019;46,9;47,37;46,78;47,14
15/02/2019;47,09;47,12;46,54;46,86
14/02/2019;46,96;47,24;46,67;46,97
13/02/2019;46,53;47,08;46,47;46,98
12/02/2019;46,01;46,72;45,96;46,53
11/02/2019;46,02;46,35;45,8;46,07
08/02/2019;46,33;46,52;45,95;46,08
07/02/2019;46,11;46,63;45,98;46,36
06/02/2019;45,91;46,6;45,74;46,18
05/02/2019;45,65;46,1;45,45;46,06
04/02/2019;46,24;46,24;45,51;45,65
01/02/2019;46,19;46,41;45,96;46,18
31/01/2019;45,45;46,35;45,13;46,19
30/01/2019;45,84;45,95;45,23;45,45
29/01/2019;46,26;46,61;45,91;45,98
28/01/2019;45,71;46,27;45,57;46,25
24/01/2019;45,58;45,82;45,1;45,55
23/01/2019;45,11;45,61;44,68;45,56
22/01/2019;44,62;45,38;44,49;45,05
21/01/2019;44,2;44,89;44,2;44,6
18/01/2019;44,08;44,35;43,64;44,32
17/01/2019;44,08;44,26;43,81;44,09
16/01/2019;44,42;44,5;43,94;44,09
15/01/2019;44,78;45,05;44,43;44,52
14/01/2019;44,58;45,22;44,38;44,67
11/01/2019;43,85;44,58;43,77;44,56
10/01/2019;43,79;43,98;43,47;43,77
09/01/2019;44,21;44,27;43,64;43,81
08/01/2019;45,11;45,26;44,23;44,26
07/01/2019;45,37;45,5;44,96;45,05
04/01/2019;45,03;45,45;44,78;45,34
03/01/2019;44,33;44,95;44,33;44,95
02/01/2019;44,6;44,87;44,2;44,38
28/12/2018;44,77;45,05;44,5;44,82
27/12/2018;44,93;45,22;44,6;44,72
26/12/2018;44,99;45,14;44,54;45,05
21/12/2018;44,48;45,22;44,48;44,9
20/12/2018;44,05;44,71;43,46;44,48
19/12/2018;44,09;44,19;43,74;43,92
18/12/2018;43,22;44,09;43,09;44,03
17/12/2018;42,8;43,12;42,64;43,07
14/12/2018;42,58;42,92;42,5;42,8
13/12/2018;42,65;43,05;42,57;42,58
12/12/2018;43,14;43,35;42,63;42,78
11/12/2018;42,84;43,29;42,72;43,12
10/12/2018;42,86;43,03;42,38;42,81
07/12/2018;42,37;42,73;42,1;42,64
06/12/2018;42,46;43,05;42,37;42,5
05/12/2018;42,94;42,94;42,06;42,5
04/12/2018;41,95;42,82;41,59;42,82
03/12/2018;41,89;42,35;41,72;41,9
30/11/2018;42,27;42,72;41,37;41,92
29/11/2018;42,78;43,05;42,06;42,27
28/11/2018;43,19;43,24;42,56;42,88
27/11/2018;42,89;43,58;42,89;43,23
26/11/2018;43,07;43,41;42,27;42,97
23/11/2018;43,79;43,86;43,09;43,09
22/11/2018;43,87;44,36;43,8;43,86
21/11/2018;43,03;43,92;42,99;43,83
19/11/2018;42,94;43,33;42,56;43,12
16/11/2018;42,73;43,03;42,5;42,95
14/11/2018;43,84;44,17;42,68;42,92
13/11/2018;43,97;44,31;43,35;43,92
12/11/2018;43,86;44,48;43,8;44,02
09/11/2018;40,66;41,29;40,4;41,14
08/11/2018;39,88;40,69;39,88;40,66
07/11/2018;40,05;40,18;39,67;39,79
06/11/2018;39,77;40,17;39,53;40,04
05/11/2018;39,59;39,78;39,23;39,71
01/11/2018;39,64;39,73;39,15;39,48
31/10/2018;39,34;39,88;39,3;39,61
30/10/2018;38,76;39,43;38,76;39,34
29/10/2018;39,2;39,21;38,31;38,93
26/10/2018;39,22;39,52;38,87;39,14
25/10/2018;39,37;39,54;39,09;39,26
24/10/2018;39,15;39,37;38,86;39,34
23/10/2018;39,18;39,4;38,88;39,15
22/10/2018;39,77;39,86;38,98;39,15
19/10/2018;39,57;40,13;39,32;39,65
18/10/2018;40,1;40,24;39,55;39,65
17/10/2018;40,82;40,83;40,05;40,16
16/10/2018;41,06;41,11;40,39;40,72
15/10/2018;41,35;41,94;40,93;41,11
11/10/2018;41,34;41,55;40,61;41,34
10/10/2018;42,01;42,07;41,28;41,28
09/10/2018;42,86;42,86;42,01;42,01
08/10/2018;43,33;43,54;42,69;42,86
05/10/2018;43,46;43,46;43,06;43,31
04/10/2018;43,69;43,73;43,28;43,41
03/10/2018;44,02;44,08;43,46;43,69
02/10/2018;44,98;44,98;43,99;44,06
01/10/2018;44,66;45,24;44,48;44,92
28/09/2018;44,47;44,81;44,43;44,65
27/09/2018;44,34;44,57;44,15;44,47
26/09/2018;44,6;44,81;43,97;44,3
25/09/2018;44,47;44,98;44,39;44,7
24/09/2018;44,83;45,37;44,49;44,53
21/09/2018;44,56;45,04;44,26;44,88
20/09/2018;44,54;44,75;44,14;44,53
19/09/2018;45,4;45,4;44,42;44,47
18/09/2018;45,82;45,96;45,31;45,39
17/09/2018;46,29;46,32;45,82;45,93
14/09/2018;45,85;46,3;45,84;46,26
13/09/2018;45,79;45,93;45,41;45,9
12/09/2018;46,09;46,36;45,56;45,61
11/09/2018;45,81;46,51;45,81;46,07
10/09/2018;46,18;46,2;45,61;45,79
06/09/2018;46,51;46,53;45,9;46,2
05/09/2018;46,74;46,81;46,26;46,41
04/09/2018;46,7;46,81;46,2;46,75
03/09/2018;46,3;46,81;46,3;46,74
31/08/2018;46,34;46,45;45,9;46,29
30/08/2018;46,05;46,57;46,01;46,33
29/08/2018;46,64;46,69;46,08;46,24
28/08/2018;47,2;47,27;46,54;46,73
27/08/2018;47,78;47,84;47,21;47,3
24/08/2018;47,85;47,99;47,51;47,86
23/08/2018;48,01;48,19;47,79;47,85
22/08/2018;47,76;48,24;47,56;48,01
21/08/2018;47,48;47,78;47,42;47,77
20/08/2018;47,75;47,85;47,21;47,45
17/08/2018;47,05;47,78;47,04;47,75
16/08/2018;47,37;47,63;46,81;47,1
15/08/2018;46,86;47,5;46,72;47,32
14/08/2018;47,04;47,06;46,53;46,85
13/08/2018;47,35;47,85;46,81;47,1
10/08/2018;48,17;48,34;47,13;47,42
09/08/2018;48,18;48,62;47,74;48,2
08/08/2018;48,05;48,88;47,95;48,25
07/08/2018;47,21;48,21;47,21;48,07
06/08/2018;47,31;47,54;47,1;47,32
03/08/2018;46,81;47,3;46,54;47,2
02/08/2018;46,93;47,1;46,64;46,87
01/08/2018;46,85;47,1;45,92;46,93
31/07/2018;46,87;47,1;46,5;46,8
30/07/2018;46,48;46,94;46,3;46,87
27/07/2018;45,84;46,5;45,68;46,41
26/07/2018;45,29;46,13;45,27;45,96
25/07/2018;44,87;45,44;44,71;45,34
24/07/2018;44,76;44,93;44,47;44,82
23/07/2018;44,36;44,87;44,2;44,76
20/07/2018;45,02;45,06;44,26;44,38
19/07/2018;44,41;45,15;44,39;45,04
18/07/2018;43,73;44,44;43,65;44,38
17/07/2018;43,33;43,8;43,32;43,76
16/07/2018;43,11;43,45;42,76;43,33
13/07/2018;43,32;43,73;43;43,16
12/07/2018;42,68;43,33;42,63;43,21
11/07/2018;42,49;42,9;42,34;42,72
10/07/2018;43,62;43,62;42,47;42,58
06/07/2018;42,68;43,9;42,68;43,56
05/07/2018;42,55;42,73;42,14;42,71
04/07/2018;42,71;42,77;42,31;42,55
03/07/2018;42,3;42,68;42,08;42,59
02/07/2018;42,63;43,11;42,19;42,3
29/06/2018;42,35;42,77;41,75;42,42
28/06/2018;41,96;42,48;41,74;42,1
27/06/2018;41,46;41,96;41,28;41,96
26/06/2018;41,51;41,6;41,02;41,39
25/06/2018;42;42,07;41,24;41,55
22/06/2018;41,61;42,17;41,51;41,96
21/06/2018;41,31;41,96;40,94;41,62
20/06/2018;41,86;41,91;40,82;41,22
19/06/2018;42,6;42,65;41,81;41,96
18/06/2018;42,48;43,04;42,2;42,65
15/06/2018;42,5;43,26;42,08;42,54
14/06/2018;42,71;42,76;41,65;42,36
13/06/2018;43,01;43,11;41,78;42,59
12/06/2018;44,68;44,69;42,99;43,11
11/06/2018;45,4;45,4;44,6;44,68
08/06/2018;46,38;46,38;45,23;45,47
07/06/2018;45,36;46,47;45,33;46,18
06/06/2018;45,39;45,77;45,29;45,29
05/06/2018;45,76;45,85;45,21;45,34
04/06/2018;46,45;46,91;45,77;45,77
01/06/2018;46,09;46,62;45,97;46,31
30/05/2018;46,32;46,54;46,04;46,18
29/05/2018;47,07;47,07;46,01;46,36
28/05/2018;47,4;47,4;46,18;46,91
25/05/2018;47,39;47,7;47,21;47,38
24/05/2018;47,14;47,59;47,11;47,44
23/05/2018;47,5;47,88;46,83;47,11
22/05/2018;47,76;48,12;47,24;47,55
21/05/2018;48,24;48,43;47,15;47,78
18/05/2018;47,39;48,29;47,21;48,2
17/05/2018;46,81;47,38;46,4;47,37
16/05/2018;46,53;46,95;46,47;46,81
15/05/2018;46,01;46,73;45,96;46,53
14/05/2018;45,61;46,22;45,6;46,02
11/05/2018;46,47;46,47;45,34;45,56
10/05/2018;46,62;46,86;45,77;46,18
09/05/2018;46,46;46,62;45,5;46,62
08/05/2018;45,79;46,69;45,72;46,47
07/05/2018;45,26;46,07;45,16;45,77
04/05/2018;46,75;46,87;45,07;45,27
03/05/2018;46,72;47,06;46,2;46,73
02/05/2018;44,47;46,71;44,47;46,65
30/04/2018;43,36;44,58;43,33;44,47
27/04/2018;43,04;43,61;42,65;43,37
26/04/2018;43,21;43,32;42,65;43,06
25/04/2018;42,29;43,37;42,23;43,21
24/04/2018;42,09;42,77;41,68;42,29
23/04/2018;41,41;42,12;41,01;41,96
20/04/2018;41,57;41,58;41,12;41,36
19/04/2018;41,96;42,07;41,38;41,54
18/04/2018;42,6;42,65;42,02;42,03
17/04/2018;42,2;43,37;42,18;42,64
16/04/2018;42,21;42,29;41,61;42,29
13/04/2018;42,35;42,35;41,66;42,09
12/04/2018;42,06;42,45;41,83;42,24
11/04/2018;43,47;43,47;41,92;41,96
10/04/2018;44,05;44,24;43,32;43,42
09/04/2018;44,03;44,22;43,64;44,02
06/04/2018;43,4;44,22;43,28;44,02
05/04/2018;42,46;43,48;42,45;43,48
04/04/2018;41,96;42,83;41,28;42,45
03/04/2018;41,36;41,93;41,1;41,89
02/04/2018;40,74;41,42;40,74;41,34
29/03/2018;40,67;40,93;40,35;40,71
28/03/2018;40,93;41,04;40,62;40,76
27/03/2018;41,31;42,12;40,89;41,04
26/03/2018;40,82;41,48;40,33;41,15
23/03/2018;41,09;41,57;40,77;40,93
22/03/2018;41,91;42,5;41,06;41,2
21/03/2018;42,61;43,32;41,91;41,96
20/03/2018;40,64;42,65;40,61;42,61
19/03/2018;41,64;41,9;40,66;40,77
16/03/2018;42,31;42,41;41,52;41,69
15/03/2018;43,84;43,9;41,96;42,37
14/03/2018;44,83;45,24;43,75;43,8
13/03/2018;42,54;44,54;42,54;44,54
12/03/2018;41,28;42,5;40,66;42,45
09/03/2018;40,94;41,57;40,9;41,35
08/03/2018;40,48;41,31;40,23;41,09
07/03/2018;40,67;40,8;39,86;40,39
06/03/2018;40,27;41,11;40,24;40,67
05/03/2018;40,47;40,57;39,67;40,27
02/03/2018;39,82;40,6;39,62;40,48
01/03/2018;39,39;39,87;38,63;39,87
28/02/2018;39,43;40,38;38,41;39,42
27/02/2018;39,07;39,67;38,21;39,59
26/02/2018;36,93;39,18;36,92;38,97
23/02/2018;36,26;37,58;36,2;37,29
22/02/2018;36,34;36,77;36,07;36,27
21/02/2018;35,39;36,5;35,28;36,38
20/02/2018;34,72;35,37;34,67;35,33
19/02/2018;34,69;34,95;34,67;34,72
16/02/2018;34,16;34,72;34,08;34,67
15/02/2018;33,79;34,31;33,64;34,17
14/02/2018;33,68;33,96;33,68;33,83
09/02/2018;34,04;34,22;33,65;33,68
08/02/2018;33,98;34,32;33,87;34,11
07/02/2018;33,71;34,05;33,67;33,98
06/02/2018;33,62;33,87;33,52;33,71
05/02/2018;33,31;33,67;33,23;33,63
02/02/2018;33,3;33,37;33,14;33,3
01/02/2018;33,15;33,37;33,12;33,23
31/01/2018;33,06;33,21;32,82;33,12
30/01/2018;33,17;33,47;32,94;33,06
29/01/2018;32,64;33,27;32,63;33,22
26/01/2018;32,87;32,95;32,56;32,66
24/01/2018;32,84;33,03;32,72;32,84
23/01/2018;33,2;33,35;32,85;32,91
22/01/2018;32,87;33,22;32,7;33,22
19/01/2018;32,62;33,06;32,58;32,91
18/01/2018;32,12;32,72;32,12;32,68
17/01/2018;31,83;32,43;31,69;32,14
16/01/2018;32,22;32,22;31,81;31,88
15/01/2018;32,19;32,51;32,17;32,26
12/01/2018;32,19;32,38;32,15;32,24
11/01/2018;32,11;32,43;32,11;32,2
10/01/2018;32,62;32,88;32,02;32,12
09/01/2018;33,09;33,18;32,72;32,86
08/01/2018;33,04;33,28;32,93;33,18
05/01/2018;33,44;33,49;32,84;33,18
04/01/2018;33,54;33,71;33,31;33,44
03/01/2018;33,39;33,62;33,03;33,54
02/01/2018;33,74;33,79;33,49;33,55
28/12/2017;33,54;33,93;33,54;33,77
27/12/2017;33,22;33,64;33,14;33,61
26/12/2017;33,15;33,32;33,13;33,26
22/12/2017;33,38;33,46;32,78;33,33
21/12/2017;33,73;33,84;33,33;33,44
20/12/2017;33,66;33,88;33,52;33,69
19/12/2017;33,44;33,69;33,35;33,64
18/12/2017;33,49;33,73;33,33;33,42
15/12/2017;33,53;33,59;33,23;33,49
14/12/2017;33,09;33,59;32,98;33,53
13/12/2017;33,05;33,28;32,68;33,05
12/12/2017;32,61;33,15;32,61;33,11
11/12/2017;32,73;32,78;32,48;32,58
08/12/2017;32,83;32,89;32,56;32,7
07/12/2017;32,39;33,03;32,35;32,85
06/12/2017;32,75;32,82;32,33;32,38
05/12/2017;32,75;32,92;32,66;32,83
04/12/2017;32,48;32,83;32,4;32,78
01/12/2017;32,53;32,63;32,22;32,48
30/11/2017;31,87;32,48;31,85;32,48
29/11/2017;31,63;31,86;31,46;31,82
28/11/2017;31,77;31,82;31,48;31,63
27/11/2017;31,83;32,02;31,76;31,83
24/11/2017;32,21;32,22;31,68;31,83
23/11/2017;32,16;32,16;31,68;32,15
22/11/2017;32,28;32,33;31,88;32,02
21/11/2017;32,71;32,88;32,18;32,27
17/11/2017;32,97;33,18;32,68;32,68
16/11/2017;33,22;33,28;32,98;33,05
14/11/2017;33,37;33,37;33,12;33,24
13/11/2017;33,17;33,37;33,17;33,34
10/11/2017;32,86;33,04;32,81;32,92
09/11/2017;33,14;33,35;32,34;32,91
08/11/2017;33,27;33,64;33,08;33,18
07/11/2017;33,49;33,53;33,08;33,27
06/11/2017;33,69;33,72;33,35;33,51
03/11/2017;33,21;33,79;33,13;33,67
01/11/2017;32,94;33,33;32,85;33,17
31/10/2017;32,62;33,02;32,6;32,94
30/10/2017;32,63;32,86;32,59;32,6
27/10/2017;32,75;33,02;32,51;32,65
26/10/2017;32,55;32,86;32,47;32,75
25/10/2017;33,15;33,16;32,5;32,55
24/10/2017;32,86;33,3;32,77;33,07
23/10/2017;32,41;32,87;32,3;32,81
20/10/2017;32,38;32,44;32,04;32,35
19/10/2017;33,38;33,43;32,21;32,3
18/10/2017;33,68;33,68;33,17;33,36
17/10/2017;33,81;34,09;33,48;33,53
16/10/2017;33,79;33,84;33,31;33,81
13/10/2017;33,5;33,79;33,37;33,69
11/10/2017;33,67;34;33,49;33,65
10/10/2017;33,15;33,68;33,12;33,68
09/10/2017;32,63;33,16;32,44;33,16
06/10/2017;31,87;32,64;31,83;32,64
05/10/2017;31,77;31,95;31,65;31,88
04/10/2017;31,96;32,09;31,53;31,78
03/10/2017;31,56;31,99;31,52;31,97
02/10/2017;31,57;31,78;31,37;31,63
29/09/2017;31,75;31,75;31,29;31,59
28/09/2017;31,61;32,12;31,38;31,74
27/09/2017;31,37;31,73;30,95;31,63
26/09/2017;31,85;31,87;31,27;31,37
25/09/2017;32,31;32,54;31,06;31,81
22/09/2017;32,77;33,17;32,3;32,31
21/09/2017;32,75;33,58;32,56;32,91
20/09/2017;31,52;32,71;31,43;32,65
19/09/2017;31,83;31,85;31,47;31,55
18/09/2017;31,73;31,83;31,36;31,65
15/09/2017;30,7;31,91;30,7;31,78
14/09/2017;30,69;30,83;30,63;30,75
13/09/2017;30,63;30,76;30,56;30,72
12/09/2017;30,4;30,65;30,39;30,65
11/09/2017;30,58;30,61;30,29;30,42
08/09/2017;30,72;30,83;30,45;30,57
06/09/2017;30,65;30,77;30,36;30,72
05/09/2017;29,81;30,58;29,72;30,56
04/09/2017;29,85;30;29,67;29,81
01/09/2017;29,91;30,36;29,83;29,97
31/08/2017;29,42;30,02;29,37;29,91
30/08/2017;29,53;29,6;29,16;29,42
29/08/2017;29,53;29,61;29,38;29,56
28/08/2017;29,84;29,91;29,33;29,53
25/08/2017;30,22;30,29;29,67;29,9
24/08/2017;29,85;30,18;29,74;30,08
23/08/2017;30,12;30,18;29,64;29,86
22/08/2017;31,19;31,2;30,07;30,29
21/08/2017;31,08;31,48;30,88;31,31
18/08/2017;30,5;31,26;30,5;31,05
17/08/2017;30,04;30,55;29,99;30,55
16/08/2017;30,03;30,49;29,99;30,12
15/08/2017;29,38;30,13;29,37;30,06
14/08/2017;29,42;29,69;29,38;29,63
11/08/2017;29,31;29,47;29,07;29,41
10/08/2017;29,18;29,53;28,88;29,26
09/08/2017;28,94;29,18;28,55;29,11
08/08/2017;28,59;28,91;28,58;28,81
07/08/2017;28,33;28,74;28,28;28,62
04/08/2017;28,2;28,63;28,07;28,33
03/08/2017;28,12;28,34;27,7;28,17
02/08/2017;28,1;28,19;28,04;28,17
01/08/2017;28,24;28,31;27,96;28,09
31/07/2017;28,39;28,39;27,96;28,27
28/07/2017;28,15;28,41;28,02;28,31
27/07/2017;28,14;28,21;27,91;28,05
26/07/2017;28,17;28,23;27,96;28,17
25/07/2017;28,28;28,55;28,11;28,13
24/07/2017;28,44;28,59;28,01;28,24
21/07/2017;28,77;28,88;28,41;28,5
20/07/2017;28,55;28,92;28,55;28,78
19/07/2017;28,49;28,66;28,39;28,5
18/07/2017;28,52;29,3;28,28;28,39
17/07/2017;28,55;28,55;28,14;28,52
14/07/2017;27,97;28,55;27,97;28,55
13/07/2017;28,65;28,68;27,91;28,15
12/07/2017;29,67;29,73;28,45;28,54
11/07/2017;29,21;29,87;28,85;29,73
10/07/2017;28,12;29,2;28,07;29,2
07/07/2017;27,97;28,27;27,97;28,2
06/07/2017;28,28;28,37;27,87;27,99
05/07/2017;28,66;28,74;28,23;28,34
04/07/2017;28,33;28,74;28,28;28,67
03/07/2017;27,95;28,53;27,7;28,39
30/06/2017;27,67;27,98;27,42;27,94
29/06/2017;27,49;27,74;27,35;27,68
28/06/2017;27,26;27,49;27,07;27,47
27/06/2017;27,74;27,8;27,2;27,2
26/06/2017;28,25;28,43;27,66;27,69
23/06/2017;28,51;28,63;28,25;28,34
22/06/2017;28,81;28,83;28,46;28,52
21/06/2017;28,9;28,99;28,67;28,77
20/06/2017;28,94;29,1;28,79;28,89
19/06/2017;29,2;29,23;28,93;29,04
16/06/2017;29,19;29,31;29,03;29,26
14/06/2017;29,4;29,56;29,14;29,14
13/06/2017;29,27;29,42;29,07;29,41
12/06/2017;29,6;29,69;29,25;29,29
09/06/2017;29,72;29,94;29,49;29,6
08/06/2017;29,63;29,95;29,49;29,74
07/06/2017;29,15;29,74;29;29,64
06/06/2017;29,2;29,31;29,1;29,17
05/06/2017;28,89;29,32;28,88;29,15
02/06/2017;28,91;29,08;28,77;28,94
01/06/2017;29,06;29,07;28,6;28,96
31/05/2017;28,97;29,26;28,89;29,1
30/05/2017;29,29;29,31;28,93;28,97
29/05/2017;29,13;29,42;29,13;29,3
26/05/2017;29,1;29,24;28,93;29,15
25/05/2017;29,11;29,31;29;29,13
24/05/2017;29,31;29,55;29,11;29,11
23/05/2017;29,89;29,89;29,31;29,43
22/05/2017;29,85;30,23;29,85;29,96
19/05/2017;30,39;30,61;29,8;29,92
18/05/2017;28,88;30,45;28,88;30,29
17/05/2017;28,99;29,04;28,72;28,93
16/05/2017;29,04;29,16;28,89;28,99
15/05/2017;28,92;29,15;28,57;29
12/05/2017;29,1;29,15;28,79;28,92
11/05/2017;28,83;29,19;28,77;29,1
10/05/2017;29,08;29,12;28,77;28,83
09/05/2017;29,2;29,2;28,99;29,08
08/05/2017;29,47;29,58;29,21;29,21
05/05/2017;29,78;30,06;29,49;29,49
04/05/2017;29,84;30,11;29,54;29,74
03/05/2017;29,72;29,85;29,64;29,85
02/05/2017;29,47;29,83;29,42;29,74
28/04/2017;29,42;29,57;29,28;29,47
27/04/2017;29,2;29,42;28,98;29,41
26/04/2017;29,47;29,47;29,2;29,3
25/04/2017;29,49;29,61;29,32;29,47
24/04/2017;29,72;29,79;29,52;29,53
20/04/2017;30,17;30,17;29,5;29,64
19/04/2017;30,12;30,29;29,98;30,17
18/04/2017;29,9;30,12;29,85;30,07
17/04/2017;29,91;30,29;29,76;29,85
13/04/2017;29,61;30,14;29,37;29,8
12/04/2017;29,64;29,74;29,39;29,69
11/04/2017;29,73;29,74;29,36;29,64
10/04/2017;29,38;29,8;29,31;29,7
07/04/2017;29,37;29,63;29,26;29,47
06/04/2017;29,51;29,83;29,31;29,44
05/04/2017;29,84;29,94;29,47;29,51
04/04/2017;30,4;30,41;29,66;29,8
03/04/2017;31,07;31,27;30,4;30,45
31/03/2017;30,75;31,76;30,73;31,05
30/03/2017;30,89;31,32;30,78;30,87
29/03/2017;30,57;31,05;30,52;30,92
28/03/2017;30,93;31;30,41;30,54
27/03/2017;30,34;31,7;30,17;30,89
24/03/2017;30,75;30,95;30,24;30,29
23/03/2017;31,3;31,36;30,56;30,74
22/03/2017;32,65;32,65;31,16;31,27
21/03/2017;32,39;32,72;32,33;32,63
20/03/2017;32,86;32,87;32,36;32,37
17/03/2017;33,39;33,5;32,8;32,9
16/03/2017;33,31;33,82;33,25;33,34
15/03/2017;33,2;33,66;32,98;33,39
14/03/2017;33,72;33,77;33,2;33,2
13/03/2017;33,69;33,93;33,55;33,72
10/03/2017;33,32;33,7;33,32;33,69
09/03/2017;33,71;33,77;33,37;33,43
08/03/2017;33,85;34,02;33,67;33,8
07/03/2017;34,34;34,42;33,76;33,9
06/03/2017;34;34,47;33,94;34,35
03/03/2017;33,8;34,21;33,74;34,06
02/03/2017;33,38;33,91;33,38;33,82
01/03/2017;33,09;33,56;33,03;33,38
24/02/2017;33,37;33,45;32,99;33,13
23/02/2017;32,84;33,36;32,7;33,35
22/02/2017;32,79;33,08;32,68;32,86
21/02/2017;32,72;32,89;32,28;32,79
20/02/2017;32,67;33,02;32,46;32,61
17/02/2017;32,81;33,06;32,65;32,72
16/02/2017;32,81;33,08;32,63;32,79
15/02/2017;33,3;33,42;32,6;32,84
14/02/2017;33,7;33,8;33,14;33,36
13/02/2017;33,61;34;33,37;33,66
10/02/2017;32,93;33,85;32,86;33,61
09/02/2017;32,77;33,18;32,7;32,85
08/02/2017;32,65;32,82;32,49;32,75
07/02/2017;32,98;32,98;32,41;32,6
06/02/2017;32,89;33,53;32,89;32,97
03/02/2017;32,77;33,22;32,67;32,95
02/02/2017;33,17;33,18;32,65;32,79
01/02/2017;32,98;33,36;32,83;33,16
31/01/2017;32,71;33,06;32,46;32,98
30/01/2017;33,77;33,94;32,7;32,74
27/01/2017;33,51;33,8;32,98;33,71
26/01/2017;33,85;34,09;33,32;33,51
24/01/2017;33,98;34,57;33,63;33,83
23/01/2017;33,08;34,09;33,08;33,99
20/01/2017;33,56;33,79;33,08;33,13
19/01/2017;34,33;34,63;33,63;33,75
18/01/2017;33,56;34,39;33,52;34,31
17/01/2017;32,88;33,55;32,84;33,5
16/01/2017;33,37;33,37;32,89;32,89
13/01/2017;33,3;33,43;33,23;33,27
12/01/2017;33,51;33,7;33,2;33,22
11/01/2017;33,35;33,53;32,94;33,37
10/01/2017;34,53;34,57;33,27;33,38
09/01/2017;35,25;35,25;34,54;34,57
06/01/2017;35,49;35,58;35,2;35,2
05/01/2017;36,07;36,12;35,44;35,51
04/01/2017;36,65;36,65;35,97;36
03/01/2017;36,65;36,89;36,54;36,65
02/01/2017;36,57;37,02;36,47;36,65
29/12/2016;36,71;36,75;36,38;36,57
28/12/2016;37,03;37,08;36,7;36,71
27/12/2016;36,74;37,03;36,65;36,94
26/12/2016;36,72;37,22;36,52;36,74
23/12/2016;36,65;36,81;36,5;36,67
22/12/2016;37,47;37,61;36,74;36,78
21/12/2016;38;38,04;37,52;37,56
20/12/2016;37,81;38,14;37,69;37,95
19/12/2016;37,48;37,8;37,38;37,8
16/12/2016;37,9;37,9;37,43;37,49
15/12/2016;38;38,08;37,81;37,9
14/12/2016;37,47;38,01;37,37;37,9
13/12/2016;37,18;37,7;37,14;37,47
12/12/2016;37,08;37,2;36,67;37,13
09/12/2016;36,94;37,55;36,94;37,09
08/12/2016;37,28;37,36;36,41;36,94
07/12/2016;37,32;37,81;37,27;37,27
06/12/2016;37,07;37,47;36,91;37,37
05/12/2016;37,18;37,27;36,45;36,89
02/12/2016;37,03;37,56;36,65;37,03
01/12/2016;36,25;37,08;36,25;37,08
30/11/2016;36,06;36,24;35,6;36,22
29/11/2016;35,99;36,51;35,91;36,02
28/11/2016;36,17;36,36;35,69;36,07
25/11/2016;36,53;36,53;35,97;36,26
24/11/2016;36,31;36,79;36,08;36,53
23/11/2016;36,54;36,54;36,02;36,31
22/11/2016;36,1;36,64;35,88;36,44
21/11/2016;36,41;36,5;35,99;36,11
18/11/2016;36,55;36,84;36,21;36,45
17/11/2016;38,09;38,37;36,65;36,65
16/11/2016;38,14;38,66;37,96;38,06
14/11/2016;37,52;38,38;37,52;38,14
11/11/2016;37,13;37,9;36,8;37,52
10/11/2016;37,06;37,6;36,7;37,13
09/11/2016;37,26;37,42;36,94;37,07
08/11/2016;37,56;37,95;37,23;37,27
07/11/2016;38,28;38,4;37,37;37,66
04/11/2016;38,71;38,85;38,24;38,28
03/11/2016;39,04;39,15;38,12;38,69
01/11/2016;39,52;39,83;38,9;39,09
31/10/2016;39,05;39,63;39,02;39,38
28/10/2016;37,93;39,29;37,76;39,14
27/10/2016;37,27;37,94;37,27;37,93
26/10/2016;37,18;37,47;36,95;37,28
25/10/2016;37,86;37,9;37,2;37,21
24/10/2016;38,33;38,46;37,81;37,9
21/10/2016;38,8;38,8;38,15;38,33
20/10/2016;38,76;39,19;38,52;38,79
19/10/2016;39,09;39,35;38,53;38,7
18/10/2016;40,08;40,25;39,11;39,16
17/10/2016;41,24;41,31;40,05;40,15
14/10/2016;41,09;41,48;41,01;41,24
13/10/2016;41,39;41,47;40,91;41,09
11/10/2016;41,01;41,71;40,95;41,45
10/10/2016;40,85;41,2;40,33;41,07
07/10/2016;41,09;41,66;40,81;40,81
06/10/2016;41,66;42;40,73;41,09
05/10/2016;41,86;42,33;41,4;41,64
04/10/2016;41,43;41,87;41,1;41,76
03/10/2016;40,81;41,71;40,81;41,48
30/09/2016;39,81;41,3;39,71;40,9
29/09/2016;38,61;40,02;38,54;39,81
28/09/2016;38,61;39,03;38,33;38,61
27/09/2016;38,39;38,57;38,04;38,56
26/09/2016;38,42;38,47;38,07;38,38
23/09/2016;38,88;39,01;38,14;38,42
22/09/2016;39,09;39,46;38,64;38,96
21/09/2016;39,71;39,75;39,16;39,19
20/09/2016;40,09;40,14;39,57;39,71
19/09/2016;39,86;40,41;39,67;40,09
16/09/2016;40,71;40,71;39,85;40
15/09/2016;41,19;41,46;40,63;40,71
14/09/2016;40,9;41,31;40,81;41,16
13/09/2016;40,93;41,17;40,59;40,87
12/09/2016;40,54;41,13;40,25;40,93
09/09/2016;40,61;40,66;39,82;40,32
08/09/2016;40,79;41,07;40,13;40,59
06/09/2016;40,3;41,17;40,12;40,59
05/09/2016;42,03;42,52;40,21;40,29
02/09/2016;38,95;40,74;38,8;40,74
01/09/2016;39,1;39,42;38,56;38,7
31/08/2016;39,59;39,72;39,15;39,19
30/08/2016;40,53;40,74;39,53;39,62
29/08/2016;40,21;40,59;39,43;40,59
26/08/2016;40,69;41,16;39,67;40,11
25/08/2016;41,92;41,92;40,52;40,69
24/08/2016;42,42;42,63;41,67;41,67
23/08/2016;42,26;42,34;41,66;42,19
22/08/2016;42,64;43,01;42,14;42,29
19/08/2016;42,74;42,74;42,14;42,56
18/08/2016;42,38;43,06;42,36;42,76
17/08/2016;42,72;42,72;41,86;42,38
16/08/2016;43;43,64;42,68;42,72
15/08/2016;42,08;43,31;42,08;43,06
12/08/2016;41,71;42,43;41,57;42,09
11/08/2016;43,01;43,31;41,96;42,05
10/08/2016;44,07;44,13;43,12;43,21
09/08/2016;43,74;44,56;43,61;44,07
08/08/2016;43,52;44,13;42,82;43,69
05/08/2016;43,51;43,97;43,41;43,56
04/08/2016;44,47;44,47;43,4;43,47
03/08/2016;44,36;44,95;43,99;44,47
02/08/2016;46,17;46,21;44,09;44,37
01/08/2016;45,92;46,49;45,66;46,24
29/07/2016;45,82;45,9;45,06;45,9
28/07/2016;47,33;47,33;45,73;45,82
27/07/2016;46,89;47,46;46,81;47,28
26/07/2016;46,06;47,07;45,97;46,8
25/07/2016;45,34;45,97;45,05;45,92
22/07/2016;45,49;45,73;44,95;45,34
21/07/2016;44,44;45,4;44,44;45,24
20/07/2016;45,07;45,53;44,18;44,52
19/07/2016;45,4;46,1;44,56;45
18/07/2016;44,32;45,68;44,32;45,44
15/07/2016;43,98;44,46;43,61;44,37
14/07/2016;43,4;44,44;43,4;44,07
13/07/2016;42,39;43,63;42,39;43,55
12/07/2016;42,38;42,58;41,66;42,34
11/07/2016;42,77;42,8;42,19;42,38
08/07/2016;41,04;42,92;41,03;42,72
07/07/2016;39,33;41,27;39,28;40,98
06/07/2016;39,21;39,46;39;39,36
05/07/2016;38,51;39,33;38,36;39,24
04/07/2016;38,56;38,7;38,04;38,51
01/07/2016;38,47;38,95;38,33;38,51
30/06/2016;39,53;39,72;38,32;38,51
29/06/2016;40,42;40,48;39,24;39,49
28/06/2016;39,79;40,65;39,77;40,4
27/06/2016;39,43;40,3;39,05;39,82
24/06/2016;39,16;39,24;38,56;39,09
23/06/2016;38,95;39,67;38,61;39,14
22/06/2016;38,88;39,12;38,36;38,81
21/06/2016;40,83;40,83;38,84;38,84
20/06/2016;41,37;41,76;40,75;40,87
17/06/2016;40,82;41,42;40,56;41,37
16/06/2016;41,56;41,57;40,7;40,85
15/06/2016;42,19;42,24;41,47;41,61
14/06/2016;42,3;42,48;42,05;42,19
13/06/2016;41,85;42,62;41,72;42,34
10/06/2016;41,95;42,4;41,77;41,93
09/06/2016;41,5;42,19;41,42;41,9
08/06/2016;41,08;42,53;41,08;41,45
07/06/2016;41,36;41,46;40,5;41,13
06/06/2016;40,88;41,84;40,79;41,38
03/06/2016;41,32;41,76;40,55;41,08
02/06/2016;41,66;42,11;41,25;41,32
01/06/2016;41,52;41,91;41,17;41,8
31/05/2016;40,88;41,66;40,69;41,56
30/05/2016;42,24;42,5;41;41,08
27/05/2016;41,76;42,48;41,71;42,29
25/05/2016;40,67;41,99;40,51;41,68
24/05/2016;41,45;41,62;40,51;40,55
23/05/2016;42,3;42,97;40,94;41,28
20/05/2016;43,21;43,35;42,55;42,68
19/05/2016;42,6;43,69;42,49;43,21
18/05/2016;42,05;42,6;42,01;42,58
17/05/2016;42,19;42,38;41,66;42,1
16/05/2016;41,37;42,33;41,37;42,25
13/05/2016;40,65;41,51;40,65;41,5
12/05/2016;40,21;40,66;40,01;40,65
11/05/2016;40,71;40,83;40,3;40,3
10/05/2016;40,31;40,79;40,25;40,66
09/05/2016;40,11;40,54;40,01;40,35
06/05/2016;40,06;40,3;39,74;40,11
05/05/2016;40,21;40,38;40,11;40,17
04/05/2016;40,06;40,29;39,82;40,21
03/05/2016;39,72;40,18;39,54;40,06
02/05/2016;39,63;39,87;39,39;39,67
29/04/2016;39,53;39,88;39,39;39,68
28/04/2016;38,97;39,66;38,85;39,57
27/04/2016;38,98;39,32;38,81;39,09
26/04/2016;38,7;38,99;38,13;38,95
25/04/2016;38,17;39,33;37,98;38,85
22/04/2016;39,33;39,58;38,05;38,18
20/04/2016;38,16;39,53;38,01;39,48
19/04/2016;37,3;38,16;37,26;38,12
18/04/2016;37,06;37,47;36,95;37,27
15/04/2016;37,26;37,43;36,83;37,22
14/04/2016;36,87;37,49;36,83;37,3
13/04/2016;36,36;36,98;36,14;36,82
12/04/2016;36,98;36,98;36,28;36,39
11/04/2016;36,75;37,17;36,48;36,98
08/04/2016;36,4;36,74;36,29;36,51
07/04/2016;35,86;36,51;35,86;36,33
06/04/2016;36,18;36,4;35,93;36,08
05/04/2016;36,4;36,71;35,81;36,36
04/04/2016;35,4;36,55;35,34;36,51
01/04/2016;35,24;35,76;34,95;35,31
31/03/2016;36,08;36,15;35,02;35,27
30/03/2016;35,9;36,18;35,71;36,08
29/03/2016;36,01;36,55;35,93;36
28/03/2016;36,08;36,08;35,46;36,02
24/03/2016;35,97;36,24;35,63;36,07
23/03/2016;35,73;36,61;35,73;36
22/03/2016;34,82;35,68;34,71;35,68
21/03/2016;33,86;34,83;33,74;34,71
18/03/2016;34,67;34,75;33,93;33,96
17/03/2016;35,59;35,59;34,61;34,66
16/03/2016;35,14;35,9;35,14;35,62
15/03/2016;34,76;35,25;34,73;35,18
14/03/2016;35,49;35,61;34,56;34,67
11/03/2016;34,75;36;34,67;35,41
10/03/2016;34,24;34,74;33,93;34,66
09/03/2016;34,11;34,51;34,08;34,29
08/03/2016;33,73;34,19;33,69;34,15
07/03/2016;33,57;33,77;33,45;33,67
04/03/2016;33,96;34,24;33,11;33,39
03/03/2016;33,73;34,18;33,67;33,93
02/03/2016;33,02;33,85;33,02;33,67
01/03/2016;33,08;33,15;32,67;33,02
29/02/2016;32,79;33,03;32,63;33,02
26/02/2016;32,67;32,9;32,6;32,78
25/02/2016;32,56;32,92;32,46;32,78
24/02/2016;32;32,59;31,99;32,52
23/02/2016;31,64;32,06;31,47;31,99
22/02/2016;31,85;32,06;31,55;31,56
19/02/2016;31,62;31,88;31,5;31,84
18/02/2016;31,64;31,85;31,22;31,51
17/02/2016;31,62;31,62;31,17;31,47
16/02/2016;31,62;31,88;31,61;31,66
15/02/2016;31,62;31,91;31,55;31,58
12/02/2016;30,78;31,52;30,72;31,49
11/02/2016;30,09;30,95;30,06;30,77
10/02/2016;30,72;30,72;30,2;30,2
05/02/2016;30,87;31,02;30,72;30,83
04/02/2016;30,9;31,1;30,75;30,87
03/02/2016;30,9;31;30,61;30,98
02/02/2016;30,36;31,09;30,27;30,9
01/02/2016;29,86;30,32;29,68;30,31
29/01/2016;29,97;30,03;29,79;29,82
28/01/2016;30,16;30,25;29,96;30,05
27/01/2016;29,82;30,09;29,62;30,08
26/01/2016;30,09;30,12;29,7;29,82
22/01/2016;30,58;30,78;30,06;30,12
21/01/2016;30,72;31,17;30,48;30,57
20/01/2016;30,99;31,13;30,63;30,72
19/01/2016;30,88;31,17;30,87;30,95
18/01/2016;31,1;31,1;30,42;30,87
15/01/2016;31,43;31,73;30,96;31,21
14/01/2016;31,92;32,14;31,33;31,43
13/01/2016;31,39;32;31,39;31,96
12/01/2016;30,39;31,55;30,39;31,4
11/01/2016;30,06;30,46;30,05;30,39
08/01/2016;30,18;30,27;29,75;30,01
07/01/2016;29,23;30,19;29,19;30,19
06/01/2016;28,93;29,3;28,85;29,23
05/01/2016;28,43;29,07;28,32;29,04
04/01/2016;27,9;28,44;27,9;28,38
30/12/2015;27,53;28,02;27,53;27,9
29/12/2015;27,46;27,5;27,35;27,49
28/12/2015;27,76;27,76;27,34;27,46
23/12/2015;27,72;27,75;27,53;27,57
22/12/2015;27,69;28,07;27,69;27,77
21/12/2015;27,87;27,87;27,63;27,66
18/12/2015;27,56;27,8;27,46;27,65
17/12/2015;27,65;27,72;27,38;27,46
16/12/2015;27,69;27,95;27,53;27,72
15/12/2015;27,76;27,83;27,65;27,68
14/12/2015;27,39;27,86;27,23;27,72
11/12/2015;27,12;27,53;27,12;27,38
10/12/2015;26,9;27,12;26,9;27,08
09/12/2015;26,84;27,2;26,78;26,9
08/12/2015;26,7;26,93;26,31;26,84
07/12/2015;27,29;27,34;26,6;26,69
04/12/2015;26,97;27,31;26,95;27,3
03/12/2015;27,12;27,49;26,9;26,97
02/12/2015;26,97;27,27;26,97;27,2
01/12/2015;26,82;27;26,78;26,97
30/11/2015;26,07;26,84;26,05;26,82
27/11/2015;26,14;26,14;25,93;26,02
26/11/2015;26,37;26,41;26,11;26,22
25/11/2015;26,11;26,52;26,11;26,41
24/11/2015;26,36;26,52;26,18;26,25
23/11/2015;25,91;26,37;25,88;26,35
19/11/2015;26,15;26,2;25,78;25,91
18/11/2015;26,51;26,56;26,11;26,14
17/11/2015;26,82;26,85;26,49;26,49
16/11/2015;26,86;27,06;26,77;26,86
13/11/2015;26,71;27,12;26,6;26,97
12/11/2015;26,9;27,12;26,75;26,86
11/11/2015;27,01;27,01;26,45;26,86
10/11/2015;27,16;27,28;27,05;27,06
09/11/2015;27,16;27,32;27,08;27,16
06/11/2015;27,12;27,24;26,93;27,2
05/11/2015;27,28;27,28;27,12;27,16
04/11/2015;27,36;27,36;27,09;27,24
03/11/2015;27,52;27,6;27,24;27,28
30/10/2015;27,33;27,67;27,33;27,52
29/10/2015;27,57;27,76;27,32;27,46
28/10/2015;27,36;27,44;27,25;27,32
27/10/2015;27,55;27,63;27,32;27,4
26/10/2015;27,16;27,6;27,05;27,55
23/10/2015;27,56;27,64;27,17;27,22
22/10/2015;27,22;27,76;27,22;27,52
21/10/2015;26,82;27,28;26,82;27,18
20/10/2015;26,98;27;26,79;26,87
19/10/2015;26,77;27,32;26,74;26,97
16/10/2015;26,84;26,97;26,73;26,78
15/10/2015;27,08;27,19;26,69;26,89
14/10/2015;26,89;27,36;26,81;27,16
13/10/2015;26,66;26,91;26,48;26,77
09/10/2015;26,93;27,01;26,7;26,7
08/10/2015;27,12;27,28;26,93;27,03
07/10/2015;27,08;27,12;26,81;27,08
06/10/2015;27,45;27,72;27,07;27,08
05/10/2015;27,73;27,92;27,34;27,52
02/10/2015;28,28;28,47;27,8;27,8
01/10/2015;28,26;28,55;28,04;28,31
30/09/2015;28,56;28,72;28,02;28,32
29/09/2015;28,53;28,99;28,48;28,66
28/09/2015;27,9;28,56;27,84;28,4
25/09/2015;28,63;28,72;27,69;27,95
24/09/2015;28,78;29,43;28,62;28,77
23/09/2015;28,16;28,86;28,07;28,61
22/09/2015;28,66;28,8;28,16;28,39
21/09/2015;28,35;28,8;28,06;28,72
18/09/2015;27,2;28,32;26,75;28,3
17/09/2015;27,72;27,82;27,2;27,2
16/09/2015;28,59;28,59;27,67;27,71
15/09/2015;28,18;28,65;28,12;28,6
14/09/2015;28,11;28,34;28,11;28,32
11/09/2015;28,08;28,21;27,97;28,19
10/09/2015;28,11;28,43;27,88;28,12
09/09/2015;27,97;28,08;27,81;28,02
08/09/2015;28,25;28,25;27,94;27,97
04/09/2015;28,42;28,49;28,14;28,25
03/09/2015;28,39;28,77;27,88;28,46
02/09/2015;27,69;28,41;27,6;28,3
01/09/2015;27,6;27,83;27,52;27,75
31/08/2015;27,41;27,74;27,13;27,69
28/08/2015;26,95;27,38;26,78;27,32
27/08/2015;27,27;27,32;26,68;27,04
26/08/2015;27,06;27,51;26,97;27,32
25/08/2015;26,94;27,46;26,9;27,09
24/08/2015;26,73;27,04;26,25;26,94
21/08/2015;26,56;26,95;26,4;26,84
20/08/2015;26,06;26,57;26,01;26,48
19/08/2015;25,88;26,25;25,74;26,12
18/08/2015;25,99;26,08;25,78;25,92
17/08/2015;26,12;26,12;25,95;25,98
14/08/2015;26,28;26,39;25,99;26,15
13/08/2015;26,15;26,35;25,5;26,23
12/08/2015;26,97;27,31;26,11;26,15
11/08/2015;27,83;27,91;27,05;27,09
10/08/2015;27,16;27,88;27,16;27,87
07/08/2015;27,3;27,51;26,98;27,23
06/08/2015;26,34;27,6;26,25;27,35
05/08/2015;25,59;26,47;25,46;26,39
04/08/2015;25,16;25,74;25,08;25,58
03/08/2015;24,91;25,18;24,91;25,13
31/07/2015;25,03;25,07;24,66;24,99
30/07/2015;24,62;24,99;24,56;24,97
29/07/2015;24,99;24,99;24,53;24,66
28/07/2015;24,79;25,08;24,72;24,94
27/07/2015;25,27;25,5;24,82;24,85
24/07/2015;25,53;25,78;25,27;25,36
23/07/2015;25,17;25,53;24,92;25,53
22/07/2015;24,93;25,22;24,72;25,12
21/07/2015;25,14;25,26;24,83;25
20/07/2015;25,66;25,83;25,13;25,18
17/07/2015;25,88;25,98;25,55;25,74
16/07/2015;25,82;26,15;25,74;25,88
15/07/2015;25,94;26,11;25,74;25,84
14/07/2015;26,67;26,67;25,93;25,94
13/07/2015;26,62;26,67;26,22;26,65
10/07/2015;26,15;26,67;25,97;26,57
08/07/2015;25,47;26,45;25,46;26,11
07/07/2015;25,93;25,93;24,89;25,46
06/07/2015;26,54;26,54;25,93;25,97
03/07/2015;26,39;26,67;26,25;26,54
02/07/2015;26,39;26,43;25,97;26,39
01/07/2015;26,24;26,53;25,87;26,39
30/06/2015;25,31;26,19;25;26,11
29/06/2015;25,59;26,25;25,36;25,36
26/06/2015;24,63;25,68;24,62;25,59
25/06/2015;24,06;24,62;23,96;24,62
24/06/2015;23,98;24,23;23,83;24,06
23/06/2015;23,86;24,01;23,75;23,99
22/06/2015;23,67;23,87;23,53;23,84
19/06/2015;23,77;23,81;23,53;23,67
18/06/2015;23,66;23,77;23,48;23,77
17/06/2015;23,46;23,94;23,39;23,56
16/06/2015;23,19;23,53;23,18;23,48
15/06/2015;23,36;23,44;23,14;23,19
12/06/2015;23,36;23,54;23,32;23,36
11/06/2015;23,45;23,64;23,37;23,39
10/06/2015;23,66;23,66;23,23;23,45
09/06/2015;23,91;23,92;23,5;23,64
08/06/2015;23,74;24,01;23,64;23,87
05/06/2015;23,54;24,14;23,5;23,82
03/06/2015;23,59;23,67;23,33;23,54
02/06/2015;23,42;23,68;23,34;23,59
01/06/2015;23,54;23,54;23,23;23,41
29/05/2015;23,62;23,68;23,5;23,6
28/05/2015;23,5;23,72;23,2;23,59
27/05/2015;24,38;24,38;23,46;23,5
26/05/2015;24,58;24,58;24,29;24,39
25/05/2015;24,43;24,66;24,25;24,62
22/05/2015;24,09;24,51;24,01;24,38
21/05/2015;23,8;24,2;23,79;24,09
20/05/2015;23,92;24,24;23,73;23,87
19/05/2015;23,94;24,06;23,68;23,89
18/05/2015;23,31;24,05;23,31;23,94
15/05/2015;23,66;24,1;23,31;23,36
14/05/2015;23,26;23,74;23,18;23,65
13/05/2015;23,22;23,39;23,16;23,24
12/05/2015;23,59;23,64;23,03;23,24
11/05/2015;23,8;23,83;23,54;23,62
08/05/2015;23,83;23,94;23,68;23,8
07/05/2015;24,06;24,29;23,74;23,84
06/05/2015;23,95;24,12;23,87;24,06
05/05/2015;24,34;24,48;23,9;23,93
04/05/2015;24,12;24,46;23,83;24,33
30/04/2015;24,05;24,19;23,95;24,14
29/04/2015;24,36;24,43;24,05;24,1
28/04/2015;24,44;24,66;24,38;24,41
27/04/2015;24,72;24,72;24,41;24,52
24/04/2015;24,8;24,89;24,68;24,76
23/04/2015;24,73;25,09;24,67;24,81
22/04/2015;25,05;25,06;24,73;24,75
20/04/2015;25,62;25,65;25,04;25,05
17/04/2015;25,16;25,55;25,14;25,54
16/04/2015;25,16;25,21;24,91;25,12
15/04/2015;25,33;25,42;25,09;25,21
14/04/2015;25,57;25,66;25,29;25,38
13/04/2015;25,77;25,9;25,54;25,55
10/04/2015;26,07;26,14;25,72;25,76
09/04/2015;26,08;26,28;25,9;26,06
08/04/2015;26,33;26,37;26,01;26,12
07/04/2015;26,86;26,89;26,33;26,38
06/04/2015;26,92;27,16;26,8;26,87
02/04/2015;26,8;26,97;26,76;26,89
01/04/2015;27,03;27,21;26,76;26,79
31/03/2015;27,37;27,62;27,02;27,03
30/03/2015;26,99;27,37;26,92;27,35
27/03/2015;26,75;27,18;26,74;27
26/03/2015;26,9;26,98;26,73;26,84
25/03/2015;26,82;26,93;26,61;26,9
24/03/2015;27,2;27,2;26,76;26,83
23/03/2015;27,63;27,66;27,13;27,19
20/03/2015;27,56;27,8;27,43;27,56
19/03/2015;27,34;27,55;27,29;27,51
18/03/2015;27,36;27,41;27,1;27,28
17/03/2015;27,82;27,87;27,42;27,47
16/03/2015;28,13;28,19;27,75;27,86
13/03/2015;27,91;28,31;27,89;28,13
12/03/2015;27,89;28,02;27,85;27,89
11/03/2015;27,93;28,04;27,9;27,94
10/03/2015;27,94;28,04;27,8;27,93
09/03/2015;27,57;27,9;27,52;27,87
06/03/2015;28,03;28,03;27,47;27,59
05/03/2015;28,03;28,18;28,01;28,04
04/03/2015;27,94;28,05;27,86;28,05
03/03/2015;27,58;27,9;27,58;27,85
02/03/2015;27,91;27,99;27,39;27,53
27/02/2015;28,02;28,26;27,87;27,94
26/02/2015;27,89;28,04;27,77;28,02
25/02/2015;28,2;28,26;27,92;27,94
24/02/2015;27,61;28,18;27,61;28,17
23/02/2015;27,85;28,13;27,61;27,7
20/02/2015;27,85;27,99;27,73;27,87
19/02/2015;27,41;27,84;27,4;27,82
18/02/2015;26,95;27,47;26,95;27,4
13/02/2015;27,15;27,27;26,93;26,95
12/02/2015;27,38;27,48;27,01;27,14
11/02/2015;27,43;27,61;27,13;27,38
10/02/2015;27,53;27,66;27,28;27,42
09/02/2015;27,75;27,75;27,22;27,52
06/02/2015;27,56;28,03;27,47;27,75
05/02/2015;27,61;27,79;27,4;27,61
04/02/2015;27,27;27,61;27,22;27,53
03/02/2015;26,58;27,18;26,45;27,14
02/02/2015;26,9;26,95;26,53;26,6
30/01/2015;26,53;27,09;26,06;26,81
29/01/2015;26,12;26,6;25,96;26,43
28/01/2015;26,1;26,41;25,87;26,15
27/01/2015;26,06;26,42;25,91;26,15
26/01/2015;26,62;26,71;26;26,03
23/01/2015;27,1;27,19;26,64;26,67
22/01/2015;27,33;27,33;26,95;27,16
21/01/2015;27,72;27,85;27,23;27,29
20/01/2015;28,31;28,69;27,61;27,72
19/01/2015;28,13;28,46;27,79;28,19
16/01/2015;27,91;28,59;27,67;28,13
15/01/2015;27,41;28,33;27,4;27,94
14/01/2015;28,06;28,27;27,47;27,47
13/01/2015;29,08;29,73;28,13;28,13
12/01/2015;29,23;29,44;29,02;29,06
09/01/2015;29,13;29,34;28,99;29,09
08/01/2015;29,44;29,44;29,13;29,17
07/01/2015;29,8;29,83;29,39;29,41
06/01/2015;30,55;30,55;29,86;29,86
05/01/2015;30,64;30,64;30,44;30,55
02/01/2015;30,7;30,86;30,62;30,7
30/12/2014;30,82;30,86;30,7;30,7
29/12/2014;30,85;31,03;30,7;30,81
26/12/2014;31,06;31,2;30,92;30,94
23/12/2014;31,33;31,43;30,95;31,07
22/12/2014;31,38;31,74;31,02;31,4
19/12/2014;30,95;31,58;30,92;31,37
18/12/2014;31,55;31,55;30,39;30,97
17/12/2014;32,81;33;31,55;31,59
16/12/2014;31,8;33,4;31,8;32,8
15/12/2014;31,83;32,48;31,12;31,8
12/12/2014;30,87;31,91;30,87;31,8
11/12/2014;30,23;31,38;30,23;30,77
10/12/2014;30,18;30,69;30,03;30,27
09/12/2014;29,51;30,39;29,37;30,17
08/12/2014;29,65;29,86;29,14;29,54
05/12/2014;29,78;30,07;29,29;29,71
04/12/2014;28,93;30,07;28,87;29,79
03/12/2014;29,51;29,51;28,93;28,98
02/12/2014;29,81;29,86;29,34;29,51
01/12/2014;30,59;30,6;29,86;29,98
28/11/2014;30,28;31,43;30,03;30,54
27/11/2014;30,47;30,6;29,97;30,21
26/11/2014;31,23;31,23;30,44;30,45
25/11/2014;32,21;32,22;31,13;31,17
24/11/2014;33,27;33,29;32,17;32,38
21/11/2014;33,67;34,15;33,35;33,35
19/11/2014;33,65;33,9;33,43;33,74
18/11/2014;34,14;34,43;33,64;33,67
17/11/2014;33,47;34,14;33,27;34,14
14/11/2014;33,43;33,64;32,39;33,47
13/11/2014;33,65;33,9;32,48;33,37
12/11/2014;33,01;33,67;32,9;33,61
11/11/2014;32,72;33,01;32,65;32,82
10/11/2014;33,06;33,08;32,65;32,71
07/11/2014;32,95;33,23;32,53;33,01
06/11/2014;31,94;33,41;31,82;32,84
05/11/2014;31,93;31,99;31,29;31,82
04/11/2014;31,64;31,94;31,52;31,94
03/11/2014;32,65;32,89;31,58;31,64
31/10/2014;33,71;33,73;32,53;32,71
30/10/2014;34,42;35,55;33,25;33,72
29/10/2014;32,19;33,92;32,19;33,92
28/10/2014;32,33;32,65;32,2;32,3
27/10/2014;31,54;32,47;31,42;32,27
24/10/2014;32,06;32,53;31,46;31,64
23/10/2014;31,45;32,18;30,99;32,18
22/10/2014;30,63;31,54;30,56;31,4
21/10/2014;30,72;31,04;30,57;30,57
20/10/2014;30,57;30,93;30,38;30,72
17/10/2014;30,99;31,23;30,34;30,63
16/10/2014;30,89;31,17;30,4;31,05
15/10/2014;29,86;31,35;29,78;30,99
14/10/2014;29,16;29,9;28,91;29,86
13/10/2014;28,51;29,21;28,18;29,15
10/10/2014;28,6;28,79;28,14;28,44
09/10/2014;27,84;28,56;27,78;28,5
08/10/2014;27,69;28,15;27,52;27,89
07/10/2014;27,5;27,78;27,32;27,68
06/10/2014;27,27;27,72;26,98;27,51
03/10/2014;27,21;27,51;27,2;27,25
02/10/2014;27,61;27,63;27,19;27,27
01/10/2014;27,55;27,78;27,25;27,57
30/09/2014;27,91;28,2;27,58;27,61
29/09/2014;27,55;28,08;27,49;27,91
26/09/2014;27,58;27,83;27,5;27,55
25/09/2014;27,61;27,77;27,19;27,58
24/09/2014;27,19;27,7;27,17;27,66
23/09/2014;27,14;27,45;27,08;27,2
22/09/2014;27,32;27,36;27,07;27,12
19/09/2014;27,72;27,82;27,27;27,32
18/09/2014;27,74;28,14;27,66;27,71
17/09/2014;28,06;28,14;27,7;27,75
16/09/2014;27,78;28,26;27,78;28,09
15/09/2014;27,7;28,08;27,55;27,89
12/09/2014;27,01;27,84;26,96;27,7
11/09/2014;27,24;27,5;26,9;27,07
10/09/2014;26,75;27,37;26,66;27,3
09/09/2014;26,42;26,87;26,4;26,83
08/09/2014;26,66;26,74;26,45;26,47
05/09/2014;26,94;26,99;26,58;26,66
04/09/2014;28,29;28,3;28,06;28,09
03/09/2014;28,61;28,72;28,26;28,28
02/09/2014;28,89;28,93;28,65;28,67
01/09/2014;29,39;29,39;28,88;28,94
29/08/2014;29,64;29,7;29,27;29,39
28/08/2014;29,67;29,77;29,45;29,61
27/08/2014;29,66;29,84;29,52;29,68
26/08/2014;29,94;30,03;29,71;29,75
25/08/2014;30,28;30,41;29,79;30,03
22/08/2014;29,66;30,4;29,64;30,28
21/08/2014;29,54;29,84;29,53;29,66
20/08/2014;29,84;29,89;29,52;29,61
19/08/2014;29,85;29,95;29,71;29,85
18/08/2014;29,89;30,03;29,75;29,84
15/08/2014;29,98;30,03;29,61;29,9
14/08/2014;30,21;30,25;29,79;29,98
13/08/2014;30,35;30,4;30,14;30,22
12/08/2014;30,25;30,54;29,96;30,22
11/08/2014;31,37;31,37;30,03;30,31
08/08/2014;31,54;31,94;31,31;31,36
07/08/2014;31,25;31,8;31,04;31,56
06/08/2014;31,24;31,31;30,9;31,25
05/08/2014;31,65;31,65;30,86;31,25
04/08/2014;31,01;31,88;30,96;31,64
01/08/2014;30,16;31,5;30,09;31
31/07/2014;29,67;30,32;29,59;30,03
30/07/2014;29,71;29,96;29,48;29,77
29/07/2014;30;30,41;29,71;29,72
28/07/2014;29,58;29,99;29,26;29,96
25/07/2014;29,1;29,75;29,01;29,58
24/07/2014;29,18;29,45;29,01;29,1
23/07/2014;29,13;29,26;28,94;29,16
22/07/2014;29,21;29,35;29,07;29,16
21/07/2014;29,52;29,58;29,04;29,21
18/07/2014;29,77;29,87;29,33;29,49
17/07/2014;29,79;30,04;29,59;29,77
16/07/2014;29,59;29,86;29,54;29,77
15/07/2014;29,9;30,09;29,61;29,73
14/07/2014;29,87;30,27;29,64;29,99
11/07/2014;30,19;30,32;29,71;29,87
10/07/2014;29,5;30,41;29,33;30,16
08/07/2014;29,58;29,79;29,4;29,53
07/07/2014;29,63;29,9;29,52;29,59
04/07/2014;30,02;30,04;29,62;29,68
03/07/2014;29,79;30,35;29,64;30,02
02/07/2014;29,89;29,95;29,53;29,77
01/07/2014;30,33;30,41;29,84;29,9
30/06/2014;31,11;31,31;30,39;30,44
27/06/2014;31,23;31,23;30,9;31,06
26/06/2014;30,92;31,52;30,79;31,2
25/06/2014;31,41;31,43;30,87;30,96
24/06/2014;31,82;32,01;31,32;31,37
23/06/2014;31,89;32,97;31,69;32,11
20/06/2014;31,4;32,2;31,24;31,88
18/06/2014;31,17;31,68;31,05;31,46
17/06/2014;31,17;31,5;30,79;31,15
16/06/2014;31,69;31,69;31,08;31,14
13/06/2014;32,1;32,33;31,75;31,75
11/06/2014;32,33;32,63;32,03;32,15
10/06/2014;32,86;32,92;32,35;32,35
09/06/2014;33,48;33,54;32,84;32,93
06/06/2014;33,45;33,66;33,4;33,54
05/06/2014;34,05;34,09;33,35;33,48
04/06/2014;34,05;34,12;33,87;34,08
03/06/2014;33,87;34,03;33,67;33,91
02/06/2014;33,8;34,09;33,73;33,99
30/05/2014;34,21;34,28;33,73;33,8
29/05/2014;34,5;35,11;34,14;34,22
28/05/2014;34,49;34,63;34,37;34,47
27/05/2014;34,93;34,95;34,4;34,5
26/05/2014;34,73;35,27;34,64;34,93
23/05/2014;34,83;34,99;34,65;34,73
22/05/2014;34,56;34,95;34,51;34,82
21/05/2014;34,69;34,76;34,39;34,51
20/05/2014;35,01;35,11;34,69;34,7
19/05/2014;35,37;35,48;35,01;35,01
16/05/2014;35,45;35,69;35,39;35,43
15/05/2014;35,46;35,82;35,27;35,46
14/05/2014;36,03;36,1;35,39;35,46
13/05/2014;36,2;36,31;35,79;36,05
12/05/2014;36,81;36,86;36,16;36,17
09/05/2014;37,18;37,23;36,86;36,93
08/05/2014;37,45;37,5;37,06;37,21
07/05/2014;37,31;37,49;37,25;37,44
06/05/2014;37,3;37,43;37,12;37,31
05/05/2014;37,18;37,3;37,07;37,27
02/05/2014;37,11;37,29;36,9;37,12
30/04/2014;37,65;37,67;37,06;37,11
29/04/2014;37,31;37,7;37,14;37,52
28/04/2014;37,48;38,29;37,31;37,36
25/04/2014;38,16;38,23;37,43;37,46
24/04/2014;38,65;38,7;38;38,23
23/04/2014;38,47;39,03;38,36;38,66
22/04/2014;38,79;38,93;38,16;38,49
17/04/2014;39,26;39,28;38,77;38,77
16/04/2014;38,86;39,32;38,86;39,18
15/04/2014;39,16;39,16;38,74;38,89
14/04/2014;39,13;39,22;39,03;39,16
11/04/2014;39,2;39,44;38,74;39,21
10/04/2014;38,91;39,28;38,69;39,22
09/04/2014;39,12;39,28;38,72;38,91
08/04/2014;39,41;39,41;38,92;39,1
07/04/2014;39,51;39,67;39,1;39,36
04/04/2014;39,05;39,53;39,03;39,53
03/04/2014;39,22;39,36;38,97;39,05
02/04/2014;38,41;39,13;38,29;39,12
01/04/2014;37,74;38,41;37,67;38,41
31/03/2014;37,38;38,16;36,73;37,67
28/03/2014;37,06;37,67;36,97;37,36
27/03/2014;38,16;38,16;37,05;37,06
26/03/2014;38,81;38,84;37,99;38,1
25/03/2014;38,36;38,85;37,93;38,7
24/03/2014;38,04;38,39;37,32;38,28
21/03/2014;38,52;39,1;37,73;37,92
20/03/2014;37,49;38,39;37,29;38,39
19/03/2014;38,05;38,23;37,42;37,51
18/03/2014;38,04;38,54;37,7;38,1
17/03/2014;37,26;38,77;36,92;37,98
14/03/2014;37,64;37,64;37,17;37,28
13/03/2014;38,8;38,81;37,39;37,67
12/03/2014;40,28;40,28;38,81;38,91
11/03/2014;40,05;40,69;39,92;40,28
10/03/2014;40,15;40,86;40,03;40,09
07/03/2014;40,69;41,15;40,29;40,34
06/03/2014;39,56;40,65;39,41;40,59
05/03/2014;38,21;39,62;38,21;39,51
28/02/2014;39,16;39,16;37,85;38,1
27/02/2014;40,4;40,4;39,07;39,28
26/02/2014;40,76;41,15;40,45;40,46
25/02/2014;41,01;41,52;40,28;40,74
24/02/2014;40,19;41,01;40,08;40,96
21/02/2014;40,21;40,74;39,78;40,08
20/02/2014;40,3;40,9;39,84;40,28
19/02/2014;38,36;40,07;38,36;40,07
18/02/2014;37,75;38,24;37,29;38,24
17/02/2014;36,61;37,79;36,47;37,79
14/02/2014;36,16;36,61;35,86;36,56
13/02/2014;35,31;36,2;35,28;36,18
12/02/2014;35,26;35,62;35,04;35,25
11/02/2014;35,09;35,2;34,61;35,2
10/02/2014;34,55;35,16;34,36;35,03
07/02/2014;34,79;34,85;33,84;34,53
06/02/2014;35,15;35,6;34,79;34,85
05/02/2014;34,36;35,2;34,25;35,17
04/02/2014;33,66;34,43;33,54;34,43
03/02/2014;32,74;33,78;32,65;33,66
31/01/2014;32,3;32,83;32,22;32,77
30/01/2014;31,9;32,35;31,66;32,33
29/01/2014;31,13;32,01;31,09;31,9
28/01/2014;30,82;31,21;30,79;31,14
27/01/2014;31,16;31,22;30,72;30,8
24/01/2014;31,16;31,37;31,1;31,16
23/01/2014;31,1;31,26;30,86;31,16
22/01/2014;31,24;31,4;31,07;31,1
21/01/2014;31,83;31,86;31,28;31,3
20/01/2014;32,03;32,03;31,76;31,81
17/01/2014;32,46;32,52;31,97;32,05
16/01/2014;32,23;32,56;32,23;32,37
15/01/2014;32,08;32,29;31,95;32,28
14/01/2014;32,28;32,33;31,93;31,99
13/01/2014;32,11;32,35;31,93;32,15
10/01/2014;31,79;32,11;31,55;31,91
09/01/2014;32,53;32,59;31,76;31,76
08/01/2014;32,9;33,08;32,45;32,53
07/01/2014;33,55;33,68;32,89;32,94
06/01/2014;33,03;33,8;33;33,6
03/01/2014;32,53;33,06;32,53;33,06
02/01/2014;32,47;32,59;32,19;32,53
30/12/2013;32,21;32,71;31,94;32,5
27/12/2013;32,11;32,41;31,87;32,29
26/12/2013;32,31;32,56;32,12;32,13
23/12/2013;32,17;32,55;32,06;32,4
20/12/2013;32,06;32,43;32,06;32,25
19/12/2013;31,47;32,11;31,31;32,04
18/12/2013;31,09;31,52;31,09;31,4
17/12/2013;30,98;31,16;30,94;31,1
16/12/2013;30,9;31,07;30,7;31
13/12/2013;30,86;30,97;30,63;30,81
12/12/2013;31,37;31,4;30,8;30,87
11/12/2013;31,5;31,67;31,22;31,35
10/12/2013;31,82;32;31,4;31,52
09/12/2013;31,72;31,98;31,66;31,81
06/12/2013;31,8;31,97;31,66;31,72
05/12/2013;31,78;32,02;31,6;31,75
04/12/2013;31,54;31,98;31,46;31,77
03/12/2013;31,59;31,73;31,34;31,54
02/12/2013;31,74;31,84;31,46;31,54
29/11/2013;31,72;31,85;31,52;31,78
28/11/2013;31,57;31,93;31,47;31,8
27/11/2013;31,17;31,68;31,1;31,53
26/11/2013;31,75;31,75;31,03;31,18
25/11/2013;31,65;31,75;31,22;31,69
22/11/2013;31,32;31,74;30,98;31,63
21/11/2013;30,55;31,44;30,47;31,22
19/11/2013;30,57;30,69;30,3;30,5
18/11/2013;31,25;31,28;30,57;30,59
14/11/2013;31,6;31,86;31,15;31,28
13/11/2013;30,9;31,57;30,75;31,57
12/11/2013;30,5;31,15;30,5;30,87
11/11/2013;29,75;30,6;29,73;30,54
08/11/2013;29,42;29,91;29,25;29,69
07/11/2013;29,69;29,73;29,26;29,41
06/11/2013;29,55;29,7;29,32;29,7
05/11/2013;29,01;29,49;29,01;29,49
04/11/2013;28,95;29,31;28,95;29,06
01/11/2013;29,01;29,2;28,63;29
31/10/2013;29,13;29,48;28,78;29,1
30/10/2013;29,49;29,61;29,1;29,14
29/10/2013;29,37;29,55;29,07;29,53
28/10/2013;29,61;29,76;29,05;29,4
25/10/2013;30,04;30,38;29,37;29,61
24/10/2013;29,27;30,13;29,27;30,07
23/10/2013;29,13;29,52;29,01;29,33
22/10/2013;28,98;29,42;28,95;29,24
21/10/2013;29,13;29,25;28,5;28,91
18/10/2013;28,78;29,61;28,69;29,13
17/10/2013;28,24;28,99;28,13;28,84
16/10/2013;27,91;28,3;27,47;28,3
15/10/2013;27,44;27,9;27,39;27,85
14/10/2013;27,09;27,44;27,04;27,44
11/10/2013;27,23;27,31;27,05;27,12
10/10/2013;27,46;27,58;27,18;27,24
09/10/2013;27,34;27,44;27,31;27,4
08/10/2013;27,56;27,63;27,3;27,36
07/10/2013;27,58;27,69;27,32;27,52
04/10/2013;27,26;27,57;27,18;27,56
03/10/2013;27,25;27,65;27,2;27,38
02/10/2013;27,45;27,54;27,15;27,28
01/10/2013;27,47;27,6;27,25;27,51
30/09/2013;27,9;28,09;27,47;27,53
27/09/2013;28,08;28,34;27,9;27,92
26/09/2013;27,95;28,18;27,65;28,07
25/09/2013;27,69;28,07;27,45;27,9
24/09/2013;27,49;27,71;27,37;27,68
23/09/2013;27,88;27,95;27,53;27,53
20/09/2013;28,03;28,11;27,83;27,92
19/09/2013;27,98;28,22;27,85;28,01
18/09/2013;28,61;28,68;27,97;27,98
17/09/2013;28,48;29,12;28,47;28,67
16/09/2013;27,98;28,54;27,89;28,47
13/09/2013;28,18;28,29;27,79;27,97
12/09/2013;28,68;28,88;27,75;28,18
11/09/2013;28,86;28,88;28,6;28,73
10/09/2013;29;29;28,46;28,87
09/09/2013;29,45;29,61;28,87;28,97
06/09/2013;29,48;29,65;29,01;29,44
05/09/2013;30,04;30,04;29,37;29,4
04/09/2013;30,4;30,55;29,77;30,01
03/09/2013;30,55;31,28;30,04;30,42
02/09/2013;30,07;30,61;29,85;30,55
30/08/2013;29,9;30,08;29,6;30,02
29/08/2013;30,47;30,47;29,92;29,96
28/08/2013;30,38;30,56;30,26;30,32
27/08/2013;30,73;31,25;30,36;30,36
26/08/2013;29,66;30,9;29,66;30,74
23/08/2013;29,21;29,78;28,93;29,5
22/08/2013;30,14;30,25;29,18;29,24
21/08/2013;29,12;30,26;28,96;30,09
20/08/2013;29,59;29,88;28,93;29,1
19/08/2013;28,27;29,53;28,27;29,48
16/08/2013;27,75;28,31;27,55;28,24
15/08/2013;26,98;27,85;26,98;27,68
14/08/2013;26,7;27,01;26,66;27,01
13/08/2013;27,11;27,25;26,58;26,73
12/08/2013;26,99;27,49;26,76;27,1
09/08/2013;27,19;27,19;26,78;26,99
08/08/2013;27,11;27,36;27,04;27,13
07/08/2013;26,93;27,28;26,89;27,13
06/08/2013;27,08;27,19;26,87;26,89
05/08/2013;27,31;27,49;26,76;27,07
02/08/2013;27,69;27,74;27,28;27,34
01/08/2013;28,09;28,09;27,62;27,67
31/07/2013;28,03;28,24;27,91;28,1
30/07/2013;28,03;28,14;27,77;28,03
29/07/2013;28,39;28,45;28,03;28,03
26/07/2013;28,33;28,57;28,28;28,39
25/07/2013;28,75;28,75;28,34;28,34
24/07/2013;28,86;29,02;28,68;28,75
23/07/2013;29,08;29,26;28,83;28,85
22/07/2013;29,12;29,18;29;29,09
19/07/2013;28,87;29,16;28,87;29,08
18/07/2013;28,89;29,02;28,73;28,87
17/07/2013;29,16;29,18;28,66;28,87
16/07/2013;29;29,54;28,93;29,18
15/07/2013;29,12;29,25;28,83;29,02
12/07/2013;29,31;29,39;29,04;29,12
11/07/2013;29,31;29,42;28,93;29,26
10/07/2013;28,79;29,5;28,45;29,32
08/07/2013;28,63;28,86;28,54;28,81
05/07/2013;29,12;29,22;28,59;28,63
04/07/2013;29,32;29,32;29,06;29,14
03/07/2013;29,06;29,47;29;29,33
02/07/2013;29,13;29,24;28,81;29,08
01/07/2013;29,84;29,9;29,09;29,18
28/06/2013;30,21;30,67;29,73;29,89
27/06/2013;30,67;30,72;30,14;30,29
26/06/2013;30,79;31,09;30,68;30,68
25/06/2013;30,68;30,85;30,48;30,74
24/06/2013;30,85;31,03;30,41;30,65
21/06/2013;30,92;31,03;30,71;30,92
20/06/2013;30,74;31,17;30,44;30,88
19/06/2013;30,21;30,74;29,89;30,66
18/06/2013;30,02;30,26;29,78;30,19
17/06/2013;29,8;30,06;29,6;30,02
14/06/2013;29,91;30,01;29,66;29,8
13/06/2013;30,09;30,18;29,86;29,91
12/06/2013;30,5;30,56;30,07;30,1
11/06/2013;30,27;30,67;30,16;30,53
10/06/2013;30,56;30,6;30,06;30,25
07/06/2013;30,15;30,74;30,15;30,5
06/06/2013;30,39;30,6;30;30,19
05/06/2013;31,13;31,35;30,38;30,38
04/06/2013;31,23;31,35;30,68;31,13
03/06/2013;31,45;32,07;31,13;31,3
31/05/2013;30,8;31,65;30,8;31,49
29/05/2013;30,14;30,98;29,96;30,85
28/05/2013;29,42;30,16;29,34;30,1
27/05/2013;29,6;29,67;29,36;29,36
24/05/2013;29,49;29,63;29,3;29,61
23/05/2013;29,42;29,77;29,15;29,49
22/05/2013;29,21;29,49;29,06;29,42
21/05/2013;29,51;29,51;28,72;29,1
20/05/2013;29,36;29,77;29,21;29,49
17/05/2013;28,93;29,36;28,73;29,3
16/05/2013;29,3;29,36;28,9;28,93
15/05/2013;29,54;29,59;29,15;29,26
14/05/2013;29,48;29,66;29,14;29,51
13/05/2013;28,81;29,5;28,65;29,36
10/05/2013;29,24;29,26;28,69;28,83
09/05/2013;28,63;29,18;28,39;29,18
08/05/2013;28,81;29;28,45;28,54
07/05/2013;28,63;29,24;28,33;28,79
06/05/2013;29,96;29,96;28,57;28,63
03/05/2013;30,01;30,18;29,82;29,91
02/05/2013;29,17;30,12;29,17;29,89
30/04/2013;28,92;29,57;28,92;29,24
29/04/2013;28,45;29,07;28,38;28,88
26/04/2013;28,41;28,59;28,26;28,38
25/04/2013;28,39;28,59;28,26;28,31
24/04/2013;28,61;28,66;28,25;28,42
23/04/2013;28,82;28,82;28,49;28,62
22/04/2013;28,92;29,18;28,84;28,87
19/04/2013;29,02;29,02;28,63;28,94
18/04/2013;29,3;29,3;28,88;29,03
17/04/2013;29,44;29,51;29,03;29,29
16/04/2013;28,95;29,42;28,83;29,36
15/04/2013;29,13;29,2;28,83;28,95
12/04/2013;29,02;29,17;28,89;29,13
11/04/2013;29,3;29,3;28,96;29,08
10/04/2013;29,85;29,95;29,24;29,3
09/04/2013;29,67;30,05;29,57;29,81
08/04/2013;29,3;29,83;29,24;29,67
05/04/2013;29,35;29,47;29,07;29,25
04/04/2013;29,75;29,75;29,36;29,37
03/04/2013;29,7;30,05;29,59;29,75
02/04/2013;29,71;29,85;29,5;29,71
01/04/2013;30,65;30,65;29,38;29,65
28/03/2013;31,18;31,34;30,49;30,59
27/03/2013;31,4;31,42;30,95;31,18
26/03/2013;31,47;31,65;31,31;31,41
25/03/2013;31,24;31,59;31,08;31,47
22/03/2013;31,17;31,35;31,06;31,25
21/03/2013;31,38;31,41;31,06;31,19
20/03/2013;31,6;31,65;31,35;31,4
19/03/2013;31,52;31,8;31,39;31,6
18/03/2013;31,86;32;31,24;31,54
15/03/2013;32,54;32,54;31,76;31,94
14/03/2013;32,17;32,47;31,95;32,47
13/03/2013;32,54;32,62;32,07;32,22
12/03/2013;32,44;32,79;32,24;32,55
11/03/2013;32,36;32,6;32,23;32,49
08/03/2013;32,22;32,47;32,01;32,41
07/03/2013;32,55;32,58;32,26;32,33
06/03/2013;33,09;33,09;32,6;32,61
05/03/2013;32,82;33,28;32,76;33,09
04/03/2013;32,91;33,06;32,8;32,82
01/03/2013;33,27;33,37;32,9;32,9
28/02/2013;33,48;33,53;33,23;33,27
27/02/2013;33,28;33,75;33,28;33,51
26/02/2013;32,92;33,32;32,85;33,27
25/02/2013;32,68;33,01;32,56;32,91
22/02/2013;32,32;32,74;32,23;32,67
21/02/2013;32,43;32,62;32,28;32,32
20/02/2013;32,02;32,43;31,85;32,24
19/02/2013;31,8;32,1;31,72;31,93
18/02/2013;32,42;32,74;31,8;31,88
15/02/2013;32,56;32,63;32,43;32,44
14/02/2013;32,48;32,88;32,43;32,61
13/02/2013;32,7;32,9;32,4;32,62
08/02/2013;32,73;32,95;32,53;32,69
07/02/2013;32,48;32,79;32,14;32,69
06/02/2013;32,55;32,69;32,35;32,48
05/02/2013;32,91;33,06;32,53;32,61
04/02/2013;32,59;33,04;32,48;32,99
01/02/2013;32,2;32,71;32,17;32,64
31/01/2013;31,98;32,41;31,9;32,17
30/01/2013;31,79;32,05;31,55;31,95
29/01/2013;31,93;32,17;31,64;31,78
28/01/2013;32,35;32,66;31,92;32,01
24/01/2013;32,99;32,99;32,18;32,34
23/01/2013;33,27;33,53;32,88;33,02
22/01/2013;33,27;33,58;33,23;33,25
21/01/2013;33,17;33,29;33,07;33,24
18/01/2013;32,83;33,36;32,74;33,16
17/01/2013;32,99;33,07;32,66;32,8
16/01/2013;33,32;33,37;32,96;32,98
15/01/2013;33,32;33,43;33,11;33,31
14/01/2013;33,48;33,49;33,09;33,3
11/01/2013;33,45;33,59;33,24;33,39
10/01/2013;33,59;33,6;33,25;33,39
09/01/2013;34;34,05;33,53;33,6
08/01/2013;34;34,16;33,93;34
07/01/2013;33,84;34,05;33,8;34
04/01/2013;34,21;34,21;33,9;33,97
03/01/2013;34,26;34,31;34,11;34,2
02/01/2013;33,8;34,51;33,8;34,21
28/12/2012;33,95;34,16;33,7;33,98
27/12/2012;34,46;34,51;33,8;33,95
26/12/2012;34,36;34,82;34,36;34,42
21/12/2012;34,04;34,36;34;34,36
20/12/2012;34,5;34,5;33,8;34,11
19/12/2012;35,2;35,21;34,61;34,61
18/12/2012;35,2;35,38;34,92;35,2
17/12/2012;35;35,38;34,92;35,2
14/12/2012;34,77;34,99;34,53;34,97
13/12/2012;34,89;35,07;34,44;34,77
12/12/2012;34,34;35,07;34,17;34,83
11/12/2012;34,17;34,45;33,95;34,41
10/12/2012;34,42;34,51;33,95;34,17
07/12/2012;34,97;35,19;34,33;34,51
06/12/2012;36,45;36,6;34,85;35,06
05/12/2012;36,65;36,69;36,16;36,39
04/12/2012;37,01;37,31;36,65;36,69
03/12/2012;37,06;37,46;36,93;37,11
30/11/2012;37,47;37,47;36,87;37,04
29/11/2012;36,96;37,66;36,85;37,45
28/11/2012;36,54;37,09;36,54;36,9
27/11/2012;36,39;36,62;35,63;36,51
26/11/2012;36,41;36,94;36,17;36,4
23/11/2012;36,45;36,8;35,85;36,45
22/11/2012;36,08;36,46;36,02;36,45
21/11/2012;35,29;36,14;35,28;36,08
19/11/2012;34,69;35,32;34,67;35,28
16/11/2012;34,64;35,01;34,42;34,67
14/11/2012;34,19;34,55;34,19;34,55
13/11/2012;34,14;34,28;33,93;34,28
12/11/2012;34,24;34,35;34,04;34,15
09/11/2012;34,31;34,44;34,08;34,29
08/11/2012;34,35;34,35;34,16;34,29
07/11/2012;34,33;34,49;34,26;34,39
06/11/2012;34,27;34,37;33,98;34,33
05/11/2012;34,36;34,39;34,14;34,29
01/11/2012;34,14;34,51;34,14;34,4
31/10/2012;33,86;34,18;33,74;34,14
30/10/2012;34,04;34,24;33,74;33,88
29/10/2012;33,73;34,23;33,63;34,06
26/10/2012;33,52;33,87;33,23;33,73
25/10/2012;33,02;33,68;33,01;33,5
24/10/2012;32,89;33,27;32,83;33
23/10/2012;32,93;32,98;32,5;32,9
22/10/2012;32,45;32,91;32,43;32,91
19/10/2012;32,07;32,42;31,84;32,39
18/10/2012;31,69;32,17;31,67;32,08
17/10/2012;31,38;31,67;31,33;31,64
16/10/2012;31,26;31,57;31,23;31,37
15/10/2012;32,11;32,11;31,08;31,26
11/10/2012;31,04;32,5;30,78;32,1
10/10/2012;31,32;31,33;30,77;31,02
09/10/2012;31,04;31,44;30,98;31,31
08/10/2012;31,28;31,47;30,93;31,03
05/10/2012;31,38;31,62;31,15;31,36
04/10/2012;31,05;31,69;30,87;31,52
03/10/2012;30,67;31,13;30,26;31,08
02/10/2012;31,1;31,2;30,37;30,62
01/10/2012;31,59;31,94;30,67;31,2
28/09/2012;29,36;30,86;29,19;30,86
27/09/2012;29,64;29,86;29,06;29,36
26/09/2012;30,26;30,47;29,4;29,65
25/09/2012;29,86;30,41;29,86;30,19
24/09/2012;30,46;30,47;29,61;29,86
21/09/2012;30,45;30,57;30,21;30,45
20/09/2012;31,39;31,39;30,37;30,38
19/09/2012;31,02;31,68;30,98;31,36
18/09/2012;31,07;31,38;30,57;31,04
14/09/2012;31,08;31,13;30,99;31,09
13/09/2012;31,13;31,18;31,02;31,02
12/09/2012;31,04;31,38;30,99;31,18
11/09/2012;31,33;31,33;30,91;31,07
10/09/2012;31,33;31,7;31,23;31,23
06/09/2012;31,23;31,42;31,1;31,37
05/09/2012;31,59;31,7;31,15;31,3
04/09/2012;31,27;31,92;31,27;31,57
03/09/2012;31,48;31,69;31,24;31,28
31/08/2012;31,75;31,91;31,33;31,49
30/08/2012;31,78;31,95;31,59;31,81
29/08/2012;31,89;32,09;31,39;31,85
28/08/2012;31,96;32,14;31,58;31,92
27/08/2012;32,38;32,52;31,85;32
24/08/2012;32,14;32,62;32,1;32,38
23/08/2012;32,46;32,67;31,9;32,14
22/08/2012;32,62;32,97;32,24;32,33
21/08/2012;31,76;32,79;31,57;32,57
20/08/2012;30,72;31,76;30,72;31,66
17/08/2012;30,42;30,98;30,08;30,75
16/08/2012;30,77;30,9;30,13;30,38
15/08/2012;31,07;31,55;30,66;30,67
14/08/2012;31,14;31,95;30,99;31,05
13/08/2012;32,32;32,33;30,82;31,33
10/08/2012;32,76;33,77;32,11;32,48
09/08/2012;32,16;32,91;32,05;32,9
08/08/2012;32,32;32,32;31,57;31,95
07/08/2012;33;33,1;32,15;32,32
06/08/2012;33,58;33,58;32,81;33,05
03/08/2012;33,26;33,69;33,1;33,58
02/08/2012;33,48;33,53;32,93;33,34
01/08/2012;33,53;33,66;32,82;33,11
31/07/2012;34,34;34,38;33,1;33,57
30/07/2012;32,63;34,06;32,52;34,06
27/07/2012;32,33;32,86;32,14;32,5
26/07/2012;33,29;34,03;31,95;32,48
25/07/2012;31,26;33,27;30,54;33,22
24/07/2012;33,48;33,67;31,76;31,76
23/07/2012;34,01;34,24;32,62;33,48
20/07/2012;33,1;33,96;32,86;33,91
19/07/2012;32,14;33,29;32,14;33,01
18/07/2012;31,89;32,13;31,38;32,03
17/07/2012;31,47;32,17;31,23;31,85
16/07/2012;29,56;30,94;29,46;30,94
13/07/2012;26,02;29,75;26,02;29,5
12/07/2012;25,83;26,46;25,54;26,31
11/07/2012;27,03;27,89;26,98;27,44
10/07/2012;26,22;27,08;26,22;27,08
06/07/2012;26,32;26,47;25,67;26,22
05/07/2012;25,87;26,37;25,87;26,37
04/07/2012;25,41;25,75;25,41;25,75
03/07/2012;25,21;25,38;25,21;25,38
02/07/2012;24,93;25,14;24,93;25,14
29/06/2012;24,66;24,76;24,66;24,76
28/06/2012;24,66;24,66;24,65;24,65
27/06/2012;24,72;24,76;24,66;24,76
26/06/2012;24,35;24,45;24,25;24,44
25/06/2012;24,16;24,25;24,16;24,25
22/06/2012;23,95;23,95;23,95;23,95
21/06/2012;24,05;24,05;23,95;23,95
20/06/2012;23,93;23,94;23,93;23,94
19/06/2012;23,97;23,97;23,94;23,94
18/06/2012;23,7;23,75;23,7;23,75
15/06/2012;23,65;23,65;23,65;23,65
14/06/2012;23,72;23,85;23,72;23,85
13/06/2012;24,04;24,04;23,54;23,72
12/06/2012;24,1;24,23;24,01;24,23
11/06/2012;24,25;24,32;24,25;24,32
08/06/2012;24,4;24,4;23,86;24,35
06/06/2012;24,45;24,45;24,32;24,43
05/06/2012;24,55;24,76;24,35;24,58
04/06/2012;24,15;24,55;24,15;24,55
01/06/2012;24,1;24,14;23,8;24,05
31/05/2012;23,95;24,1;23,76;24,1
30/05/2012;24,06;24,06;23,75;23,95
29/05/2012;23,96;24,15;23,96;23,97
28/05/2012;24,56;24,56;24,16;24,25
25/05/2012;25,13;25,13;24,5;24,55
24/05/2012;26,98;26,98;25,02;25,14
23/05/2012;25,56;25,62;25,26;25,51
22/05/2012;25,67;25,67;25,56;25,67
21/05/2012;25,96;26,07;25,96;25,97
18/05/2012;25,99;26,01;25,97;26,01
17/05/2012;25,62;25,87;25,46;25,87
16/05/2012;25,26;25,67;25,26;25,67
15/05/2012;25,26;25,26;25,26;25,26
14/05/2012;24,96;25,12;24,96;25,11
11/05/2012;25,05;25,06;24,87;24,96
10/05/2012;25,09;25,1;24,79;25,06
09/05/2012;25,31;25,31;25,07;25,2
08/05/2012;25,14;25,4;25,14;25,31
07/05/2012;25,15;25,21;24,98;25,16
04/05/2012;25,2;25,26;24,96;25,12
03/05/2012;24,86;25,21;24,85;25,18
02/05/2012;25,05;25,16;24,69;24,86
30/04/2012;24,67;25,15;24,67;25,02
27/04/2012;24,81;24,91;24,5;24,73
26/04/2012;24,86;25,09;24,68;24,81
25/04/2012;25,26;25,35;25,03;25,03
24/04/2012;25,06;25,46;25,06;25,26
23/04/2012;24,92;25,13;24,87;25,05
20/04/2012;25,06;25,13;24,86;25,01
19/04/2012;24,84;25,27;24,71;25,04
18/04/2012;24,96;25,16;24,79;24,89
17/04/2012;25,46;25,46;24,83;25,01
16/04/2012;25,77;25,88;25,38;25,45
13/04/2012;26,02;26,02;25,67;25,77
12/04/2012;26,28;26,36;25,96;26,02
11/04/2012;26,44;26,51;26,21;26,27
10/04/2012;26,75;26,85;26,4;26,47
09/04/2012;26,63;26,86;26,47;26,7
05/04/2012;26,52;26,68;26,52;26,55
04/04/2012;26,64;26,71;26,43;26,52
03/04/2012;26,77;27,02;26,58;26,65
02/04/2012;26,74;26,82;26,63;26,77
30/03/2012;26,27;26,88;26,17;26,73
29/03/2012;26,58;26,62;26,19;26,36
28/03/2012;26,75;26,85;26,58;26,66
27/03/2012;26,97;27,13;26,78;26,82
26/03/2012;26,89;27,27;26,85;27,05
23/03/2012;26,75;27,08;26,59;26,93
22/03/2012;26,84;26,92;26,52;26,75
21/03/2012;26,79;27,11;26,6;26,84
20/03/2012;27,37;27,37;26,78;26,86
19/03/2012;27,74;27,74;27,38;27,38
16/03/2012;27,85;27,99;27,55;27,74
15/03/2012;27,32;27,94;27,28;27,85
14/03/2012;29,56;29,62;29,53;29,56
13/03/2012;29,62;29,69;29,51;29,61
12/03/2012;29,41;29,64;29,35;29,6
09/03/2012;29,43;29,61;29,35;29,43
08/03/2012;29,2;29,48;29,16;29,41
07/03/2012;28,93;29,2;28,9;29,2
06/03/2012;28,8;29,1;28,75;28,95
05/03/2012;28,7;28,9;28,55;28,71
02/03/2012;28,66;28,84;28,38;28,65
01/03/2012;28,98;28,99;28,6;28,65
29/02/2012;28,88;29,05;28,86;28,93
28/02/2012;28,8;28,95;28,68;28,86
27/02/2012;28,46;28,8;28,39;28,77
24/02/2012;28,03;28,44;28,03;28,4
23/02/2012;27,69;28,08;27,69;28,04
22/02/2012;27,33;27,74;27,33;27,73
17/02/2012;27,58;27,59;27,23;27,42
16/02/2012;27,68;27,73;27,47;27,53
15/02/2012;27,43;27,74;27,43;27,72
14/02/2012;27,25;27,6;27,23;27,43
13/02/2012;26,98;27,38;26,98;27,26
10/02/2012;27,13;27,18;26,98;27,08
09/02/2012;27,01;27,41;26,94;27,13
08/02/2012;26,88;27,23;26,79;27,03
07/02/2012;26,88;27,12;26,8;26,88
06/02/2012;27,22;27,23;26,83;26,88
03/02/2012;27,04;27,45;26,93;27,26
02/02/2012;27,16;27,17;26,78;27,04
01/02/2012;27,53;27,74;27,14;27,23
31/01/2012;27,53;27,99;27,48;27,59
30/01/2012;27,79;27,98;27,36;27,59
27/01/2012;28,23;28,25;27,74;27,84
26/01/2012;28,7;28,95;28,19;28,2
24/01/2012;28,86;28,95;28,39;28,7
23/01/2012;28,7;29,05;28,7;28,79
20/01/2012;28,32;28,73;28,32;28,65
19/01/2012;28,16;28,24;27,89;28,24
18/01/2012;28,75;28,75;28,09;28,1
17/01/2012;28,6;29,07;28,6;28,71
16/01/2012;28,14;28,78;28,1;28,5
13/01/2012;27,88;28,22;27,88;28,22
12/01/2012;27,85;28,06;27,81;28,02
11/01/2012;27,93;27,97;27,66;27,87
10/01/2012;27,97;27,97;27,79;27,88
09/01/2012;28,06;28,06;27,97;28,04
06/01/2012;28,02;28,21;27,89;28,06
05/01/2012;27,89;28,23;27,79;27,97
04/01/2012;27,55;28,24;27,54;27,88
03/01/2012;27,2;27,7;27,08;27,57
02/01/2012;27,16;27,25;27,07;27,21
29/12/2011;27,25;27,39;26,94;27,12
28/12/2011;27,02;27,34;26,98;27,25
27/12/2011;26,88;27,07;26,67;26,94
26/12/2011;26,67;26,9;26,67;26,88
23/12/2011;26,49;26,71;26,39;26,67
22/12/2011;26,27;26,54;26,18;26,49
21/12/2011;26,45;26,63;25,91;26,18
20/12/2011;26,38;26,83;26,3;26,49
19/12/2011;25,77;26,4;25,64;26,4
16/12/2011;25,36;25,77;25,35;25,77
15/12/2011;24,65;25,37;24,65;25,36
14/12/2011;24,49;24,79;24,47;24,65
13/12/2011;24,03;24,61;23,95;24,49
12/12/2011;24,13;24,24;23,8;24,03
09/12/2011;24,46;24,64;24,13;24,13
08/12/2011;24,93;24,93;24,47;24,49
07/12/2011;24,92;25,24;24,92;24,93
06/12/2011;25,1;25,19;24,74;24,95
05/12/2011;24,88;25,19;24,74;25,06
02/12/2011;24,76;24,92;24,57;24,88
01/12/2011;24,79;25,06;24,65;24,77
30/11/2011;24,54;25,27;24,52;24,76
29/11/2011;24,56;24,64;24,3;24,56
28/11/2011;24,39;24,92;24,39;24,54
25/11/2011;24,47;24,56;23,94;24,43
24/11/2011;24,84;24,84;24,47;24,47
23/11/2011;25,55;25,55;24,77;24,88
22/11/2011;25,65;25,91;25,46;25,59
21/11/2011;25,99;26,04;25,56;25,64
18/11/2011;26,58;26,59;25,73;25,95
17/11/2011;27,05;27,05;26,58;26,63
16/11/2011;27,1;27,18;26,9;27,07
14/11/2011;27,66;27,66;27,43;27,48
11/11/2011;27,69;27,73;27,53;27,66
10/11/2011;27,92;27,92;27,61;27,67
09/11/2011;28,01;28,06;27,79;27,93
08/11/2011;28,1;28,11;28,02;28,05
07/11/2011;27,93;28,15;27,93;28,06
04/11/2011;28,06;28,09;27,84;27,96
03/11/2011;28,15;28,24;28;28,09
01/11/2011;27,89;28,06;27,88;28,02
31/10/2011;28,02;28,07;27,84;27,92
28/10/2011;28,11;28,15;28,02;28,11
27/10/2011;27,88;28,37;27,88;28,15
26/10/2011;27,61;27,97;27,61;27,88
25/10/2011;27,29;27,63;27,27;27,61
24/10/2011;26,99;27,34;26,95;27,25
21/10/2011;27,02;27,07;26,76;27,03
20/10/2011;26,89;27,03;26,76;26,98
19/10/2011;26,78;26,98;26,67;26,94
18/10/2011;26,96;27,03;26,61;26,75
17/10/2011;27,25;27,25;26,98;27,03
14/10/2011;27,25;27,45;27,19;27,19
13/10/2011;27,3;27,48;27,16;27,3
11/10/2011;26,9;27,39;26,76;27,3
10/10/2011;27,12;27,18;26,9;26,94
07/10/2011;27,25;27,3;26,72;26,94
06/10/2011;27,52;27,61;27,25;27,3
05/10/2011;27,22;27,52;27,16;27,52
04/10/2011;27,13;27,24;26,63;27,17
03/10/2011;26,8;27,16;26,36;27,07
30/09/2011;28,15;28,15;26,81;27,2
29/09/2011;28,32;28,42;27,79;28,18
28/09/2011;28,96;28,96;28,2;28,33
27/09/2011;29;29,07;28,91;28,96
26/09/2011;28,82;29,03;28,78;28,88
23/09/2011;28,84;29;28,62;28,96
22/09/2011;29,16;29,27;28,8;28,87
21/09/2011;28,95;29,18;28,94;29,16
20/09/2011;28,94;29;28,89;28,92
19/09/2011;28,82;29;28,73;28,88
16/09/2011;28,83;28,93;28,78;28,87
15/09/2011;28,87;29,05;28,82;28,85
14/09/2011;29,18;29,18;28,91;28,91
13/09/2011;29,14;29,14;29;29,1
12/09/2011;29,14;29,18;28,96;29,1
09/09/2011;29,16;29,21;29,1;29,1
08/09/2011;28,95;29,2;28,95;29,19
06/09/2011;28,91;29,05;28,68;29,05
05/09/2011;28,93;28,96;28,59;28,91
02/09/2011;28,68;28,87;28,65;28,78
01/09/2011;28,46;28,77;28,46;28,72
31/08/2011;28,48;28,55;28,36;28,46
30/08/2011;28,32;28,46;28,23;28,44
29/08/2011;28,04;28,36;27,91;28,36
26/08/2011;27,62;28;27,62;27,93
25/08/2011;27,54;27,62;27,5;27,61
24/08/2011;27,4;27,54;27,36;27,54
23/08/2011;27,18;27,41;27,13;27,41
22/08/2011;27,04;27,18;27,03;27,17
19/08/2011;27,07;27,07;26,95;26,99
18/08/2011;26,96;27,04;26,9;26,99
17/08/2011;27,03;27,12;26,99;27,07
16/08/2011;26,84;26,99;26,68;26,97
15/08/2011;26,81;26,95;26,81;26,84
13/05/2011;26,93;27,03;26,89;26,93
12/05/2011;27,15;27,17;26,98;27,07
11/05/2011;27,12;27,31;27,03;27,09
10/05/2011;27,04;27,11;27,03;27,11
09/05/2011;27,03;27,06;26,93;27,04
06/05/2011;27,12;27,17;26,98;27,05
05/05/2011;27,37;27,37;27,13;27,18
04/05/2011;27,44;27,5;27,36;27,36
03/05/2011;27,74;27,74;27,36;27,46
02/05/2011;27,46;27,89;27,46;27,74
29/04/2011;27,31;27,58;27,31;27,54
28/04/2011;27,65;27,7;27,2;27,36
27/04/2011;27,88;27,9;27,7;27,74
26/04/2011;27,49;27,94;27,47;27,88
25/04/2011;27,29;27,51;27,29;27,49
20/04/2011;27,73;27,74;27,28;27,28
19/04/2011;27,84;27,84;27,71;27,79
18/04/2011;27,98;27,98;27,71;27,87
15/04/2011;27,89;28,08;27,86;27,98
14/04/2011;28,2;28,21;27,91;27,97
13/04/2011;28,37;28,37;28,18;28,27
12/04/2011;28,37;28,66;28,22;28,32
11/04/2011;28,08;28,42;28,08;28,37
08/04/2011;27,97;28,46;27,84;28,1
07/04/2011;28,1;28,18;27,89;27,99
06/04/2011;28;28,12;27,88;28,03
05/04/2011;27,79;28,02;27,65;27,99
04/04/2011;27,55;27,78;27,46;27,74
01/04/2011;27,71;27,94;27,51;27,6
31/03/2011;27,07;27,78;27,03;27,7
30/03/2011;27,65;27,66;27,04;27,08
29/03/2011;27,74;27,8;27,61;27,65
28/03/2011;27,78;27,88;27,65;27,73
25/03/2011;27,88;28,07;27,74;27,79
24/03/2011;27,79;27,97;27,74;27,89
23/03/2011;27,53;27,74;27,03;27,74
22/03/2011;27,6;27,7;27,37;27,51
21/03/2011;27,6;27,94;27,6;27,6
18/03/2011;27,71;27,89;27,6;27,7
17/03/2011;27,46;27,84;27,41;27,69
16/03/2011;27,41;27,79;27,36;27,46
15/03/2011;27,5;27,73;27,31;27,36
14/03/2011;27,38;27,46;27,37;27,46
11/03/2011;27,46;27,59;27,2;27,4
10/03/2011;27,45;27,59;27,37;27,48
09/03/2011;27,28;27,54;27,28;27,41
08/03/2011;27,28;27,46;27,28;27,32
07/03/2011;27,25;27,42;27,25;27,28
04/03/2011;26,94;27,33;26,94;27,25
03/03/2011;27;27,16;26,81;26,94
02/03/2011;26,46;27,02;26,42;26,99
01/03/2011;26,15;26,46;26,12;26,39
28/02/2011;25,64;26,19;25,59;26,16
25/02/2011;25,48;25,75;25,42;25,65
24/02/2011;25,35;25,55;25,3;25,48
23/02/2011;25,07;25,38;24,9;25,32
22/02/2011;25,03;25,33;25,03;25,12
21/02/2011;25,2;25,2;24,98;25,05
18/02/2011;25,38;25,51;25,08;25,25
17/02/2011;25,12;25,54;25,09;25,36
16/02/2011;25,5;25,53;24,98;25,16
15/02/2011;25,52;25,66;25,38;25,56
14/02/2011;25,29;25,59;25,25;25,54
11/02/2011;25,33;25,37;25,2;25,33
10/02/2011;25,25;25,45;25,17;25,36
09/02/2011;24,94;25,33;24,9;25,16
08/02/2011;24,78;24,91;24,59;24,9
07/02/2011;24,51;24,9;24,51;24,77
04/02/2011;24,79;24,79;24,4;24,51
03/02/2011;24,89;25,07;24,65;24,77
02/02/2011;24,38;24,85;24,29;24,79
01/02/2011;24,45;24,51;24,2;24,33
31/01/2011;24,2;24,51;24,11;24,38
28/01/2011;24,67;24,98;24,16;24,24
27/01/2011;25,33;25,51;24,46;24,64
26/01/2011;25,52;25,68;25,03;25,33
25/01/2011;25,39;25,55;25,38;25,51
24/01/2011;25,46;25,81;25,34;25,38
21/01/2011;25,09;25,59;25,09;25,46
20/01/2011;25,2;25,38;24,6;25,07
19/01/2011;24,72;25,33;24,72;25,2
18/01/2011;24,16;24,68;24,16;24,62
17/01/2011;23,95;24,21;23,95;24,17
14/01/2011;23,66;23,9;23,61;23,86
13/01/2011;23,74;23,74;23,58;23,7
12/01/2011;23,5;23,74;23,42;23,74
11/01/2011;23,27;23,82;23,27;23,5
10/01/2011;22,84;23,23;22,84;23,23
07/01/2011;22,86;22,93;22,79;22,86
06/01/2011;22,63;22,87;22,63;22,86
05/01/2011;22,43;22,59;22,4;22,59
04/01/2011;22,51;22,55;22,43;22,43
03/01/2011;22,36;22,63;22,36;22,55
30/12/2010;22,31;22,47;22,31;22,47
29/12/2010;22,47;22,5;22,28;22,36
28/12/2010;22,31;22,55;22,31;22,43
27/12/2010;22,19;22,34;22,15;22,28
23/12/2010;22,18;22,23;22,15;22,19
22/12/2010;22,35;22,39;22,15;22,18
21/12/2010;22,11;22,35;22,11;22,35
20/12/2010;21,88;22,11;21,88;22,11
17/12/2010;22;22;21,84;21,92
16/12/2010;21,88;21,99;21,84;21,96
15/12/2010;22;22,02;21,77;21,88
14/12/2010;21,88;22,11;21,88;21,96
13/12/2010;21,77;21,88;21,77;21,88
10/12/2010;21,73;21,92;21,68;21,68
09/12/2010;21,64;21,83;21,61;21,65
08/12/2010;21,6;21,67;21,48;21,6
07/12/2010;21,48;21,64;21,48;21,64
06/12/2010;21,79;21,8;21,48;21,52
03/12/2010;21,91;21,92;21,7;21,78
02/12/2010;21,84;21,99;21,76;21,92
01/12/2010;21,5;21,8;21,5;21,75
30/11/2010;21,36;21,56;21,28;21,48
29/11/2010;21,52;21,61;21,33;21,39
26/11/2010;21,53;21,6;21,25;21,52
25/11/2010;21,85;21,92;21,48;21,52
24/11/2010;21,58;22,04;21,56;21,84
23/11/2010;21,68;21,72;21,24;21,56
22/11/2010;22,06;22,07;21,56;21,68
19/11/2010;22,15;22,35;21,92;22,06
18/11/2010;21,79;22,19;21,5;22,15
17/11/2010;21,12;21,76;21,12;21,72
16/11/2010;21,33;21,72;21,04;21,12
12/11/2010;21,16;21,54;21,16;21,4
11/11/2010;21,31;21,31;21,12;21,16
10/11/2010;21,03;21,15;20,89;20,97
09/11/2010;20,78;21,15;20,78;21,01
08/11/2010;20,89;20,93;20,63;20,72
05/11/2010;20,89;21,01;20,78;20,93
04/11/2010;20,21;20,81;20,18;20,7
03/11/2010;20,18;20,21;20,02;20,18
01/11/2010;19,99;20,28;19,89;20,18
29/10/2010;19,76;19,99;19,76;19,99
28/10/2010;19,73;19,94;19,72;19,76
27/10/2010;19,72;19,95;19,5;19,66
26/10/2010;19,72;19,82;19,57;19,79
25/10/2010;19,57;19,87;19,57;19,72
22/10/2010;19,5;19,68;19,42;19,57
21/10/2010;19,76;19,87;19,43;19,48
20/10/2010;19,12;19,72;19,12;19,63
19/10/2010;19,19;19,34;18,74;19,19
18/10/2010;19,76;19,76;19,03;19,19
15/10/2010;19,87;19,91;19,58;19,8
14/10/2010;19,57;20,01;19,57;19,81
13/10/2010;19,34;20,02;19,34;19,59
11/10/2010;19,63;20,2;19,5;19,53
08/10/2010;18,36;19,24;18,36;19,24
07/10/2010;18,29;18,51;18,14;18,32
06/10/2010;18,17;18,51;18,11;18,29
05/10/2010;17,57;18,14;17,49;17,98
04/10/2010;17,53;17,71;17,02;17,57
01/10/2010;18,13;18,13;17,54;17,61
30/09/2010;18,51;18,51;18,02;18,17
29/09/2010;18,74;18,74;18,22;18,51
28/09/2010;19,22;19,22;18,66;18,76
27/09/2010;19,42;19,65;19,19;19,23
24/09/2010;19,65;19,68;19,31;19,57
23/09/2010;19,87;19,99;19,5;19,65
22/09/2010;19,76;20,21;19,76;19,99
21/09/2010;20,02;20,02;19,68;19,79
20/09/2010;20,27;20,28;19,72;19,98
17/09/2010;19,19;19,76;19,15;19,61
16/09/2010;19,8;19,84;19,04;19,12
15/09/2010;19,99;20,13;19,65;19,84
14/09/2010;19,94;19,99;19,9;19,99
13/09/2010;19,94;19,99;19,94;19,97
10/09/2010;19,75;19,89;19,69;19,89
09/09/2010;19,85;19,85;19,61;19,65
08/09/2010;19,94;19,94;19,62;19,85
06/09/2010;19,93;19,93;19,71;19,9
03/09/2010;19,65;19,86;19,53;19,81
02/09/2010;19,44;19,64;19,44;19,58
01/09/2010;19,19;19,57;19,19;19,49
31/08/2010;19,61;19,61;19,19;19,19
30/08/2010;19,15;19,77;19,08;19,53
27/08/2010;18,69;19,15;18,61;19,13
26/08/2010;18,23;18,73;18,23;18,62
25/08/2010;18,03;18,19;17,94;18,19
24/08/2010;18,19;18,28;17,94;18,03
23/08/2010;18,28;18,53;18,19;18,21
20/08/2010;18,15;18,36;18,15;18,31
19/08/2010;17,82;18,23;17,82;18,15
18/08/2010;17,61;17,82;17,61;17,82
17/08/2010;17,61;17,69;17,52;17,59
16/08/2010;17,76;17,78;17,63;17,65
14/07/2010;17,79;17,79;17,69;17,69
13/07/2010;17,96;17,96;17,84;17,84
12/07/2010;18,28;18,28;18,18;18,18
24/06/2010;18,28;18,28;18,28;18,28
09/06/2010;19,73;19,73;19,73;19,73
28/05/2010;19,59;19,64;19,49;19,64
19/05/2010;18,87;19,05;18,87;19,05
18/05/2010;19,43;19,43;19,05;19,05
14/05/2010;19,2;19,2;19,2;19,2
13/05/2010;19,31;19,31;19,15;19,15
12/05/2010;19,04;19,35;19,04;19,35
11/05/2010;19;19;19;19
10/05/2010;19,1;19,1;18,99;19,01
07/05/2010;18,84;18,84;18,84;18,84
06/05/2010;18,79;18,84;18,79;18,84
05/05/2010;18,79;18,88;18,79;18,79
04/05/2010;18,79;18,79;18,63;18,64
03/05/2010;18,84;19,1;18,84;18,99
30/04/2010;18,98;18,99;18,79;18,79
29/04/2010;18,99;18,99;18,99;18,99
28/04/2010;18,99;19,15;18,99;19,1
27/04/2010;18,99;19,03;18,94;19,01
26/04/2010;19,1;19,13;18,89;18,99
23/04/2010;19,06;19,1;19,06;19,1
22/04/2010;18,96;19,06;18,96;19,01
20/04/2010;18,96;19,01;18,96;19,01
19/04/2010;19,01;19,01;18,96;18,96
16/04/2010;19,12;19,12;19,06;19,12
15/04/2010;19,17;19,17;19,17;19,17
14/04/2010;19,05;19,1;19,05;19,1
13/04/2010;19,01;19,23;19,01;19,23
12/04/2010;18,96;19;18,93;18,96
09/04/2010;18,96;18,96;18,93;18,93
08/04/2010;18,96;18,96;18,91;18,91
07/04/2010;18,99;19,01;18,91;18,96
06/04/2010;18,96;18,99;18,96;18,99
05/04/2010;18,86;18,96;18,81;18,91
01/04/2010;18,81;18,86;18,81;18,86
31/03/2010;18,91;18,91;18,77;18,82
30/03/2010;18,94;18,96;18,55;18,87
29/03/2010;18,83;18,97;18,83;18,88
26/03/2010;18,91;18,91;18,65;18,81
25/03/2010;18,91;18,94;18,91;18,91
24/03/2010;19,08;19,08;18,81;18,87
23/03/2010;18,97;19,12;18,97;19,06
22/03/2010;18,86;18,96;18,81;18,88
19/03/2010;18,91;18,96;18,87;18,95
18/03/2010;18,92;19,01;18,86;18,91
17/03/2010;18,96;18,96;18,81;18,96
16/03/2010;18,87;19,06;18,87;18,96
15/03/2010;18,96;19,12;18,76;18,89
12/03/2010;18,89;19,01;18,86;19,01
11/03/2010;18,78;18,9;18,71;18,89
10/03/2010;18,77;18,81;18,75;18,81
09/03/2010;18,87;18,91;18,71;18,74
08/03/2010;18,91;18,91;18,86;18,91
05/03/2010;18,91;18,96;18,81;18,86
04/03/2010;18,65;18,86;18,61;18,86
03/03/2010;18,71;18,73;18,61;18,66
02/03/2010;18,81;18,81;18,72;18,72
01/03/2010;18,67;18,86;18,62;18,81
26/02/2010;18,72;18,85;18,66;18,67
25/02/2010;18,91;18,96;18,72;18,72
24/02/2010;18,76;19,01;18,76;18,86
23/02/2010;18,81;18,86;18,56;18,76
22/02/2010;18,66;18,86;18,66;18,77
19/02/2010;18,55;18,66;18,5;18,61
18/02/2010;18,3;18,62;18,3;18,45
17/02/2010;18,45;18,45;18,1;18,3
12/02/2010;18,2;18,37;18,15;18,37
11/02/2010;18,24;18,25;18,09;18,2
10/02/2010;18,3;18,35;18,15;18,25
09/02/2010;18,35;18,4;18,22;18,22
08/02/2010;18,12;18,35;18,11;18,25
05/02/2010;18,2;18,2;18,04;18,06
04/02/2010;18,4;18,45;18,21;18,21
03/02/2010;18,53;18,55;18,35;18,4
02/02/2010;18,56;18,66;18,47;18,47
01/02/2010;18,56;18,61;18,45;18,55
29/01/2010;18,55;18,86;18,55;18,57
28/01/2010;18,44;18,71;18,35;18,45
27/01/2010;18,76;18,76;18,38;18,45
26/01/2010;19,01;19,01;18,71;18,71
22/01/2010;19,01;19,06;18,88;18,96
21/01/2010;18,93;19,06;18,93;18,96
20/01/2010;19,02;19,02;18,92;19,01
19/01/2010;18,96;19,06;18,91;19,01
18/01/2010;19,11;19,11;18,96;18,97
15/01/2010;19,17;19,27;19,07;19,11
14/01/2010;19,22;19,32;18,95;19,03
13/01/2010;19,51;19,51;19,17;19,27
12/01/2010;19,66;19,7;19,56;19,57
11/01/2010;19,61;19,66;19,61;19,61
08/01/2010;19,61;19,76;19,61;19,62
07/01/2010;19,71;19,81;19,51;19,56
06/01/2010;19,64;19,8;19,62;19,71
05/01/2010;19,61;19,95;19,56;19,63
04/01/2010;19,47;19,66;19,43;19,43
30/12/2009;19,61;19,7;19,61;19,62
29/12/2009;19,61;19,61;19,56;19,61
28/12/2009;19,51;19,91;19,51;19,81
23/12/2009;19,81;19,81;19,37;19,61
22/12/2009;20,05;20,05;19,78;19,78
21/12/2009;19,86;20,07;19,82;19,82
18/12/2009;19,58;19,91;19,56;19,86
17/12/2009;19,38;19,71;19,32;19,61
16/12/2009;19,46;19,46;19,34;19,45
15/12/2009;19,46;19,58;19,33;19,33
14/12/2009;19,42;19,51;19,32;19,42
11/12/2009;19,22;19,6;19,22;19,23
10/12/2009;19,17;19,27;19,17;19,22
09/12/2009;19,12;19,42;19,07;19,07
08/12/2009;18,98;19,12;18,94;19,12
07/12/2009;18,88;19,12;18,83;19,02
04/12/2009;19,42;19,56;18,93;18,93
03/12/2009;19,22;19,71;19,22;19,32
02/12/2009;19,12;19,31;19,07;19,27
01/12/2009;19,27;19,32;19,04;19,12
30/11/2009;19,31;19,37;19,22;19,35
27/11/2009;19,32;19,32;19,12;19,32
26/11/2009;19,07;19,51;19,07;19,39
25/11/2009;19,32;19,32;18,97;19,02
24/11/2009;19,42;19,67;19,22;19,23
23/11/2009;19,95;20;19,42;19,46
19/11/2009;20,59;20,59;19,91;19,95
18/11/2009;20,55;20,59;20,46;20,59
17/11/2009;20,49;20,59;20,45;20,59
16/11/2009;20,68;20,74;20,49;20,49
13/11/2009;20,64;20,64;20,61;20,64
12/11/2009;20,64;20,74;20,64;20,69
11/11/2009;20,84;20,88;20,64;20,64
10/11/2009;20,64;20,84;20,64;20,84
09/11/2009;20,64;20,64;20,64;20,64
06/11/2009;20,84;20,85;20,64;20,64
05/11/2009;20,79;20,84;20,79;20,84
04/11/2009;20,94;20,96;20,79;20,79
03/11/2009;20,99;21,04;20,89;20,9
30/10/2009;21,01;21,09;20,94;20,94
29/10/2009;20,79;21,09;20,79;20,99
28/10/2009;20,99;20,99;20,69;20,79
27/10/2009;21,14;21,14;20,84;20,89
26/10/2009;21,29;21,29;21,09;21,1
23/10/2009;21,26;21,29;21,24;21,28
22/10/2009;21,39;21,39;21,19;21,19
21/10/2009;21,3;21,44;21,19;21,19
20/10/2009;21,23;21,28;21,09;21,09
19/10/2009;20,94;21,29;20,94;21,15
16/10/2009;21,29;21,29;20,94;20,97
15/10/2009;21,7;21,7;21,25;21,29
14/10/2009;22,1;22,1;21,7;21,7
13/10/2009;21,9;22,15;21,9;22
09/10/2009;21,6;22,2;21,6;21,9
08/10/2009;21,36;21,77;21,36;21,7
07/10/2009;21,39;21,5;21,2;21,36
06/10/2009;21,04;21,5;20,99;21,39
05/10/2009;20,8;21,04;20,79;20,89
02/10/2009;20,79;20,94;20,69;20,84
01/10/2009;21,19;21,19;20,69;20,69
30/09/2009;20,84;21,24;20,84;21,19
29/09/2009;20,77;20,94;20,77;20,89
28/09/2009;20,39;20,59;20,34;20,51
25/09/2009;20,41;20,49;20,31;20,31
24/09/2009;20,49;20,69;20,39;20,57
23/09/2009;19,94;20,53;19,94;20,41
22/09/2009;19,9;19,99;19,79;19,9
21/09/2009;19,69;19,89;19,64;19,8
18/09/2009;19,79;19,79;19,59;19,69
17/09/2009;19,74;19,84;19,6;19,79
16/09/2009;19,89;19,89;19,64;19,72
15/09/2009;19,54;19,99;19,54;19,89
14/09/2009;19,62;19,62;19,41;19,54
11/09/2009;19,54;19,62;19,53;19,53
10/09/2009;19,62;19,62;19,52;19,52
09/09/2009;19,41;19,52;19,41;19,46
08/09/2009;19,62;19,64;19,52;19,52
04/09/2009;19,93;19,93;19,63;19,63
03/09/2009;19,98;19,98;19,87;19,87
02/09/2009;20,08;20,08;19,93;19,93
01/09/2009;20,19;20,24;20,08;20,08
31/08/2009;20,24;20,31;20,16;20,16
28/08/2009;20,34;20,45;20,24;20,29
27/08/2009;20,34;20,5;20,29;20,29
26/08/2009;20,31;20,34;20,19;20,27
25/08/2009;20,29;20,34;20,14;20,3
24/08/2009;20,29;20,34;20,14;20,26
21/08/2009;20,34;20,5;20,24;20,24
20/08/2009;20,24;20,31;20,24;20,24
19/08/2009;20,34;20,34;20,18;20,23
18/08/2009;20,39;20,39;20,29;20,34
17/08/2009;20,5;20,5;20,34;20,39
14/07/2009;24,49;24,49;24,49;24,49
13/07/2009;24,66;24,66;24,66;24,66
10/07/2009;24,85;24,85;24,85;24,85
08/07/2009;25,21;25,21;25,21;25,21
07/07/2009;25,09;25,09;25,08;25,08
06/07/2009;25,21;25,21;25,15;25,15
03/07/2009;25,56;25,56;25,52;25,52
02/07/2009;25,61;25,61;25,61;25,61
01/07/2009;25,8;25,8;25,74;25,74
30/06/2009;25,94;25,94;25,92;25,92
25/06/2009;26,28;26,28;26,28;26,28
24/06/2009;26,38;26,38;26,38;26,38
23/06/2009;26,63;26,63;26,63;26,63
22/06/2009;26,75;26,84;26,75;26,82
19/06/2009;27,23;27,23;27,23;27,23
18/06/2009;27,23;27,23;26,99;27,23
17/06/2009;27,41;27,41;27,41;27,41
16/06/2009;27,52;27,52;27,52;27,52
15/06/2009;27,7;27,7;27,7;27,7
12/06/2009;27,7;27,7;27,7;27,7
10/06/2009;28,01;28,07;28,01;28,07
09/06/2009;28,17;28,17;28,17;28,17
08/06/2009;28,42;28,42;28,42;28,42
05/06/2009;28,54;28,54;28,51;28,51
04/06/2009;28,94;28,95;28,94;28,95
03/06/2009;29;29;28,83;28,83
02/06/2009;29,37;29,37;29,3;29,3
01/06/2009;29,25;29,25;29,01;29,25
29/05/2009;29,01;29,01;29;29
28/05/2009;28,54;28,54;28,54;28,54
25/05/2009;28,06;28,06;28,06;28,06
18/05/2009;27,35;27,58;27,35;27,58
13/05/2009;26,57;26,57;26,45;26,45
12/05/2009;26,81;26,81;26,63;26,63
11/05/2009;26,81;26,81;26,81;26,81
08/05/2009;26,99;26,99;26,93;26,93
07/05/2009;26,93;27,05;26,93;26,95
06/05/2009;26,75;26,92;26,75;26,92
05/05/2009;26,81;26,81;26,81;26,81
04/05/2009;26,87;26,87;26,7;26,75
30/04/2009;27,01;27,01;26,75;26,75
29/04/2009;26,81;26,87;26,75;26,87
28/04/2009;26,57;26,81;26,57;26,75
27/04/2009;26,81;26,87;26,22;26,57
24/04/2009;26,51;26,82;26,51;26,69
23/04/2009;26,44;26,47;26,34;26,34
22/04/2009;26,23;26,35;26,23;26,35
20/04/2009;26,51;26,51;26,23;26,28
17/04/2009;26,45;26,51;26,45;26,45
16/04/2009;26,34;26,51;26,34;26,51
15/04/2009;26,16;26,34;26,1;26,3
14/04/2009;25,86;26,22;25,86;26,12
13/04/2009;25,68;25,86;25,56;25,8
09/04/2009;25,68;25,92;25,68;25,81
08/04/2009;25,98;25,98;25,68;25,74
07/04/2009;26,43;26,43;25,92;25,92
06/04/2009;26,51;26,51;26,4;26,45
03/04/2009;26,22;26,45;26,22;26,45
02/04/2009;26,45;26,45;26,45;26,45
01/04/2009;26,57;26,57;26,31;26,31
31/03/2009;26,22;26,53;26,16;26,53
30/03/2009;26,34;26,34;26,22;26,24
27/03/2009;26,54;26,55;26,16;26,4
26/03/2009;26,63;26,69;26,57;26,57
25/03/2009;26,44;26,61;26,44;26,61
24/03/2009;25,98;26,45;25,98;26,44
23/03/2009;25,74;26,1;25,74;25,98
20/03/2009;26,1;26,1;25,74;25,86
19/03/2009;25,8;26,45;25,8;26,1
18/03/2009;25,51;25,8;25,51;25,8
17/03/2009;25,45;25,56;25,39;25,51
16/03/2009;25,33;25,45;25,33;25,39
13/03/2009;25,33;25,33;25,33;25,33
12/03/2009;25,44;25,44;25,44;25,44
11/03/2009;25,63;25,63;25,63;25,63
10/03/2009;25,56;25,56;25,56;25,56
09/03/2009;25,5;25,5;25,5;25,5
06/03/2009;25,69;25,75;25,63;25,63
05/03/2009;25,94;25,94;25,69;25,69
04/03/2009;26;26,16;25,89;26
02/03/2009;26,43;26,43;26,16;26,16
27/02/2009;26,56;26,56;26,25;26,25
26/02/2009;26,62;26,69;26,62;26,69
25/02/2009;26,56;26,62;26,56;26,56
20/02/2009;26,69;26,69;26,69;26,69
19/02/2009;26,69;26,69;26,69;26,69
18/02/2009;26,81;26,81;26,69;26,75
17/02/2009;27;27;26,94;26,94
16/02/2009;27,56;27,56;27,32;27,37
13/02/2009;27,56;27,56;27,31;27,31
12/02/2009;27,44;27,56;27,44;27,56
11/02/2009;27,44;27,93;27,44;27,81
10/02/2009;28,31;28,31;28,06;28,06
09/02/2009;28,5;28,5;28,43;28,43
06/02/2009;28,68;28,74;28,68;28,74
05/02/2009;28,68;28,68;28,56;28,62
04/02/2009;29,06;29,06;28,68;28,81
03/02/2009;29,06;29,06;29,06;29,06
02/02/2009;28,56;29,18;28,43;29,18
30/01/2009;28,68;29,06;28,68;29,06
28/01/2009;29,43;29,43;28,96;29,06
27/01/2009;29,62;29,62;29,62;29,62
26/01/2009;29,57;29,57;29,57;29,57
22/01/2009;29,68;29,68;29,62;29,62
21/01/2009;29,93;29,93;29,69;29,69
20/01/2009;29,93;29,93;29,93;29,93
19/01/2009;30,05;30,18;30,05;30,18
16/01/2009;29,93;29,93;29,87;29,87
15/01/2009;29,74;30,05;29,74;30,05
14/01/2009;29,56;29,8;29,56;29,8
13/01/2009;30,3;30,3;29,56;29,68
12/01/2009;31,43;31,43;30,55;30,55
09/01/2009;31,3;31,3;31,18;31,18
08/01/2009;31,74;31,74;31,05;31,3
07/01/2009;31,3;31,8;31,3;31,74
06/01/2009;30,24;31,05;30,24;31,05
05/01/2009;30,05;30,43;30,05;30,43
30/12/2008;30,99;30,99;29,93;29,93
29/12/2008;30,68;30,68;30,68;30,68
26/12/2008;29,07;29,46;29,07;29,46
23/12/2008;29,06;29,06;28,81;29,06
22/12/2008;28,56;28,56;28,56;28,56
19/12/2008;29,12;29,12;27,68;27,68
18/12/2008;28,68;29,12;28,68;29,12
17/12/2008;28,31;28,96;28,31;28,96
16/12/2008;28,06;28,28;27,81;28,28
15/12/2008;27,06;27,93;27,06;27,81
12/12/2008;26,94;26,94;26,82;26,82
11/12/2008;27,19;27,19;26,79;26,81
10/12/2008;27,12;27,14;27,12;27,14
09/12/2008;26,89;26,89;26,89;26,89
08/12/2008;27,12;27,12;26,5;26,5
05/12/2008;26,31;26,75;26,31;26,75
04/12/2008;26,19;26,25;25,94;26,25
03/12/2008;26,19;26,19;25,94;25,94
02/12/2008;26,19;26,19;26,19;26,19
01/12/2008;26,38;26,38;26,31;26,31
28/11/2008;26,38;26,38;26,2;26,2
27/11/2008;26,19;26,19;25,83;26,08
26/11/2008;26,31;26,31;26,19;26,19
25/11/2008;26,19;26,31;26,19;26,31
24/11/2008;25,94;26,06;25,94;26,06
21/11/2008;25,56;25,56;25,56;25,56
19/11/2008;26,19;26,38;26,19;26,38
18/11/2008;26;26,44;26;26,44
17/11/2008;25,69;26,06;25,69;26,06
14/11/2008;25,45;25,45;25,45;25,45
13/11/2008;25,34;25,56;25,34;25,56
12/11/2008;25;25,56;25;25,32
11/11/2008;25,27;25,69;25,27;25,69
10/11/2008;24,69;25,07;24,69;25,07
07/11/2008;25,44;25,44;24,57;24,57
06/11/2008;24,69;24,69;24,69;24,69
05/11/2008;25,19;25,19;25,19;25,19
04/11/2008;26,19;26,19;25,44;25,81
03/11/2008;25,32;25,32;25,32;25,32
31/10/2008;25,56;25,56;25,25;25,25
30/10/2008;25,69;25,69;24,82;24,82
29/10/2008;24,94;24,94;24,94;24,94
28/10/2008;24,94;24,94;24,94;24,94
27/10/2008;25,56;25,56;24,57;24,57
24/10/2008;25,56;25,56;25,25;25,25
23/10/2008;25,81;25,81;25,81;25,81
22/10/2008;26,19;26,19;26,19;26,19
21/10/2008;26,87;26,87;26,87;26,87
20/10/2008;27,19;27,19;27,19;27,19
17/10/2008;27,06;27,06;27,06;27,06
16/10/2008;27,19;27,19;27,19;27,19
14/10/2008;27,81;27,81;27,44;27,44
13/10/2008;28,07;28,07;28,07;28,07
10/10/2008;26,9;26,9;26,9;26,9
09/10/2008;28,31;28,31;28,31;28,31
08/10/2008;28,32;28,56;28,06;28,06
07/10/2008;28,93;28,93;28,31;28,32
06/10/2008;28,93;28,93;28,93;28,93
03/10/2008;29,93;29,93;29,93;29,93
02/10/2008;31,3;31,3;31,3;31,3
30/09/2008;31,18;31,18;31,18;31,18
26/09/2008;31,36;31,36;31,36;31,36
22/09/2008;31,3;31,3;31,3;31,3
19/09/2008;31,3;31,3;31,3;31,3