Data;Abertura;Máxima;Mínima;Fechamento
24/03/2025 13:00;78,9;79;78,88;78,9
24/03/2025 09:00;79,9;80,07;78,21;78,9
21/03/2025 17:05;79,66;80;79,65;79,9
21/03/2025 13:00;80,87;80,87;78,91;79,65
21/03/2025 09:00;80,6;81,67;80,53;80,85
20/03/2025 17:05;80,35;80,76;80,1;80,3
20/03/2025 13:00;82,45;82,81;80,17;80,36
20/03/2025 09:00;83,5;83,74;82,25;82,48
19/03/2025 17:05;83,29;83,65;83,04;83,22
19/03/2025 13:00;84,35;84,4;82,9;83,31
19/03/2025 09:00;84,16;84,8;83,7;84,33
18/03/2025 17:05;84,43;84,56;83,73;83,83
18/03/2025 13:00;84,1;84,58;83,81;84,48
18/03/2025 09:00;82,2;84,2;82,2;84,14
17/03/2025 17:05;82,14;82,8;82,14;82,6
17/03/2025 13:00;80,17;82,49;80,05;82,01
17/03/2025 09:00;80,06;80,45;79,8;80,19
14/03/2025 17:05;79,62;79,94;79,5;79,65
14/03/2025 13:00;79,89;80,28;79,77;79,83
14/03/2025 09:00;80,28;80,45;79,26;79,89
13/03/2025 17:05;79,88;80;79,52;79,8
13/03/2025 13:00;79,67;80,27;79,61;79,69
13/03/2025 09:00;79,72;80,08;78,83;79,7
12/03/2025 17:05;79,6;79,6;79,45;79,5
12/03/2025 13:00;80,39;80,62;79,26;79,5
12/03/2025 09:00;80,43;81,04;79,8;80,4
11/03/2025 17:05;79,66;79,95;79,66;79,94
11/03/2025 13:00;79,88;80,24;79,49;79,72
11/03/2025 09:00;79,99;80,07;79,69;79,91
10/03/2025 17:05;80,09;80,16;79,99;80,13
10/03/2025 13:00;79,82;80,16;79,82;79,99
10/03/2025 09:00;79,7;79,89;79,46;79,83
07/03/2025 17:05;78,43;78,69;78,35;78,66
07/03/2025 13:00;78,52;78,72;78,08;78,32
07/03/2025 09:00;79,15;79,15;77,82;78,5
06/03/2025 17:05;78,87;79,09;78,78;79,08
06/03/2025 13:00;79,31;79,47;78,76;78,88
06/03/2025 09:00;78,83;79,48;78,63;79,36
05/03/2025 17:05;78,7;78,9;78,54;78,84
05/03/2025 13:00;78,76;78,98;78,25;78,59
28/02/2025 17:05;79,06;79,08;78,83;78,93
28/02/2025 13:00;79,17;79,35;78,83;78,86
28/02/2025 09:00;79,18;79,4;79,05;79,17
27/02/2025 17:05;79,13;79,17;78,83;78,99
27/02/2025 13:00;78,36;79,26;78,35;78,95
27/02/2025 09:00;78,86;78,86;77,81;78,36
26/02/2025 17:05;78,76;78,79;78,4;78,4
26/02/2025 13:00;78,65;79,08;78,47;78,63
26/02/2025 09:00;78,6;78,99;78,4;78,64
25/02/2025 17:05;77,51;77,79;77,35;77,7
25/02/2025 13:00;76,35;77,22;76,1;77,22
25/02/2025 09:00;76,94;76,99;76,11;76,34
24/02/2025 17:05;76,13;76,72;76;76,72
24/02/2025 13:00;77,4;77,67;75,83;76,17
24/02/2025 09:00;77,36;77,69;76,92;77,41
21/02/2025 17:05;77,41;77,53;77,04;77,22
21/02/2025 13:00;77,08;77,75;77,02;77,44
21/02/2025 09:00;76,44;77,09;76,44;77,04
20/02/2025 17:05;75,22;75,72;75,22;75,63
20/02/2025 13:00;74,71;75,4;74,67;75,35
20/02/2025 09:00;74,44;74,88;74,3;74,7
19/02/2025 17:05;73,56;73,74;73,53;73,65
19/02/2025 13:00;73,62;73,7;73,3;73,53
19/02/2025 09:00;72,99;73,62;72,8;73,62
18/02/2025 17:05;73,58;73,76;73,5;73,71
18/02/2025 13:00;73,72;73,77;73,17;73,49
18/02/2025 09:00;73,03;73,9;72,9;73,71
17/02/2025 17:05;73,26;73,6;73,23;73,58
17/02/2025 13:00;74,06;74,08;73,15;73,17
17/02/2025 09:00;73,6;74,15;73,6;74,04
14/02/2025 17:05;73,36;73,52;73,26;73,5
14/02/2025 13:00;73,22;73,53;73,13;73,42
14/02/2025 09:00;72,6;73,24;72,46;73,21
13/02/2025 17:05;72,59;72,79;72,53;72,67
13/02/2025 13:00;72,57;72,79;72,29;72,59
13/02/2025 09:00;72,21;72,67;72,17;72,57
12/02/2025 17:05;71,58;71,98;71,47;71,85
12/02/2025 13:00;71,46;71,68;71,19;71,45
12/02/2025 09:00;71,87;71,87;71,1;71,46
11/02/2025 17:05;71,26;71,71;71,26;71,61
11/02/2025 13:00;72,28;72,47;71,26;71,26
11/02/2025 09:00;71,77;72,34;71,68;72,32
10/02/2025 17:05;72,12;72,17;72;72,04
10/02/2025 13:00;71,92;72,29;71,92;72,03
10/02/2025 09:00;71,62;72,07;71,44;71,93
07/02/2025 17:05;71,17;71,27;71,07;71,21
07/02/2025 13:00;71,23;71,44;71;71,07
07/02/2025 09:00;71,17;71,52;70,87;71,23
06/02/2025 17:05;71,17;71,31;71,17;71,31
06/02/2025 13:00;70,81;71,4;70,67;71,05
06/02/2025 09:00;70,97;71,24;69,92;70,82
05/02/2025 17:05;70,97;70,97;70,77;70,85
05/02/2025 13:00;70,36;70,97;70,35;70,9
05/02/2025 09:00;70,03;70,73;69,96;70,36
04/02/2025 17:05;69,8;69,93;69,72;69,86
04/02/2025 13:00;69,35;69,82;69,34;69,78
04/02/2025 09:00;69,04;69,6;69,03;69,36
03/02/2025 17:05;68,84;68,97;68,77;68,79
03/02/2025 13:00;68,53;68,89;68,35;68,84
03/02/2025 09:00;68,44;69,04;68,07;68,57
31/01/2025 17:05;68,72;68,81;68,44;68,53
31/01/2025 13:00;68,9;68,98;68,71;68,71
31/01/2025 09:00;69,25;69,33;68,44;68,92
30/01/2025 17:05;69,24;69,41;69,23;69,39
30/01/2025 13:00;68,96;69,25;68,9;69,19
30/01/2025 09:00;69,07;69,35;68,72;68,96
29/01/2025 17:05;69,03;69,09;68,8;68,8
29/01/2025 13:00;68,42;68,99;68,32;68,91
29/01/2025 09:00;68,44;68,58;68,21;68,42
28/01/2025 17:05;68,1;68,32;68,08;68,22
28/01/2025 13:00;68,06;68,23;67,99;68,12
28/01/2025 09:00;68,37;68,69;67,91;68,08
27/01/2025 17:05;68,14;68,28;67,89;68,01
27/01/2025 13:00;68,03;68,37;67,8;68,3
27/01/2025 09:00;68,3;68,42;67,71;68,03
24/01/2025 17:05;68,35;68,55;68,35;68,46
24/01/2025 13:00;68,41;68,89;68,04;68,39
24/01/2025 09:00;69,16;69,28;68,25;68,39
23/01/2025 17:05;69,46;69,76;69,46;69,48
23/01/2025 13:00;69,92;70,07;69,26;69,55
23/01/2025 09:00;69,34;70,06;68,95;69,9
22/01/2025 17:05;69,22;69,25;69,04;69,11
22/01/2025 13:00;69,54;69,66;69,07;69,26
22/01/2025 09:00;70,49;70,49;69,35;69,55
21/01/2025 17:05;70,49;70,49;70,26;70,32
21/01/2025 13:00;70,61;70,93;70,44;70,49
21/01/2025 09:00;71;71,17;70,17;70,61
20/01/2025 17:05;71,21;71,25;70,98;71,21
20/01/2025 13:00;70,61;71,23;70,52;71,14
20/01/2025 09:00;69,98;70,96;69,31;70,61
17/01/2025 17:05;69,66;69,94;69,26;69,89
17/01/2025 13:00;69,97;70,69;69,71;69,8
17/01/2025 09:00;68,98;70,07;68,7;69,94
16/01/2025 17:05;69,3;69,38;69,14;69,25
16/01/2025 13:00;70,06;70,21;69,26;69,33
16/01/2025 09:00;70,75;70,85;69,89;70,06
15/01/2025 17:05;70,96;70,97;70,81;70,89
15/01/2025 13:00;71,54;71,68;70,75;70,98
15/01/2025 09:00;71,44;71,83;71,14;71,52
14/01/2025 17:05;72,08;72,14;71,94;72,08
14/01/2025 13:00;72,59;72,99;71,9;72,04
14/01/2025 09:00;72,52;72,94;71,63;72,59
13/01/2025 17:05;72,7;72,71;72,58;72,7
13/01/2025 13:00;72,49;72,99;72,44;72,73
13/01/2025 09:00;71,19;72,52;71,19;72,49
10/01/2025 17:05;70,94;71,02;70,67;70,88
10/01/2025 13:00;70,44;71,07;70,32;70,94
10/01/2025 09:00;70,07;70,65;69,61;70,42
09/01/2025 17:05;69,89;69,99;69,86;69,89
09/01/2025 13:00;69,31;69,96;68,99;69,84
09/01/2025 09:00;68,99;69,42;68,83;69,34
08/01/2025 17:05;69,27;69,35;69,2;69,25
08/01/2025 13:00;69,16;69,44;69,14;69,19
08/01/2025 09:00;69,28;69,35;69,02;69,16
07/01/2025 17:05;68,84;68,98;68,84;68,98
07/01/2025 13:00;68,83;68,9;68,54;68,81
07/01/2025 09:00;69,23;69,23;68,71;68,82
06/01/2025 17:05;69,18;69,36;69,13;69,31
06/01/2025 13:00;68,43;69,15;68,16;69,13
06/01/2025 09:00;68,07;68,6;67,95;68,44
03/01/2025 17:05;68;68,14;67,97;68,06
03/01/2025 13:00;68,39;68,51;67,9;68,01
03/01/2025 09:00;68,5;68,78;68,29;68,38
02/01/2025 17:05;68,39;68,53;68,35;68,45
02/01/2025 13:00;69,33;69,36;68,39;68,49
02/01/2025 09:00;69,23;69,56;68,82;69,26
30/12/2024 17:05;69,13;69,13;68,92;68,99
30/12/2024 13:00;68,86;69,18;68,53;68,9
30/12/2024 09:00;68,81;68,95;68,53;68,88
27/12/2024 17:05;68,56;68,62;68,44;68,61
27/12/2024 13:00;68,37;68,64;68,28;68,44
27/12/2024 09:00;68,16;68,48;68,15;68,38
26/12/2024 17:05;68,41;68,5;68,34;68,43
26/12/2024 13:00;68,38;68,66;68,25;68,43
26/12/2024 09:00;68,69;68,91;68,15;68,42
23/12/2024 17:05;68,71;68,79;68,64;68,69
23/12/2024 13:00;68,77;68,81;68,48;68,67
23/12/2024 09:00;68,63;68,99;68,63;68,79
20/12/2024 17:05;68,45;68,51;68,43;68,44
20/12/2024 13:00;68,55;68,82;68,44;68,57
20/12/2024 09:00;68,84;69,06;68,35;68,56
19/12/2024 17:05;69,18;69,18;68,91;68,91
19/12/2024 13:00;69,71;69,8;68,99;69,13
19/12/2024 09:00;69,7;70,16;69,38;69,7
18/12/2024 17:05;70,11;70,28;69,93;70,02
18/12/2024 13:00;69,43;69,92;69,28;69,91
18/12/2024 09:00;69,44;69,65;68,9;69,42
17/12/2024 17:05;69,77;69,84;69,56;69,7
17/12/2024 13:00;70,09;70,1;69,19;69,74
17/12/2024 09:00;69,18;70,35;69,18;70,1
16/12/2024 17:05;69,01;69,32;68,97;69,13
16/12/2024 13:00;68,74;69,63;68,71;69,18
16/12/2024 09:00;69,46;69,49;68,57;68,74
13/12/2024 17:05;69,58;69,65;69,54;69,54
13/12/2024 13:00;69,56;70,01;69,51;69,64
13/12/2024 09:00;69,88;70,12;69,46;69,56
12/12/2024 17:05;70,17;70,49;69,99;70,38
12/12/2024 13:00;71,14;71,39;70,16;70,3
12/12/2024 09:00;70,8;71,14;69,7;71,14
11/12/2024 17:05;71,5;71,5;71,24;71,24
11/12/2024 13:00;70,94;72,01;70,85;71,47
11/12/2024 09:00;70,58;71,05;69,85;70,95
10/12/2024 17:05;70,9;71,02;70,77;70,86
10/12/2024 13:00;70,14;71,07;70;70,9
10/12/2024 09:00;70,13;70,35;69,7;70,12
09/12/2024 17:05;69,93;70,02;69,83;70,02
09/12/2024 13:00;69,5;70,07;69,5;69,98
09/12/2024 09:00;69,32;69,58;68,65;69,45
06/12/2024 17:05;69,18;69,18;69,06;69,07
06/12/2024 13:00;68,29;69,27;68,21;69,13
06/12/2024 09:00;67,76;68,41;67,41;68,29
05/12/2024 17:05;67,75;67,75;67,61;67,73
05/12/2024 13:00;66,83;67,69;66,68;67,64
05/12/2024 09:00;66,2;67,19;65,88;66,81
04/12/2024 17:05;66,58;66,58;66,17;66,24
04/12/2024 13:00;66,78;66,84;66,43;66,52
04/12/2024 09:00;67,4;67,4;66,5;66,76
03/12/2024 17:05;67,61;67,66;67,36;67,44
03/12/2024 13:00;67,52;67,78;67,32;67,59
03/12/2024 09:00;67,59;67,84;67,38;67,52
02/12/2024 17:05;67,9;67,9;67,47;67,55
02/12/2024 13:00;67,36;67,83;67,28;67,82
02/12/2024 09:00;67,12;67,86;67,1;67,35
29/11/2024 17:05;67,09;67,09;66,89;67,07
29/11/2024 13:00;66,64;67;66,35;66,98
29/11/2024 09:00;66,17;67,12;65,68;66,64
28/11/2024 17:05;66,12;66,14;65,77;65,87
28/11/2024 13:00;65,78;66,26;65,57;65,97
28/11/2024 09:00;66,35;66,36;64,93;65,76
27/11/2024 17:05;66,17;66,26;65,89;66,13
27/11/2024 13:00;66,43;66,55;65,58;66,17
27/11/2024 09:00;65,83;66,83;65,57;66,41
26/11/2024 17:05;65,84;65,99;65,83;65,91
26/11/2024 13:00;66,33;66,34;65,51;65,92
26/11/2024 09:00;66,98;67,36;66,12;66,34
25/11/2024 17:05;66,64;66,68;66,52;66,66
25/11/2024 13:00;67,18;67,31;66,31;66,67
25/11/2024 09:00;67,39;68,19;66,89;67,22
22/11/2024 17:05;67,41;67,57;67,3;67,31
22/11/2024 13:00;67,59;67,76;67,03;67,42
22/11/2024 09:00;67,75;67,92;67,28;67,6
21/11/2024 17:05;67,79;67,82;67,6;67,72
21/11/2024 13:00;67,78;67,85;67,59;67,66
21/11/2024 09:00;67,97;68,53;67,46;67,78
19/11/2024 17:05;68,23;68,28;68,11;68,15
19/11/2024 13:00;68,13;68,49;68,06;68,23
19/11/2024 09:00;68,98;69,17;68,04;68,13
18/11/2024 17:05;68,93;69,13;68,93;69,09
18/11/2024 13:00;69,59;69,81;68,84;68,93
18/11/2024 09:00;69,68;70,12;69,27;69,56
14/11/2024 17:05;69,69;70,07;69,62;69,66
14/11/2024 13:00;70,04;70,3;69,62;69,68
14/11/2024 09:00;70,61;71,22;69,56;70,07
13/11/2024 17:05;70,6;70,71;70,6;70,69
13/11/2024 13:00;70,69;70,73;70,51;70,63
13/11/2024 09:00;70,56;70,76;70,47;70,7
12/11/2024 17:05;70,74;70,83;70,74;70,82
12/11/2024 13:00;70,78;70,89;70,56;70,77
12/11/2024 09:00;70,75;70,95;70,69;70,78
11/11/2024 17:05;70,99;71,06;70,96;71,04
11/11/2024 13:00;70,74;71;70,73;70,93
11/11/2024 09:00;70,55;70,81;70,5;70,74
08/11/2024 17:05;70,39;70,41;70,32;70,4
08/11/2024 13:00;70,26;70,43;70,23;70,41
08/11/2024 09:00;70,44;70,49;70,09;70,24
07/11/2024 17:05;70,2;70,3;70,15;70,15
07/11/2024 13:00;69,99;70,2;69,8;70,08
07/11/2024 09:00;69,95;70,11;69,7;69,96
06/11/2024 17:05;69,1;69,28;69,02;69,28
06/11/2024 13:00;68,94;69,11;68,82;69,1
06/11/2024 09:00;69,27;69,31;68,77;68,95
05/11/2024 17:05;68,77;68,91;68,69;68,77
05/11/2024 13:00;69,06;69,14;68,64;68,77
05/11/2024 09:00;69,19;69,3;68,82;69,06
04/11/2024 17:05;69,45;69,46;69,3;69,31
04/11/2024 13:00;69,55;69,61;69,39;69,48
04/11/2024 09:00;69,65;69,98;69,49;69,55
01/11/2024 17:05;69,72;69,74;69,58;69,58
01/11/2024 13:00;69,4;69,63;69,39;69,63
01/11/2024 09:00;69,85;69,92;69,3;69,38
31/10/2024 17:05;69,54;69,65;69,44;69,56
31/10/2024 13:00;69,65;69,65;69,34;69,5
31/10/2024 09:00;69,72;69,98;69,13;69,65
30/10/2024 17:05;69,73;69,81;69,64;69,81
30/10/2024 13:00;70,13;70,44;69,63;69,72
30/10/2024 09:00;69,6;70,56;69,51;70,13
29/10/2024 17:05;69,79;69,96;69,73;69,92
29/10/2024 13:00;69,27;69,95;69,27;69,82
29/10/2024 09:00;69,24;69,3;68,75;69,28
28/10/2024 17:05;68,91;69,03;68,91;69,03
28/10/2024 13:00;68,96;69,02;68,78;68,91
28/10/2024 09:00;69,11;69,11;68,41;68,97
25/10/2024 17:05;69,15;69,26;69,06;69,12
25/10/2024 13:00;68,98;69,27;68,92;69,15
25/10/2024 09:00;68,81;69,34;68,66;68,98
24/10/2024 17:05;68,81;68,82;68,66;68,82
24/10/2024 13:00;68,57;69,08;68,57;68,81
24/10/2024 09:00;68,35;68,96;68,35;68,58
23/10/2024 17:05;68,25;68,3;68,16;68,26
23/10/2024 13:00;67,92;68,4;67,82;68,25
23/10/2024 09:00;67,62;68,02;67,34;67,97
22/10/2024 17:05;67,63;67,66;67,43;67,63
22/10/2024 13:00;67,58;67,86;67,17;67,62
22/10/2024 09:00;66,9;67,69;66,9;67,6
21/10/2024 17:05;66,87;66,87;66,63;66,67
21/10/2024 13:00;66,45;66,89;66,36;66,77
21/10/2024 09:00;66,16;66,49;65,97;66,46
18/10/2024 17:05;66,01;66,06;65,83;65,96
18/10/2024 13:00;65,88;66,27;65,82;66,01
18/10/2024 09:00;65,74;65,95;65,67;65,89
17/10/2024 17:05;65,79;65,93;65,7;65,87
17/10/2024 13:00;65,66;65,88;65,54;65,79
17/10/2024 09:00;65,53;65,96;65,36;65,67
16/10/2024 17:05;65,3;65,34;65,12;65,33
16/10/2024 13:00;65,37;65,86;65,21;65,25
16/10/2024 09:00;65,47;65,65;65,16;65,37
15/10/2024 17:05;65,42;65,69;65,36;65,37
15/10/2024 13:00;64,45;65,48;64,45;65,39
15/10/2024 09:00;64,09;64,82;63,92;64,45
14/10/2024 17:05;64,2;64,31;64,2;64,22
14/10/2024 13:00;64,63;64,67;64,02;64,23
14/10/2024 09:00;64,88;65,29;64,45;64,65
11/10/2024 17:05;65,28;65,28;64,83;65,14
11/10/2024 13:00;65,45;65,62;65,22;65,29
11/10/2024 09:00;65,78;66,04;65,34;65,45
10/10/2024 17:05;65,66;65,72;65,55;65,66
10/10/2024 13:00;65,31;65,77;65,25;65,6
10/10/2024 09:00;65,2;65,39;65,02;65,31
09/10/2024 17:05;65,1;65,2;65,05;65,17
09/10/2024 13:00;64,72;65,39;64,67;65,05
09/10/2024 09:00;64,93;65,25;64,1;64,7
08/10/2024 17:05;64,68;64,85;64,63;64,79
08/10/2024 13:00;64,08;65,15;63,97;64,59
08/10/2024 09:00;63,66;64,48;63,58;64,03
07/10/2024 17:05;63,86;63,86;63,61;63,69
07/10/2024 13:00;64,49;64,57;63,73;63,86
07/10/2024 09:00;65,13;65,29;63,89;64,48
04/10/2024 17:05;64,83;64,99;64,82;64,91
04/10/2024 13:00;65,42;65,69;64,82;64,83
04/10/2024 09:00;66,1;66,26;65,4;65,43
03/10/2024 17:05;66,34;66,34;66,25;66,25
03/10/2024 13:00;66,38;66,63;66,06;66,26
03/10/2024 09:00;66,36;66,57;66,22;66,4
02/10/2024 17:05;66,35;66,51;66,34;66,48
02/10/2024 13:00;66,22;66,58;66,19;66,39
02/10/2024 09:00;65,86;66,61;65,77;66,2
01/10/2024 17:05;65,72;65,86;65,72;65,82
01/10/2024 13:00;65,73;65,77;65,6;65,77
01/10/2024 09:00;65,74;65,74;65,32;65,72
30/09/2024 17:05;65,66;65,66;65,48;65,48
30/09/2024 13:00;65,56;65,74;65,56;65,67
30/09/2024 09:00;65,48;65,73;65,23;65,59
27/09/2024 17:05;65,5;65,73;65,47;65,5
27/09/2024 13:00;64,9;65,49;64,85;65,48
27/09/2024 09:00;65,05;65,26;64,57;64,9
26/09/2024 17:05;64,92;65;64,86;64,96
26/09/2024 13:00;65,29;65,55;64,71;65
26/09/2024 09:00;64,52;65,42;64,36;65,29
25/09/2024 17:05;64,58;64,7;64,53;64,58
25/09/2024 13:00;64,91;64,99;64,27;64,57
25/09/2024 09:00;64,86;65,1;64,77;64,9
24/09/2024 17:05;64,96;65,09;64,91;65,07
24/09/2024 13:00;64,64;65,04;64,63;65,01
24/09/2024 09:00;64,82;64,98;64,44;64,64
23/09/2024 17:05;64,97;65,01;64,92;65,01
23/09/2024 13:00;64,9;64,98;64,64;64,92
23/09/2024 09:00;64,53;65,1;64,53;64,91
20/09/2024 17:05;64,66;64,66;64,34;64,35
20/09/2024 13:00;63,82;64,82;63,77;64,67
20/09/2024 09:00;63,72;64,14;63,29;63,81
19/09/2024 17:05;63,79;63,82;63,51;63,71
19/09/2024 13:00;63,23;64,02;63,23;63,8
19/09/2024 09:00;63,05;63,37;62,77;63,26
18/09/2024 17:05;63,29;63,39;63,15;63,19
18/09/2024 13:00;63,62;63,64;63,11;63,2
18/09/2024 09:00;63,77;64,05;63,5;63,64
17/09/2024 17:05;64,11;64,11;63,99;64,01
17/09/2024 13:00;64,12;64,43;63,78;64,1
17/09/2024 09:00;64,07;64,25;63,77;64,12
16/09/2024 17:05;64,29;64,37;64,26;64,33
16/09/2024 13:00;64,42;64,53;64,23;64,3
16/09/2024 09:00;64,04;64,5;63,82;64,41
13/09/2024 17:05;64,64;64,71;64,58;64,65
13/09/2024 13:00;64,27;64,77;64,23;64,63
13/09/2024 09:00;63,89;64,28;63,48;64,26
12/09/2024 17:05;63,5;63,67;63,49;63,67
12/09/2024 13:00;64,48;64,55;63,31;63,58
12/09/2024 09:00;64,3;64,57;64,07;64,54
11/09/2024 17:05;63,86;64,01;63,76;63,99
11/09/2024 13:00;64,16;64,29;63,7;63,86
11/09/2024 09:00;64,29;64,88;64,1;64,16
10/09/2024 17:05;64,15;64,2;63,93;64,13
10/09/2024 13:00;64,69;64,76;64,05;64,09
10/09/2024 09:00;64,39;65,43;63,86;64,69
09/09/2024 17:05;64,23;64,58;64,17;64,54
09/09/2024 13:00;63,83;64,6;63,78;64,3
09/09/2024 09:00;63,11;63,84;63,11;63,83
06/09/2024 17:05;63,02;63,15;63,02;63,07
06/09/2024 13:00;63,28;63,39;62,8;62,98
06/09/2024 09:00;62,75;63,6;62,72;63,27
05/09/2024 17:05;62,53;62,63;62,34;62,56
05/09/2024 13:00;62,94;63,13;62,55;62,55
05/09/2024 09:00;62,91;63,2;62,44;62,92
04/09/2024 17:05;63,14;63,22;62,81;62,99
04/09/2024 13:00;62,39;63,23;62,36;63,14
04/09/2024 09:00;62,21;62,49;62,1;62,39
03/09/2024 17:05;62,06;62,36;61,87;61,97
03/09/2024 13:00;61,89;62,25;61,83;62,14
03/09/2024 09:00;61,81;61,89;61,08;61,87
02/09/2024 17:05;61,6;61,69;61,59;61,63
02/09/2024 13:00;61,77;61,79;61,59;61,73
02/09/2024 09:00;61,78;61,94;61,54;61,77
30/08/2024 17:05;61,7;61,78;61,65;61,76
30/08/2024 13:00;61,44;61,69;61,38;61,69
30/08/2024 09:00;61,02;61,68;60,93;61,42
29/08/2024 17:05;60,98;61,07;60,74;61,03
29/08/2024 13:00;60,97;61,19;60,81;60,98
29/08/2024 09:00;60,23;61,06;60,23;60,98
28/08/2024 17:05;60,44;60,44;60,38;60,42
28/08/2024 13:00;60,43;60,49;60,3;60,44
28/08/2024 09:00;60,37;60,46;60,18;60,43
27/08/2024 17:05;60,39;60,47;60,36;60,42
27/08/2024 13:00;60,4;60,49;60,09;60,44
27/08/2024 09:00;59,84;60,43;59,72;60,39
26/08/2024 17:05;60,08;60,08;59,95;59,99
26/08/2024 13:00;60,28;60,3;59,94;60,08
26/08/2024 09:00;60,05;60,29;59,88;60,28
23/08/2024 17:05;60,13;60,27;60,06;60,2
23/08/2024 13:00;60,22;60,37;60,19;60,22
23/08/2024 09:00;60,49;60,59;60,14;60,23
22/08/2024 17:05;60,42;60,49;60,37;60,49
22/08/2024 13:00;60,4;60,49;60,29;60,47
22/08/2024 09:00;60,1;60,48;60,05;60,4
21/08/2024 17:05;60,27;60,27;60,04;60,09
21/08/2024 13:00;60,1;60,29;60,04;60,18
21/08/2024 09:00;60,22;60,39;60,02;60,11
20/08/2024 17:05;60,58;60,58;60,36;60,44
20/08/2024 13:00;60,01;60,59;59,94;60,46
20/08/2024 09:00;60,11;60,44;59,89;59,99
19/08/2024 17:05;60,18;60,24;60,01;60,01
19/08/2024 13:00;59,65;60,14;59,52;60,13
19/08/2024 09:00;59,93;60,12;59,64;59,65
16/08/2024 17:05;59,54;59,59;59,5;59,52
16/08/2024 13:00;59,65;59,68;59,32;59,55
16/08/2024 09:00;59,97;59,99;59,49;59,65
15/08/2024 17:05;60,29;60,29;60,14;60,26
15/08/2024 13:00;60,17;60,27;59,99;60,26
15/08/2024 09:00;59,98;60,31;59,8;60,16
14/08/2024 17:05;59,71;59,85;59,64;59,7
14/08/2024 13:00;60,06;60,14;59,67;59,71
14/08/2024 09:00;59,97;60,16;59,71;60,05
13/08/2024 17:05;59,94;59,98;59,81;59,83
13/08/2024 13:00;59,81;60,02;59,79;59,94
13/08/2024 09:00;60,12;60,42;59,76;59,82
12/08/2024 17:05;60,48;60,68;60,23;60,27
12/08/2024 13:00;59,63;60,49;59,49;60,46
12/08/2024 09:00;59,89;60,05;59,59;59,65
09/08/2024 17:05;60,22;60,39;60,14;60,14
09/08/2024 13:00;59,9;60,26;59,89;60,22
09/08/2024 09:00;59,86;60,07;59,67;59,9
08/08/2024 17:05;60,03;60,04;59,99;59,99
08/08/2024 13:00;60,41;60,45;59,93;60,08
08/08/2024 09:00;60,41;61,06;60,24;60,43
07/08/2024 17:05;60,1;60,19;60,02;60,18
07/08/2024 13:00;60,01;60,31;59,97;60,1
07/08/2024 09:00;60,31;60,59;59,9;60
06/08/2024 17:05;60,31;60,63;60,23;60,62
06/08/2024 13:00;60,71;60,87;60,31;60,31
06/08/2024 09:00;61,44;61,44;60,44;60,71
05/08/2024 17:05;61,49;61,62;61,41;61,58
05/08/2024 13:00;61,78;62,21;61,55;61,69
05/08/2024 09:00;61,36;61,96;61,1;61,79
02/08/2024 17:05;61,72;62,09;61,72;62,09
02/08/2024 13:00;61,28;61,89;61,24;61,82
02/08/2024 09:00;60,81;61,41;60,67;61,28
01/08/2024 17:05;60,79;60,79;60,56;60,56
01/08/2024 13:00;60,14;60,67;60,13;60,59
01/08/2024 09:00;59,8;60,2;59,7;60,15
31/07/2024 17:05;59,62;59,69;59,59;59,68
31/07/2024 13:00;59,59;59,83;59,42;59,62
31/07/2024 09:00;60,09;60,24;59,44;59,59
30/07/2024 17:05;59,97;60,13;59,85;60,09
30/07/2024 13:00;60,54;60,59;59,97;60,02
30/07/2024 09:00;60,49;60,79;60,29;60,55
29/07/2024 17:05;60,98;61,03;60,76;60,99
29/07/2024 13:00;60,73;61,49;60,6;61,06
29/07/2024 09:00;60,92;60,99;60,59;60,72
26/07/2024 17:05;61,1;61,19;61,09;61,19
26/07/2024 13:00;60,95;61,43;60,93;61,07
26/07/2024 09:00;61,33;61,33;60,62;60,92
25/07/2024 17:05;61,48;61,49;61,24;61,4
25/07/2024 13:00;62,42;62,46;61,1;61,38
25/07/2024 09:00;61,45;62,49;61,29;62,44
24/07/2024 17:05;61,73;61,73;61,6;61,6
24/07/2024 13:00;61,69;61,99;61,44;61,67
24/07/2024 09:00;61,11;61,77;60,54;61,69
23/07/2024 17:05;60,89;60,98;60,81;60,94
23/07/2024 13:00;60,88;61,29;60,8;60,88
23/07/2024 09:00;60,28;61,39;60,02;60,89
22/07/2024 17:05;60,46;60,57;60,4;60,41
22/07/2024 13:00;60,06;60,59;59,9;60,42
22/07/2024 09:00;59,73;60,39;59,39;60,05
19/07/2024 17:05;59,13;59,48;59,1;59,26
19/07/2024 13:00;59,21;59,42;58,83;59,13
19/07/2024 09:00;58,29;59,3;58,09;59,22
18/07/2024 17:05;58,23;58,44;57,99;58,12
18/07/2024 13:00;58,48;58,84;58,2;58,24
18/07/2024 09:00;58,87;58,96;58,43;58,48
17/07/2024 17:05;59,13;59,14;58,92;58,99
17/07/2024 13:00;58,87;59,19;58,74;59
17/07/2024 09:00;58,53;58,99;58,49;58,87
16/07/2024 17:05;58,56;58,62;58,39;58,49
16/07/2024 13:00;58,24;58,82;58,04;58,54
16/07/2024 09:00;57,95;58,39;57,75;58,25
15/07/2024 17:05;57,72;57,89;57,64;57,89
15/07/2024 13:00;57,47;58,2;57,42;57,74
15/07/2024 09:00;58,44;58,44;57,34;57,44
12/07/2024 17:05;58,4;58,49;58,31;58,31
12/07/2024 13:00;57,58;58,65;57,54;58,29
12/07/2024 09:00;57,64;58,02;57,52;57,57
11/07/2024 17:05;57,54;57,55;57,4;57,54
11/07/2024 13:00;58,06;58,08;57,5;57,5
11/07/2024 09:00;58,18;58,38;57,89;58,07
10/07/2024 17:05;57,89;57,99;57,89;57,94
10/07/2024 13:00;58,02;58,04;57,89;57,94
10/07/2024 09:00;58,16;58,16;57,61;58,01
09/07/2024 17:05;58,04;58,16;57,87;57,89
09/07/2024 13:00;57,85;58,17;57,66;58,03
09/07/2024 09:00;58;58,02;57,37;57,84
08/07/2024 17:05;57,73;57,93;57,42;57,67
08/07/2024 13:00;57,34;57,88;56,82;57,88
08/07/2024 09:00;57,68;57,83;57,09;57,34
05/07/2024 17:05;57,84;57,99;57,64;57,99
05/07/2024 13:00;58,08;58,16;57,84;57,84
05/07/2024 09:00;57,63;58,18;57,54;58,07
04/07/2024 17:05;57,87;57,87;57,77;57,77
04/07/2024 13:00;57,9;58,04;57,62;57,87
04/07/2024 09:00;58,29;58,34;57,51;57,87
03/07/2024 17:05;58,54;58,59;58,49;58,59
03/07/2024 13:00;58,59;58,71;58,39;58,58
03/07/2024 09:00;59,29;59,42;58,39;58,57
02/07/2024 17:05;59,49;59,7;59,49;59,49
02/07/2024 13:00;59,26;59,74;58,99;59,55
02/07/2024 09:00;59,16;59,43;59,04;59,25
01/07/2024 17:05;58,87;58,97;58,79;58,91
01/07/2024 13:00;58,67;58,99;58,58;58,86
01/07/2024 09:00;59,47;59,47;58,29;58,67
28/06/2024 17:05;59,32;59,51;59,11;59,49
28/06/2024 13:00;61,35;61,39;59,25;59,26
28/06/2024 09:00;61,18;61,61;60,9;61,38
27/06/2024 17:05;60,82;60,89;60,62;60,72
27/06/2024 13:00;60,1;61,01;60,06;60,65
27/06/2024 09:00;60;60,32;59,82;60,1
26/06/2024 17:05;59,94;60,04;59,8;59,85
26/06/2024 13:00;59,84;60,01;59,7;59,94
26/06/2024 09:00;59,98;60,09;59,59;59,85
25/06/2024 17:05;59,75;59,87;59,7;59,7
25/06/2024 13:00;60,03;60,03;59,7;59,75
25/06/2024 09:00;60,1;60,39;59,75;60,03
24/06/2024 17:05;60,85;60,85;60,56;60,59
24/06/2024 13:00;60,37;60,89;60,24;60,75
24/06/2024 09:00;60,29;60,73;59,9;60,38
21/06/2024 17:05;60,56;60,63;60,29;60,37
21/06/2024 13:00;60,45;61,19;60,11;60,49
21/06/2024 09:00;60,64;60,74;60,31;60,46
20/06/2024 17:05;60,34;60,62;60,34;60,49
20/06/2024 13:00;60,79;60,79;60,26;60,49
20/06/2024 09:00;61,15;61,41;60,79;60,79
19/06/2024 17:05;61,53;61,64;61,39;61,39
19/06/2024 13:00;60,66;61,77;60,54;61,49
19/06/2024 09:00;60,6;60,86;60,28;60,66
18/06/2024 17:05;60,64;60,74;60,59;60,62
18/06/2024 13:00;60,84;60,87;60,46;60,59
18/06/2024 09:00;60,66;61,13;60,45;60,85
17/06/2024 17:05;60,48;60,69;60,45;60,69
17/06/2024 13:00;60,7;60,81;60,4;60,48
17/06/2024 09:00;60,99;61,25;60,61;60,7
14/06/2024 17:05;61,24;61,35;61,19;61,29
14/06/2024 13:00;61,91;62,02;61,11;61,13
14/06/2024 09:00;62,28;62,63;61,75;61,89
13/06/2024 17:05;62,44;62,68;62,22;62,68
13/06/2024 13:00;62,77;62,99;62,39;62,48
13/06/2024 09:00;62,63;63,33;62,38;62,76
12/06/2024 17:05;62,69;62,76;62,59;62,62
12/06/2024 13:00;62,97;62,99;62;62,69
12/06/2024 09:00;62,69;62,99;62,19;62,98
11/06/2024 17:05;62,68;62,78;62,6;62,64
11/06/2024 13:00;62,37;63,15;62,17;62,65
11/06/2024 09:00;62,31;62,7;61,98;62,36
10/06/2024 17:05;62,44;62,44;62,21;62,37
10/06/2024 13:00;62,34;62,63;61,98;62,44
10/06/2024 09:00;61,09;62,49;60,7;62,39
07/06/2024 17:05;61,17;61,32;61,09;61,09
07/06/2024 13:00;60,74;61,26;60,6;61,12
07/06/2024 09:00;60,99;61,19;60,59;60,76
06/06/2024 17:05;61,28;61,37;61,11;61,29
06/06/2024 13:00;61,53;61,61;61,2;61,33
06/06/2024 09:00;60,77;61,98;60,43;61,52
05/06/2024 17:05;60,14;60,55;60,11;60,31
05/06/2024 13:00;60,19;60,48;60,09;60,19
05/06/2024 09:00;60,15;60,43;60,14;60,19
04/06/2024 17:05;60,33;60,38;60,23;60,34
04/06/2024 13:00;60,26;60,56;60,03;60,34
04/06/2024 09:00;60,44;60,79;60,16;60,26
03/06/2024 17:05;60,59;60,79;60,54;60,63
03/06/2024 13:00;60,71;60,86;60,42;60,49
03/06/2024 09:00;61,5;61,72;60,66;60,7
31/05/2024 17:05;61,54;61,65;61,46;61,46
31/05/2024 13:00;61,8;61,82;61,39;61,45
31/05/2024 09:00;61,87;62,22;61,56;61,8
29/05/2024 17:05;61,82;62,03;61,8;61,86
29/05/2024 13:00;62,05;62,17;61,69;61,8
29/05/2024 09:00;61,99;62,86;61,8;62,05
28/05/2024 17:05;62,21;62,24;62,01;62,04
28/05/2024 13:00;63,05;63,09;62,12;62,19
28/05/2024 09:00;63,44;63,61;62,92;63,05
27/05/2024 17:05;63,61;63,61;63,39;63,46
27/05/2024 13:00;62,99;63,47;62,93;63,44
27/05/2024 09:00;62,73;63,16;62,62;62,99
24/05/2024 17:05;62,81;62,98;62,71;62,91
24/05/2024 13:00;62,76;62,95;62,59;62,81
24/05/2024 09:00;62,71;62,89;62,63;62,77
23/05/2024 17:05;62,74;62,79;62,56;62,61
23/05/2024 13:00;63,06;63,12;62,71;62,71
23/05/2024 09:00;62,9;63,22;62,71;63,06
22/05/2024 17:05;63,1;63,19;63,05;63,16
22/05/2024 13:00;63,06;63,18;62,47;63,12
22/05/2024 09:00;62,74;63,48;62,65;63,06
21/05/2024 17:05;62,94;63,06;62,94;62,97
21/05/2024 13:00;62,46;63,12;62,39;62,89
21/05/2024 09:00;62,99;63,06;62,36;62,48
20/05/2024 17:05;63,07;63,12;62,89;62,94
20/05/2024 13:00;62,43;63,15;62,38;63,07
20/05/2024 09:00;61,93;62,65;61,84;62,43
17/05/2024 17:05;61,49;61,79;61,49;61,62
17/05/2024 13:00;61,84;61,89;61,59;61,65
17/05/2024 09:00;62,19;62,19;61,29;61,84
16/05/2024 17:05;62;62,14;61,91;62,14
16/05/2024 13:00;62,44;62,45;61,89;62,09
16/05/2024 09:00;63,38;63,55;62,4;62,49
15/05/2024 17:05;63,11;63,19;63,11;63,17
15/05/2024 13:00;63,23;63,36;63,07;63,19
15/05/2024 09:00;63,08;63,38;62,91;63,24
14/05/2024 17:05;62,96;63,11;62,73;63,04
14/05/2024 13:00;63,33;63,38;63;63,08
14/05/2024 09:00;63,47;63,83;62,83;63,35
13/05/2024 17:05;63,41;63,49;63,29;63,49
13/05/2024 13:00;62,99;63,61;62,97;63,44
13/05/2024 09:00;62,79;62,99;62,35;62,99
10/05/2024 17:05;62,55;62,55;62,19;62,19
10/05/2024 13:00;62,24;62,8;62,14;62,34
10/05/2024 09:00;62,34;62,75;62;62,23
09/05/2024 17:05;62,36;62,38;62,23;62,34
09/05/2024 13:00;62,19;62,44;62,05;62,33
09/05/2024 09:00;61,94;62,49;61,75;62,19
08/05/2024 17:05;61,69;61,69;61,39;61,59
08/05/2024 13:00;61,82;62,88;61,46;61,69
08/05/2024 09:00;61,7;61,89;61,2;61,81
07/05/2024 17:05;61,89;62,04;61,75;61,93
07/05/2024 13:00;62,28;62,56;61,81;61,99
07/05/2024 09:00;61,66;62,36;61,23;62,27
06/05/2024 17:05;61,56;61,88;61,56;61,84
06/05/2024 13:00;61,14;61,71;61,11;61,56
06/05/2024 09:00;60,59;61,67;60,24;61,16
03/05/2024 17:05;60,04;60,09;59,82;60,09
03/05/2024 13:00;60,04;60,22;59,9;60,03
03/05/2024 09:00;60,58;60,59;59,94;60,05
02/05/2024 17:05;60,21;60,52;60,14;60,29
02/05/2024 13:00;59,57;60,58;59,56;60,09
02/05/2024 09:00;59,79;59,99;59,39;59,59
30/04/2024 17:05;59,54;59,63;59,54;59,55
30/04/2024 13:00;59,8;59,93;59,49;59,49
30/04/2024 09:00;59,59;59,95;59,5;59,79
29/04/2024 17:05;59,59;59,73;59,44;59,59
29/04/2024 13:00;59,28;59,49;59,19;59,49
29/04/2024 09:00;59,07;59,46;59,02;59,32
26/04/2024 17:05;59;59,07;58,96;59,01
26/04/2024 13:00;59,02;59,2;58,94;59,07
26/04/2024 09:00;59,74;59,74;58,89;59,02
25/04/2024 17:05;59,58;59,84;59,54;59,69
25/04/2024 13:00;59,13;59,76;59,11;59,58
25/04/2024 09:00;58,98;59,46;58,98;59,14
24/04/2024 17:05;58,97;59,09;58,97;59,07
24/04/2024 13:00;59,21;59,26;58,97;59,07
24/04/2024 09:00;58,85;59,31;58,83;59,21
23/04/2024 17:05;58,88;59,01;58,76;58,97
23/04/2024 13:00;59,06;59,31;58,91;58,95
23/04/2024 09:00;59,27;59,27;58,82;59,07
22/04/2024 17:05;59,02;59,14;59,02;59,1
22/04/2024 13:00;59,09;59,31;58,91;59,03
22/04/2024 09:00;59,29;59,54;58,97;59,07
19/04/2024 17:05;59,17;59,3;59,07;59,3
19/04/2024 13:00;59,22;59,45;58,95;59,23
19/04/2024 09:00;59,67;59,91;59,12;59,22
18/04/2024 17:05;59,11;59,29;59,07;59,29
18/04/2024 13:00;59,26;59,54;59,02;59,15
18/04/2024 09:00;59,32;59,43;58,93;59,24
17/04/2024 17:05;59,42;59,63;59,19;59,63
17/04/2024 13:00;59,54;60,19;59,22;59,43
17/04/2024 09:00;60,37;60,57;59,12;59,53
16/04/2024 17:05;60,18;60,26;60,05;60,18
16/04/2024 13:00;60,79;60,85;59,96;60,22
16/04/2024 09:00;59,73;61,12;59,73;60,78
15/04/2024 17:05;59,88;59,88;59,63;59,86
15/04/2024 13:00;59,22;59,93;59,07;59,78
15/04/2024 09:00;58,51;59,63;58,31;59,22
12/04/2024 17:05;58,71;58,81;58,52;58,81
12/04/2024 13:00;59,45;59,66;58,39;58,7
12/04/2024 09:00;58,16;60,97;58;59,48
11/04/2024 17:05;58,35;58,35;57,96;58,16
11/04/2024 13:00;58,74;59,07;58,1;58,38
11/04/2024 09:00;58,89;59,43;58,6;58,74
10/04/2024 17:05;58,88;59,12;58,88;59,11
10/04/2024 13:00;58,24;59,53;58,16;59,02
10/04/2024 09:00;58,26;58,49;57,79;58,23
09/04/2024 17:05;58,24;58,35;58,1;58,15
09/04/2024 13:00;58,61;58,75;57,99;58,29
09/04/2024 09:00;59,11;59,12;58,17;58,61
08/04/2024 17:05;59,22;59,4;59,22;59,26
08/04/2024 13:00;60,25;60,32;59,11;59,29
08/04/2024 09:00;60,09;60,35;59,85;60,25
05/04/2024 17:05;60,31;60,47;60,19;60,47
05/04/2024 13:00;60,45;60,58;59,9;60,35
05/04/2024 09:00;60,58;61,06;60,41;60,45
04/04/2024 17:05;60,7;60,79;60,25;60,45
04/04/2024 13:00;60,75;60,96;60,56;60,76
04/04/2024 09:00;60,49;60,93;60,14;60,77
03/04/2024 17:05;60,17;60,4;60,09;60,31
03/04/2024 13:00;60,24;60,4;60,04;60,24
03/04/2024 09:00;60,76;60,76;59,73;60,3
02/04/2024 17:05;60,32;60,43;60,24;60,3
02/04/2024 13:00;60,46;60,62;60,06;60,3
02/04/2024 09:00;61,22;61,22;60,44;60,47
01/04/2024 17:05;61,01;61,04;60,86;60,94
01/04/2024 13:00;61,43;61,54;60,86;60,86
01/04/2024 09:00;61,68;62,32;60,45;61,43
28/03/2024 17:05;61,56;61,74;61,56;61,68
28/03/2024 13:00;61,11;62,18;61,11;61,68
28/03/2024 09:00;61,05;61,37;60,78;60,99
27/03/2024 17:05;61,02;61,32;60,88;61,06
27/03/2024 13:00;61,31;61,36;60,81;61,06
27/03/2024 09:00;60,86;61,88;60,35;61,33
26/03/2024 17:05;61,19;61,46;61,09;61,18
26/03/2024 13:00;62,45;62,52;61,17;61,19
26/03/2024 09:00;62,56;63;61,99;62,49
25/03/2024 17:05;62,7;62,85;62,55;62,84
25/03/2024 13:00;62,29;62,8;62,07;62,7
25/03/2024 09:00;61,6;62,38;61,27;62,29
22/03/2024 17:05;61,56;61,67;61,52;61,6
22/03/2024 13:00;61,26;61,72;61,26;61,51
22/03/2024 09:00;61,26;61,57;61,1;61,27
21/03/2024 17:05;61,72;61,87;61,72;61,8
21/03/2024 13:00;61,87;62,03;61,68;61,83
21/03/2024 09:00;61,93;62,38;61,63;61,88
20/03/2024 17:05;61,88;62,07;61,76;61,93
20/03/2024 13:00;62,39;62,56;61,57;62,01
20/03/2024 09:00;62,65;63,52;62,13;62,39
19/03/2024 17:05;62,7;63,19;62,65;63,08
19/03/2024 13:00;62,8;63,25;62,39;63,06
19/03/2024 09:00;61,98;63,27;61,09;62,8
18/03/2024 17:05;62,25;62,37;61,63;61,98
18/03/2024 13:00;60,84;63,11;60,36;62,29
18/03/2024 09:00;62,33;62,38;59,94;60,87
15/03/2024 17:05;62,14;62,47;62,1;62,39
15/03/2024 13:00;63,34;63,57;61,94;62,14
15/03/2024 09:00;64,18;64,68;63,12;63,38
14/03/2024 17:05;64,54;64,54;64,25;64,29
14/03/2024 13:00;64,26;64,95;64,1;64,5
14/03/2024 09:00;64,85;64,95;63,96;64,26
13/03/2024 17:05;65,01;65,05;64,5;65,05
13/03/2024 13:00;64,09;65,4;63,9;65,1
13/03/2024 09:00;63,83;64,17;63,08;64,11
12/03/2024 17:05;64,32;64,43;63,9;63,98
12/03/2024 13:00;63,89;64,34;63,67;64,27
12/03/2024 09:00;62,91;64,52;62,91;63,88
11/03/2024 17:05;62,88;63,41;62,85;63,41
11/03/2024 13:00;63,42;63,52;62,83;63,01
11/03/2024 09:00;61,47;63,8;60,99;63,36
08/03/2024 17:05;61,89;62,03;61,88;62,01
08/03/2024 13:00;61,59;62,14;60,96;62,05
08/03/2024 09:00;61,59;62,33;60,76;61,56
07/03/2024 17:05;62,29;62,34;62,09;62,09
07/03/2024 13:00;60,55;62,39;60,41;62,32
07/03/2024 09:00;60,35;61,37;60,18;60,55
06/03/2024 17:05;59,7;59,83;59,62;59,79
06/03/2024 13:00;59,39;59,73;59,3;59,73
06/03/2024 09:00;59,08;59,73;58,67;59,39
05/03/2024 17:05;59,48;59,53;59,47;59,47
05/03/2024 13:00;59,22;59,63;59,14;59,48
05/03/2024 09:00;59,73;59,99;58,51;59,2
04/03/2024 17:05;59,06;59,28;58,87;59,19
04/03/2024 13:00;59,24;59,38;58,9;59,01
04/03/2024 09:00;58,51;59,41;58,43;59,25
01/03/2024 17:05;57,69;57,79;57,54;57,74
01/03/2024 13:00;57,24;57,89;57,09;57,73
01/03/2024 09:00;57,62;58,34;57,04;57,23
29/02/2024 17:05;57,64;57,65;57,49;57,51
29/02/2024 13:00;57,76;57,92;57,41;57,59
29/02/2024 09:00;57,78;58,14;57,41;57,71
28/02/2024 17:05;57,68;57,77;57,59;57,63
28/02/2024 13:00;57,95;58,33;57,39;57,59
28/02/2024 09:00;58,54;58,54;57,63;57,95
27/02/2024 17:05;58,58;58,72;58,25;58,31
27/02/2024 13:00;58,42;58,73;58,11;58,43
27/02/2024 09:00;58,54;59,02;58,03;58,46
26/02/2024 17:05;58,34;58,35;57,98;58,3
26/02/2024 13:00;58,06;58,54;57,87;58,35
26/02/2024 09:00;59,32;59,98;57,33;58,01
23/02/2024 17:05;59,25;59,35;59,19;59,21
23/02/2024 13:00;59,05;59,62;58,78;59,31
23/02/2024 09:00;61,22;61,31;58,92;59,05
22/02/2024 17:05;61,27;61,37;61,16;61,18
22/02/2024 13:00;61,46;61,66;61,13;61,37
22/02/2024 09:00;61,75;61,93;61,25;61,46
21/02/2024 17:05;61,79;61,79;61,61;61,65
21/02/2024 13:00;61,67;61,81;61,55;61,59
21/02/2024 09:00;61,96;61,97;61,51;61,68
20/02/2024 17:05;61,87;61,95;61,8;61,9
20/02/2024 13:00;61,87;62,08;61,7;61,96
20/02/2024 09:00;62,13;62,31;61,63;61,86
19/02/2024 17:05;62,13;62,27;62,11;62,11
19/02/2024 13:00;61,96;62,29;61,82;62,13
19/02/2024 09:00;61,83;62,23;61,62;61,93
16/02/2024 17:05;61,73;61,87;61,73;61,87
16/02/2024 13:00;61,77;61,81;61,56;61,75
16/02/2024 09:00;61,7;61,84;61,54;61,77
15/02/2024 17:05;61,7;61,72;61,61;61,7
15/02/2024 13:00;61,69;61,95;61,55;61,71
15/02/2024 09:00;61,71;62,07;61,62;61,7
14/02/2024 17:05;61,6;61,79;61,53;61,7
14/02/2024 13:00;61,69;61,9;61,46;61,66
09/02/2024 17:05;62,09;62,1;61,91;62,05
09/02/2024 13:00;61,72;62,31;61,7;62,04
09/02/2024 09:00;61,82;62,31;61,57;61,72
08/02/2024 17:05;62,46;62,59;62,24;62,24
08/02/2024 13:00;61,46;62,46;61,41;62,42
08/02/2024 09:00;61,99;62,25;61,32;61,46
07/02/2024 17:05;61,75;61,79;61,45;61,46
07/02/2024 13:00;61,96;62,02;61,46;61,74
07/02/2024 09:00;62,45;62,45;61,52;61,99
06/02/2024 17:05;62,43;62,61;62,42;62,61
06/02/2024 13:00;62,51;62,65;61,99;62,51
06/02/2024 09:00;62,85;63,3;62,38;62,51
05/02/2024 17:05;62,46;62,75;62,37;62,75
05/02/2024 13:00;61,89;62,74;61,7;62,65
05/02/2024 09:00;61,49;62,07;61,38;61,89
02/02/2024 17:05;61,42;61,49;61,11;61,23
02/02/2024 13:00;61,06;61,51;60,95;61,38
02/02/2024 09:00;60,79;61,37;60,79;61,06
01/02/2024 17:05;61,2;61,22;61,03;61,1
01/02/2024 13:00;61,5;61,62;61,22;61,27
01/02/2024 09:00;61,41;61,76;61,22;61,51
31/01/2024 17:05;62,32;62,39;62,03;62,03
31/01/2024 13:00;62,2;62,41;61,77;62,25
31/01/2024 09:00;62,17;62,59;61,88;62,17
30/01/2024 17:05;61,66;61,96;61,55;61,68
30/01/2024 13:00;61,85;61,99;61,22;61,69
30/01/2024 09:00;61,3;61,89;60,89;61,87
29/01/2024 17:05;61,32;61,36;60,98;60,99
29/01/2024 13:00;61,68;61,75;61,23;61,34
29/01/2024 09:00;62,07;62,07;61,43;61,69
26/01/2024 17:05;62,56;62,81;62,27;62,32
26/01/2024 13:00;62,87;62,87;62,02;62,59
26/01/2024 09:00;63,46;63,94;62,34;62,88
25/01/2024 17:05;64,27;64,42;63,99;64,19
25/01/2024 13:00;63,53;64,47;62,94;64,44
25/01/2024 09:00;63,37;64,54;63,32;63,53
24/01/2024 17:05;63,84;63,85;63,51;63,51
24/01/2024 13:00;62,52;64,04;62,41;64
24/01/2024 09:00;62,85;63,31;62,18;62,55
23/01/2024 17:05;63,37;63,47;63,2;63,29
23/01/2024 13:00;61,97;64,36;61,93;63,41
23/01/2024 09:00;61,47;62,13;61,17;61,99
22/01/2024 17:05;61,81;61,87;61,75;61,78
22/01/2024 13:00;61,99;61,99;61,65;61,87
22/01/2024 09:00;61,86;62,62;61,41;62,02
19/01/2024 17:05;62,55;62,65;62,42;62,43
19/01/2024 13:00;62,37;62,84;61,97;62,56
19/01/2024 09:00;63,34;63,51;62,22;62,37
18/01/2024 17:05;63,88;63,97;63,8;63,85
18/01/2024 13:00;63,98;64,21;63,71;63,8
18/01/2024 09:00;64;64,36;63,66;63,99
17/01/2024 17:05;64,82;64,82;64,59;64,66
17/01/2024 13:00;65,43;65,81;64,79;64,95
17/01/2024 09:00;64,19;65,47;63,54;65,43
16/01/2024 17:05;64,22;64,37;64,05;64,36
16/01/2024 13:00;64,45;64,64;63,57;63,97
16/01/2024 09:00;63,05;64,74;62,54;64,5
15/01/2024 17:05;63,57;63,65;63,49;63,49
15/01/2024 13:00;64,19;64,2;63,5;63,58
15/01/2024 09:00;64,85;65,3;63,95;64,22
12/01/2024 17:05;65,19;65,67;65,18;65,5
12/01/2024 13:00;66,13;66,62;64,64;65,19
12/01/2024 09:00;67,52;67,52;65,84;66,16
11/01/2024 17:05;68,01;68,09;67,74;67,87
11/01/2024 13:00;67,82;68,2;67,44;68,11
11/01/2024 09:00;68,75;68,75;67,4;67,82
10/01/2024 17:05;68,96;68,97;68,69;68,78
10/01/2024 13:00;69,29;69,31;68,2;68,87
10/01/2024 09:00;70,88;71,06;67,78;69,28
09/01/2024 17:05;71,07;71,08;70,89;70,89
09/01/2024 13:00;71,58;71,74;70,98;71,01
09/01/2024 09:00;71,94;72,33;71,26;71,55
08/01/2024 17:05;72,23;72,56;72,22;72,41
08/01/2024 13:00;72,62;73,11;72,22;72,23
08/01/2024 09:00;73,47;73,63;71,68;72,6
05/01/2024 17:05;73,93;73,93;73,73;73,88
05/01/2024 13:00;73,7;74,13;73,7;73,94
05/01/2024 09:00;74,1;74,27;73,67;73,74
04/01/2024 17:05;73,62;73,66;73,46;73,61
04/01/2024 13:00;73,41;73,84;73,28;73,61
04/01/2024 09:00;73,16;73,57;73,01;73,46
03/01/2024 17:05;73,61;73,85;73,54;73,6
03/01/2024 13:00;72,84;73,59;72,7;73,51
03/01/2024 09:00;73,02;73,2;72,6;72,82
02/01/2024 17:05;73,13;73,16;73,06;73,06
02/01/2024 13:00;72,51;73,06;72,34;73,05
02/01/2024 09:00;72,75;73,34;72,29;72,55
28/12/2023 17:05;72,36;72,45;72,26;72,27
28/12/2023 13:00;71,41;72,35;71,4;72,3
28/12/2023 09:00;70,68;71,53;70,68;71,39
27/12/2023 17:05;70,77;70,91;70,68;70,85
27/12/2023 13:00;71,01;71,05;70,37;70,67
27/12/2023 09:00;71,52;71,81;70,92;70,96
26/12/2023 17:05;71,37;71,51;71,23;71,33
26/12/2023 13:00;71,73;71,92;71,13;71,43
26/12/2023 09:00;71,14;72,01;71,13;71,78
22/12/2023 17:05;71,53;71,64;71,33;71,53
22/12/2023 13:00;71,85;71,92;71,38;71,53
22/12/2023 09:00;72,05;72,49;71,64;71,8
21/12/2023 17:05;72,47;72,63;72,45;72,63
21/12/2023 13:00;72,58;72,84;72,36;72,4
21/12/2023 09:00;72,66;72,98;72,09;72,57
20/12/2023 17:05;72,65;73,07;72,65;72,9
20/12/2023 13:00;72,12;72,65;72,08;72,65
20/12/2023 09:00;71,62;72,64;71,38;72,12
19/12/2023 17:05;71,34;71,83;71,33;71,83
19/12/2023 13:00;72,67;72,72;71,39;71,47
19/12/2023 09:00;73,16;73,41;72,67;72,68
18/12/2023 17:05;73,83;73,92;73,5;73,65
18/12/2023 13:00;73,72;73,92;73,47;73,62
18/12/2023 09:00;73,82;74,23;73,57;73,74
15/12/2023 17:05;74,52;74,61;74,23;74,53
15/12/2023 13:00;74,24;74,64;74,01;74,47
15/12/2023 09:00;73,1;74,56;72,9;74,23
14/12/2023 17:05;73,59;73,66;73,36;73,36
14/12/2023 13:00;74,33;74,53;73,31;73,38
14/12/2023 09:00;74,73;74,84;73,97;74,33
13/12/2023 17:05;74,27;74,48;74,18;74,48
13/12/2023 13:00;74,2;74,78;74,09;74,34
13/12/2023 09:00;73,97;74,58;73,74;74,18
12/12/2023 17:05;74,27;74,33;74,05;74,29
12/12/2023 13:00;74,5;74,76;74,1;74,28
12/12/2023 09:00;72,88;75,08;72,74;74,53
11/12/2023 17:05;72,52;72,79;72,47;72,47
11/12/2023 13:00;72,74;72,83;72,06;72,5
11/12/2023 09:00;72,31;72,94;72,25;72,68
08/12/2023 17:05;72,65;72,73;72,35;72,35
08/12/2023 13:00;72,24;72,65;72,1;72,59
08/12/2023 09:00;72,16;72,47;71,87;72,24
07/12/2023 17:05;72,28;72,67;72,14;72,19
07/12/2023 13:00;71,33;72,3;71,18;72,28
07/12/2023 09:00;71,42;71,87;70,85;71,32
06/12/2023 17:05;71,09;71,31;70,82;71,23
06/12/2023 13:00;71,94;72,55;71,03;71,09
06/12/2023 09:00;72,67;72,79;71,75;71,94
05/12/2023 17:05;71,92;72,13;71,74;71,87
05/12/2023 13:00;72,07;72,14;71,4;71,93
05/12/2023 09:00;71,14;72,6;70,96;72,07
04/12/2023 17:05;71,06;71,24;71,06;71,22
04/12/2023 13:00;70,42;71,18;70,06;71,07
04/12/2023 09:00;70,53;71,02;69,61;70,4
01/12/2023 17:05;71,08;71,08;70,83;71,03
01/12/2023 13:00;70,78;71,37;70,34;71,02
01/12/2023 09:00;70,88;71,04;70,23;70,77
30/11/2023 17:05;70,93;70,93;70,74;70,78
30/11/2023 13:00;69,82;71,12;69,65;70,93
30/11/2023 09:00;68,84;69,96;68,69;69,81
29/11/2023 17:05;68,9;69,22;68,89;69,2
29/11/2023 13:00;69,96;70,18;68,83;68,96
29/11/2023 09:00;69,42;70,28;69,02;70,01
28/11/2023 17:05;69,4;69,41;69,02;69,27
28/11/2023 13:00;67,12;69,52;67,06;69,4
28/11/2023 09:00;67,23;67,66;66,87;67,15
27/11/2023 17:05;66,67;67,15;66,66;67,04
27/11/2023 13:00;66,93;67,14;66,58;66,81
27/11/2023 09:00;67,67;67,74;66,64;66,91
24/11/2023 17:05;67,67;67,82;67,47;67,75
24/11/2023 13:00;68,13;68,15;67,27;67,86
24/11/2023 09:00;68,7;69,07;68,08;68,14
23/11/2023 17:05;68,46;68,74;68,42;68,54
23/11/2023 13:00;69,55;69,62;68,59;68,71
23/11/2023 09:00;69,6;69,9;69,01;69,56
22/11/2023 17:05;69,92;70,1;69,77;69,77
22/11/2023 13:00;70;70,03;69,7;69,93
22/11/2023 09:00;69,67;70,51;68,93;69,96
21/11/2023 17:05;69,89;70,01;69,79;69,9
21/11/2023 13:00;69,28;70,27;69,17;69,99
21/11/2023 09:00;68,93;69,75;68,47;69,27
20/11/2023 17:05;68,96;68,99;68,75;68,84
20/11/2023 13:00;68,57;68,98;68,57;68,95
20/11/2023 09:00;67,93;68,72;67,49;68,56
17/11/2023 17:05;68,06;68,18;67,57;67,65
17/11/2023 13:00;68,67;68,69;67,94;68,07
17/11/2023 09:00;67,88;68,78;67,77;68,64
16/11/2023 17:05;67,99;68,17;67,9;68,03
16/11/2023 13:00;68,04;68,73;67,99;68,17
16/11/2023 09:00;68,91;69,2;67,27;68,03
14/11/2023 17:05;69,1;69,27;68,87;69,14
14/11/2023 13:00;68,99;70,42;68,98;69,35
14/11/2023 09:00;68,99;69,2;68,28;69,01
13/11/2023 17:05;69,41;69,59;69,2;69,46
13/11/2023 13:00;67,88;69,27;67,87;69,27
13/11/2023 09:00;66,05;67,88;66,03;67,83
10/11/2023 17:05;65,84;65,95;65,64;65,84
10/11/2023 13:00;65,27;66,1;65,23;65,76
10/11/2023 09:00;64,96;65,77;64,83;65,27
09/11/2023 17:05;64,98;65,13;64,98;65,04
09/11/2023 13:00;64,88;65,03;64,44;64,95
09/11/2023 09:00;64,58;65,14;64,58;64,88
08/11/2023 17:05;65,03;65,03;64,83;64,93
08/11/2023 13:00;65,01;65,23;64,75;64,98
08/11/2023 09:00;64,41;65,21;64,23;65,01
07/11/2023 17:05;64,27;64,36;64,18;64,32
07/11/2023 13:00;65,51;65,59;64,09;64,29
07/11/2023 09:00;65,03;65,74;65,03;65,54
06/11/2023 17:05;65,39;65,54;65,3;65,54
06/11/2023 13:00;65,52;65,59;65,23;65,44
06/11/2023 09:00;64,44;65,83;64,44;65,49
03/11/2023 17:05;64,44;64,54;64,38;64,41
03/11/2023 13:00;64,72;64,86;64,37;64,44
03/11/2023 09:00;64,16;64,81;64,09;64,7
01/11/2023 17:05;64,51;64,63;64,51;64,62
01/11/2023 13:00;65,27;65,36;64,51;64,53
01/11/2023 09:00;65,28;65,61;64,65;65,26
31/10/2023 17:05;65,12;65,12;64,61;65,02
31/10/2023 13:00;65,18;65,44;65,02;65,03
31/10/2023 09:00;64,94;65,54;64,7;65,19
30/10/2023 17:05;65,25;65,29;65,02;65,13
30/10/2023 13:00;64,12;65,44;63,99;65,3
30/10/2023 09:00;64,42;64,51;63,89;64,14
27/10/2023 17:05;64,62;64,68;64,46;64,68
27/10/2023 13:00;63,92;64,7;63,79;64,63
27/10/2023 09:00;63,65;64,08;63,55;63,92
26/10/2023 17:05;63,74;63,82;63,63;63,73
26/10/2023 13:00;64,01;64,07;63,52;63,73
26/10/2023 09:00;63,63;64,38;63,55;64,01
25/10/2023 17:05;63,73;63,74;63,59;63,63
25/10/2023 13:00;63,39;63,84;63,3;63,78
25/10/2023 09:00;63,41;63,68;63,15;63,39
24/10/2023 17:05;63,52;63,81;63,47;63,58
24/10/2023 13:00;63,91;64,02;63,41;63,52
24/10/2023 09:00;64,14;64,32;63,6;63,89
23/10/2023 17:05;64,36;64,43;64,29;64,36
23/10/2023 13:00;64,73;64,79;64,16;64,25
23/10/2023 09:00;64,79;65,13;64,59;64,72
20/10/2023 17:05;64,95;65,06;64,82;64,97
20/10/2023 13:00;65,39;65,72;64,92;64,95
20/10/2023 09:00;65,92;65,95;65,15;65,36
19/10/2023 17:05;65,58;65,92;65,57;65,88
19/10/2023 13:00;64,68;66,05;64,6;65,68
19/10/2023 09:00;64,51;64,91;64,44;64,71
18/10/2023 17:05;64,87;65,07;64,82;65,07
18/10/2023 13:00;64,92;65,03;64,59;64,86
18/10/2023 09:00;64,86;65,2;64,38;64,95
17/10/2023 17:05;65,07;65,4;64,97;65,15
17/10/2023 13:00;66,01;66,08;64,74;64,95
17/10/2023 09:00;65,74;66,07;65,66;66
16/10/2023 17:05;66,3;66,31;66,15;66,18
16/10/2023 13:00;66,54;66,67;66,28;66,42
16/10/2023 09:00;66,39;66,8;66,09;66,54
13/10/2023 17:05;66,73;66,85;66,58;66,68
13/10/2023 13:00;66,74;66,88;66,6;66,68
13/10/2023 09:00;66,39;67,36;66,26;66,73
11/10/2023 17:05;65,77;65,91;65,71;65,88
11/10/2023 13:00;65,62;65,93;65,46;65,8
11/10/2023 09:00;65,45;65,7;65,02;65,61
10/10/2023 17:05;64,75;65,19;64,74;64,82
10/10/2023 13:00;64,66;65,09;64,57;64,89
10/10/2023 09:00;65,48;65,6;64,48;64,6
09/10/2023 17:05;65,74;65,77;65,5;65,56
09/10/2023 13:00;65,75;65,91;65,4;65,7
09/10/2023 09:00;65,56;66,08;65,36;65,77
06/10/2023 17:05;65,09;65,24;65,07;65,24
06/10/2023 13:00;65,24;65,45;65;65,1
06/10/2023 09:00;65,4;65,93;64,86;65,24
05/10/2023 17:05;65,26;65,4;65,18;65,24
05/10/2023 13:00;64,74;65,45;64,59;65,26
05/10/2023 09:00;64,38;64,88;63,86;64,76
04/10/2023 17:05;64,38;64,52;64,23;64,27
04/10/2023 13:00;63,87;64,55;63,8;64,38
04/10/2023 09:00;63,99;64,28;63,64;63,86
03/10/2023 17:05;64,27;64,57;64,18;64,54
03/10/2023 13:00;63,99;64,16;63,87;64,16
03/10/2023 09:00;63,71;64,16;63,52;63,99
02/10/2023 17:05;63,67;63,81;63,57;63,8
02/10/2023 13:00;63,33;63,76;63,26;63,68
02/10/2023 09:00;62,82;63,41;62,8;63,35
29/09/2023 17:05;62,62;62,66;62,39;62,55
29/09/2023 13:00;62,4;62,64;62,07;62,62
29/09/2023 09:00;62,77;62,81;62,23;62,4
28/09/2023 17:05;62,83;62,9;62,71;62,81
28/09/2023 13:00;62,3;63,05;62,27;62,84
28/09/2023 09:00;62,59;62,79;62,07;62,32
27/09/2023 17:05;62,81;62,85;62,68;62,76
27/09/2023 13:00;62,46;63,01;62,42;62,65
27/09/2023 09:00;62,03;62,74;62,01;62,47
26/09/2023 17:05;61,96;61,96;61,79;61,89
26/09/2023 13:00;62;62,3;61,75;61,95
26/09/2023 09:00;62,44;62,46;61,73;62
25/09/2023 17:05;62,22;62,23;62;62,12
25/09/2023 13:00;61,45;62,35;61,42;62,29
25/09/2023 09:00;61,17;61,63;61,12;61,43
22/09/2023 17:05;61,05;61,15;60,94;60,94
22/09/2023 13:00;60,97;61,16;60,79;61,05
22/09/2023 09:00;60,84;61,04;60,71;60,95
21/09/2023 17:05;60,84;60,88;60,57;60,87
21/09/2023 13:00;61,07;61,17;60,84;60,87
21/09/2023 09:00;61,27;61,42;60,85;61,08
20/09/2023 17:05;61,35;61,5;61,33;61,48
20/09/2023 13:00;61,19;61,42;61,16;61,32
20/09/2023 09:00;61,37;61,49;61;61,19
19/09/2023 17:05;61,26;61,34;61;61,05
19/09/2023 13:00;60,91;61,74;60,85;61,19
19/09/2023 09:00;61,35;61,58;60,49;60,92
18/09/2023 17:05;61,5;61,53;61,27;61,35
18/09/2023 13:00;61,76;61,86;61,53;61,59
18/09/2023 09:00;62,34;62,62;61,6;61,77
15/09/2023 17:05;62,44;62,55;62,34;62,5
15/09/2023 13:00;61,49;62,5;61,49;62,41
15/09/2023 09:00;61,83;62,09;61,35;61,47
14/09/2023 17:05;61,66;61,83;61,65;61,8
14/09/2023 13:00;61,23;61,69;61,17;61,59
14/09/2023 09:00;61,39;61,57;61,07;61,24
13/09/2023 17:05;61,22;61,69;61,05;61,57
13/09/2023 13:00;61,22;61,39;61,16;61,22
13/09/2023 09:00;61,24;61,64;61;61,21
12/09/2023 17:05;61,33;61,43;61,21;61,43
12/09/2023 13:00;61,09;61,7;60,98;61,43
12/09/2023 09:00;61,65;61,66;60,83;61,24
11/09/2023 17:05;61,99;62,25;61,76;62,1
11/09/2023 13:00;61,65;61,99;61,63;61,99
11/09/2023 09:00;61,74;61,86;61,28;61,65
08/09/2023 17:05;61,48;61,49;61,21;61,43
08/09/2023 13:00;61,75;61,93;61,48;61,48
08/09/2023 09:00;61,48;61,91;61,4;61,75
06/09/2023 17:05;61,8;62,05;61,76;61,96
06/09/2023 13:00;61,19;61,99;61,19;61,92
06/09/2023 09:00;61,14;61,31;61,02;61,2
05/09/2023 17:05;60,86;60,98;60,81;60,91
05/09/2023 13:00;60,36;60,89;60,3;60,86
05/09/2023 09:00;60,3;60,47;60,15;60,33
04/09/2023 17:05;60,27;60,34;60,15;60,15
04/09/2023 13:00;60,28;60,38;60,09;60,27
04/09/2023 09:00;60,33;60,53;60,09;60,27
01/09/2023 17:05;59,86;60,01;59,84;59,91
01/09/2023 13:00;59,87;60,06;59,8;59,96
01/09/2023 09:00;60,07;60,27;59,62;59,88
31/08/2023 17:05;59,95;60,07;59,91;60,05
31/08/2023 13:00;60,13;60,22;59,85;59,91
31/08/2023 09:00;60,28;60,33;59,79;60,13
30/08/2023 17:05;59,79;59,86;59,79;59,86
30/08/2023 13:00;59,86;60,02;59,77;59,79
30/08/2023 09:00;60,45;60,48;59,78;59,86
29/08/2023 17:05;60,23;60,41;60,16;60,3
29/08/2023 13:00;60,65;60,74;60,02;60,27
29/08/2023 09:00;60,75;60,81;60,48;60,69
28/08/2023 17:05;60,8;60,94;60,64;60,69
28/08/2023 13:00;60,64;61,09;60,55;60,81
28/08/2023 09:00;60,8;60,86;60,56;60,66
25/08/2023 17:05;60,86;60,86;60,73;60,86
25/08/2023 13:00;61,03;61,14;60,86;61,08
25/08/2023 09:00;60,59;61,09;60,24;61,03
24/08/2023 17:05;61;61,11;60,94;61,07
24/08/2023 13:00;61,01;61,14;60,62;60,92
24/08/2023 09:00;60,68;61,1;60,31;61,01
23/08/2023 17:05;60,3;60,49;60,19;60,24
23/08/2023 13:00;60,3;60,98;60,22;60,33
23/08/2023 09:00;60,62;60,98;60,06;60,3
22/08/2023 17:05;60,63;60,63;60,46;60,46
22/08/2023 13:00;59,93;60,73;59,91;60,69
22/08/2023 09:00;60,38;60,51;59,77;59,93
21/08/2023 17:05;60,51;60,51;60,07;60,29
21/08/2023 13:00;60,95;61,04;60,2;60,3
21/08/2023 09:00;61,57;61,93;60,91;60,95
18/08/2023 17:05;61,2;61,54;61,1;61,43
18/08/2023 13:00;61,18;61,35;60,94;61,25
18/08/2023 09:00;60,83;61,43;60,55;61,19
17/08/2023 17:05;60,41;61,1;60,28;60,74
17/08/2023 13:00;60,27;60,54;59,91;60,47
17/08/2023 09:00;59,57;60,6;59,4;60,3
16/08/2023 17:05;59,96;59,96;59,51;59,86
16/08/2023 13:00;59,74;60,14;59,69;59,88
16/08/2023 09:00;59,63;60,04;59,45;59,75
15/08/2023 17:05;59,38;59,51;59,34;59,35
15/08/2023 13:00;59,68;59,75;59,32;59,36
15/08/2023 09:00;59,74;59,95;59,3;59,68
14/08/2023 17:05;59,65;59,75;59,53;59,74
14/08/2023 13:00;59,92;60;59,54;59,81
14/08/2023 09:00;60,3;60,65;59,84;59,92
11/08/2023 17:05;60,42;60,63;60,36;60,6
11/08/2023 13:00;61,38;61,65;59,92;60,54
11/08/2023 09:00;61,88;61,88;61,33;61,33
10/08/2023 17:05;61,79;61,95;61,76;61,9
10/08/2023 13:00;61,71;62,27;61,65;61,76
10/08/2023 09:00;61,97;62,32;61,65;61,71
09/08/2023 17:05;62,02;62,22;61,84;62,09
09/08/2023 13:00;62,64;62,69;62,1;62,1
09/08/2023 09:00;62,73;62,89;62,49;62,64
08/08/2023 17:05;62,81;63,06;62,76;62,89
08/08/2023 13:00;62,68;62,89;62,46;62,84
08/08/2023 09:00;61,88;63,12;61,88;62,7
07/08/2023 17:05;62,1;62,32;61,91;62,32
07/08/2023 13:00;61,57;62,22;61,43;62,16
07/08/2023 09:00;61,64;61,91;61,26;61,57
04/08/2023 17:05;61,82;61,92;61,62;61,65
04/08/2023 13:00;62,59;62,68;61,54;61,83
04/08/2023 09:00;63,04;63,04;62,44;62,6
03/08/2023 17:05;62,52;62,76;62,44;62,62
03/08/2023 13:00;62,43;62,6;62,25;62,42
03/08/2023 09:00;62,1;62,62;62,07;62,43
02/08/2023 17:05;62,44;62,64;62,27;62,28
02/08/2023 13:00;62,15;62,7;62,06;62,45
02/08/2023 09:00;62,68;62,82;61,93;62,15
01/08/2023 17:05;62,58;62,71;62,33;62,47
01/08/2023 13:00;62;62,71;61,96;62,57
01/08/2023 09:00;61,92;62,29;61,7;62
31/07/2023 17:05;62,64;62,99;62,46;62,61
31/07/2023 13:00;61,99;62,55;61,88;62,44
31/07/2023 09:00;62,33;62,47;61,99;61,99
28/07/2023 17:05;62,73;62,89;62,67;62,69
28/07/2023 13:00;63,31;63,31;62,79;63
28/07/2023 09:00;63,9;64,22;62,84;63,34
27/07/2023 17:05;64,51;64,59;64,15;64,37
27/07/2023 13:00;63,93;64,58;63,46;64,36
27/07/2023 09:00;63,8;64,2;63,69;63,93
26/07/2023 17:05;63,58;63,79;63,51;63,68
26/07/2023 13:00;63,71;64,09;63,62;63,87
26/07/2023 09:00;64,24;64,36;63,57;63,76
25/07/2023 17:05;64,4;64,65;64,36;64,37
25/07/2023 13:00;65,03;65,09;64,53;64,64
25/07/2023 09:00;65,36;65,36;64,44;65,08
24/07/2023 17:05;65,7;65,71;65,2;65,43
24/07/2023 13:00;65,56;66,03;65,09;65,56
24/07/2023 09:00;66,49;66,49;65,37;65,56
21/07/2023 17:05;64,55;64,64;64,31;64,46
21/07/2023 13:00;63,56;64,77;63,43;64,45
21/07/2023 09:00;63,68;64,22;63,17;63,58
20/07/2023 17:05;65;65,24;64,93;65,07
20/07/2023 13:00;65;65,46;64,47;64,98
20/07/2023 09:00;66,4;66,86;64,42;65
19/07/2023 17:05;67,1;67,1;66,54;66,54
19/07/2023 13:00;67,4;67,48;66,51;66,94
19/07/2023 09:00;66,65;67,96;66,3;67,4
18/07/2023 17:05;65,35;65,36;65,15;65,15
18/07/2023 13:00;64,62;65,56;64,54;65,03
18/07/2023 09:00;63,47;64,81;63,22;64,64
17/07/2023 17:05;62,69;63,11;62,67;62,81
17/07/2023 13:00;63,44;63,5;62,33;62,96
17/07/2023 09:00;64,09;64,18;63,13;63,43
14/07/2023 17:05;63,51;63,57;63,37;63,57
14/07/2023 13:00;63,21;63,57;63,13;63,5
14/07/2023 09:00;63,59;63,77;62,89;63,21
13/07/2023 17:05;63,23;63,4;63,14;63,23
13/07/2023 13:00;62,8;63,34;62,7;63,25
13/07/2023 09:00;62,53;63,04;62,23;62,8
12/07/2023 17:05;62,41;62,89;62,23;62,25
12/07/2023 13:00;63,31;63,34;62,1;62,44
12/07/2023 09:00;63,67;64,19;62,94;63,3
11/07/2023 17:05;63,57;63,78;63,19;63,29
11/07/2023 13:00;63,02;63,46;62,63;63,43
11/07/2023 09:00;62,78;63,5;62,44;63,04
10/07/2023 17:05;62,95;62,95;61,99;62,05
10/07/2023 13:00;63,34;63,96;62,79;63,12
10/07/2023 09:00;63,34;63,62;62,72;63,35
07/07/2023 17:05;62,36;62,55;62,34;62,44
07/07/2023 13:00;62,67;62,68;62,44;62,45
07/07/2023 09:00;63,12;63,21;62,38;62,69
06/07/2023 17:05;63,8;64,19;63,79;63,79
06/07/2023 13:00;63,28;63,85;63,21;63,78
06/07/2023 09:00;63,17;63,42;62,91;63,29
05/07/2023 17:05;62,52;63,12;62,44;62,78
05/07/2023 13:00;62,78;63,41;62,28;62,49
05/07/2023 09:00;63,53;64,11;62,22;62,82
04/07/2023 17:05;63,41;63,68;63,26;63,68
04/07/2023 13:00;62,31;64,36;61,88;63,68
04/07/2023 09:00;62,5;62,88;62,11;62,32
03/07/2023 17:05;62,23;62,49;62,05;62,24
03/07/2023 13:00;61,54;62,53;61,48;62,33
03/07/2023 09:00;62,93;63,57;61,25;61,55
30/06/2023 17:05;61,99;62,51;61,99;62,5
30/06/2023 13:00;64,2;64,36;61,62;62,36
30/06/2023 09:00;63,58;64,68;63,48;64,18
29/06/2023 17:05;63,79;63,79;63,37;63,46
29/06/2023 13:00;63,41;64,02;63,14;63,77
29/06/2023 09:00;64,55;64,55;63,34;63,41
28/06/2023 17:05;64,62;64,68;64,47;64,58
28/06/2023 13:00;64,89;65,2;64,49;64,68
28/06/2023 09:00;64,84;65,08;64,18;64,86
27/06/2023 17:05;65,87;66,33;65,28;65,29
27/06/2023 13:00;65,48;65,94;65,26;65,88
27/06/2023 09:00;65,26;66,04;65;65,5
26/06/2023 17:05;68,31;69,71;68,31;69,09
26/06/2023 13:00;66,54;68,19;66,28;68,08
26/06/2023 09:00;67,4;68,12;66,05;66,56
23/06/2023 17:05;67,46;67,64;67,23;67,5
23/06/2023 13:00;68,02;68,73;67,51;67,52
23/06/2023 09:00;69,32;69,93;67,47;68,04
22/06/2023 17:05;70,89;70,89;69,78;70,31
22/06/2023 13:00;71,12;71,54;70,45;70,82
22/06/2023 09:00;71,01;72,07;70,67;71,12
21/06/2023 17:05;72,96;72,96;72,44;72,81
21/06/2023 13:00;72,1;72,66;72,01;72,66
21/06/2023 09:00;71,99;72,53;71,5;72,09
20/06/2023 17:05;69,37;71,4;69,26;71,22
20/06/2023 13:00;68,53;69,34;68,26;69,26
20/06/2023 09:00;67,99;69,65;67,74;68,53
19/06/2023 17:05;69,1;69,25;68,75;68,94
19/06/2023 13:00;68,38;69,38;68,38;69,06
19/06/2023 09:00;69,09;69,14;67,07;68,37
16/06/2023 17:05;69,49;69,89;69,37;69,88
16/06/2023 13:00;69,06;69,88;68,81;69,79
16/06/2023 09:00;67,63;69,78;67,55;69,08
15/06/2023 17:05;66,93;67,49;66,67;67,39
15/06/2023 13:00;66,1;67,03;65,44;66,77
15/06/2023 09:00;65,36;66,44;65,18;66,1
14/06/2023 17:05;64,93;65,19;64,51;64,55
14/06/2023 13:00;64,54;65,37;64,53;65,09
14/06/2023 09:00;64,24;64,79;64,24;64,56
13/06/2023 17:05;64,7;64,73;63,99;64,55
13/06/2023 13:00;65,88;65,94;64,82;64,82
13/06/2023 09:00;65,66;66,15;65,23;65,9
12/06/2023 17:05;65,19;65,24;65,04;65,18
12/06/2023 13:00;65,39;65,48;64,81;65,26
12/06/2023 09:00;65,61;66,22;65,06;65,43
09/06/2023 17:05;64,82;65,15;64,79;65,07
09/06/2023 13:00;64,81;65,35;64,48;64,81
09/06/2023 09:00;64,86;65,99;64,64;64,81
07/06/2023 17:05;65;65,15;64,86;64,86
07/06/2023 13:00;64,67;65,08;64,31;64,92
07/06/2023 09:00;64,86;65,25;64,3;64,67
06/06/2023 17:05;64,49;64,56;64,39;64,53
06/06/2023 13:00;64,68;64,7;63,86;64,46
06/06/2023 09:00;64,84;65,35;64,46;64,64
05/06/2023 17:05;64,27;64,53;64,26;64,42
05/06/2023 13:00;64,46;64,99;64,24;64,36
05/06/2023 09:00;65,07;65,81;64,2;64,48
02/06/2023 17:05;65,33;65,71;65,09;65,15
02/06/2023 13:00;65,51;66,63;64,65;65,32
02/06/2023 09:00;65,41;66,25;64,86;65,52
01/06/2023 17:05;66,24;66,24;65,84;66,05
01/06/2023 13:00;65,12;66,44;64,81;66,27
01/06/2023 09:00;64,58;65,56;64,41;65,13
31/05/2023 17:05;64,79;65;64,08;64,08
31/05/2023 13:00;64,13;64,62;63,69;64,58
31/05/2023 09:00;63,13;65,15;63,13;64,11
30/05/2023 17:05;65,37;65,91;64,73;64,93
30/05/2023 13:00;66,79;66,81;66,25;66,25
30/05/2023 09:00;69,37;69,37;66,5;66,79
29/05/2023 17:05;69,65;69,77;69,52;69,71
29/05/2023 13:00;69,2;69,87;68,79;69,71
29/05/2023 09:00;68,97;70,2;68;69,2
26/05/2023 17:05;69,07;69,29;68,89;68,9
26/05/2023 13:00;68,1;69,49;67,74;69,09
26/05/2023 09:00;67,29;68,18;66,99;68,08
25/05/2023 17:05;66,41;66,41;66;66,34
25/05/2023 13:00;66,08;66,74;65,6;66,27
25/05/2023 09:00;65,81;66,88;65,16;66,09
24/05/2023 17:05;66,45;66,61;65,83;66,05
24/05/2023 13:00;66,66;67,29;66,17;66,39
24/05/2023 09:00;66,05;67,63;64,93;66,65
23/05/2023 17:05;66,77;66,78;65,96;66,37
23/05/2023 13:00;63,99;66,84;63,91;66,61
23/05/2023 09:00;63,48;64,04;63,14;64,02
22/05/2023 17:05;64,28;64,28;63,3;63,55
22/05/2023 13:00;64,24;65,01;63,99;64,3
22/05/2023 09:00;65,1;65,54;63,74;64,24
19/05/2023 17:05;64,72;65,25;64,53;64,94
19/05/2023 13:00;64,06;65,06;63,69;64,54
19/05/2023 09:00;62,67;65,12;62,67;64,04
18/05/2023 17:05;63,55;63,55;62,75;62,84
18/05/2023 13:00;62,76;63,75;62,55;63,46
18/05/2023 09:00;63,97;64,17;61,47;62,67
17/05/2023 17:05;64,59;64,68;64,44;64,44
17/05/2023 13:00;65,03;65,06;64,53;64,7
17/05/2023 09:00;65,6;65,84;64,83;65,04
16/05/2023 17:05;65,8;66,05;65,8;66,05
16/05/2023 13:00;66,28;66,72;65,52;65,92
16/05/2023 09:00;65,94;66,98;65,48;66,27
15/05/2023 17:05;66,48;66,81;66,44;66,6
15/05/2023 13:00;68,2;68,38;65,97;66,3
15/05/2023 09:00;68,01;68,75;67,55;68,2
12/05/2023 17:05;67,5;67,59;67,34;67,51
12/05/2023 13:00;67,42;68,08;66,95;67,51
12/05/2023 09:00;68,25;68,81;67,36;67,51
11/05/2023 17:05;68,74;69,05;68,66;69,05
11/05/2023 13:00;68,81;69,18;68,27;68,87
11/05/2023 09:00;68,92;69,74;68,38;68,81
10/05/2023 17:05;68,97;69,01;68,64;68,92
10/05/2023 13:00;68,74;69,31;67,87;68,98
10/05/2023 09:00;69,32;69,32;68,43;68,72
09/05/2023 17:05;70,13;70,42;69,74;69,94
09/05/2023 13:00;72,19;72,28;70,09;70,14
09/05/2023 09:00;72,83;73,55;71,94;72,19
08/05/2023 17:05;73,76;73,97;73,5;73,63
08/05/2023 13:00;73,06;74,11;72,97;73,8
08/05/2023 09:00;72,11;73,44;71,81;73,04
05/05/2023 17:05;72,03;72,28;71,83;72,11
05/05/2023 13:00;72,02;72,12;71,9;72,02
05/05/2023 09:00;71,47;72,34;71,46;72
04/05/2023 17:05;71,85;72,26;71,81;72,13
04/05/2023 13:00;71,69;72,19;71,02;72,02
04/05/2023 09:00;71,02;72,13;71,02;71,67
03/05/2023 17:05;71,56;71,56;70,98;71,01
03/05/2023 13:00;71,57;72,36;71,04;71,46
03/05/2023 09:00;71,28;71,68;70,36;71,57
02/05/2023 17:05;71,91;72,25;71,74;72,02
02/05/2023 13:00;72,1;72,34;71,93;72,08
02/05/2023 09:00;71,78;72,42;71,37;72,11
28/04/2023 17:05;72,7;73,1;72,7;72,81
28/04/2023 13:00;73,8;73,82;72,64;73,05
28/04/2023 09:00;73,26;74,16;72,3;73,81
27/04/2023 17:05;73,27;73,66;73,27;73,64
27/04/2023 13:00;73,88;73,89;73,32;73,61
27/04/2023 09:00;74,28;74,28;73,37;73,88
26/04/2023 17:05;75,02;75,12;74,5;75,04
26/04/2023 13:00;76,23;76,64;74,99;75,4
26/04/2023 09:00;75,71;77,87;75,52;76,24
25/04/2023 17:05;75,91;76,25;75,52;75,66
25/04/2023 13:00;74,5;75,91;74,25;75,91
25/04/2023 09:00;73,09;76,07;73,09;74,42
24/04/2023 17:05;73,48;73,6;72,86;72,92
24/04/2023 13:00;73,72;74,03;73,32;73,6
24/04/2023 09:00;74,95;75,04;73,04;73,71
20/04/2023 17:05;76,14;76,35;76,14;76,19
20/04/2023 13:00;76,85;76,85;75,18;76,2
20/04/2023 09:00;78,41;78,56;76,83;76,87
19/04/2023 17:05;78,91;79,09;78,91;79,01
19/04/2023 13:00;78,94;79,23;78,45;78,91
19/04/2023 09:00;79,9;80,07;78,57;78,91
18/04/2023 17:05;80,5;80,73;80,45;80,53
18/04/2023 13:00;80,9;80,9;80,14;80,58
18/04/2023 09:00;82,45;83,21;80,77;80,77
17/04/2023 17:05;82,65;82,73;82,22;82,22
17/04/2023 13:00;83,2;83,21;82,58;82,8
17/04/2023 09:00;84,46;84,46;82,66;83,19
14/04/2023 17:05;85,06;85,28;84,75;84,87
14/04/2023 13:00;84,99;85,1;84,46;85,06
14/04/2023 09:00;83,83;85,56;83,53;85,03
13/04/2023 17:05;84,21;84,49;84,07;84,45
13/04/2023 13:00;83,66;84,87;83,53;84,08
13/04/2023 09:00;85,77;85,81;83,39;83,62
12/04/2023 17:05;85,93;86,02;85,83;85,83
12/04/2023 13:00;85,81;86,19;85,29;85,95
12/04/2023 09:00;87,17;87,18;85,64;85,79
11/04/2023 17:05;87,67;87,67;87,48;87,49
11/04/2023 13:00;88,45;88,45;87,4;87,67
11/04/2023 09:00;90,04;90,22;88;88,49
10/04/2023 17:05;90,44;90,5;90,37;90,37
10/04/2023 13:00;90,94;91,02;90,33;90,44
10/04/2023 09:00;91,36;91,42;90,86;90,94
06/04/2023 17:05;91,59;91,82;91,48;91,74
06/04/2023 13:00;91,65;91,94;91,47;91,65
06/04/2023 09:00;92,01;92,41;91,48;91,66
05/04/2023 17:05;92,05;92,11;91,81;91,99
05/04/2023 13:00;91,99;92,19;91,31;92,19
05/04/2023 09:00;91,08;92,22;90,67;91,97
04/04/2023 17:05;91,59;91,8;91,42;91,44
04/04/2023 13:00;93,56;93,59;91,76;91,76
04/04/2023 09:00;92,62;93,72;92,13;93,57
03/04/2023 17:05;92,9;93,1;92,7;92,9
03/04/2023 13:00;91,73;92,9;91,62;92,85
03/04/2023 09:00;91,76;92,8;91,65;91,78
31/03/2023 17:05;91,75;92,04;91,75;91,88
31/03/2023 13:00;92,98;93,2;91,28;91,52
31/03/2023 09:00;92,97;93,48;92,73;92,98
30/03/2023 17:05;93,12;93,21;92,91;93,03
30/03/2023 13:00;94,24;94,24;92,98;93,14
30/03/2023 09:00;94,8;95,02;93,97;94,24
29/03/2023 17:05;94,75;94,78;94,52;94,62
29/03/2023 13:00;94,1;94,86;93,86;94,64
29/03/2023 09:00;94,87;95,01;94,06;94,06
28/03/2023 17:05;94,87;94,98;94,87;94,98
28/03/2023 13:00;95,34;95,47;94,87;94,87
28/03/2023 09:00;96,36;96,64;95,27;95,34
27/03/2023 17:05;96,32;96,5;96,25;96,49
27/03/2023 13:00;97,16;97,19;96,25;96,25
27/03/2023 09:00;96,78;97,89;96,78;97,18
24/03/2023 17:05;96,45;96,54;96,43;96,48
24/03/2023 13:00;96,88;96,88;96,36;96,59
24/03/2023 09:00;96,39;96,91;96,03;96,87
23/03/2023 17:05;96,65;96,66;96,48;96,53
23/03/2023 13:00;96,71;96,94;96,16;96,66
23/03/2023 09:00;96,71;97,04;96,39;96,71
22/03/2023 17:05;96,49;96,82;96,49;96,71
22/03/2023 13:00;97,43;97,43;96,26;96,48
22/03/2023 09:00;97,55;97,85;97,28;97,46
21/03/2023 17:05;98,03;98,03;97,86;97,88
21/03/2023 13:00;98,09;98,12;97,8;98,03
21/03/2023 09:00;98,32;98,5;97,97;98,11
20/03/2023 17:05;98,79;98,79;98,61;98,61
20/03/2023 13:00;98,71;98,81;98,55;98,76
20/03/2023 09:00;98,79;99,11;98,58;98,64
17/03/2023 17:05;99,26;99,37;99,24;99,24
17/03/2023 13:00;99,52;99,58;99,26;99,34
17/03/2023 09:00;99,78;99,91;99,3;99,57
16/03/2023 17:05;99,73;99,77;99,5;99,76
16/03/2023 13:00;100;100,21;99,7;99,76
16/03/2023 09:00;100,15;100,36;99,7;100
15/03/2023 17:05;100,27;100,42;100,06;100,3
15/03/2023 13:00;100,56;100,91;100,25;100,3
15/03/2023 09:00;100,85;101;100,36;100,55
14/03/2023 17:05;101,02;101,13;100,95;101,07
14/03/2023 13:00;100,93;101,14;100,85;101,02
14/03/2023 09:00;101,19;101,25;100,7;100,94
13/03/2023 17:05;101,02;101,18;100,85;101,08
13/03/2023 13:00;100,39;101,14;100,34;101,08
13/03/2023 09:00;100,06;100,5;99,95;100,39
10/03/2023 17:05;100,27;100,45;100,27;100,33
10/03/2023 13:00;100,27;100,47;100,27;100,34
10/03/2023 09:00;100,04;100,37;99,9;100,3
09/03/2023 17:05;100,39;100,59;100,36;100,41
09/03/2023 13:00;100,77;101,07;100,3;100,4
09/03/2023 09:00;100,29;101,49;100,26;100,81
08/03/2023 17:05;100,27;100,31;100,13;100,16
08/03/2023 13:00;100,55;100,6;100,07;100,27
08/03/2023 09:00;100,33;100,62;100,1;100,56
07/03/2023 17:05;100,4;100,61;100,4;100,49
07/03/2023 13:00;100,39;100,61;100,03;100,59
07/03/2023 09:00;100,02;100,41;99,92;100,39
06/03/2023 17:05;100,13;100,16;100,09;100,09
06/03/2023 13:00;100,44;100,44;100,04;100,13
06/03/2023 09:00;100,04;100,5;100,04;100,4
03/03/2023 17:05;100,44;100,44;100,18;100,23
03/03/2023 13:00;100,4;100,61;100,25;100,32
03/03/2023 09:00;100,4;100,79;100,32;100,39
02/03/2023 17:05;100,32;100,32;100,21;100,32
02/03/2023 13:00;100,08;100,38;99,94;100,32
02/03/2023 09:00;99,93;100,52;99,89;100,08
01/03/2023 17:05;100,07;100,24;99,71;99,8
01/03/2023 13:00;99,8;100,29;99,77;100,02
01/03/2023 09:00;100,18;100,4;99,65;99,79
28/02/2023 17:05;100,42;100,72;100,39;100,72
28/02/2023 13:00;100,65;100,69;100,26;100,48
28/02/2023 09:00;100,78;100,9;100,46;100,65
27/02/2023 17:05;100,32;100,64;100,17;100,61
27/02/2023 13:00;100,71;100,78;100,22;100,32
27/02/2023 09:00;100,79;100,98;100,44;100,71
24/02/2023 17:05;101,03;101,13;100,92;100,94
24/02/2023 13:00;101,36;101,59;101,11;101,13
24/02/2023 09:00;101,36;101,7;101;101,34
23/02/2023 17:05;101,53;101,6;101,44;101,51
23/02/2023 13:00;101,83;101,9;101,41;101,57
23/02/2023 09:00;101,46;102,1;101,33;101,82
22/02/2023 17:05;101,37;101,49;101,24;101,46
22/02/2023 13:00;101,97;102,28;101,49;101,52
17/02/2023 17:05;102,22;102,39;102,17;102,39
17/02/2023 13:00;102,39;102,48;101,94;102,37
17/02/2023 09:00;102,29;102,56;101,84;102,39
16/02/2023 17:05;102,14;102,3;101,99;102,2
16/02/2023 13:00;101,39;102,28;100,9;102,26
16/02/2023 09:00;101,41;101,46;100,92;101,38
15/02/2023 17:05;101,54;101,63;101,48;101,59
15/02/2023 13:00;102,09;102,22;101,46;101,7
15/02/2023 09:00;101,99;102,31;101,71;102,09
14/02/2023 17:05;102,28;102,35;101,86;101,99
14/02/2023 13:00;101,93;102,59;101,64;102,22
14/02/2023 09:00;102,61;102,71;101,7;101,87
13/02/2023 17:05;102,81;102,89;102,75;102,85
13/02/2023 13:00;102,66;102,96;102,52;102,83
13/02/2023 09:00;102,21;102,93;102,16;102,63
10/02/2023 17:05;102,38;102,49;102,33;102,36
10/02/2023 13:00;101,68;102,38;101,61;102,38
10/02/2023 09:00;101,3;101,78;101,16;101,69
09/02/2023 17:05;100,64;100,83;100,41;100,77
09/02/2023 13:00;100,71;100,88;100,45;100,61
09/02/2023 09:00;100,36;100,82;100,09;100,72
08/02/2023 17:05;100,59;100,65;100,29;100,32
08/02/2023 13:00;101,01;101,17;100,29;100,46
08/02/2023 09:00;100,63;101,31;100,29;101,03
07/02/2023 17:05;100,9;100,95;100,78;100,9
07/02/2023 13:00;101,38;101,4;100,84;100,95
07/02/2023 09:00;101,97;102,14;101,38;101,4
06/02/2023 17:05;101,99;102,09;101,82;101,97
06/02/2023 13:00;101,83;102,1;101,7;102,05
06/02/2023 09:00;102,05;102,32;101,64;101,83
03/02/2023 17:05;102,14;102,45;102,1;102,28
03/02/2023 13:00;102,17;102,61;102;102,08
03/02/2023 09:00;101,56;102,43;101,4;102,2
02/02/2023 17:05;102,06;102,2;101,95;102,18
02/02/2023 13:00;102,21;102,74;102,06;102,21
02/02/2023 09:00;103,39;103,6;101,97;102,22
01/02/2023 17:05;103,2;103,25;103,15;103,19
01/02/2023 13:00;102,83;103,2;102,53;103,19
01/02/2023 09:00;102,25;102,91;102,06;102,85
31/01/2023 17:05;102,28;102,35;102,1;102,15
31/01/2023 13:00;102,87;102,87;101,89;102,29
31/01/2023 09:00;102,52;103,19;102,52;102,89
30/01/2023 17:05;102,28;102,61;102;102,49
30/01/2023 13:00;101,34;102,39;101,33;102,31
30/01/2023 09:00;100,98;101,56;100,91;101,34
27/01/2023 17:05;101,07;101,07;100,91;101,01
27/01/2023 13:00;101,4;101,47;100,76;101,07
27/01/2023 09:00;101,7;101,92;101,31;101,45
26/01/2023 17:05;102,23;102,23;102,05;102,1
26/01/2023 13:00;102,31;102,48;102,16;102,22
26/01/2023 09:00;102,77;102,77;101,94;102,29
25/01/2023 17:05;102,51;102,6;102,51;102,55
25/01/2023 13:00;102,6;102,67;102,39;102,51
25/01/2023 09:00;102,97;103,17;102,59;102,6
24/01/2023 17:05;103,29;103,31;102,98;103,14
24/01/2023 13:00;103,22;103,37;103,02;103,29
24/01/2023 09:00;103,77;103,97;103,2;103,2
23/01/2023 17:05;103,65;103,82;103,63;103,73
23/01/2023 13:00;103,27;103,67;103,23;103,66
23/01/2023 09:00;104,12;104,35;103,21;103,27
20/01/2023 17:05;104,12;104,15;104;104
20/01/2023 13:00;104,39;104,39;103,93;104,12
20/01/2023 09:00;104,06;104,63;103,82;104,36
19/01/2023 17:05;104,26;104,57;104,23;104,3
19/01/2023 13:00;105,01;105,21;104,36;104,4
19/01/2023 09:00;105,03;105,14;104,6;104,99
18/01/2023 17:05;105,29;105,38;105,26;105,28
18/01/2023 13:00;105,07;105,46;104,98;105,36
18/01/2023 09:00;105,75;105,79;104,92;105,07
17/01/2023 17:05;105,64;105,9;105,64;105,73
17/01/2023 13:00;105,91;105,91;105,51;105,7
17/01/2023 09:00;106,05;106,2;105,73;105,91
16/01/2023 17:05;106,53;106,74;106,25;106,33
16/01/2023 13:00;106,03;106,76;105,98;106,48
16/01/2023 09:00;105,77;106,15;105,62;105,99
13/01/2023 17:05;105,9;106,07;105,85;105,96
13/01/2023 13:00;106,11;106,25;105,89;106,02
13/01/2023 09:00;106,02;106,31;105,65;106,07
12/01/2023 17:05;106,42;106,54;106,21;106,25
12/01/2023 13:00;106,19;106,59;105,89;106,42
12/01/2023 09:00;105,92;106,86;105,8;106,22
11/01/2023 17:05;106,02;106,12;105,85;105,97
11/01/2023 13:00;106,14;106,28;105,96;106,02
11/01/2023 09:00;106,82;106,86;106,07;106,13
10/01/2023 17:05;106,67;106,83;106,61;106,68
10/01/2023 13:00;106,49;106,99;106,49;106,67
10/01/2023 09:00;106,66;107,59;106,43;106,49
09/01/2023 17:05;106,76;107,45;106,76;107,45
09/01/2023 13:00;106,28;106,94;106,27;106,86
09/01/2023 09:00;105,47;106,3;105,22;106,28
06/01/2023 17:05;105,37;105,64;105,33;105,33
06/01/2023 13:00;105,62;105,65;105,11;105,28
06/01/2023 09:00;106,04;106,13;105,5;105,6
05/01/2023 17:05;105,45;105,45;105,33;105,39
05/01/2023 13:00;105,29;105,68;105,28;105,51
05/01/2023 09:00;106,02;106,02;105,27;105,3
04/01/2023 17:05;105,97;106;105,75;105,94
04/01/2023 13:00;105,45;106,11;105,41;105,97
04/01/2023 09:00;105,81;106,08;105,38;105,46
03/01/2023 17:05;106,11;106,15;106,08;106,08
03/01/2023 13:00;105,97;106,35;105,55;106,06
03/01/2023 09:00;107,17;107,27;105,93;105,99
02/01/2023 17:05;107,03;107,14;106,91;106,99
02/01/2023 13:00;107,55;107,65;107,08;107,09
02/01/2023 09:00;107,85;108,1;107,39;107,55
29/12/2022 17:05;108,17;108,34;108,14;108,14
29/12/2022 13:00;107,35;108,59;107,28;108,38
29/12/2022 09:00;107,5;107,59;107,03;107,35
28/12/2022 17:05;107,55;107,8;107,5;107,76
28/12/2022 13:00;107,56;107,85;107,37;107,8
28/12/2022 09:00;106,4;107,86;106,35;107,53
27/12/2022 17:05;106,63;106,63;106,41;106,49
27/12/2022 13:00;106,23;106,41;106,08;106,4
27/12/2022 09:00;105,87;106,34;105,76;106,21
26/12/2022 17:05;105,94;106,02;105,86;105,98
26/12/2022 13:00;106,1;106,17;105,91;105,98
26/12/2022 09:00;106,05;106,21;105,99;106,1
23/12/2022 17:05;106,09;106,22;106,06;106,15
23/12/2022 13:00;105,96;106,4;105,86;106,23
23/12/2022 09:00;105,97;106,17;105,86;105,94
22/12/2022 17:05;106,16;106,3;106,05;106,12
22/12/2022 13:00;105,89;106,23;105,73;106,23
22/12/2022 09:00;106,02;106,16;105,8;105,87
21/12/2022 17:05;106,18;106,32;106,09;106,23
21/12/2022 13:00;105,71;106,22;105,7;106,17
21/12/2022 09:00;105,89;106,05;105,57;105,71
20/12/2022 17:05;106,05;106,09;105,94;105,99
20/12/2022 13:00;105,65;106,11;105,52;106,05
20/12/2022 09:00;105,7;106,34;105,45;105,63
19/12/2022 17:05;106,1;106,45;106,05;106,12
19/12/2022 13:00;105,97;106,22;105,51;106,03
19/12/2022 09:00;106,05;106,64;105,92;105,98
16/12/2022 17:05;106,16;106,24;106,05;106,21
16/12/2022 13:00;105,99;106,16;105,71;106,11
16/12/2022 09:00;105,79;106,05;105,69;105,98
15/12/2022 17:05;105,94;105,94;105,77;105,87
15/12/2022 13:00;105,89;105,99;105,81;105,92
15/12/2022 09:00;105,92;106,04;105,61;105,89
14/12/2022 17:05;106,02;106,05;105,83;105,93
14/12/2022 13:00;105,61;106,04;105,52;106,04
14/12/2022 09:00;105,69;105,97;105,27;105,59
13/12/2022 17:05;105,68;106,02;105,68;106,02
13/12/2022 13:00;105,8;105,89;105,46;105,79
13/12/2022 09:00;106,15;106,22;105,45;105,76
12/12/2022 17:05;106,17;106,23;105,83;105,86
12/12/2022 13:00;106,08;106,35;105,99;106,16
12/12/2022 09:00;105,69;106,23;105,58;106,12
09/12/2022 17:05;105,45;105,62;105,3;105,62
09/12/2022 13:00;105,53;105,74;105,1;105,45
09/12/2022 09:00;105,57;106,05;105,23;105,57
08/12/2022 17:05;105,49;105,74;105,4;105,65
08/12/2022 13:00;104,85;105,57;104,74;105,57
08/12/2022 09:00;105,21;105,45;104,85;104,87
07/12/2022 17:05;104,99;105,21;104,91;105,21
07/12/2022 13:00;105,33;105,51;104,85;105,21
07/12/2022 09:00;105,69;105,88;104,73;105,32
06/12/2022 17:05;105,42;106,04;105,27;105,45
06/12/2022 13:00;104,75;105,57;104,46;105,45
06/12/2022 09:00;104,93;105,4;104,61;104,76
05/12/2022 17:05;105,29;105,3;105,06;105,21
05/12/2022 13:00;105,52;105,64;104,99;105,15
05/12/2022 09:00;105,08;105,69;104,94;105,5
02/12/2022 17:05;105,27;105,3;105;105,24
02/12/2022 13:00;105,98;106,17;105,06;105,22
02/12/2022 09:00;105,94;106,47;105,55;105,96
01/12/2022 17:05;106,64;106,76;106,17;106,17
01/12/2022 13:00;105,85;106,79;105,32;106,53
01/12/2022 09:00;106,8;106,96;105,69;105,87
30/11/2022 17:05;106,44;106,77;106,38;106,67
30/11/2022 13:00;106,28;107,26;106,23;106,61
30/11/2022 09:00;106,05;106,83;105,88;106,28
29/11/2022 17:05;106,65;106,65;106,29;106,41
29/11/2022 13:00;107,5;107,56;106,14;106,65
29/11/2022 09:00;108,91;108,91;107,38;107,44
28/11/2022 17:05;108,53;108,69;108,31;108,52
28/11/2022 13:00;107,86;108,76;107,68;108,76
28/11/2022 09:00;108,23;108,45;107,27;107,84
25/11/2022 17:05;108,78;108,93;108,71;108,82
25/11/2022 13:00;109,2;109,35;108,61;108,88
25/11/2022 09:00;108,58;109,43;108,44;109,23
24/11/2022 17:05;108,68;108,91;108,34;108,47
24/11/2022 13:00;108,37;108,76;108,28;108,75
24/11/2022 09:00;108,28;108,69;107,93;108,35
23/11/2022 17:05;108,1;108,4;108,08;108,28
23/11/2022 13:00;107,74;108,22;107,59;108,17
23/11/2022 09:00;107,85;108,08;107,33;107,74
22/11/2022 17:05;107,85;107,98;107,8;107,87
22/11/2022 13:00;107,68;107,96;107,38;107,85
22/11/2022 09:00;107,03;108,1;106,8;107,62
21/11/2022 17:05;106,79;107,02;106,68;107
21/11/2022 13:00;107,79;107,79;106,79;106,9
21/11/2022 09:00;107,62;108;106,99;107,8
18/11/2022 17:05;107,68;107,74;107,52;107,61
18/11/2022 13:00;106,51;107,8;106,46;107,44
18/11/2022 09:00;106,21;106,8;105,57;106,47
17/11/2022 17:05;106,16;106,16;105,86;105,93
17/11/2022 13:00;105,39;106,17;105,2;105,94
17/11/2022 09:00;104,77;105,77;104,73;105,41
16/11/2022 17:05;105,09;105,11;104,98;105,08
16/11/2022 13:00;104,62;105,14;104,61;105,09
16/11/2022 09:00;104,24;104,73;104,09;104,63
14/11/2022 17:05;104,59;104,61;104,39;104,58
14/11/2022 13:00;104,74;104,94;104,24;104,46
14/11/2022 09:00;104,53;104,99;103,74;104,75
11/11/2022 17:05;105,05;105,24;104,85;104,95
11/11/2022 13:00;104,86;105,36;104,61;105,03
11/11/2022 09:00;106,53;106,62;104,5;104,83
10/11/2022 17:05;106,35;106,49;106,29;106,29
10/11/2022 13:00;106,4;106,47;106,16;106,29
10/11/2022 09:00;105,98;106,43;105,73;106,39
09/11/2022 17:05;106,54;106,58;106,54;106,54
09/11/2022 13:00;106,54;106,79;106,48;106,6
09/11/2022 09:00;106,67;106,9;106,42;106,55
08/11/2022 17:05;106,62;106,91;106,6;106,67
08/11/2022 13:00;106,63;106,85;106,42;106,73
08/11/2022 09:00;106,67;107,16;106,57;106,63
07/11/2022 17:05;106,62;106,79;106,6;106,63
07/11/2022 13:00;106,45;106,78;106,42;106,68
07/11/2022 09:00;106,44;106,79;106,17;106,44
04/11/2022 17:05;106,33;106,39;106,23;106,39
04/11/2022 13:00;106,64;106,79;106,35;106,54
04/11/2022 09:00;106,91;107,06;106,13;106,64
03/11/2022 17:05;106,81;107,13;106,81;107,01
03/11/2022 13:00;107,15;107,25;106,54;107,04
03/11/2022 09:00;107,77;107,78;106,79;107,15
01/11/2022 17:05;107,76;108,01;107,76;107,96
01/11/2022 13:00;107,27;108,03;107,2;108,03
01/11/2022 09:00;106,93;107,66;106,93;107,22
31/10/2022 17:05;107,56;107,9;107,56;107,75
31/10/2022 13:00;107,75;107,75;106,94;107,66
31/10/2022 09:00;109,08;109,84;107,44;107,76
28/10/2022 17:05;107,49;107,49;107,35;107,4
28/10/2022 13:00;107,47;107,62;107,35;107,41
28/10/2022 09:00;107,54;107,77;107,18;107,45
27/10/2022 17:05;107,41;107,46;107,35;107,46
27/10/2022 13:00;107,3;107,5;107,22;107,44
27/10/2022 09:00;107,27;107,66;107,04;107,29
26/10/2022 17:05;107,29;107,41;107,26;107,32
26/10/2022 13:00;106,96;107,51;106,8;107,27
26/10/2022 09:00;107,22;107,47;106,74;107,03
25/10/2022 17:05;107,34;107,34;107,1;107,26
25/10/2022 13:00;106,45;107,35;106,45;107,26
25/10/2022 09:00;106,44;106,75;106,32;106,45
24/10/2022 17:05;106,76;107,04;106,67;106,91
24/10/2022 13:00;107,1;107,18;106,67;106,8
24/10/2022 09:00;107,03;107,25;106,49;107,1
21/10/2022 17:05;107,31;107,41;107,06;107,19
21/10/2022 13:00;107,14;107,29;107,1;107,26
21/10/2022 09:00;107,39;107,64;106,98;107,16
20/10/2022 17:05;107,54;107,78;107,54;107,71
20/10/2022 13:00;107,67;107,85;107,54;107,54
20/10/2022 09:00;108,54;109,13;107,56;107,71
19/10/2022 17:05;108,67;109,21;108,56;108,67
19/10/2022 13:00;108,21;108,53;107,93;108,53
19/10/2022 09:00;108,27;108,39;107,78;108,21
18/10/2022 17:05;107,98;107,98;107,8;107,97
18/10/2022 13:00;108,27;108,62;107,91;108,07
18/10/2022 09:00;108,13;108,33;107,64;108,24
17/10/2022 17:05;108,22;108,41;108,17;108,29
17/10/2022 13:00;108,34;108,39;108,03;108,26
17/10/2022 09:00;109,2;109,23;108,29;108,31
14/10/2022 17:05;108,88;109,05;108,88;109,03
14/10/2022 13:00;108,87;108,97;108,65;108,88
14/10/2022 09:00;108,72;109,13;108,46;108,84
13/10/2022 17:05;109,28;109,29;108,64;108,72
13/10/2022 13:00;107,81;109,15;107,59;109,13
13/10/2022 09:00;107,05;108,03;107,05;107,78
11/10/2022 17:05;107,41;107,72;107,31;107,62
11/10/2022 13:00;107,37;107,5;107,04;107,45
11/10/2022 09:00;107,81;108,16;107,31;107,39
10/10/2022 17:05;107,55;108,13;107,55;108,13
10/10/2022 13:00;108,39;108,52;107,66;107,66
10/10/2022 09:00;108,16;108,77;107,87;108,41
07/10/2022 17:05;107,71;107,85;107,26;107,5
07/10/2022 13:00;107,4;107,52;107,31;107,52
07/10/2022 09:00;107,45;107,54;107,13;107,37
06/10/2022 17:05;106,9;107,22;106,9;107,2
06/10/2022 13:00;107,1;107,29;106,67;106,96
06/10/2022 09:00;107,16;107,54;106,96;107,11
05/10/2022 17:05;108,05;108,16;107,66;107,72
05/10/2022 13:00;107,66;108,16;107,18;108
05/10/2022 09:00;106,94;108,22;106,94;107,66
04/10/2022 17:05;107,4;107,54;107,26;107,46
04/10/2022 13:00;107,32;107,54;107,16;107,41
04/10/2022 09:00;108,78;109,02;106,91;107,3
03/10/2022 17:05;109,28;109,28;108,83;108,88
03/10/2022 13:00;109,6;109,87;108,9;109,14
03/10/2022 09:00;111,39;111,76;109,4;109,61
30/09/2022 17:05;111,7;111,81;111,39;111,53
30/09/2022 13:00;111,19;111,76;110,39;111,64
30/09/2022 09:00;110,78;111,45;110,57;111,27
29/09/2022 17:05;110,88;110,89;110,39;110,42
29/09/2022 13:00;110,9;111,05;110,53;110,68
29/09/2022 09:00;110,58;111,08;110,36;110,9
28/09/2022 17:05;110,44;110,66;110,37;110,53
28/09/2022 13:00;110,64;110,76;110,18;110,52
28/09/2022 09:00;110,95;111,24;110,47;110,64
27/09/2022 17:05;110,77;111,02;110,71;110,89
27/09/2022 13:00;111,33;111,49;110,71;110,76
27/09/2022 09:00;111,65;111,95;111,28;111,34
26/09/2022 17:05;111,53;111,81;111,49;111,76
26/09/2022 13:00;111,51;111,76;111,27;111,65
26/09/2022 09:00;110,44;111,65;110,3;111,51
23/09/2022 17:05;110,69;111,05;110,66;110,95
23/09/2022 13:00;110,66;111,46;110,64;110,78
23/09/2022 09:00;111,12;111,31;110,52;110,71
22/09/2022 17:05;111,49;111,64;111,3;111,48
22/09/2022 13:00;110,95;111,64;110,85;111,64
22/09/2022 09:00;110,95;111,36;110,78;110,95
21/09/2022 17:05;110,92;111,19;110,78;111,19
21/09/2022 13:00;111,75;112,01;110,99;111,02
21/09/2022 09:00;112,04;112,25;111,23;111,75
20/09/2022 17:05;111,53;111,87;111,4;111,56
20/09/2022 13:00;110,76;111,5;110,42;111,5
20/09/2022 09:00;110,77;110,95;110,1;110,76
19/09/2022 17:05;110,66;110,82;110,52;110,72
19/09/2022 13:00;111,12;111,51;110,64;110,66
19/09/2022 09:00;111,46;112,19;111,14;111,14
16/09/2022 17:05;111,97;111,97;111,34;111,7
16/09/2022 13:00;112,45;112,58;111,76;111,86
16/09/2022 09:00;112,04;112,97;111,08;112,45
15/09/2022 17:05;111,95;111,95;111,65;111,65
15/09/2022 13:00;110,76;112,07;110,53;112,07
15/09/2022 09:00;110,28;110,95;110,02;110,78
14/09/2022 17:05;109,79;110,21;109,61;109,77
14/09/2022 13:00;110,39;110,52;109,85;110,07
14/09/2022 09:00;110,84;111,33;110,15;110,42
13/09/2022 17:05;111,27;111,36;111,1;111,27
13/09/2022 13:00;112,4;112,4;111,14;111,27
13/09/2022 09:00;111,65;112,61;111,65;112,42
12/09/2022 17:05;111,43;111,64;111,39;111,59
12/09/2022 13:00;111,38;111,64;110,52;111,43
12/09/2022 09:00;110,03;111,51;110,02;111,2
09/09/2022 17:05;110,2;110,22;110,05;110,08
09/09/2022 13:00;110,47;110,54;110,15;110,21
09/09/2022 09:00;110,64;110,83;110,39;110,48
08/09/2022 17:05;110,44;110,72;110,27;110,46
08/09/2022 13:00;110,47;110,62;110,21;110,62
08/09/2022 09:00;110,15;111,02;110,03;110,46
06/09/2022 17:05;110,51;110,9;110,3;110,39
06/09/2022 13:00;110,48;110,89;110,43;110,71
06/09/2022 09:00;110,21;110,64;109,55;110,52
05/09/2022 17:05;110,21;110,39;110,12;110,32
05/09/2022 13:00;110,49;110,53;110,2;110,25
05/09/2022 09:00;110,82;111,27;110,11;110,52
02/09/2022 17:05;110,62;111,14;110,56;110,77
02/09/2022 13:00;110,54;110,61;110,02;110,58
02/09/2022 09:00;110,3;110,83;110,02;110,56
01/09/2022 17:05;110,31;110,44;110,22;110,39
01/09/2022 13:00;110,7;110,83;110,24;110,31
01/09/2022 09:00;110,96;111,28;110,44;110,7
31/08/2022 17:05;111,4;111,53;111,09;111,1
31/08/2022 13:00;111,01;111,48;110,96;111,35
31/08/2022 09:00;110,76;111,15;110,72;111,01
30/08/2022 17:05;111,49;111,68;111,35;111,35
30/08/2022 13:00;111,4;111,56;111,02;111,41
30/08/2022 09:00;111,08;111,84;110,75;111,47
29/08/2022 17:05;112,22;112,46;111,77;111,84
29/08/2022 13:00;112,5;112,81;112;112,16
29/08/2022 09:00;113,11;113,5;112,13;112,5
26/08/2022 17:05;113,11;113,67;112,87;113,36
26/08/2022 13:00;111,06;113,11;110,87;113,11
26/08/2022 09:00;110,97;111,41;110,59;111,05
25/08/2022 17:05;110,44;110,57;110,37;110,57
25/08/2022 13:00;110,57;110,76;110,32;110,45
25/08/2022 09:00;111,09;111,09;110,14;110,56
24/08/2022 17:05;110,85;110,92;110,7;110,78
24/08/2022 13:00;110,99;111,51;110,72;110,83
24/08/2022 09:00;111,77;111,97;110,83;110,96
23/08/2022 17:05;111,05;111,34;110,96;111,09
23/08/2022 13:00;111,02;111,61;110,83;111,04
23/08/2022 09:00;111,23;111,92;110,65;111,06
22/08/2022 17:05;110,05;110,69;110,05;110,69
22/08/2022 13:00;110,29;110,5;109,72;110,11
22/08/2022 09:00;111;111,17;109,83;110,31
19/08/2022 17:05;110,93;111,09;110,71;110,71
19/08/2022 13:00;111,47;111,99;110,71;110,71
19/08/2022 09:00;111,53;112,13;111,1;111,48
18/08/2022 17:05;111,86;112,22;111,82;112,12
18/08/2022 13:00;111,84;111,99;111,35;111,91
18/08/2022 09:00;111,87;112,31;111,09;111,82
17/08/2022 17:05;111,55;112,12;111,49;111,87
17/08/2022 13:00;111,31;112,37;111,09;111,66
17/08/2022 09:00;111,97;112,95;110,96;111,35
16/08/2022 17:05;111,45;111,74;111,25;111,73
16/08/2022 13:00;112,35;112,63;111,49;111,61
16/08/2022 09:00;113,28;113,47;112,03;112,31
15/08/2022 17:05;114,07;114,27;113,95;114,03
15/08/2022 13:00;113,58;114,45;113,58;114,08
15/08/2022 09:00;113,76;114,2;113,04;113,56
12/08/2022 17:05;115,5;115,89;115,4;115,71
12/08/2022 13:00;115,65;115,82;113,45;115,52
12/08/2022 09:00;115,52;116,03;114,89;115,78
11/08/2022 17:05;116,09;116,16;115,8;115,91
11/08/2022 13:00;115,22;116,38;115,07;116,17
11/08/2022 09:00;113,98;115,39;113,62;115,26
10/08/2022 17:05;113,19;113,75;113,04;113,58
10/08/2022 13:00;113,55;113,82;112,95;113,32
10/08/2022 09:00;114,12;114,4;112,91;113,55
09/08/2022 17:05;114,45;114,59;114,11;114,12
09/08/2022 13:00;113,85;114,61;113,43;114,49
09/08/2022 09:00;114,62;114,85;113,42;113,84
08/08/2022 17:05;112,85;113,42;112,29;113,2
08/08/2022 13:00;112,53;113,19;111,75;112,63
08/08/2022 09:00;112,8;113,23;111,68;112,55
05/08/2022 17:05;113,56;114,18;113,43;113,43
05/08/2022 13:00;113,6;113,85;112,67;113,68
05/08/2022 09:00;113,56;114,45;113,19;113,6
04/08/2022 17:05;113,85;113,95;113,45;113,89
04/08/2022 13:00;113,29;113,95;112,72;113,76
04/08/2022 09:00;112,13;113,69;111,95;113,21
03/08/2022 17:05;112,12;112,46;111,96;112,39
03/08/2022 13:00;111,23;112,26;110,7;111,87
03/08/2022 09:00;111,55;112,82;111,22;111,27
02/08/2022 17:05;111,84;111,86;111,35;111,36
02/08/2022 13:00;111,43;112,51;111,02;111,55
02/08/2022 09:00;110,62;111,87;110,35;111,43
01/08/2022 17:05;110,89;111,35;110,76;110,99
01/08/2022 13:00;110,66;113,95;110,46;111,15
01/08/2022 09:00;110,31;111,31;110,05;110,57
29/07/2022 17:05;111,74;112,78;111,74;112,77
29/07/2022 13:00;116,81;116,82;111,35;111,41
29/07/2022 09:00;115,63;117,34;115,31;116,75
28/07/2022 17:05;115,04;115,04;114,35;114,35
28/07/2022 13:00;114,45;115,52;114,36;115,06
28/07/2022 09:00;113,6;114,81;113,56;114,45
27/07/2022 17:05;112,65;112,65;112,31;112,51
27/07/2022 13:00;113,45;113,56;112,52;112,67
27/07/2022 09:00;114,03;114,08;112,78;113,46
26/07/2022 17:05;114,37;114,38;112,95;113,17
26/07/2022 13:00;111,49;113,94;111,49;113,94
26/07/2022 09:00;110,95;112,69;110,56;111,49
25/07/2022 17:05;109,23;110,29;109,23;109,98
25/07/2022 13:00;108,69;109,32;108,16;109,27
25/07/2022 09:00;109,37;109,63;108,3;108,76
22/07/2022 17:05;108,22;108,34;107,96;108,03
22/07/2022 13:00;108,72;108,73;107,83;108,21
22/07/2022 09:00;108,6;109,12;108,22;108,64
21/07/2022 17:05;109,01;109,36;109,01;109,27
21/07/2022 13:00;109,2;109,46;108,82;108,95
21/07/2022 09:00;109,4;109,92;108,76;109,2
20/07/2022 17:05;110,96;111,05;110,58;110,7
20/07/2022 13:00;111,05;111,48;110,48;110,87
20/07/2022 09:00;110,39;111,68;110,24;111,08
19/07/2022 17:05;110,89;111,48;110,89;111,48
19/07/2022 13:00;112,57;112,65;110,93;111,13
19/07/2022 09:00;112,91;113,26;111,53;112,6
18/07/2022 17:05;114,61;115,39;114,54;115
18/07/2022 13:00;113,76;114,87;113,5;114,8
18/07/2022 09:00;113,16;114,71;113,13;113,75
15/07/2022 17:05;112,18;112,39;111,35;111,74
15/07/2022 13:00;110,58;111,99;110,5;111,99
15/07/2022 09:00;110,37;111,21;110,35;110,57
14/07/2022 17:05;110,67;110,72;110,24;110,35
14/07/2022 13:00;112,01;112,2;110,7;110,87
14/07/2022 09:00;111,6;113,39;111,32;112,01
13/07/2022 17:05;111,41;111,87;111,25;111,86
13/07/2022 13:00;112,14;112,87;111,48;111,48
13/07/2022 09:00;111,36;112,52;110,97;112,14
12/07/2022 17:05;111,22;111,43;111,1;111,25
12/07/2022 13:00;112,24;112,52;111,35;111,55
12/07/2022 09:00;113,95;114,61;111,55;112,3
11/07/2022 17:05;114,48;114,59;114,11;114,38
11/07/2022 13:00;115,17;115,18;114,21;114,48
11/07/2022 09:00;114,63;115,48;114,01;115,15
08/07/2022 17:05;112,82;113,15;112,53;113,11
08/07/2022 13:00;113,21;114,18;112,78;112,91
08/07/2022 09:00;111,91;113,5;111,41;113,24
07/07/2022 17:05;112,25;112,4;111,7;111,82
07/07/2022 13:00;111,47;112,64;111,4;112,25
07/07/2022 09:00;111,17;112,26;110,76;111,48
06/07/2022 17:05;110,35;110,44;109,87;109,92
06/07/2022 13:00;109,47;110,57;109,41;110,32
06/07/2022 09:00;109,59;110,44;109,23;109,49
05/07/2022 17:05;110,06;110,28;109,67;110,14
05/07/2022 13:00;111,36;111,51;109,89;110,06
05/07/2022 09:00;112,64;113,26;111,35;111,36
04/07/2022 17:05;112,26;112,52;112,22;112,4
04/07/2022 13:00;112,59;112,7;112;112,26
04/07/2022 09:00;112,61;113,09;112,03;112,59
01/07/2022 17:05;113,19;113,58;112,8;112,98
01/07/2022 13:00;113,2;113,95;112,98;113,3
01/07/2022 09:00;113,82;114,45;112,93;113,17
30/06/2022 17:05;113,56;113,73;113,12;113,43
30/06/2022 13:00;113,99;114,58;112,2;113,68
30/06/2022 09:00;113,19;115,07;113,08;113,94
29/06/2022 17:05;113,51;114,02;113,51;113,58
29/06/2022 13:00;114,32;114,58;113,56;113,69
29/06/2022 09:00;114,19;114,74;113,58;114,35
28/06/2022 17:05;115,06;115,14;114,49;114,5
28/06/2022 13:00;116,57;116,74;114,81;115,09
28/06/2022 09:00;115,91;116,82;115,07;116,61
27/06/2022 17:05;114,93;115,48;114,8;115,1
27/06/2022 13:00;115,45;115,99;114,74;114,94
27/06/2022 09:00;116,57;116,88;115,28;115,48
24/06/2022 17:05;117,73;117,93;117,47;117,56
24/06/2022 13:00;117,54;118,3;117,21;117,73
24/06/2022 09:00;116,87;117,72;115,93;117,54
23/06/2022 17:05;115,84;116,27;115,78;116
23/06/2022 13:00;115,63;116,69;115,52;116,04
23/06/2022 09:00;115,89;116,96;115,44;115,65
22/06/2022 17:05;118,03;118,13;117,73;117,93
22/06/2022 13:00;119,33;119,62;117,5;117,86
22/06/2022 09:00;118,55;120,08;118,55;119,32
21/06/2022 17:05;118,79;119,25;118,79;119,16
21/06/2022 13:00;120,71;120,92;119,1;119,25
21/06/2022 09:00;122,02;122,03;120,01;120,67
20/06/2022 17:05;123,59;123,72;123,47;123,64
20/06/2022 13:00;122,99;123,85;122,94;123,59
20/06/2022 09:00;121,77;123,29;121,18;122,98
17/06/2022 17:05;122,54;122,73;121,92;121,96
17/06/2022 13:00;122,43;122,81;121,78;122,39
17/06/2022 09:00;121,91;123,7;121,85;122,48
15/06/2022 17:05;120,78;120,91;120,36;120,66
15/06/2022 13:00;121,38;121,77;120,51;120,95
15/06/2022 09:00;119,71;121,9;119,31;121,44
14/06/2022 17:05;119,82;120,53;119,46;119,61
14/06/2022 13:00;119,16;120,06;118,97;119,88
14/06/2022 09:00;119,49;119,74;118,27;119,1
13/06/2022 17:05;119,62;119,75;119,31;119,5
13/06/2022 13:00;119,95;120,34;119,42;119,71
13/06/2022 09:00;121,25;121,36;118,85;119,95
10/06/2022 17:05;120,21;121,12;119,58;121,12
10/06/2022 13:00;121,21;121,66;119,75;120,05
10/06/2022 09:00;121,12;122,12;120,71;121,21
09/06/2022 17:05;120,7;121,1;120,66;120,99
09/06/2022 13:00;121,51;121,77;120,4;120,77
09/06/2022 09:00;118,63;121,64;118,23;121,51
08/06/2022 17:05;119,31;119,76;119,03;119,36
08/06/2022 13:00;120,92;120,92;118,5;119,29
08/06/2022 09:00;121,36;122,55;120,74;120,92
07/06/2022 17:05;120,47;120,58;119,55;119,68
07/06/2022 13:00;118,49;120,69;118,41;120,47
07/06/2022 09:00;116,29;118,72;115,91;118,49
06/06/2022 17:05;116,47;117,21;115,93;116,38
06/06/2022 13:00;116,75;117,29;116,59;116,59
06/06/2022 09:00;116,18;117,43;116,12;116,82
03/06/2022 17:05;115,87;115,91;115,53;115,54
03/06/2022 13:00;115,83;116,4;115,54;115,74
03/06/2022 09:00;116,43;117,47;115,73;115,86
02/06/2022 17:05;116,73;116,82;116,43;116,79
02/06/2022 13:00;116,69;116,94;116,3;116,44
02/06/2022 09:00;116,81;118,49;116,52;116,75
01/06/2022 17:05;116,92;117,34;116,82;117,21
01/06/2022 13:00;117,17;117,99;116,95;116,95
01/06/2022 09:00;119,05;119,42;116,83;117,15
31/05/2022 17:05;119,48;119,78;119,39;119,44
31/05/2022 13:00;119,66;120,08;119,29;119,7
31/05/2022 09:00;120,48;121,04;119,52;119,67
30/05/2022 17:05;120,84;121,09;120,73;121,08
30/05/2022 13:00;121,66;121,89;120,64;120,86
30/05/2022 09:00;123,85;124,36;121,52;121,64
27/05/2022 17:05;123,66;123,7;123,03;123,54
27/05/2022 13:00;121,81;123,64;121,72;123,46
27/05/2022 09:00;121,77;122,25;120,4;121,74
26/05/2022 17:05;121,43;121,77;121,43;121,69
26/05/2022 13:00;122,28;122,35;121,44;121,57
26/05/2022 09:00;121,96;122,39;121,25;122,28
25/05/2022 17:05;122,46;122,77;122,22;122,42
25/05/2022 13:00;123,4;123,92;122,67;122,82
25/05/2022 09:00;123,97;124,11;122,55;123,46
24/05/2022 17:05;125,55;125,6;124,83;125,02
24/05/2022 13:00;124,84;125,64;124,06;125,15
24/05/2022 09:00;121,9;126,65;121,64;124,74
23/05/2022 17:05;122,03;122,26;121,77;121,9
23/05/2022 13:00;122,77;122,94;121,83;122,26
23/05/2022 09:00;122,94;123,08;122,16;122,78
20/05/2022 17:05;123,21;123,33;123,14;123,14
20/05/2022 13:00;123,44;124,15;123,07;123,33
20/05/2022 09:00;123,58;123,98;122,72;123,4
19/05/2022 17:05;124,37;124,7;123,89;123,89
19/05/2022 13:00;124,18;125,42;123,72;124,31
19/05/2022 09:00;125,61;125,61;123,07;124,09
18/05/2022 17:05;125,17;125,92;124,5;125,87
18/05/2022 13:00;124,18;126,07;123,93;125,22
18/05/2022 09:00;126,2;126,31;123,31;124,16
17/05/2022 17:05;126,59;127,28;126,5;127,24
17/05/2022 13:00;127,98;128,61;126,34;126,77
17/05/2022 09:00;130,23;130,49;127,79;127,89
16/05/2022 17:05;131,02;131,28;130,53;130,62
16/05/2022 13:00;130,73;131,15;130,34;131,02
16/05/2022 09:00;128,42;131,08;127,88;130,75
13/05/2022 17:05;126,59;126,83;125,94;125,95
13/05/2022 13:00;128,42;128,98;125,56;126,85
13/05/2022 09:00;129,74;130,1;127,47;128,42
12/05/2022 17:05;128,89;128,93;128,49;128,8
12/05/2022 13:00;128,05;129,15;127,17;128,68
12/05/2022 09:00;126,98;128,22;126,26;128,07
11/05/2022 17:05;127,37;127,45;126,07;126,08
11/05/2022 13:00;127,58;128,02;126,07;127,1
11/05/2022 09:00;126,46;128,54;126,46;127,55
10/05/2022 17:05;126,65;127,62;126,33;126,33
10/05/2022 13:00;123,74;126,33;123,54;126,33
10/05/2022 09:00;121,51;123,97;121,26;123,72
09/05/2022 17:05;121,82;122,02;121,59;121,96
09/05/2022 13:00;121,63;122;121,25;121,65
09/05/2022 09:00;122,58;123,06;121,2;121,6
06/05/2022 17:05;122,73;123,45;122,72;123,14
06/05/2022 13:00;123,11;123,45;122,16;123,04
06/05/2022 09:00;124,09;124,75;122,85;123,19
05/05/2022 17:05;123,72;124,57;123,66;124,37
05/05/2022 13:00;123,63;124,11;122,62;124,11
05/05/2022 09:00;122,45;124,18;122,06;123,59
04/05/2022 17:05;122,45;122,56;122,2;122,55
04/05/2022 13:00;123,19;123,3;122,27;122,62
04/05/2022 09:00;122,62;123,71;122,22;123,16
03/05/2022 17:05;122,94;123,38;122,82;123,3
03/05/2022 13:00;124,82;125,01;123,3;123,57
03/05/2022 09:00;125,33;126,04;124,4;124,85
02/05/2022 17:05;125,96;126,3;125,92;125,92
02/05/2022 13:00;125,82;126,03;124,96;125,97
02/05/2022 09:00;125,51;126,29;125,09;125,9
29/04/2022 17:05;126,85;126,94;125,82;126,03
29/04/2022 13:00;126,42;127,14;125,9;126,44
29/04/2022 09:00;125,55;126,73;124,45;126,26
28/04/2022 17:05;125,25;125,62;124,81;125,62
28/04/2022 13:00;127,52;127,96;125,22;125,57
28/04/2022 09:00;125,63;127,99;124,74;127,52
27/04/2022 17:05;127,42;127,42;126,33;127
27/04/2022 13:00;129,4;129,74;127,63;127,81
27/04/2022 09:00;129,38;130,41;128,41;129,45
26/04/2022 17:05;130,56;130,56;129,26;129,81
26/04/2022 13:00;129,53;130,7;129,11;130,38
26/04/2022 09:00;129,89;130,82;128,89;129,56
25/04/2022 17:05;128,37;129,94;128,37;129,86
25/04/2022 13:00;127,81;128,59;127,79;128,41
25/04/2022 09:00;126,55;127,96;126,04;127,82
22/04/2022 17:05;126,85;126,93;126,41;126,46
22/04/2022 13:00;125,37;126,9;125,31;126,6
22/04/2022 09:00;125,9;126,55;124,94;125,37
20/04/2022 17:05;126,09;126,42;125,9;126,16
20/04/2022 13:00;125,01;126,18;124,68;126,08
20/04/2022 09:00;124,81;125,83;124,07;125
19/04/2022 17:05;124,74;124,74;124,33;124,46
19/04/2022 13:00;124,09;124,81;123,51;124,53
19/04/2022 09:00;122,89;124,48;120,71;124,05
18/04/2022 17:05;122,96;123,51;122,78;123,25
18/04/2022 13:00;123,16;123,89;122,88;122,93
18/04/2022 09:00;122,07;123,29;122,04;123,15
14/04/2022 17:05;121,23;121,93;121,23;121,71
14/04/2022 13:00;120,56;121,45;120,22;121,38
14/04/2022 09:00;120,7;121,19;119,92;120,56
13/04/2022 17:05;120,51;120,56;120,01;120,38
13/04/2022 13:00;119,68;121,04;118,51;120,49
13/04/2022 09:00;119,6;120,22;118,7;119,67
12/04/2022 17:05;120,83;121,04;120,44;120,56
12/04/2022 13:00;119,7;120,9;119,19;120,85
12/04/2022 09:00;119,45;120,38;119,05;119,74
11/04/2022 17:05;119,05;119,34;119,05;119,18
11/04/2022 13:00;118,72;119,18;118,33;118,98
11/04/2022 09:00;119,49;120,49;118,09;118,75
08/04/2022 17:05;119,4;119,61;118,6;118,85
08/04/2022 13:00;119,14;119,6;118,29;119,4
08/04/2022 09:00;118,2;119,94;117,98;119,16
07/04/2022 17:05;117,96;119,12;117,83;118,23
07/04/2022 13:00;118,29;119,33;118,09;118,51
07/04/2022 09:00;120,11;120,15;117,57;118,38
06/04/2022 17:05;120,56;120,63;120,16;120,56
06/04/2022 13:00;121,83;121,88;119,34;120,31
06/04/2022 09:00;120,29;122,46;119,72;121,83
05/04/2022 17:05;121,25;121,66;121,25;121,66
05/04/2022 13:00;120,48;121,63;120,33;121,25
05/04/2022 09:00;119,14;121,68;119;120,35
04/04/2022 17:05;119,33;119,67;118,94;119,2
04/04/2022 13:00;120,64;120,7;119,2;119,4
04/04/2022 09:00;122,22;122,55;119,61;120,63
01/04/2022 17:05;122,53;122,82;121,56;121,98
01/04/2022 13:00;122,07;122,38;121,33;122,33
01/04/2022 09:00;125,74;125,9;121;122,07
31/03/2022 17:05;125,19;125,22;125;125,22
31/03/2022 13:00;123,9;125,36;123,89;125,2
31/03/2022 09:00;123,03;124,4;122,9;123,92
30/03/2022 17:05;121,82;122,48;121,82;122,48
30/03/2022 13:00;120,86;122,75;119,88;121,85
30/03/2022 09:00;119,37;121,66;119,37;120,97
29/03/2022 17:05;118,38;119,67;118,31;119,19
29/03/2022 13:00;120,26;120,56;118;118,4
29/03/2022 09:00;122,2;123,09;119,88;120,2
28/03/2022 17:05;123,03;123,3;122,27;122,34
28/03/2022 13:00;126,49;126,93;122,9;123,08
28/03/2022 09:00;126,7;128,08;124,9;126,49
25/03/2022 17:05;127,93;128,62;127,68;128,27
25/03/2022 13:00;128,82;129,66;127,22;127,99
25/03/2022 09:00;133,21;133,21;128,53;128,74
24/03/2022 17:05;133,3;133,71;132,79;132,89
24/03/2022 13:00;133,03;133,51;132,74;133,44
24/03/2022 09:00;134,19;134,38;132,64;132,97
23/03/2022 17:05;134,86;134,86;134,56;134,6
23/03/2022 13:00;135,36;135,63;134,47;134,85
23/03/2022 09:00;136,32;136,73;135,22;135,36
22/03/2022 17:05;136,3;136,7;136,23;136,45
22/03/2022 13:00;137,63;137,69;136,05;136,3
22/03/2022 09:00;139,15;139,53;137,21;137,58
21/03/2022 17:05;138,77;138,99;138,4;138,97
21/03/2022 13:00;138,92;139,34;138,58;138,78
21/03/2022 09:00;139,47;139,74;138,6;138,92
18/03/2022 17:05;138,88;138,89;138,51;138,77
18/03/2022 13:00;138,99;139,23;138,6;138,66
18/03/2022 09:00;139,99;140,22;138,88;139
17/03/2022 17:05;140,11;140,27;139,93;140,19
17/03/2022 13:00;141,12;141,26;139,75;140,27
17/03/2022 09:00;140,97;141,52;140,56;141,12
16/03/2022 17:05;140,34;140,7;140,32;140,67
16/03/2022 13:00;140,74;141,11;140,29;140,84
16/03/2022 09:00;141,66;142,29;140,3;140,66
15/03/2022 17:05;142,45;142,48;142,01;142,34
15/03/2022 13:00;142,64;142,99;142,29;142,34
15/03/2022 09:00;142,62;142,88;141,93;142,62
14/03/2022 17:05;143,19;143,51;143,19;143,51
14/03/2022 13:00;142,23;143,41;141,89;143,29
14/03/2022 09:00;143,1;143,56;142,21;142,22
11/03/2022 17:05;142,93;143,03;142,52;143
11/03/2022 13:00;142,73;143,15;142,62;143,03
11/03/2022 09:00;142,12;143,17;141,53;142,78
10/03/2022 17:05;142,47;142,81;142,34;142,62
10/03/2022 13:00;141,77;142,69;141,74;142,48
10/03/2022 09:00;141,38;142,86;140,85;141,78
09/03/2022 17:05;140,62;140,86;140,48;140,66
09/03/2022 13:00;141,84;141,9;139,88;140,56
09/03/2022 09:00;142,48;143,17;141,55;141,84
08/03/2022 17:05;143,22;143,48;142,77;142,99
08/03/2022 13:00;144,26;144,45;141,95;143,3
08/03/2022 09:00;144,54;144,81;143,1;144,18
07/03/2022 17:05;144,81;144,93;144,58;144,75
07/03/2022 13:00;143,43;144,74;143,43;144,36
07/03/2022 09:00;144,54;146,23;143,07;143,44
04/03/2022 17:05;143,17;143,85;143,06;143,06
04/03/2022 13:00;143,4;143,7;141,01;143
04/03/2022 09:00;140,16;143,73;139,92;143,33
03/03/2022 17:05;139,26;139,69;139,06;139,41
03/03/2022 13:00;137,93;139,33;137,93;139,16
03/03/2022 09:00;136;138,03;135,01;137,92
02/03/2022 17:05;136,45;136,49;136,18;136,25
02/03/2022 13:00;137,69;138,19;134,75;136,3
25/02/2022 17:05;132,34;132,88;132,25;132,41
25/02/2022 13:00;131,96;132,75;131,6;132,55
25/02/2022 09:00;132,47;132,89;131,56;131,93
24/02/2022 17:05;133,41;133,74;133,25;133,67
24/02/2022 13:00;134,79;134,87;133,1;133,41
24/02/2022 09:00;136,16;136,55;133,92;134,66
23/02/2022 17:05;132,64;132,79;132,36;132,6
23/02/2022 13:00;132,34;132,9;132,09;132,65
23/02/2022 09:00;132,67;133,06;131,88;132,34
22/02/2022 17:05;133;133,02;132,73;132,95
22/02/2022 13:00;131,67;132,69;131,65;132,65
22/02/2022 09:00;132,25;132,92;131,58;131,65
21/02/2022 17:05;131,3;131,41;131,17;131,25
21/02/2022 13:00;131,1;131,46;130,95;131,4
21/02/2022 09:00;131,33;132;131,1;131,1
18/02/2022 17:05;131,02;131,34;130,96;131,07
18/02/2022 13:00;130,87;131,06;130,68;130,94
18/02/2022 09:00;131,29;131,53;130,73;130,87
17/02/2022 17:05;130,94;131,41;130,68;131,3
17/02/2022 13:00;131,3;131,44;130,83;130,94
17/02/2022 09:00;131,15;132,06;130,83;131,33
16/02/2022 17:05;131,21;131,37;130,77;131,23
16/02/2022 13:00;131,75;131,95;130,94;131,14
16/02/2022 09:00;131,48;132,15;131,4;131,8
15/02/2022 17:05;131,27;131,5;131,21;131,33
15/02/2022 13:00;131,48;131,98;131,21;131,27
15/02/2022 09:00;132,69;133,15;131,34;131,48
14/02/2022 17:05;134,2;134,52;134,1;134,18
14/02/2022 13:00;133,82;134,71;133,68;134,37
14/02/2022 09:00;134,83;135,13;133,51;133,83
11/02/2022 17:05;134,79;135,13;134,59;134,83
11/02/2022 13:00;133,17;135,01;132,91;134,72
11/02/2022 09:00;133,15;133,68;132,76;133,23
10/02/2022 17:05;132,84;133,14;132,77;132,96
10/02/2022 13:00;133,87;133,91;132,96;133,03
10/02/2022 09:00;133,64;134,45;133,13;133,82
09/02/2022 17:05;133,98;133,98;133,57;133,78
09/02/2022 13:00;134,38;134,48;133,26;133,78
09/02/2022 09:00;133,71;134,59;132,69;134,38
08/02/2022 17:05;133,52;134,03;133,23;133,37
08/02/2022 13:00;134,18;134,21;133,3;133,56
08/02/2022 09:00;134,11;135,11;133,64;134,17
07/02/2022 17:05;134,79;134,86;134,48;134,52
07/02/2022 13:00;133,34;134,6;133,03;134,33
07/02/2022 09:00;131,96;133,48;131,96;133,33
04/02/2022 17:05;131,08;131,34;130,84;131,27
04/02/2022 13:00;131,08;131,41;130,66;131,08
04/02/2022 09:00;130,81;131,61;130,81;131,1
03/02/2022 17:05;130,88;131,08;130,81;130,94
03/02/2022 13:00;132,11;132,19;130,66;130,79
03/02/2022 09:00;131,23;132,56;131;132,1
02/02/2022 17:05;131,41;131,76;131,34;131,69
02/02/2022 13:00;132,03;132,03;131,27;131,48
02/02/2022 09:00;133,22;133,37;131,96;132,03
01/02/2022 17:05;133,03;133,32;132,84;133,05
01/02/2022 13:00;133,38;134,03;132,76;133,03
01/02/2022 09:00;133,41;133,83;132,86;133,38
31/01/2022 17:05;133,37;133,51;133,29;133,41
31/01/2022 13:00;133,69;133,88;132,99;133,59
31/01/2022 09:00;134,11;134,83;133,41;133,68
28/01/2022 17:05;134,06;134,32;134,01;134,18
28/01/2022 13:00;134,72;134,87;133,65;133,99
28/01/2022 09:00;135,86;136,35;134,6;134,74
27/01/2022 17:05;136,17;136,49;135,87;135,99
27/01/2022 13:00;135,16;135,8;134,89;135,8
27/01/2022 09:00;134,49;135,48;134,3;135,16
26/01/2022 17:05;134,37;134,45;134,11;134,45
26/01/2022 13:00;135,26;135,49;134,59;134,59
26/01/2022 09:00;135,66;135,78;135,03;135,29
25/01/2022 17:05;136,08;136,33;135,83;136,08
25/01/2022 13:00;136,13;136,71;135,85;136,05
25/01/2022 09:00;136,74;137,32;135,8;136,1
24/01/2022 17:05;136,58;137,02;136,39;136,93
24/01/2022 13:00;136,33;136,87;136,03;136,56
24/01/2022 09:00;135,16;136,39;135,16;136,29
21/01/2022 17:05;134,99;135,25;134,86;135,13
21/01/2022 13:00;134,83;135,13;134,59;134,99
21/01/2022 09:00;134,15;134,99;133,72;134,8
20/01/2022 17:05;134,21;134,37;134,17;134,2
20/01/2022 13:00;134,91;135,13;134,25;134,3
20/01/2022 09:00;135,11;135,47;134,05;134,93
19/01/2022 17:05;135,18;135,18;134,86;134,93
19/01/2022 13:00;134,7;135,4;134,7;135,25
19/01/2022 09:00;134,86;135,24;134,48;134,7
18/01/2022 17:05;134,37;134,71;134,37;134,66
18/01/2022 13:00;134,41;134,59;134,14;134,45
18/01/2022 09:00;133,53;134,44;133,17;134,4
17/01/2022 17:05;133,79;134,32;133,78;134,05
17/01/2022 13:00;133,78;134,21;132,92;133,72
17/01/2022 09:00;134,45;135,1;133,51;133,78
14/01/2022 17:05;134,18;134,52;134,18;134,45
14/01/2022 13:00;133,34;134,38;133,29;134,25
14/01/2022 09:00;133,51;134,21;133,05;133,29
13/01/2022 17:05;132,83;133,19;132,68;132,96
13/01/2022 13:00;132,6;133,03;132,59;132,83
13/01/2022 09:00;132,82;133,37;132,56;132,6
12/01/2022 17:05;133,18;133,44;132,88;133,23
12/01/2022 13:00;132,07;133,14;131,49;132,76
12/01/2022 09:00;132,96;133,1;131,98;132,13
11/01/2022 17:05;132,44;132,76;131,76;132,69
11/01/2022 13:00;132,87;133,21;132,15;132,15
11/01/2022 09:00;133,15;133,64;132,45;132,83
10/01/2022 17:05;132,61;133;132,61;132,83
10/01/2022 13:00;131,8;132,79;131,49;132,76
10/01/2022 09:00;131,95;133,07;131,61;131,8
07/01/2022 17:05;132,07;132,38;131,22;131,53
07/01/2022 13:00;131,61;132,41;131,58;132,02
07/01/2022 09:00;131,18;131,72;130,61;131,61
06/01/2022 17:05;130,37;130,87;129,87;130,76
06/01/2022 13:00;131,31;131,52;130,42;130,6
06/01/2022 09:00;130,77;131,75;130,37;131,21
05/01/2022 17:05;131,21;131,79;131,11;131,21
05/01/2022 13:00;130,56;131,21;130,26;131,07
05/01/2022 09:00;131,6;131,63;130,22;130,57
04/01/2022 17:05;131,9;132,29;131,48;131,72
04/01/2022 13:00;130,53;131,83;130,41;131,61
04/01/2022 09:00;128,47;130,77;128,47;130,58
03/01/2022 17:05;128,27;128,37;127,91;128,23
03/01/2022 13:00;126,53;128,08;126,43;127,95
03/01/2022 09:00;126,62;127,5;126,31;126,51
30/12/2021 17:05;125,93;127,4;125,93;127,11
30/12/2021 13:00;126,47;127,01;125,8;125,84
30/12/2021 09:00;127,15;127,84;125,93;126,57
29/12/2021 17:05;127,41;127,74;127,02;127,36
29/12/2021 13:00;127,41;128,15;125,32;126,92
29/12/2021 09:00;128,72;129,26;126,73;127,33
28/12/2021 17:05;126,31;129,51;126,13;128,65
28/12/2021 13:00;128,95;129,26;125,18;125,62
28/12/2021 09:00;131,48;131,48;128,77;128,95
27/12/2021 17:05;131,56;131,56;130,83;131,04
27/12/2021 13:00;132,37;132,48;131,11;131,11
27/12/2021 09:00;132,61;133,3;132,03;132,38
23/12/2021 17:05;131,67;132,3;131,56;131,7
23/12/2021 13:00;130,25;131,82;129,98;131,63
23/12/2021 09:00;130,12;131,17;129,09;130,25
22/12/2021 17:05;130,28;130,67;129,92;130,4
22/12/2021 13:00;131,11;131,82;130,12;130,26
22/12/2021 09:00;133,34;133,89;130,84;131,12
21/12/2021 17:05;132,1;132,61;131,98;132,31
21/12/2021 13:00;130,47;131,87;129,99;131,48
21/12/2021 09:00;127,44;131,05;127,04;130,55
20/12/2021 17:05;126,88;127,16;126,88;127,02
20/12/2021 13:00;126,4;127,3;126,21;126,88
20/12/2021 09:00;125,42;127,58;125,39;126,31
17/12/2021 17:05;126,37;126,37;125,68;126,03
17/12/2021 13:00;126,31;126,89;125,96;126,18
17/12/2021 09:00;128,13;128,27;126,03;126,34
16/12/2021 17:05;127,93;128,7;127,76;128,46
16/12/2021 13:00;128,47;128,92;127,75;127,93
16/12/2021 09:00;128,58;129,56;128,15;128,47
15/12/2021 17:05;128,57;128,77;128,41;128,5
15/12/2021 13:00;129,7;130,14;128,57;128,57
15/12/2021 09:00;131,48;131,9;129,5;129,7
14/12/2021 17:05;131,7;131,87;131,48;131,8
14/12/2021 13:00;131,73;132,63;131,31;131,63
14/12/2021 09:00;131,69;132,27;131,05;131,72
13/12/2021 17:05;132,04;132,31;131,55;131,55
13/12/2021 13:00;132,52;132,94;131,96;132,24
13/12/2021 09:00;132,08;133,23;131,82;132,52
10/12/2021 17:05;131,12;132,38;131,11;131,96
10/12/2021 13:00;131,17;132,24;130,93;131,25
10/12/2021 09:00;131,87;132,48;130,59;131,08
09/12/2021 17:05;131,43;132,52;131,29;132,24
09/12/2021 13:00;132,39;132,75;131,28;131,55
09/12/2021 09:00;132,22;133,37;131,45;132,41
08/12/2021 17:05;131,62;132,87;131,32;132,65
08/12/2021 13:00;132,77;133,04;131,15;131,6
08/12/2021 09:00;133,93;134,62;132,61;132,73
07/12/2021 17:05;133,23;133,45;132,85;133,18
07/12/2021 13:00;133,42;133,65;133,13;133,37
07/12/2021 09:00;132,94;134,34;131,53;133,37
06/12/2021 17:05;133,35;133,79;133,24;133,65
06/12/2021 13:00;133,54;133,99;132,35;133,66
06/12/2021 09:00;131,21;133,59;130,9;133,54
03/12/2021 17:05;131,82;131,94;131,25;131,39
03/12/2021 13:00;131,53;132,08;130,69;131,74
03/12/2021 09:00;130,15;131,59;129,56;131,5
02/12/2021 17:05;129,42;129,77;129,16;129,54
02/12/2021 13:00;128,48;130,09;127,91;129,44
02/12/2021 09:00;128,3;128,96;127,86;128,54
01/12/2021 17:05;127,68;128,13;127,65;128,08
01/12/2021 13:00;126,51;127,72;126,51;127,64
01/12/2021 09:00;126,85;127,02;126,18;126,49
30/11/2021 17:05;125,41;125,73;125,11;125,31
30/11/2021 13:00;124,97;125,44;124,34;125,25
30/11/2021 09:00;126,1;126,24;124,26;124,9
29/11/2021 17:05;126,27;126,27;125,83;126,23
29/11/2021 13:00;126,1;126,51;125,63;126,09
29/11/2021 09:00;125,48;126,42;124,94;126,1
26/11/2021 17:05;125,56;125,58;124,87;124,93
26/11/2021 13:00;123,21;125,94;123,08;125,46
26/11/2021 09:00;124,21;124,87;122,99;123,21
25/11/2021 17:05;125,21;125,41;124,62;124,76
25/11/2021 13:00;124,69;125,59;124,24;125,04
25/11/2021 09:00;123,26;124,69;122,29;124,69
24/11/2021 17:05;123,35;123,56;123,22;123,36
24/11/2021 13:00;126,09;126,27;123,66;123,73
24/11/2021 09:00;126,24;126,81;125,68;126,09
23/11/2021 17:05;126,11;126,66;125,9;126,24
23/11/2021 13:00;124,93;126,14;124,63;125,94
23/11/2021 09:00;123,26;125,04;122,35;124,9
22/11/2021 17:05;123,45;123,63;123,21;123,47
22/11/2021 13:00;122,99;123,78;122,68;123,35
22/11/2021 09:00;122,42;123,42;122,32;122,92
19/11/2021 17:05;122,08;122,66;121,92;122,22
19/11/2021 13:00;121,06;121,79;120,85;121,79
19/11/2021 09:00;119,96;121,15;119,54;121,09
18/11/2021 17:05;120,14;120,37;119,89;120,19
18/11/2021 13:00;120,6;120,88;119,82;120,1
18/11/2021 09:00;118,85;121,32;118,59;120,58
17/11/2021 17:05;119,09;119,25;118,83;118,83
17/11/2021 13:00;119,27;119,59;118,34;119,16
17/11/2021 09:00;120,5;120,52;118,15;119,31
16/11/2021 17:05;119,68;120,51;119,54;120,36
16/11/2021 13:00;121,32;121,37;119,89;120
16/11/2021 09:00;120,88;122,27;120,44;121,29
12/11/2021 17:05;120,98;121,43;120,72;120,84
12/11/2021 13:00;119,57;121,51;119,47;121,23
12/11/2021 09:00;118,96;119,89;118,69;119,55
11/11/2021 17:05;119,54;119,92;119,25;119,86
11/11/2021 13:00;121,29;121,37;119,44;119,54
11/11/2021 09:00;121,7;121,94;120,98;121,34
10/11/2021 17:05;122,25;122,3;121,27;121,78
10/11/2021 13:00;120,61;122,02;120,6;121,79
10/11/2021 09:00;120,81;121,26;120,2;120,62
09/11/2021 17:05;121,27;121,27;120,81;120,99
09/11/2021 13:00;121,6;122,36;121,24;121,39
09/11/2021 09:00;122,25;122,71;121,37;121,58
08/11/2021 17:05;122,81;122,9;122,29;122,78
08/11/2021 13:00;123,16;123,33;122,74;123,07
08/11/2021 09:00;122,92;124;122,92;123,21
05/11/2021 17:05;122,92;123,28;122,87;123,09
05/11/2021 13:00;123,87;124,04;123,08;123,18
05/11/2021 09:00;124,55;124,55;123,49;123,91
04/11/2021 17:05;124,91;125,08;124,77;125
04/11/2021 13:00;124,77;125,61;124,66;125,18
04/11/2021 09:00;125,41;125,46;124,52;124,76
03/11/2021 17:05;125,51;125,72;125,3;125,3
03/11/2021 13:00;126,4;126,55;125,61;125,72
03/11/2021 09:00;127,13;127,27;126,02;126,43
01/11/2021 17:05;127,56;127,56;126,72;127,07
01/11/2021 13:00;127,1;127,58;126,88;127,41
01/11/2021 09:00;124,73;127,36;124,55;127,03
29/10/2021 17:05;124,98;125,01;124,59;124,59
29/10/2021 13:00;124,65;125,15;124,52;125,01
29/10/2021 09:00;124,07;125,11;123,83;124,66
28/10/2021 17:05;124,45;124,73;124,09;124,22
28/10/2021 13:00;124,49;124,52;123,78;124,24
28/10/2021 09:00;123,11;124,53;122,89;124,48
27/10/2021 17:05;123,98;124,01;123,43;123,46
27/10/2021 13:00;123,98;124,59;123,68;124,01
27/10/2021 09:00;123,18;124,45;122,47;123,98
26/10/2021 17:05;123,74;123,98;123,6;123,6
26/10/2021 13:00;123,32;123,9;123,06;123,61
26/10/2021 09:00;123,77;123,77;122,67;123,26
25/10/2021 17:05;123,7;123,85;123,33;123,39
25/10/2021 13:00;124,65;124,65;123,74;123,88
25/10/2021 09:00;125,78;126,43;124,6;124,65
22/10/2021 17:05;125,22;125,58;125,2;125,3
22/10/2021 13:00;124,72;125,41;124,72;125,38
22/10/2021 09:00;125,01;125,37;124,53;124,76
21/10/2021 17:05;124,8;125,03;124,65;124,87
21/10/2021 13:00;125,03;125,58;124,87;124,89
21/10/2021 09:00;124,87;125,39;124,43;125,08
20/10/2021 17:05;125,14;125,48;124,8;125,21
20/10/2021 13:00;125,45;125,54;125,15;125,48
20/10/2021 09:00;126,64;126,65;125,13;125,44
19/10/2021 17:05;125,9;126,31;125,79;125,97
19/10/2021 13:00;126,98;127,03;126;126,1
19/10/2021 09:00;126;127,37;126;126,92
18/10/2021 17:05;126,96;126,96;125,72;125,93
18/10/2021 13:00;125,94;127,48;125,61;126,43
18/10/2021 09:00;126,03;126,88;125,93;126
15/10/2021 17:05;125,8;127,68;125,51;125,72
15/10/2021 13:00;125,38;125,72;125,11;125,72
15/10/2021 09:00;125,61;125,9;125,31;125,39
14/10/2021 17:05;125,22;125,72;124,93;125,44
14/10/2021 13:00;125,39;125,97;125,3;125,3
14/10/2021 09:00;125,15;125,69;125,01;125,39
13/10/2021 17:05;125,48;126,13;124,74;124,74
13/10/2021 13:00;124,81;125,72;124,72;125,44
13/10/2021 09:00;124,77;125,1;124,38;124,89
11/10/2021 17:05;125,48;125,99;125,18;125,37
11/10/2021 13:00;125,1;126,43;124,76;125,48
11/10/2021 09:00;125,99;126,51;125,01;125,1
08/10/2021 17:05;125,15;125,72;124,35;125,62
08/10/2021 13:00;126,52;126,69;125;125,15
08/10/2021 09:00;124,91;127,03;124,9;126,51
07/10/2021 17:05;125,21;125,56;125,08;125,37
07/10/2021 13:00;125,44;126,26;125,08;125,08
07/10/2021 09:00;127,07;127,07;125,01;125,42
06/10/2021 17:05;126,71;126,71;126,34;126,47
06/10/2021 13:00;127,77;127,91;126,64;126,85
06/10/2021 09:00;128,46;128,69;127,48;127,77
05/10/2021 17:05;127,58;127,77;127,32;127,68
05/10/2021 13:00;128,87;129,65;127,17;127,44
05/10/2021 09:00;127,51;129,11;126,86;128,85
04/10/2021 17:05;127,44;127,75;127,13;127,41
04/10/2021 13:00;128,43;128,9;127,24;127,58
04/10/2021 09:00;128,84;129,42;127,98;128,43
01/10/2021 17:05;128,7;129,04;128,69;128,76
01/10/2021 13:00;129,87;129,96;128,69;128,69
01/10/2021 09:00;129,87;130,63;129,55;129,84
30/09/2021 17:05;129,62;130,08;129,36;129,83
30/09/2021 13:00;131,2;131,27;129,74;129,9
30/09/2021 09:00;131,52;131,95;130,27;131,23
29/09/2021 17:05;131,75;132,02;131,64;131,69
29/09/2021 13:00;131,93;132,27;131,79;131,98
29/09/2021 09:00;132,36;132,63;131,54;131,93
28/09/2021 17:05;131,79;132,29;131,54;132,08
28/09/2021 13:00;132,29;132,64;131,37;131,67
28/09/2021 09:00;132,08;133,13;131,93;132,27
27/09/2021 17:05;131,09;131,37;130,96;131,3
27/09/2021 13:00;130,08;131,36;130;131,2
27/09/2021 09:00;128,06;130,72;127,7;130,06
24/09/2021 17:05;128,53;128,53;127,84;128,12
24/09/2021 13:00;128,15;128,69;128,02;128,19
24/09/2021 09:00;128,93;129,24;128,05;128,22
23/09/2021 17:05;129,43;129,43;129,14;129,36
23/09/2021 13:00;129,39;129,74;129,04;129,46
23/09/2021 09:00;129,94;130,03;129,26;129,39
22/09/2021 17:05;130,27;130,28;129,67;130,1
22/09/2021 13:00;130,52;130,65;130,08;130,27
22/09/2021 09:00;130,38;130,86;129,82;130,52
21/09/2021 17:05;130,9;131,37;130,87;130,87
21/09/2021 13:00;130,62;131,21;130,55;131,06
21/09/2021 09:00;130,52;131,27;130,27;130,62
20/09/2021 17:05;130,92;131,09;130,8;131,07
20/09/2021 13:00;131,04;131,5;130,95;130,95
20/09/2021 09:00;131,23;131,58;130,71;131,04
17/09/2021 17:05;131,69;132;131,48;131,86
17/09/2021 13:00;131,02;131,93;130,71;131,65
17/09/2021 09:00;130,86;131,55;130,44;131,07
16/09/2021 17:05;131,44;131,57;130,82;131,09
16/09/2021 13:00;131,85;132,17;131,17;131,44
16/09/2021 09:00;132,78;133,33;131,54;131,85
15/09/2021 17:05;133,13;133,49;132,57;132,64
15/09/2021 13:00;132,78;133,32;132,36;133,13
15/09/2021 09:00;133,63;133,69;132,22;132,71
14/09/2021 17:05;133,71;133,77;133,52;133,7
14/09/2021 13:00;133,74;133,84;133,28;133,56
14/09/2021 09:00;132,57;133,91;132,5;133,77
13/09/2021 17:05;132,2;132,64;132,08;132,33
13/09/2021 13:00;131,64;131,89;131,47;131,85
13/09/2021 09:00;130,68;131,93;130,65;131,58
10/09/2021 17:05;130,61;130,78;128,85;129,11
10/09/2021 13:00;130,82;131,23;129,82;130,68
10/09/2021 09:00;131,33;131,37;130,24;130,86
09/09/2021 17:05;130,9;131,19;130,66;131,07
09/09/2021 13:00;130,93;131,65;130,87;131,51
09/09/2021 09:00;130,99;131,51;130,24;130,85
08/09/2021 17:05;131,33;131,89;130,95;131,27
08/09/2021 13:00;131,24;132,08;130,66;131,37
08/09/2021 09:00;129,32;131,92;129,24;131,24
06/09/2021 17:05;130,55;130,61;128,54;128,54
06/09/2021 13:00;129,53;130,66;129,21;130,24
06/09/2021 09:00;129,18;130,14;128,95;129,5
03/09/2021 17:05;129,46;130,07;129,46;130,04
03/09/2021 13:00;129,87;130,31;129,14;129,6
03/09/2021 09:00;128,59;130,38;128,26;129,8
02/09/2021 17:05;129,96;130,32;128,83;128,83
02/09/2021 13:00;130,63;130,66;129,26;130,01
02/09/2021 09:00;128,83;131,09;127,95;130,63
01/09/2021 17:05;128,08;128,69;128,06;128,33
01/09/2021 13:00;127,85;128,01;126,98;127,81
01/09/2021 09:00;128,13;128,54;127,41;127,92
31/08/2021 17:05;129,63;130,04;129,42;129,49
31/08/2021 13:00;130,47;130,48;129,12;129,42
31/08/2021 09:00;132,47;133,52;130,13;130,47
30/08/2021 17:05;131,58;132,39;131,55;132,32
30/08/2021 13:00;132,81;132,88;131,13;131,61
30/08/2021 09:00;133,34;134,1;132,61;132,74
27/08/2021 17:05;134,71;135,15;134,11;134,66
27/08/2021 13:00;135,2;135,26;134,3;134,49
27/08/2021 09:00;134,78;135,4;134,45;135,15
26/08/2021 17:05;134,9;135,36;134,58;135,3
26/08/2021 13:00;135,48;135,5;134,58;134,93
26/08/2021 09:00;135,15;135,85;134,35;135,46
25/08/2021 17:05;135,13;135,13;134,51;134,65
25/08/2021 13:00;135,41;135,57;134,51;134,89
25/08/2021 09:00;134,51;135,51;133,6;135,3
24/08/2021 17:05;134,92;135,15;134,86;135
24/08/2021 13:00;135,29;135,71;134,41;134,71
24/08/2021 09:00;136,12;136,25;134,89;135,29
23/08/2021 17:05;134,86;136,49;134,72;136,28
23/08/2021 13:00;135,91;137,28;134,16;134,65
23/08/2021 09:00;135,99;136,28;134,88;135,91
20/08/2021 17:05;135,74;135,88;135,48;135,71
20/08/2021 13:00;136,95;137,1;135,43;135,68
20/08/2021 09:00;137,34;137,68;136,42;136,84
19/08/2021 17:05;136,42;137,31;136,25;137,18
19/08/2021 13:00;137,87;138,54;136,71;136,84
19/08/2021 09:00;138,09;138,68;137,56;137,97
18/08/2021 17:05;138,47;138,81;138,26;138,54
18/08/2021 13:00;138,98;139,43;138,11;138,47
18/08/2021 09:00;140,14;140,52;138,31;138,98
17/08/2021 17:05;140,16;140,76;139,13;140,29
17/08/2021 13:00;140,3;141,2;140,23;140,4
17/08/2021 09:00;141,66;141,82;140,02;140,3
16/08/2021 17:05;141,22;141,83;141;141,79
16/08/2021 13:00;141,25;141,51;140,66;141,27
16/08/2021 09:00;141,66;142,41;140,93;141,22
13/08/2021 17:05;140,96;141,83;140,83;141,37
13/08/2021 13:00;140,94;141,44;140,32;141,22
13/08/2021 09:00;142,1;142,57;140,8;140,96
12/08/2021 17:05;141,37;141,65;141,08;141,63
12/08/2021 13:00;141,34;142,78;141,22;141,37
12/08/2021 09:00;140,29;141,51;139,6;141,34
11/08/2021 17:05;140,38;140,38;139,81;140,23
11/08/2021 13:00;138,68;140,66;138,62;140,38
11/08/2021 09:00;138,85;139,09;137,7;138,76
10/08/2021 17:05;138,95;139,37;138,69;138,69
10/08/2021 13:00;138,68;139,17;138,23;138,96
10/08/2021 09:00;137,73;139,19;137,12;138,65
09/08/2021 17:05;137,53;137,55;136,86;137,21
09/08/2021 13:00;137,6;138,04;136,21;137,55
09/08/2021 09:00;136,52;138,11;136,16;137,55
06/08/2021 17:05;137,76;138,13;137,27;138,06
06/08/2021 13:00;138,95;139,44;137,48;138,04
06/08/2021 09:00;139,12;140,66;138,54;138,95
05/08/2021 17:05;138,67;139,17;138,41;139
05/08/2021 13:00;137,25;138,41;136,91;138,26
05/08/2021 09:00;135,05;137,97;134,01;137,34
04/08/2021 17:05;135,05;135,36;134,3;134,3
04/08/2021 13:00;135,17;135,71;134,48;134,86
04/08/2021 09:00;136,36;136,77;135,02;135,15
03/08/2021 17:05;136,56;136,84;136,22;136,83
03/08/2021 13:00;139,05;139,53;136,71;136,74
03/08/2021 09:00;139,26;140,36;138,69;139,05
02/08/2021 17:05;139,53;140,08;139,13;139,16
02/08/2021 13:00;139,65;140,56;139,26;139,67
02/08/2021 09:00;139,74;140,36;138,26;139,65
30/07/2021 17:05;140,59;140,88;140,26;140,26
30/07/2021 13:00;140,87;141,66;140,3;140,52
30/07/2021 09:00;140,66;141,07;139,53;140,84
29/07/2021 17:05;141,63;141,94;141,28;141,28
29/07/2021 13:00;142,21;142,5;141,22;141,51
29/07/2021 09:00;143,22;144,33;140,71;142,21
28/07/2021 17:05;143,77;143,88;141,72;143,49
28/07/2021 13:00;143,91;144,4;143,16;143,61
28/07/2021 09:00;145,46;146,03;143,6;143,91
27/07/2021 17:05;145,42;145,73;145,13;145,32
27/07/2021 13:00;143,26;145,04;143,09;144,96
27/07/2021 09:00;145,61;146,27;143,08;143,26
26/07/2021 17:05;144,62;145,45;144,48;145,11
26/07/2021 13:00;143,15;144,48;143,06;144,25
26/07/2021 09:00;141,18;143,95;141,15;143,19
23/07/2021 17:05;140,87;141,32;140,45;140,53
23/07/2021 13:00;140,63;140,94;140,01;140,87
23/07/2021 09:00;139,54;141,07;139,24;140,66
22/07/2021 17:05;139,99;140,32;139,26;139,26
22/07/2021 13:00;139,36;140,38;139,17;139,95
22/07/2021 09:00;138,96;139,53;137,85;139,34
21/07/2021 17:05;139,48;139,92;139,32;139,65
21/07/2021 13:00;139,2;139,24;138,13;139,24
21/07/2021 09:00;138,54;139,78;138,48;139,17
20/07/2021 17:05;137,58;139,39;137,28;138,96
20/07/2021 13:00;137,97;138,47;136,56;137,22
20/07/2021 09:00;138,34;138,54;137,62;137,99
19/07/2021 17:05;135,99;137,55;135,99;137,52
19/07/2021 13:00;135,74;136,28;135,5;135,99
19/07/2021 09:00;135,7;137,53;134,58;135,71
16/07/2021 17:05;134;135,34;133,73;135,27
16/07/2021 13:00;136,22;136,7;133,41;133,7
16/07/2021 09:00;137,34;137,96;135,72;136,21
15/07/2021 17:05;136,28;136,28;135,57;136,13
15/07/2021 13:00;138,21;138,54;135,85;136,22
15/07/2021 09:00;138,07;138,75;137,42;138,26
14/07/2021 17:05;137,27;137,83;136,71;137,69
14/07/2021 13:00;134,52;138,04;134,3;137,12
14/07/2021 09:00;135;135,3;133,02;134,51
13/07/2021 17:05;135;135;134,16;134,3
13/07/2021 13:00;135,46;135,58;133,94;135,07
13/07/2021 09:00;135,57;137,62;134,65;135,46
12/07/2021 17:05;136,22;136,36;135,81;135,85
12/07/2021 13:00;137,31;137,48;135,56;135,89
12/07/2021 09:00;137,59;138,54;136,76;137,66
08/07/2021 17:05;137,9;137,9;137,39;137,69
08/07/2021 13:00;137,05;137,83;136,59;137,69
08/07/2021 09:00;136,56;137,9;136,09;137,05
07/07/2021 17:05;135,58;136,06;135,33;135,78
07/07/2021 13:00;135,27;136,3;134,44;135,57
07/07/2021 09:00;132,9;135,27;132,46;135,27
06/07/2021 17:05;132,88;133,24;132,32;132,95
06/07/2021 13:00;134,3;134,55;131,19;132,25
06/07/2021 09:00;138,04;138,04;133,59;134,08
05/07/2021 17:05;137,99;138,11;137,83;137,9
05/07/2021 13:00;138,34;138,89;137,12;137,68
05/07/2021 09:00;135,54;139,1;135,05;138,38
02/07/2021 17:05;134,57;134,57;134,01;134,42
02/07/2021 13:00;134,75;134,93;133,32;134,08
02/07/2021 09:00;134,81;135,56;133,48;134,69
01/07/2021 17:05;132,9;134,42;132,9;133,58
01/07/2021 13:00;132,26;133,02;131,47;132,81
01/07/2021 09:00;132,46;135,82;131,61;132,18
30/06/2021 17:05;130,44;131,05;129,17;130,9
30/06/2021 13:00;130,34;135,71;128,93;129,09
30/06/2021 09:00;135,61;135,61;127,04;130,32
29/06/2021 17:05;138,4;138,54;135;135,57
29/06/2021 13:00;131,23;131,23;131,23;131,23
29/06/2021 09:00;131,23;131,23;130,97;131,23
28/06/2021 17:05;128,37;130,47;128,37;130,06
28/06/2021 13:00;124,98;124,98;124,98;124,98
28/06/2021 09:00;121,15;124,98;121,07;124,98
25/06/2021 17:05;119,31;120;119,03;119,61
25/06/2021 13:00;118,11;119,31;117,79;119,24
25/06/2021 09:00;117,49;119,72;117,05;118,11
24/06/2021 17:05;116,74;117,76;116,48;117,49
24/06/2021 13:00;115,21;117,71;115,16;116,61
24/06/2021 09:00;114,92;117,25;114,65;115,21
23/06/2021 17:05;114,75;115,92;114,15;115,59
23/06/2021 13:00;116,3;116,48;114,79;114,89
23/06/2021 09:00;114,51;116,95;113,98;116,29
22/06/2021 17:05;114,22;115,07;114,22;114,63
22/06/2021 13:00;116,07;116,32;113,8;114,42
22/06/2021 09:00;117,33;118,17;115,82;116,13
21/06/2021 17:05;118,75;119,4;118,45;118,59
21/06/2021 13:00;120,13;120,44;118,32;118,61
21/06/2021 09:00;119,59;121,28;118,2;120,1
18/06/2021 17:05;121,56;122,2;121,36;121,4
18/06/2021 13:00;119,88;121,42;118,1;121,36
18/06/2021 09:00;118,89;120,82;117,63;119,85
17/06/2021 17:05;116,23;116,81;113,97;114,08
17/06/2021 13:00;118,46;118,62;117,4;117,4
17/06/2021 09:00;120,58;120,73;118,03;118,61
16/06/2021 17:05;124,01;124,13;123,51;123,77
16/06/2021 13:00;126,31;126,38;123,13;123,98
16/06/2021 09:00;126,37;127,5;125,32;126,38
15/06/2021 17:05;127,29;127,29;126,8;126,8
15/06/2021 13:00;127,31;128,2;125,89;126,95
15/06/2021 09:00;127,36;129,14;126,97;127,34
14/06/2021 17:05;128,83;129,35;128,64;129,28
14/06/2021 13:00;130,07;130,13;128,11;128,78
14/06/2021 09:00;130,48;131,26;129,6;130,15
11/06/2021 17:05;134,3;134,44;133,86;134,3
11/06/2021 13:00;134,06;134,58;133,32;134,27
11/06/2021 09:00;135,29;135,29;133,02;134,28
10/06/2021 17:05;135,87;136,83;135,71;136,7
10/06/2021 13:00;137,89;138,4;135,85;136,13
10/06/2021 09:00;137,12;138,38;136,87;137,82
09/06/2021 17:05;136,66;137,97;136,66;137,49
09/06/2021 13:00;136,05;137,52;135,92;136,77
09/06/2021 09:00;135,71;136,71;134,88;136,09
08/06/2021 17:05;136,86;137,36;136,86;137,14
08/06/2021 13:00;138,13;138,18;136,64;137,19
08/06/2021 09:00;137,97;138,96;137,69;138,13
07/06/2021 17:05;138,54;138,83;138,4;138,54
07/06/2021 13:00;139,81;139,81;137,12;137,62
07/06/2021 09:00;139,39;140,73;138,76;139,81
04/06/2021 17:05;137,48;137,65;137,36;137,41
04/06/2021 13:00;138,07;138,54;137,14;137,36
04/06/2021 09:00;137,01;138,54;135,96;138,04
02/06/2021 17:05;137,38;137,83;137;137
02/06/2021 13:00;137,44;138,54;136,42;137,97
02/06/2021 09:00;139,82;139,82;137,22;137,41
01/06/2021 17:05;139,98;139,98;139,03;139,67
01/06/2021 13:00;140,33;140,66;139,41;140,08
01/06/2021 09:00;139,95;140,97;138,99;140,33
31/05/2021 17:05;137,97;137,97;137,27;137,51
31/05/2021 13:00;137,46;138,72;136,87;137,79
31/05/2021 09:00;134,47;137,83;134,47;137,46
28/05/2021 17:05;134,23;134,92;134,08;134,33
28/05/2021 13:00;133,77;134,81;133,52;134,55
28/05/2021 09:00;133,73;135;132,18;133,8
27/05/2021 17:05;133,58;134,52;133,41;133,56
27/05/2021 13:00;131,82;133,59;131,82;133,41
27/05/2021 09:00;129,72;133,59;129,63;131,88
26/05/2021 17:05;129,33;130,18;129,33;129,56
26/05/2021 13:00;128,36;129,69;128,18;129,24
26/05/2021 09:00;128,5;129,7;126,73;128,36
25/05/2021 17:05;128,36;128,91;128,36;128,71
25/05/2021 13:00;129,21;129,63;127,23;128,36
25/05/2021 09:00;130,48;131,72;128,94;129,15
24/05/2021 17:05;129,89;130,62;129,77;130,42
24/05/2021 13:00;128,93;130,06;128,5;130,06
24/05/2021 09:00;131,4;131,4;128,36;128,93
21/05/2021 17:05;131,91;132,6;131,91;132,6
21/05/2021 13:00;133,56;133,79;132,19;132,59
21/05/2021 09:00;135,13;135,13;133,1;133,45
20/05/2021 17:05;136,01;136,01;135,47;135,71
20/05/2021 13:00;137,1;137,1;135,16;135,85
20/05/2021 09:00;136,36;137,76;135,26;137,07
19/05/2021 17:05;136,23;136,97;136,21;136,28
19/05/2021 13:00;134,37;136,78;134,08;136,45
19/05/2021 09:00;137,53;138;134,01;134,37
18/05/2021 17:05;136,7;137,01;136,39;136,53
18/05/2021 13:00;138,37;138,37;135,85;136,7
18/05/2021 09:00;137,82;139,05;137,48;138,3
17/05/2021 17:05;137,12;137,55;136,7;137,32
17/05/2021 13:00;136,08;137,83;135,3;137,12
17/05/2021 09:00;134,31;136,42;134,01;136,09
14/05/2021 17:05;134,3;135,7;134,17;135,07
14/05/2021 13:00;135,12;135,15;132,95;134,16
14/05/2021 09:00;136,28;137,12;133,17;135,06
13/05/2021 17:05;134,88;135,16;134,06;134,3
13/05/2021 13:00;138,37;138,37;133,69;135
13/05/2021 09:00;140,11;141,1;137,73;138,18
12/05/2021 17:05;141,08;141,08;140,38;140,88
12/05/2021 13:00;141,52;141,68;139,23;140,66
12/05/2021 09:00;141,66;142,62;141,04;141,55
11/05/2021 17:05;140,94;141,37;140,25;141,22
11/05/2021 13:00;141,53;142,21;140,5;140,93
11/05/2021 09:00;140,43;142,28;140,26;141,58
10/05/2021 17:05;140,25;140,73;140,25;140,66
10/05/2021 13:00;142,19;142,44;139,95;140,09
10/05/2021 09:00;142,4;143,13;141,65;142,23
07/05/2021 17:05;142,23;142,34;141,47;142,34
07/05/2021 13:00;141,58;142,69;141,27;141,86
07/05/2021 09:00;141,72;142,76;141,17;141,57
06/05/2021 17:05;141,57;142,12;141,06;141,82
06/05/2021 13:00;140,75;141,72;140,64;141,57
06/05/2021 09:00;140,48;141,4;139,74;140,77
05/05/2021 17:05;140,44;140,82;140,06;140,08
05/05/2021 13:00;141,51;141,65;140,41;140,48
05/05/2021 09:00;142,55;142,55;140,35;141,51
04/05/2021 17:05;141,93;143,01;141,93;142,83
04/05/2021 13:00;142,69;143,3;141,8;141,93
04/05/2021 09:00;144,89;145,43;142,62;142,7
03/05/2021 17:05;144,9;145,03;144,58;144,64
03/05/2021 13:00;143,93;145,11;143,59;145,01
03/05/2021 09:00;143,8;145,11;142,18;144,03
30/04/2021 17:05;142,97;143,33;142,97;143,21
30/04/2021 13:00;141,71;143,35;141,71;142,97
30/04/2021 09:00;141,76;142,04;140,35;141,72
29/04/2021 17:05;140,48;141,31;140,21;141,29
29/04/2021 13:00;140,93;141,98;140,2;140,2
29/04/2021 09:00;145,04;145,58;140,62;140,93
28/04/2021 17:05;144,76;145,3;144,56;144,63
28/04/2021 13:00;147,22;147,43;143,62;144,97
28/04/2021 09:00;146,12;147,69;145,87;147,31
27/04/2021 17:05;148,03;148,59;147,83;148,5
27/04/2021 13:00;148,66;148,76;147,25;148,22
27/04/2021 09:00;149,33;150,79;146,89;148,63
26/04/2021 17:05;146,98;147,45;146,91;147,32
26/04/2021 13:00;145,34;147,17;145,07;146,84
26/04/2021 09:00;144,42;145,59;144,17;145,36
23/04/2021 17:05;143,66;144,04;143,55;144
23/04/2021 13:00;143,52;144,25;143,1;143,8
23/04/2021 09:00;143,52;143,92;142,69;143,46
22/04/2021 17:05;144,35;144,63;144,21;144,63
22/04/2021 13:00;143,44;144,49;143,1;144,42
22/04/2021 09:00;143,1;143,52;142,15;143,38
20/04/2021 17:05;142,12;142,12;141,47;141,47
20/04/2021 13:00;142,57;143,09;141,1;141,71
20/04/2021 09:00;143,52;143,86;141,13;142,69
19/04/2021 17:05;143,24;143,44;143,01;143,38
19/04/2021 13:00;143,31;143,52;142,69;143,24
19/04/2021 09:00;142,69;144,06;142,47;143,39
16/04/2021 17:05;141,87;142,07;141,74;141,98
16/04/2021 13:00;141,71;142,21;140,34;142,14
16/04/2021 09:00;141,57;143,1;141,35;141,72
15/04/2021 17:05;141,1;141,49;141,03;141,38
15/04/2021 13:00;139,38;141,03;139,38;140,75
15/04/2021 09:00;140,88;141,6;138,54;139,37
14/04/2021 17:05;138,82;140,84;138,82;140,46
14/04/2021 13:00;144,93;145,08;138,58;138,96
14/04/2021 09:00;143,49;145,41;143,38;144,89
13/04/2021 17:05;143,62;143,78;143,04;143,24
13/04/2021 13:00;142,76;143,78;142,27;143,66
13/04/2021 09:00;141,29;143,45;141,04;142,74
12/04/2021 17:05;140,96;141,2;140,81;141,03
12/04/2021 13:00;140,2;141,02;139,95;141,02
12/04/2021 09:00;139,44;140,68;139,08;140,26
09/04/2021 17:05;139,08;139,34;138,76;139,23
09/04/2021 13:00;139,51;140,2;137,85;138,97
09/04/2021 09:00;138,54;139,63;138,54;139,58
08/04/2021 17:05;138,14;138,27;138,11;138,2
08/04/2021 13:00;138,03;138,11;137,6;138,04
08/04/2021 09:00;136,83;138,06;136,81;138,02
07/04/2021 17:05;136,76;137,34;136,74;136,74
07/04/2021 13:00;137,45;137,59;136,33;136,76
07/04/2021 09:00;137,44;137,85;135,71;137,48
06/04/2021 17:05;137,85;137,95;136,67;137,02
06/04/2021 13:00;137,77;138,27;137,64;137,88
06/04/2021 09:00;137,66;138,39;137,3;137,74
05/04/2021 17:05;137,08;137,48;137,08;137,42
05/04/2021 13:00;136,52;137,23;136,27;137,03
05/04/2021 09:00;134,68;136,74;134,68;136,56
01/04/2021 17:05;134,71;134,79;134,41;134,6
01/04/2021 13:00;134,34;135,21;133,49;134,81
01/04/2021 09:00;134,12;135,44;133,05;134,32
31/03/2021 17:05;133,56;133,91;133,47;133,63
31/03/2021 13:00;129,8;133,83;129,8;133,49
31/03/2021 09:00;129,64;130,51;129,14;129,73
30/03/2021 17:05;130,04;130,15;129,44;130,07
30/03/2021 13:00;130,31;130,87;129,83;129,83
30/03/2021 09:00;131,13;131,48;130,11;130,31
29/03/2021 17:05;130,45;130,63;130,45;130,48
29/03/2021 13:00;130,74;130,92;129,71;130,74
29/03/2021 09:00;131,09;131,35;130,4;130,7
26/03/2021 17:05;130,54;130,94;130,52;130,9
26/03/2021 13:00;129,61;130,88;129,53;130,73
26/03/2021 09:00;128,9;129,9;128,75;129,54
25/03/2021 17:05;128,96;129,13;128,54;128,86
25/03/2021 13:00;129,49;130,18;128,66;129,04
25/03/2021 09:00;130,49;131,06;127,77;129,49
24/03/2021 17:05;130,27;130,4;129,94;130,31
24/03/2021 13:00;128,37;130,37;128,25;130,29
24/03/2021 09:00;127,87;128,59;127,49;128,38
23/03/2021 17:05;128,05;128,38;127,78;128,35
23/03/2021 13:00;127,34;127,9;127,2;127,76
23/03/2021 09:00;126,84;128,03;126,66;127,34
22/03/2021 17:05;127,36;127,69;127,2;127,2
22/03/2021 13:00;126,76;127,76;126,65;127,69
22/03/2021 09:00;128,88;129,28;126,54;126,75
19/03/2021 17:05;128,28;128,57;127,95;128,38
19/03/2021 13:00;126,65;128,67;126,58;128,23
19/03/2021 09:00;128,07;128,09;126,13;126,64
18/03/2021 17:05;129;129;128,37;128,43
18/03/2021 13:00;129,71;130,15;128,71;129
18/03/2021 09:00;129,91;130,87;128,92;129,72
17/03/2021 17:05;131,19;131,88;131,09;131,88
17/03/2021 13:00;132,61;132,67;130,05;131,09
17/03/2021 09:00;131,42;132,67;131,12;132,58
16/03/2021 17:05;131,08;131,21;130,67;130,9
16/03/2021 13:00;130,87;131,28;130,54;131,08
16/03/2021 09:00;130,25;131,12;130,25;130,91
15/03/2021 17:05;130,25;130,65;129,55;130,14
15/03/2021 13:00;129;130,2;128,61;130,14
15/03/2021 09:00;128,31;129,13;124,58;129
12/03/2021 17:05;128,45;128,5;128,1;128,31
12/03/2021 13:00;129,07;129,25;127,7;128,59
12/03/2021 09:00;129,69;129,9;128,88;129,14
11/03/2021 17:05;130,23;130,38;130,11;130,38
11/03/2021 13:00;130,23;130,52;129,44;130,05
11/03/2021 09:00;131,19;131,82;130,04;130,2
10/03/2021 17:05;129,72;130,25;129,68;130,25
10/03/2021 13:00;129,68;129,97;128,93;129,72
10/03/2021 09:00;129,76;130,19;128,82;129,69
09/03/2021 17:05;130,47;130,61;129,98;130,31
09/03/2021 13:00;130,52;130,84;129,43;130,25
09/03/2021 09:00;131,21;132,02;130,25;130,52
08/03/2021 17:05;131,35;131,75;130,83;131,49
08/03/2021 13:00;130,07;131,2;129,32;131,14
08/03/2021 09:00;132,55;133,02;128,34;130,07
05/03/2021 17:05;132,42;132,51;131,5;132,1
05/03/2021 13:00;132,21;133,37;132,08;132,53
05/03/2021 09:00;131,46;132,91;131,37;132,2
04/03/2021 17:05;130,11;131,28;130,11;130,87
04/03/2021 13:00;127,08;130,96;126,93;130,25
04/03/2021 09:00;125,79;128,12;125,27;127,07
03/03/2021 17:05;125,82;125,82;124,99;125,28
03/03/2021 13:00;125,02;125,96;124,91;125,89
03/03/2021 09:00;123,18;125,12;122,89;124,99
02/03/2021 17:05;123,06;123,26;122,86;123,06
02/03/2021 13:00;122,81;123,08;122,56;122,97
02/03/2021 09:00;122,71;123,14;122,42;122,79
01/03/2021 17:05;122,66;122,72;122,45;122,66
01/03/2021 13:00;122,06;122,66;121,97;122,64
01/03/2021 09:00;122,88;122,88;121,68;121,96
26/02/2021 17:05;122,95;123,31;122,93;123,21
26/02/2021 13:00;123,7;123,94;122,86;122,86
26/02/2021 09:00;123,67;123,91;123,28;123,76
25/02/2021 17:05;123,9;123,91;123,21;123,7
25/02/2021 13:00;123,37;123,98;123,06;123,92
25/02/2021 09:00;123,37;123,88;122,79;123,35
24/02/2021 17:05;123,67;124,05;123,57;124,05
24/02/2021 13:00;122,82;123,7;122,78;123,7
24/02/2021 09:00;122,79;123,55;122,25;122,79
23/02/2021 17:05;123,17;123,7;123,09;123,09
23/02/2021 13:00;122,82;123,2;122,22;123,07
23/02/2021 09:00;122,24;123,49;122,11;122,81
22/02/2021 17:05;121,68;122,07;121,58;122,03
22/02/2021 13:00;121,05;121,68;120,56;121,68
22/02/2021 09:00;121,26;122,22;120,84;121,07
19/02/2021 17:05;120,86;121,05;120,84;120,91
19/02/2021 13:00;121,19;121,3;120,7;120,72
19/02/2021 09:00;120,93;121,54;120,8;121,21
18/02/2021 17:05;120,56;120,97;120,56;120,7
18/02/2021 13:00;121,02;121,22;120,02;120,77
18/02/2021 09:00;121,22;121,69;120,3;121,02
17/02/2021 17:05;121,21;121,21;120,76;120,98
17/02/2021 13:00;119,87;121,26;119,32;121,26
12/02/2021 17:05;119,6;119,84;119,53;119,53
12/02/2021 13:00;119,63;120,31;119,25;119,53
12/02/2021 09:00;121,01;121,12;119,52;119,59
11/02/2021 17:05;120,65;120,9;120,12;120,15
11/02/2021 13:00;119,9;120,7;118,82;120,65
11/02/2021 09:00;118,5;120,56;118,33;119,91
10/02/2021 17:05;118,4;119,3;118,4;119,27
10/02/2021 13:00;119,88;120,42;118,29;118,49
10/02/2021 09:00;120,97;121,68;119,63;119,94
09/02/2021 17:05;121,04;121,54;120,9;121,46
09/02/2021 13:00;122,38;122,52;118,98;121,05
09/02/2021 09:00;121,25;122,54;120,91;122,36
08/02/2021 17:05;120,8;121,25;120,77;120,87
08/02/2021 13:00;119,87;120,8;119,03;120,76
08/02/2021 09:00;118,38;119,87;117,37;119,87
05/02/2021 17:05;118,75;119,41;118,68;118,89
05/02/2021 13:00;120,15;120,54;118,82;118,89
05/02/2021 09:00;118,78;120,29;118,54;120,15
04/02/2021 17:05;118,75;119,03;118,57;118,74
04/02/2021 13:00;120,08;120,19;118,77;118,77
04/02/2021 09:00;121,26;121,54;119,52;120,16
03/02/2021 17:05;120,86;121,07;120,16;120,7
03/02/2021 13:00;120,48;121,75;120,17;120,87
03/02/2021 09:00;119,85;120,55;118,47;120,48
02/02/2021 17:05;121,4;121,4;120,22;121,26
02/02/2021 13:00;121,67;122,52;120,98;121,21
02/02/2021 09:00;124,05;124,19;120,73;121,61
01/02/2021 17:05;123,21;123,71;122,86;123,57
01/02/2021 13:00;122,88;123,44;122,52;123,09
01/02/2021 09:00;122,03;123,91;122,03;122,86
29/01/2021 17:05;120,93;121,25;120,62;121,19
29/01/2021 13:00;119,16;121,19;119,16;120,97
29/01/2021 09:00;117,5;119,62;116,9;119,18
28/01/2021 17:05;118,13;118,46;117,43;117,5
28/01/2021 13:00;117,32;117,78;116,8;117,76
28/01/2021 09:00;116,41;118,19;116,1;117,32
27/01/2021 17:05;117,18;117,36;116,38;116,59
27/01/2021 13:00;119,69;119,87;116,59;117,04
27/01/2021 09:00;119,66;120,8;119,52;119,73
26/01/2021 17:05;119,49;120,08;119,49;119,78
26/01/2021 13:00;119,31;119,59;118,68;119,49
26/01/2021 09:00;120,29;120,42;117,92;119,31
22/01/2021 17:05;119,52;119,87;119,3;119,73
22/01/2021 13:00;121,5;121,54;119,17;119,17
22/01/2021 09:00;122,01;122,17;120,86;121,51
21/01/2021 17:05;123,18;123,28;122,96;123,28
21/01/2021 13:00;121,57;123,34;121,54;122,95
21/01/2021 09:00;122,47;123,18;121,36;121,55
20/01/2021 17:05;121,54;121,76;120,77;121,61
20/01/2021 13:00;122,6;123,13;121,41;121,96
20/01/2021 09:00;123,49;123,49;120,62;122,52
19/01/2021 17:05;123,69;124,05;123,51;124,01
19/01/2021 13:00;124,34;124,38;123,7;124,03
19/01/2021 09:00;124,2;125,08;123,45;124,27
18/01/2021 17:05;124,06;124,33;123,95;124,33
18/01/2021 13:00;123,64;124,59;122,7;124,19
18/01/2021 09:00;123,59;124,68;123,11;123,63
15/01/2021 17:05;122,6;123,77;122,42;123,32
15/01/2021 13:00;124,36;124,47;122,25;122,85
15/01/2021 09:00;124,02;125,07;122,67;124,36
14/01/2021 17:05;123,14;123,91;122,93;123,38
14/01/2021 13:00;121,46;123,77;121,46;122,98
14/01/2021 09:00;119,87;122,35;119,17;121,36
13/01/2021 17:05;121,12;121,12;120,56;120,84
13/01/2021 13:00;124,8;124,95;120,33;120,56
13/01/2021 09:00;124,66;125,99;123,7;124,79
12/01/2021 17:05;123,76;123,77;121,96;123,52
12/01/2021 13:00;122,59;124,59;121,97;123,56
12/01/2021 09:00;121,18;123,13;120,56;122,53
11/01/2021 17:05;120,86;121,26;120,77;121,26
11/01/2021 13:00;120,51;121,08;120,29;120,56
11/01/2021 09:00;118,47;121,11;117,99;120,49
08/01/2021 17:05;119,44;119,52;118,42;118,95
08/01/2021 13:00;119,31;119,81;119,2;119,37
08/01/2021 09:00;119,53;120,01;118,95;119,31
07/01/2021 17:05;118,84;119,3;118,78;118,89
07/01/2021 13:00;116,62;118,75;116,59;118,75
07/01/2021 09:00;117,3;118,17;116,38;116,62
06/01/2021 17:05;117,69;118,76;117,35;118,26
06/01/2021 13:00;120,29;120,39;115,34;118,26
06/01/2021 09:00;120,33;121,16;120,15;120,42
05/01/2021 17:05;120,13;121,05;120,12;120,95
05/01/2021 13:00;120,01;120,75;119,92;120,12
05/01/2021 09:00;118,12;120,72;117,78;119,86
04/01/2021 17:05;118,65;118,91;117,55;117,74
04/01/2021 13:00;120,71;121,18;117,91;118,26
04/01/2021 09:00;119,32;121,03;119,21;120,65
30/12/2020 17:05;118,05;118,68;117,86;118,62
30/12/2020 13:00;118,98;119,15;117,07;118,05
30/12/2020 09:00;118,76;119,45;118,48;119,01
29/12/2020 17:05;118,16;119,01;118,16;118,75
29/12/2020 13:00;117,99;118,62;117,62;118,19
29/12/2020 09:00;117,62;118,48;116,64;118,09
28/12/2020 17:05;116,81;117,35;116,81;117,34
28/12/2020 13:00;115,62;117,19;115,62;116,92
28/12/2020 09:00;113,38;115,75;113,27;115,52
23/12/2020 17:05;113,87;114,2;113,84;113,98
23/12/2020 13:00;113,97;114,55;113,65;114,07
23/12/2020 09:00;113,7;114,61;113,34;113,98
22/12/2020 17:05;113,47;113,47;111,43;112,74
22/12/2020 13:00;113,4;113,63;113,03;113,27
22/12/2020 09:00;111,41;113,77;111,26;113,37
21/12/2020 17:05;111,14;111,6;111,14;111,34
21/12/2020 13:00;111,08;111,56;110,94;111,33
21/12/2020 09:00;111,76;112,06;110,61;111,11
18/12/2020 17:05;110,86;111,34;109,56;110,61
18/12/2020 13:00;109,26;110,61;109;110,43
18/12/2020 09:00;108,64;109,56;108,23;109,07
17/12/2020 17:05;109,89;109,89;109,2;109,56
17/12/2020 13:00;110,29;110,48;109,56;109,56
17/12/2020 09:00;110,36;110,63;109,21;110,3
16/12/2020 17:05;110,41;110,63;109,51;109,64
16/12/2020 13:00;109,81;110,41;107,99;110,41
16/12/2020 09:00;108,59;110,14;108,49;109,8
15/12/2020 17:05;108,9;109,06;108,2;108,22
15/12/2020 13:00;107,7;109,2;107,59;108,91
15/12/2020 09:00;108,23;109,67;105,92;107,9
14/12/2020 17:05;108,49;109;108,4;108,83
14/12/2020 13:00;107,67;108,7;107,06;108,49
14/12/2020 09:00;106,77;108,42;105,1;107,66
11/12/2020 17:05;106,53;107,03;106,42;106,76
11/12/2020 13:00;105,06;106,46;104,63;105,92
11/12/2020 09:00;102,08;106,17;101,95;105,06
10/12/2020 17:05;104,19;104,19;102,79;103,49
10/12/2020 13:00;106,6;107,06;103,56;104,08
10/12/2020 09:00;110,44;112,4;103,48;106,6
09/12/2020 17:05;109,59;110,68;108,84;109,77
09/12/2020 13:00;107,04;107,04;107,04;107,04
09/12/2020 09:00;104,23;107,04;104,23;107,04
08/12/2020 17:05;105,2;106,2;104,63;105,13
08/12/2020 13:00;101,95;101,95;101,95;101,95
08/12/2020 09:00;96,42;101,95;96,07;101,95
07/12/2020 17:05;97,42;97,44;96,6;97,07
07/12/2020 13:00;97,52;98,34;96,42;97,2
07/12/2020 09:00;98,78;99,14;97,17;97,48
04/12/2020 17:05;99,49;99,65;98,89;99,64
04/12/2020 13:00;101,78;101,88;99,21;99,49
04/12/2020 09:00;103,35;103,35;101,35;101,78
03/12/2020 17:05;103,65;104,03;102,53;103,4
03/12/2020 13:00;103,99;104,88;103,56;103,66
03/12/2020 09:00;104,78;105,62;103,92;103,99
02/12/2020 17:05;106,53;106,9;104,99;104,99
02/12/2020 13:00;105,7;108,7;105,65;106,73
02/12/2020 09:00;106,2;106,47;104,78;105,63
01/12/2020 17:05;107,6;108,04;107,06;107,2
01/12/2020 13:00;110,06;110,23;107,52;107,77
01/12/2020 09:00;110,91;111,27;109,77;110,07
30/11/2020 17:05;111,33;112,04;111,27;111,63
30/11/2020 13:00;112,58;112,58;111,08;111,44
30/11/2020 09:00;112,21;113,63;112,21;112,57
27/11/2020 17:05;112,13;112,34;111,67;112,07
27/11/2020 13:00;112,83;113,13;112,06;112,2
27/11/2020 09:00;112,27;113,2;111,8;112,84
26/11/2020 17:05;112,77;113,18;112,51;112,63
26/11/2020 13:00;112,08;112,77;111,48;112,74
26/11/2020 09:00;112,84;113,37;111,91;112,07
25/11/2020 17:05;112,35;112,9;112,23;112,83
25/11/2020 13:00;113,65;113,77;112,35;112,35
25/11/2020 09:00;113,84;114,48;113,48;113,68
24/11/2020 17:05;114,62;114,82;114,25;114,62
24/11/2020 13:00;114,5;115,42;114,47;114,91
24/11/2020 09:00;115,2;115,34;113,48;114,47
23/11/2020 17:05;115,5;115,97;115,25;115,84
23/11/2020 13:00;114,08;115,5;114,07;115,5
23/11/2020 09:00;113,11;115,02;113,11;114,11
20/11/2020 17:05;112,38;112,41;111,57;112,41
20/11/2020 13:00;113,93;114,05;112,21;112,38
20/11/2020 09:00;111,14;114,62;111,13;113,78
19/11/2020 17:05;112,48;112,68;111,3;111,84
19/11/2020 13:00;113,87;114,05;112,28;112,4
19/11/2020 09:00;113,98;114,4;113,48;113,84
18/11/2020 17:05;114,17;114,77;113,77;114,44
18/11/2020 13:00;114,37;114,82;114,2;114,34
18/11/2020 09:00;114,48;115,07;113,28;114,38
17/11/2020 17:05;114,2;114,48;113,64;114,48
17/11/2020 13:00;113,98;114,2;113,77;114,05
17/11/2020 09:00;113,77;114,61;112,93;113,98
16/11/2020 17:05;114,5;115,18;113,44;114,25
16/11/2020 13:00;115,04;115,48;113,91;114,65
16/11/2020 09:00;114,37;116,14;113,31;115,07
13/11/2020 17:05;114,14;114,62;113,84;114,34
13/11/2020 13:00;114,54;114,91;113,34;114,12
13/11/2020 09:00;113,48;115,89;113,07;114,48
12/11/2020 17:05;114,77;114,8;114,2;114,57
12/11/2020 13:00;114,75;115,08;113,78;114,2
12/11/2020 09:00;116,62;117,92;114,5;114,91
11/11/2020 17:05;117,78;117,82;116,35;116,62
11/11/2020 13:00;116,51;118,05;115,91;117,69
11/11/2020 09:00;118,48;119,26;114,88;116,51
10/11/2020 17:05;118,48;118,89;117,85;118,12
10/11/2020 13:00;116,24;117,64;115,65;117,64
10/11/2020 09:00;111,94;116,31;111,48;116,05
09/11/2020 17:05;110,79;111,77;110,78;111,23
09/11/2020 13:00;112,48;113,6;111,23;111,91
09/11/2020 09:00;113,28;113,42;108,08;112,48
06/11/2020 17:05;113,19;114,3;112,76;114,26
06/11/2020 13:00;115,43;115,7;112,99;113,4
06/11/2020 09:00;116,73;117,52;114,89;115,43
05/11/2020 17:05;117,39;117,52;116,2;117,22
05/11/2020 13:00;117,74;118,16;117,32;117,54
05/11/2020 09:00;118,02;119,44;117,31;117,74
04/11/2020 17:05;117;117,79;117;117,59
04/11/2020 13:00;116,83;116,98;115,42;116,84
04/11/2020 09:00;116,02;118,16;114,61;116,88
03/11/2020 17:05;115,89;116,84;115,53;116,1
03/11/2020 13:00;116,46;116,78;115,04;115,87
03/11/2020 09:00;112,4;117,04;110,49;116,32
30/10/2020 17:05;113,05;113,05;112,37;112,82
30/10/2020 13:00;113,62;114,57;112,92;112,99
30/10/2020 09:00;114,75;115,43;112,91;113,69
29/10/2020 17:05;115,6;115,75;115,12;115,46
29/10/2020 13:00;117,74;117,81;115,68;115,75
29/10/2020 09:00;117,03;119,23;115,39;117,79
28/10/2020 17:05;117,88;118,09;117,17;117,99
28/10/2020 13:00;118,08;118,56;117,71;118,16
28/10/2020 09:00;120,01;120,33;116,74;118,19
27/10/2020 17:05;120,22;120,22;117,54;119,58
27/10/2020 13:00;119,38;120,66;119,31;120,53
27/10/2020 09:00;120,29;121,85;117,52;119,33
26/10/2020 17:05;119,01;120,25;118,3;120,12
26/10/2020 13:00;116,07;118,94;116,03;118,79
26/10/2020 09:00;115,39;117,35;114,33;116,07
23/10/2020 17:05;113,89;115,96;113,89;115,04
23/10/2020 13:00;113,9;114,33;111,86;113,76
23/10/2020 09:00;116,51;117,17;113,63;113,9
22/10/2020 17:05;117,88;118,57;114,48;115,75
22/10/2020 13:00;118,67;118,76;115,76;117,66
22/10/2020 09:00;123,56;125,11;113,62;118,45
21/10/2020 17:05;120,93;122,07;119,72;121,29
21/10/2020 13:00;118,64;119,18;118,46;119,18
21/10/2020 09:00;115,32;118,81;115,32;118,69
20/10/2020 17:05;113,52;113,87;113,49;113,69
20/10/2020 13:00;113,38;113,65;112,98;113,47
20/10/2020 09:00;112,2;113,59;111,91;113,43
19/10/2020 17:05;110,65;111,63;110,65;111,46
19/10/2020 13:00;110,34;111,49;110,15;110,63
19/10/2020 09:00;107,44;110,46;107,44;110,32
16/10/2020 17:05;107,89;108,06;107,84;107,84
16/10/2020 13:00;107,25;108,09;107,08;107,79
16/10/2020 09:00;105,42;107,27;105,17;107,24
15/10/2020 17:05;104,97;105,08;104,81;104,92
15/10/2020 13:00;104,06;105,02;104,06;104,95
15/10/2020 09:00;103,68;104,39;103,66;104,06
14/10/2020 17:05;102,85;103,63;101,54;103,52
14/10/2020 13:00;103,55;103,68;102,68;102,75
14/10/2020 09:00;102,65;103,65;102,01;103,53
13/10/2020 17:05;101,97;102,25;101,84;101,86
13/10/2020 13:00;99,4;102,11;99,14;102,04
13/10/2020 09:00;100,12;100,55;98,28;99,4
09/10/2020 17:05;100,56;100,92;100,2;100,92
09/10/2020 13:00;99,22;101,26;99;100,62
09/10/2020 09:00;101,47;102,74;98,42;99,24
08/10/2020 17:05;100,99;101,46;100,88;101,32
08/10/2020 13:00;99,98;100,91;99,78;100,86
08/10/2020 09:00;98,99;100,45;98,8;99,98
07/10/2020 17:05;98,43;98,85;98,42;98,56
07/10/2020 13:00;98,97;99,24;97,99;98,49
07/10/2020 09:00;97,27;99,12;97,16;98,97
06/10/2020 17:05;97,54;97,85;97,54;97,85
06/10/2020 13:00;96,65;97,71;96,63;97,71
06/10/2020 09:00;96,7;96,84;96,15;96,69
05/10/2020 17:05;96,29;96,45;96,09;96,43
05/10/2020 13:00;96,43;96,52;95,95;96,29
05/10/2020 09:00;94,96;96,45;94,96;96,43
02/10/2020 17:05;94,98;95,08;94,76;95,08
02/10/2020 13:00;95,13;95,15;94,87;94,97
02/10/2020 09:00;94,81;95,14;94,09;95,1
01/10/2020 17:05;94,32;94,86;93,73;94,77
01/10/2020 13:00;94,9;95,25;94,23;94,37
01/10/2020 09:00;94,09;95,08;93,73;94,93
30/09/2020 17:05;94,51;95,01;94,32;94,34
30/09/2020 13:00;93,55;94,8;93,55;94,37
30/09/2020 09:00;93,19;93,73;92,92;93,55
29/09/2020 17:05;92,88;93,17;92,87;93,09
29/09/2020 13:00;91,57;92,87;91,48;92,87
29/09/2020 09:00;92,1;92,95;91,21;91,57
28/09/2020 17:05;92,54;92,67;92,31;92,47
28/09/2020 13:00;91,66;92,7;91,65;92,67
28/09/2020 09:00;90,18;91,7;89,7;91,65
25/09/2020 17:05;90,31;90,33;90,04;90,18
25/09/2020 13:00;89,83;90,18;89,71;90,17
25/09/2020 09:00;88,64;90,17;88,64;89,88
24/09/2020 17:05;88,9;88,9;88,21;88,34
24/09/2020 13:00;88,35;89,39;87,93;88,9
24/09/2020 09:00;89,47;89,88;88,25;88,35
23/09/2020 17:05;89,3;89,33;89,08;89,26
23/09/2020 13:00;88,32;89,47;88,27;89,26
23/09/2020 09:00;87,48;88,62;87,48;88,32
22/09/2020 17:05;87,21;87,67;87,21;87,63
22/09/2020 13:00;86,69;87,34;86,42;87,33
22/09/2020 09:00;85,88;86,79;85,58;86,69
21/09/2020 17:05;85,61;85,61;85,5;85,6
21/09/2020 13:00;85,78;85,85;84,99;85,61
21/09/2020 09:00;85,07;85,89;84,87;85,72
18/09/2020 17:05;84,86;85,21;84,86;85,21
18/09/2020 13:00;84,72;85,21;84,5;84,87
18/09/2020 09:00;83,3;84,93;83,08;84,72
17/09/2020 17:05;84,02;84,03;83,24;83,81
17/09/2020 13:00;85,07;85,21;83,65;84,08
17/09/2020 09:00;85,08;85,58;84,74;85
16/09/2020 17:05;85,06;85,08;84,64;84,64
16/09/2020 13:00;83,17;85,07;83,1;85
16/09/2020 09:00;83,34;83,48;82,51;83,22
15/09/2020 17:05;84,09;84,33;84,01;84,08
15/09/2020 13:00;84,32;84,66;84,01;84,01
15/09/2020 09:00;85,84;85,92;84,13;84,36
14/09/2020 16:20;85,24;85,62;85,08;85,47
14/09/2020 13:00;85,71;86,14;84,09;85,16
14/09/2020 09:00;85,34;86,48;85,23;85,71
11/09/2020 16:20;84,93;85,07;84,5;84,91
11/09/2020 13:00;84,13;84,96;83,65;84,91
11/09/2020 09:00;84,02;84,5;83,51;84,22
10/09/2020 16:20;83,61;83,71;83,42;83,65
10/09/2020 13:00;82,47;83,48;82,44;83,42
10/09/2020 09:00;81,24;82,74;81,09;82,47
09/09/2020 16:20;81,68;82,34;81,66;82,09
09/09/2020 13:00;82,09;82,59;81,39;81,97
09/09/2020 09:00;83,34;84,42;81,73;82,1
08/09/2020 16:20;83,15;84,05;83,01;83,72
08/09/2020 13:00;82,68;83,07;82,02;83,01
08/09/2020 09:00;80,97;83,65;80,97;82,6
04/09/2020 16:20;80,7;80,7;80;80,36
04/09/2020 13:00;79,96;81,09;79,53;80,67
04/09/2020 09:00;78,88;80,16;77,54;79,92
03/09/2020 16:20;77,98;78,74;77,98;78,54
03/09/2020 13:00;78,79;78,82;77,83;77,83
03/09/2020 09:00;79,96;80,88;78,41;78,76
02/09/2020 16:20;79,84;80,14;79,53;79,88
02/09/2020 13:00;81,12;81,47;80,16;80,16
02/09/2020 09:00;82,39;82,39;80,84;81,12
01/09/2020 16:20;83,09;83,09;82,49;82,67
01/09/2020 13:00;83,3;83,4;82,25;83,02
01/09/2020 09:00;85,2;85,21;83,17;83,3
31/08/2020 16:20;84,83;85,25;84,78;85,17
31/08/2020 13:00;84,4;84,69;84,28;84,68
31/08/2020 09:00;83,79;84,72;83,54;84,39
28/08/2020 16:20;83,14;83,34;83,09;83,2
28/08/2020 13:00;83,61;83,89;82,59;83,05
28/08/2020 09:00;84,23;84,63;83,41;83,55
27/08/2020 16:20;83,63;83,95;83,62;83,86
27/08/2020 13:00;83,73;84,01;83,16;83,69
27/08/2020 09:00;84,14;84,21;82,39;83,63
26/08/2020 16:20;83,95;84,28;82,39;83,63
26/08/2020 13:00;86,01;86,19;83,93;84,14
26/08/2020 09:00;85,62;86,37;85,17;85,91
25/08/2020 16:20;85,77;85,94;85,7;85,8
25/08/2020 13:00;85,56;86,19;85,42;85,84
25/08/2020 09:00;84,35;85,56;84,35;85,53
24/08/2020 16:20;84,63;84,88;84,6;84,61
24/08/2020 13:00;84,65;84,67;84,39;84,56
24/08/2020 09:00;84,76;85,18;84,14;84,63
21/08/2020 16:20;84,28;84,4;84,14;84,28
21/08/2020 13:00;83,8;84,28;83,65;84,15
21/08/2020 09:00;84,35;84,72;83,51;83,79
20/08/2020 16:20;84,35;84,44;84,23;84,35
20/08/2020 13:00;84,81;84,97;84,23;84,35
20/08/2020 09:00;84,49;85,31;84,35;84,83
19/08/2020 16:20;83,51;83,93;83,51;83,93
19/08/2020 13:00;83,49;83,7;82,94;83,56
19/08/2020 09:00;83,37;83,95;83,23;83,49
18/08/2020 16:20;82,21;82,81;82,11;82,74
18/08/2020 13:00;83,48;83,56;82,46;82,49
18/08/2020 09:00;82,74;83,77;81,76;83,49
17/08/2020 16:20;84,01;84,47;84,01;84,47
17/08/2020 13:00;83,13;84,47;83,1;84,07
17/08/2020 09:00;81,97;83,16;81,97;83,09
14/08/2020 16:20;81,5;81,69;81,04;81,53
14/08/2020 13:00;81,73;81,97;81,53;81,55
14/08/2020 09:00;80,74;81,99;80,34;81,72
13/08/2020 16:20;80,76;80,83;80,58;80,58
13/08/2020 13:00;79,95;81,06;79,68;80,74
13/08/2020 09:00;79,04;80,02;78,41;79,93
12/08/2020 16:20;78,61;78,69;78,23;78,66
12/08/2020 13:00;77,59;78,97;77,39;78,59
12/08/2020 09:00;77,85;78,06;77,29;77,67
11/08/2020 16:20;77,29;77,56;77,24;77,49
11/08/2020 13:00;77,95;77,95;77,08;77,32
11/08/2020 09:00;77,1;78,19;76,74;77,95
10/08/2020 16:20;76,94;77,01;76,68;76,68
10/08/2020 13:00;76,18;76,87;76,15;76,74
10/08/2020 09:00;76,48;76,55;75,13;76,25
07/08/2020 16:20;76,46;76,67;76,46;76,53
07/08/2020 13:00;76,41;76,6;76,25;76,46
07/08/2020 09:00;74,99;76,6;74,99;76,37
06/08/2020 16:20;74,86;75,06;74,32;74,98
06/08/2020 13:00;74,82;75,38;74,71;75,06
06/08/2020 09:00;74,15;74,92;74,03;74,78
05/08/2020 16:20;73,69;73,98;73,69;73,9
05/08/2020 13:00;73,41;73,8;73,4;73,7
05/08/2020 09:00;72,74;73,94;72,7;73,45
04/08/2020 16:20;72,41;72,62;72,27;72,6
04/08/2020 13:00;73,47;73,87;72,21;72,52
04/08/2020 09:00;73,45;74,36;72,91;73,48
03/08/2020 16:20;73,68;73,68;73,19;73,31
03/08/2020 13:00;73,65;73,98;73,47;73,73
03/08/2020 09:00;70,94;74,08;70,94;73,64
31/07/2020 16:20;71,22;71,22;71,09;71,22
31/07/2020 13:00;70,8;71,68;70,66;71,22
31/07/2020 09:00;70,05;71;69,96;70,81
30/07/2020 16:20;69,33;69,82;69,19;69,56
30/07/2020 13:00;68,93;69,35;68,85;69,33
30/07/2020 09:00;68,24;69,08;68,23;68,93
29/07/2020 16:20;67,97;68,13;67,94;67,94
29/07/2020 13:00;68,01;68,12;67,91;68,04
29/07/2020 09:00;68,11;68,19;67,46;68,02
28/07/2020 16:20;68,29;68,37;68,01;68,36
28/07/2020 13:00;68,19;68,29;67,97;68,17
28/07/2020 09:00;68,29;68,29;67,5;68,19
27/07/2020 16:20;68,22;68,26;68,04;68,15
27/07/2020 13:00;68,08;68,36;68,04;68,27
27/07/2020 09:00;67,31;68,22;67,24;68,09
24/07/2020 16:20;66,82;67,24;66,82;67,09
24/07/2020 13:00;67,14;67,24;66,82;67,03
24/07/2020 09:00;66,89;67,43;66,54;67,18
23/07/2020 16:20;66,75;66,99;66,68;66,85
23/07/2020 13:00;65,66;66,74;65,63;66,68
23/07/2020 09:00;65,52;65,95;65,21;65,63
22/07/2020 16:20;65,77;66,16;65,66;65,98
22/07/2020 13:00;65,76;66,04;65,59;65,84
22/07/2020 09:00;65,93;66,58;65,51;65,76
21/07/2020 16:20;66,14;66,47;65,83;65,94
21/07/2020 13:00;66,16;66,3;66;66,16
21/07/2020 09:00;66,9;67,07;65,98;66,12
20/07/2020 16:20;67,04;67,17;66,99;67,03
20/07/2020 13:00;66,89;67,21;66,89;66,97
20/07/2020 09:00;66,61;67,59;66,42;66,89
17/07/2020 16:20;66,81;66,89;66,68;66,78
17/07/2020 13:00;65,41;67,16;65,3;66,81
17/07/2020 09:00;65,17;65,54;65,1;65,41
16/07/2020 16:20;65,49;65,62;65,21;65,4
16/07/2020 13:00;65,48;65,68;65,35;65,49
16/07/2020 09:00;65,83;66,3;65,14;65,49
15/07/2020 16:20;65,69;66,04;65,63;65,63
15/07/2020 13:00;65,42;65,63;65,26;65,63
15/07/2020 09:00;65,58;65,98;64,88;65,42
14/07/2020 16:20;65,35;65,55;65,21;65,49
14/07/2020 13:00;65,9;66,12;65,07;65,35
14/07/2020 09:00;65,59;66,61;65,09;65,88
13/07/2020 16:20;65,06;65,49;65;65,47
13/07/2020 13:00;65,7;65,73;64,8;64,94
13/07/2020 09:00;66,33;66,33;65,37;65,66
10/07/2020 16:20;66,89;67,04;66,74;67,03
10/07/2020 13:00;67,99;68,15;66,76;66,76
10/07/2020 09:00;67,8;68,43;67,53;67,9
09/07/2020 16:20;68,09;68,15;67,88;68,01
09/07/2020 13:00;67,38;68,13;67,34;68,01
09/07/2020 09:00;66,83;67,43;66,69;67,38
08/07/2020 16:20;66,64;66,89;66,64;66,68
08/07/2020 13:00;66,49;66,89;66,49;66,74
08/07/2020 09:00;66,75;66,9;66,21;66,46
07/07/2020 16:20;66,75;66,81;66,71;66,75
07/07/2020 13:00;66,32;66,89;66,18;66,71
07/07/2020 09:00;66,33;66,39;65,86;66,3
06/07/2020 16:20;65,86;66,19;65,84;66,12
06/07/2020 13:00;65,77;65,79;65,51;65,79
06/07/2020 09:00;65,42;65,84;65,23;65,76
03/07/2020 16:20;65,51;65,63;65,41;65,47
03/07/2020 13:00;65,1;65,41;65;65,38
03/07/2020 09:00;64,8;65,35;64,8;65,14
02/07/2020 16:20;65,4;65,4;64,81;65,21
02/07/2020 13:00;65,34;65,45;65,09;65,21
02/07/2020 09:00;65,72;65,91;64,96;65,34
01/07/2020 16:20;65,42;65,56;65,19;65,49
01/07/2020 13:00;65,38;65,49;65,1;65,42
01/07/2020 09:00;64,82;65,44;64,61;65,4
30/06/2020 16:20;64,57;64,92;64,52;64,8
30/06/2020 13:00;64,07;64,77;64,03;64,68
30/06/2020 09:00;63,4;64,22;63,4;64
29/06/2020 16:20;63,2;63,36;63,18;63,19
29/06/2020 13:00;62,69;63,3;62,59;63,29
29/06/2020 09:00;62,31;62,84;62,21;62,7
26/06/2020 16:20;62,16;62,49;62,14;62,42
26/06/2020 13:00;62,27;62,42;62;62,14
26/06/2020 09:00;61,82;62,35;61,51;62,28
25/06/2020 16:20;61,44;61,82;61,21;61,82
25/06/2020 13:00;62,04;62,27;61,44;61,51
25/06/2020 09:00;62,13;62,42;61,72;62,03
24/06/2020 16:20;61,99;62,06;61,92;62
24/06/2020 13:00;61,9;62,1;61,68;61,79
24/06/2020 09:00;60,89;62,11;60,61;61,85
23/06/2020 16:20;60,87;61,09;60,58;60,98
23/06/2020 13:00;61,21;61,57;60,82;60,89
23/06/2020 09:00;62,42;62,46;61,03;61,21
22/06/2020 16:20;61,97;62,14;61,89;61,9
22/06/2020 13:00;61,93;62,28;61,86;62
22/06/2020 09:00;62,91;62,91;61,86;61,93
19/06/2020 16:20;62,76;62,84;62,7;62,81
19/06/2020 13:00;62,69;62,77;62,41;62,74
19/06/2020 09:00;62,62;63,06;62,31;62,7
18/06/2020 16:20;62,62;62,81;62,62;62,7
18/06/2020 13:00;62,64;62,74;62,3;62,62
18/06/2020 09:00;62,14;62,74;62,09;62,63
17/06/2020 16:20;61,89;62;61,89;61,99
17/06/2020 13:00;61,95;62,06;61,72;61,86
17/06/2020 09:00;61,33;62,07;61,03;61,86
16/06/2020 16:20;61,58;61,58;61,32;61,32
16/06/2020 13:00;61,03;61,36;60,96;61,3
16/06/2020 09:00;60,87;61,15;60,34;61,03
15/06/2020 16:20;61,22;61,25;60,98;61,16
15/06/2020 13:00;61,04;61,09;60,61;61,05
15/06/2020 09:00;60,54;61,19;60,54;61,04
12/06/2020 16:20;60,05;60,17;59,91;60,05
12/06/2020 13:00;59,89;60,05;59,78;60,05
12/06/2020 09:00;59,74;61,01;59,67;59,87
10/06/2020 16:20;59,14;59,56;59,14;59,49
10/06/2020 13:00;59,53;59,7;59,13;59,35
10/06/2020 09:00;59,34;59,68;59,27;59,54
09/06/2020 16:20;59,22;59,49;59,21;59,35
09/06/2020 13:00;59,42;59,56;59,21;59,22
09/06/2020 09:00;59,07;59,78;59,07;59,41
08/06/2020 16:20;59,45;59,54;59,07;59,14
08/06/2020 13:00;59,53;59,82;59,5;59,63
08/06/2020 09:00;59,41;60,02;59,25;59,56
05/06/2020 16:20;59,85;60,17;59,63;59,77
05/06/2020 13:00;59,82;59,99;59,68;59,98
05/06/2020 09:00;60,02;60,02;59,49;59,84
04/06/2020 16:20;60,28;60,28;60,06;60,12
04/06/2020 13:00;60,23;60,45;60,09;60,23
04/06/2020 09:00;59,88;60,44;59,43;60,33
03/06/2020 16:20;59,75;59,91;59,71;59,77
03/06/2020 13:00;59,59;59,82;59,49;59,82
03/06/2020 09:00;60,19;60,19;59,43;59,6
02/06/2020 16:20;60,28;60,38;60,15;60,3
02/06/2020 13:00;60,7;60,72;60,22;60,26
02/06/2020 09:00;61,09;61,09;60,49;60,69
01/06/2020 16:20;61,39;61,4;61,09;61,16
01/06/2020 13:00;61,22;61,44;60,91;61,16
01/06/2020 09:00;61,23;61,37;60,77;61,3
29/05/2020 16:20;61,05;61,44;60,89;61,44
29/05/2020 13:00;61,96;62,06;61,18;61,19
29/05/2020 09:00;61,77;62,28;61,61;61,93
28/05/2020 16:20;61,99;62,14;61,86;62,13
28/05/2020 13:00;61,23;61,93;61,16;61,86
28/05/2020 09:00;60,79;61,72;60,77;61,23
27/05/2020 16:20;60,75;60,75;60,62;60,68
27/05/2020 13:00;60,97;61,01;60,68;60,75
27/05/2020 09:00;61,25;61,39;60,61;60,97
26/05/2020 16:20;61,4;61,64;61,4;61,63
26/05/2020 13:00;61,23;61,54;61,22;61,3
26/05/2020 09:00;61,86;61,86;60,77;61,25
25/05/2020 16:20;61,75;61,75;61,16;61,44
25/05/2020 13:00;61,79;62;61,63;61,65
25/05/2020 09:00;62,55;62,7;61,51;61,79
22/05/2020 16:20;63,12;63,26;62,84;63,05
22/05/2020 13:00;62,74;63,09;62,7;62,98
22/05/2020 09:00;62,55;63,19;62,44;62,8
21/05/2020 16:20;62,35;62,53;62,16;62,53
21/05/2020 13:00;62,74;62,98;62,35;62,35
21/05/2020 09:00;63,62;63,97;62,21;62,76
20/05/2020 16:20;63,94;63,94;63,43;63,62
20/05/2020 13:00;63,58;64,24;63,55;63,59
20/05/2020 09:00;63,75;63,82;63,34;63,5
19/05/2020 16:20;63,86;64,07;63,86;63,89
19/05/2020 13:00;63,62;63,79;63,33;63,65
19/05/2020 09:00;62,03;63,93;61,79;63,68
18/05/2020 16:20;62,14;62,52;61,88;62,37
18/05/2020 13:00;62,94;63,09;62,17;62,49
18/05/2020 09:00;63,26;63,34;62,77;62,97
15/05/2020 16:20;63,72;63,72;63,26;63,33
15/05/2020 13:00;63,83;63,83;63,47;63,47
15/05/2020 09:00;64,26;64,45;63,54;63,86
14/05/2020 16:20;64,17;64,24;64,06;64,24
14/05/2020 13:00;64,56;64,6;64,1;64,38
14/05/2020 09:00;64,59;64,87;64,25;64,57
13/05/2020 16:20;64,07;64,08;63,87;64,02
13/05/2020 13:00;63,84;64,07;63,83;63,96
13/05/2020 09:00;64,01;64,01;63,72;63,84
12/05/2020 16:20;63,87;63,87;63,83;63,87
12/05/2020 13:00;63,72;63,93;63,65;63,83
12/05/2020 09:00;63,6;63,91;63,51;63,79
11/05/2020 16:20;63,46;63,54;63,45;63,51
11/05/2020 13:00;63,64;63,7;63,46;63,55
11/05/2020 09:00;63,32;63,74;63,3;63,68
08/05/2020 16:20;63,44;63,58;63,39;63,56
08/05/2020 13:00;63,45;63,51;63,36;63,51
08/05/2020 09:00;63,96;64,17;63,35;63,51
07/05/2020 16:20;59,58;59,8;59,58;59,74
07/05/2020 13:00;59,19;59,85;59,14;59,76
07/05/2020 09:00;58,84;59,56;58,84;59,26
06/05/2020 16:20;58,53;58,54;58,38;58,44
06/05/2020 13:00;58,07;58,42;58,01;58,36
06/05/2020 09:00;58,46;58,46;57,95;58,07
05/05/2020 16:20;58,42;58,66;58,42;58,54
05/05/2020 13:00;58,42;58,73;58,29;58,4
05/05/2020 09:00;57,91;58,54;57,71;58,42
04/05/2020 16:20;57,4;57,59;57,38;57,53
04/05/2020 13:00;57,26;57,41;57,15;57,35
04/05/2020 09:00;56,99;57,55;56,69;57,23
30/04/2020 16:20;56,44;56,98;56,44;56,75
30/04/2020 13:00;56,3;56,57;56,25;56,51
30/04/2020 09:00;56,51;56,85;56,27;56,3
29/04/2020 16:20;55,99;56,08;55,91;56
29/04/2020 13:00;56,03;56,5;55,91;55,93
29/04/2020 09:00;56,46;56,74;56,03;56,03
28/04/2020 16:20;56,57;56,75;56,4;56,75
28/04/2020 13:00;57,46;57,46;56,57;56,68
28/04/2020 09:00;57,34;57,89;57,05;57,46
27/04/2020 16:20;56,58;56,7;56,51;56,57
27/04/2020 13:00;56,49;56,85;56,27;56,57
27/04/2020 09:00;56,56;57,09;56,05;56,49
24/04/2020 16:20;56,75;56,75;56,33;56,62
24/04/2020 13:00;56,45;56,75;55,91;56,75
24/04/2020 09:00;54,96;56,63;54,96;56,43
23/04/2020 16:20;55,03;55,2;54,96;55,14
23/04/2020 13:00;54;55,19;54;54,74
23/04/2020 09:00;54,19;54,23;53,76;53,99
22/04/2020 16:20;54,46;54,72;54,46;54,6
22/04/2020 13:00;53,92;54,46;53,84;54,42
22/04/2020 09:00;53,63;54,12;53,3;53,88
20/04/2020 16:20;54;54,12;54;54,06
20/04/2020 13:00;54,06;54,23;54;54,07
20/04/2020 09:00;54,33;54,95;53,82;54,17
17/04/2020 16:20;54,66;55,01;54,54;54,54
17/04/2020 13:00;54,93;54,96;54,28;54,6
17/04/2020 09:00;54,84;55,2;54,48;54,9
16/04/2020 16:20;54,3;54,54;54,3;54,54
16/04/2020 13:00;54,73;54,85;54,24;54,47
16/04/2020 09:00;54,59;54,93;53,62;54,8
15/04/2020 16:20;55,25;55,26;55,02;55,2
15/04/2020 13:00;54,72;55,26;54,66;55,26
15/04/2020 09:00;55,31;55,31;54,36;54,72
14/04/2020 16:20;56,09;56,09;55,84;56,03
14/04/2020 13:00;56,51;56,63;55,81;56,09
14/04/2020 09:00;56,75;56,83;56,05;56,49
13/04/2020 16:20;56,31;56,76;56,3;56,42
13/04/2020 13:00;56,85;57,1;56,03;56,23
13/04/2020 09:00;56,13;57,12;55,85;56,75
09/04/2020 16:20;55,91;56,17;55,62;55,62
09/04/2020 13:00;55,69;56,12;55,62;55,95
09/04/2020 09:00;55,93;56,45;55,56;55,69
08/04/2020 16:20;55,81;56,27;55,8;56,03
08/04/2020 13:00;56,43;56,81;55,97;55,97
08/04/2020 09:00;56,15;56,63;55,94;56,39
07/04/2020 16:20;56,79;56,79;56,15;56,15
07/04/2020 13:00;57,16;57,41;56,57;56,87
07/04/2020 09:00;57,71;57,74;56,87;57,28
06/04/2020 16:20;58,07;58,28;57,95;58,09
06/04/2020 13:00;58,17;58,39;57,97;58,07
06/04/2020 09:00;59,13;59,68;58,08;58,09
03/04/2020 16:20;58,94;59;58,78;58,96
03/04/2020 13:00;58,66;58,9;58,33;58,76
03/04/2020 09:00;57,72;59,02;57,62;58,66
02/04/2020 16:20;57,71;58,52;57,53;58,1
02/04/2020 13:00;58,34;58,46;57,77;57,83
02/04/2020 09:00;58,61;59,25;58,14;58,36
01/04/2020 16:20;59,32;59,32;58,75;59,03
01/04/2020 13:00;60,51;60,51;58,66;59,32
01/04/2020 09:00;60,34;60,69;60,04;60,51
31/03/2020 16:20;60,45;60,75;60,45;60,69
31/03/2020 13:00;60,34;60,82;60,16;60,57
31/03/2020 09:00;60,22;61,47;59,93;60,34
30/03/2020 16:20;59,37;59,56;59,2;59,36
30/03/2020 13:00;58,18;59,2;58,18;59,2
30/03/2020 09:00;57,12;58,9;56,33;58,18
27/03/2020 16:20;57,24;57,58;56,87;57,22
27/03/2020 13:00;58,26;58,28;57,52;57,52
27/03/2020 09:00;59,25;59,25;57,98;58,26
26/03/2020 16:20;58,96;59,02;58,72;58,89
26/03/2020 13:00;58,6;58,9;58,54;58,79
26/03/2020 09:00;58,48;59,01;58,36;58,57
25/03/2020 16:20;58,3;58,53;58,24;58,48
25/03/2020 13:00;58,54;58,78;58,07;58,3
25/03/2020 09:00;58,55;59,49;58,33;58,54
24/03/2020 16:20;58,18;58,24;58,01;58,17
24/03/2020 13:00;58,5;58,5;57,92;58,07
24/03/2020 09:00;58,48;59,08;57,42;58,6
23/03/2020 16:20;58,54;58,9;58,18;58,48
23/03/2020 13:00;58,46;58,72;58,01;58,36
23/03/2020 09:00;59,14;59,74;58,22;58,54
20/03/2020 16:20;59,56;59,56;57,8;58,65
20/03/2020 13:00;59,68;59,85;59,21;59,44
20/03/2020 09:00;58,78;60,32;58,78;59,68
19/03/2020 16:20;59,02;59,02;58,36;58,63
19/03/2020 13:00;60,57;60,57;58,9;59,06
19/03/2020 09:00;60,31;61,49;58,66;60,63
18/03/2020 16:20;59,44;60,1;59,43;59,95
18/03/2020 13:00;54,83;59,64;54,8;59,08
18/03/2020 09:00;55,9;55,9;54,04;54,84
17/03/2020 16:20;56,19;56,75;55,85;56,45
17/03/2020 13:00;57,11;57,22;56,88;56,88
17/03/2020 09:00;59,56;59,56;56,88;57,22
16/03/2020 16:20;59,88;59,88;58,99;58,99
16/03/2020 13:00;60,22;60,34;59,88;59,88
16/03/2020 09:00;62,83;62,83;59,88;60,28
13/03/2020 16:20;63,26;63,29;62,96;63,12
13/03/2020 13:00;62,93;63,07;62,27;63,07
13/03/2020 09:00;62,96;63,56;62,84;62,93
12/03/2020 16:20;62,66;63,02;62,62;62,95
12/03/2020 13:00;62,34;62,69;61,9;62,55
12/03/2020 09:00;62,35;63,07;61,89;62,31
11/03/2020 16:20;61,59;62,14;61,55;62,13
11/03/2020 13:00;60,94;61,7;60,93;61,65
11/03/2020 09:00;59,98;61,58;59,86;61
10/03/2020 16:20;59,74;59,86;59,68;59,76
10/03/2020 13:00;59,68;59,92;59,37;59,61
10/03/2020 09:00;59,82;60,11;59,5;59,68
09/03/2020 16:20;59,92;59,92;59,69;59,74
09/03/2020 13:00;59,86;60,3;59,81;59,92
09/03/2020 09:00;59,44;60,1;59,15;59,77
06/03/2020 16:20;60,1;60,34;60,1;60,22
06/03/2020 13:00;59,92;60,26;59,8;60,08
06/03/2020 09:00;60,07;60,51;59,56;59,9
05/03/2020 16:20;60,1;60,16;60;60
05/03/2020 13:00;60,38;60,43;59,92;59,98
05/03/2020 09:00;60,13;60,63;60,12;60,42
04/03/2020 16:20;60,06;60,18;60,01;60,12
04/03/2020 13:00;59,58;59,92;59,47;59,92
04/03/2020 09:00;59,64;59,87;59,42;59,66
03/03/2020 16:20;59,78;59,78;59,47;59,53
03/03/2020 13:00;59,48;59,82;59,45;59,55
03/03/2020 09:00;58,73;59,57;58,73;59,51
02/03/2020 16:20;58,77;58,86;58,69;58,83
02/03/2020 13:00;58,36;58,9;58,36;58,73
02/03/2020 09:00;57,89;58,37;57,53;58,36
28/02/2020 16:20;57,63;58,03;57,63;58,03
28/02/2020 13:00;57,63;57,95;57,54;57,95
28/02/2020 09:00;57,79;58,11;57,58;57,63
27/02/2020 16:20;57,69;57,89;57,53;57,79
27/02/2020 13:00;57,65;57,66;57,39;57,58
27/02/2020 09:00;56,72;57,69;56,72;57,62
26/02/2020 16:20;56,71;56,93;56,66;56,66
26/02/2020 13:00;55,94;56,75;55,82;56,66
21/02/2020 16:20;56,11;56,44;56,11;56,44
21/02/2020 13:00;55,95;56,27;55,88;56,17
21/02/2020 09:00;56,06;56,3;55,69;55,96
20/02/2020 16:20;55,96;56,07;55,96;56,06
20/02/2020 13:00;56,43;56,44;55,98;56,11
20/02/2020 09:00;56,66;56,76;56,34;56,43
19/02/2020 16:20;56,49;56,49;56,35;56,35
19/02/2020 13:00;56,5;56,57;56,36;56,44
19/02/2020 09:00;56,68;56,78;56,13;56,5
18/02/2020 16:20;57,02;57,05;56,98;56,99
18/02/2020 13:00;56,8;56,98;56,66;56,98
18/02/2020 09:00;57,07;57,08;56,62;56,79
17/02/2020 16:20;56,82;57,11;56,82;57,09
17/02/2020 13:00;55,87;57,12;55,8;56,76
17/02/2020 09:00;56,19;56,22;55,76;55,9
14/02/2020 16:20;56,08;56,18;56,01;56,09
14/02/2020 13:00;56;56,11;55,95;56,06
14/02/2020 09:00;55,8;56,06;55,63;56
13/02/2020 16:20;55,58;55,78;55,57;55,57
13/02/2020 13:00;55,27;55,62;55,06;55,62
13/02/2020 09:00;54,85;55,4;54,71;55,26
12/02/2020 16:20;54,19;54,7;54,19;54,65
12/02/2020 13:00;53,82;54,14;53,62;54,1
12/02/2020 09:00;53,23;54;53,15;53,82
11/02/2020 16:20;53,11;53,11;52,92;53,08
11/02/2020 13:00;53,24;53,47;53,09;53,14
11/02/2020 09:00;53,93;53,96;53,08;53,24
10/02/2020 16:20;53,69;53,79;53,66;53,73
10/02/2020 13:00;53,84;53,88;53,62;53,68
10/02/2020 09:00;53,62;54,1;53,62;53,84
07/02/2020 16:20;53,51;53,62;53,41;53,51
07/02/2020 13:00;53,57;53,61;53,37;53,51
07/02/2020 09:00;53,34;53,6;53,27;53,6
06/02/2020 16:20;53,24;53,62;53,09;53,46
06/02/2020 13:00;53,24;53,35;53,15;53,24
06/02/2020 09:00;52,92;53,59;52,92;53,3
05/02/2020 16:20;52,84;52,86;52,76;52,86
05/02/2020 13:00;52,76;53,07;52,68;52,86
05/02/2020 09:00;52,34;53,08;52,18;52,8
04/02/2020 16:20;52,63;52,65;52,49;52,54
04/02/2020 13:00;52,34;52,56;52,15;52,49
04/02/2020 09:00;52,36;53,02;52,26;52,33
03/02/2020 16:20;52,21;52,4;51,94;52,16
03/02/2020 13:00;52,65;52,68;52,11;52,21
03/02/2020 09:00;53,09;53,32;52,43;52,66
31/01/2020 16:20;53,17;53,17;52,97;53,09
31/01/2020 13:00;54,01;54,06;52,47;52,97
31/01/2020 09:00;53,51;54,94;53,42;54,06
30/01/2020 16:20;53,73;53,83;53,54;53,54
30/01/2020 13:00;53,69;53,84;53,63;53,72
30/01/2020 09:00;54,68;54,68;53,44;53,71
29/01/2020 16:20;55,01;55,05;54,87;54,92
29/01/2020 13:00;54,71;55,01;54,65;54,98
29/01/2020 09:00;55,52;55,94;54,65;54,71
28/01/2020 16:20;55,65;55,74;55,65;55,69
28/01/2020 13:00;56,29;56,32;55,58;55,74
28/01/2020 09:00;56,17;56,39;56,14;56,28
27/01/2020 16:20;55,92;56,16;55,9;56,16
27/01/2020 13:00;56,1;56,11;55,82;56,01
27/01/2020 09:00;56,06;56,15;55,91;56,1
24/01/2020 16:20;56,18;56,28;56,17;56,17
24/01/2020 13:00;56,55;56,65;56,22;56,26
24/01/2020 09:00;56,68;56,68;56,24;56,55
23/01/2020 16:20;56,85;56,85;56,67;56,71
23/01/2020 13:00;56,73;56,85;56,63;56,85
23/01/2020 09:00;56,5;56,96;56,5;56,72
22/01/2020 16:20;56,48;56,55;56,33;56,5
22/01/2020 13:00;56,59;56,63;56,33;56,43
22/01/2020 09:00;56,06;56,66;55,98;56,58
21/01/2020 16:20;55,85;55,89;55,79;55,82
21/01/2020 13:00;56,27;56,29;55,83;55,9
21/01/2020 09:00;56,21;56,46;56,01;56,22
20/01/2020 16:20;56,58;56,58;56,33;56,4
20/01/2020 13:00;56,49;56,49;56,4;56,46
20/01/2020 09:00;56,46;56,66;56,19;56,49
17/01/2020 16:20;56,33;56,49;56,29;56,33
17/01/2020 13:00;55,63;56,33;55,59;56,33
17/01/2020 09:00;55,84;56,06;55,48;55,59
16/01/2020 16:20;56,23;56,36;55,92;56,13
16/01/2020 13:00;56,24;56,44;56,23;56,41
16/01/2020 09:00;56,39;56,73;56,21;56,24
15/01/2020 16:20;56,83;57,36;56,62;56,66
15/01/2020 13:00;56,61;56,76;56,57;56,76
15/01/2020 09:00;56,57;56,79;56,45;56,6
14/01/2020 16:20;56,66;56,76;56,45;56,65
14/01/2020 13:00;56,82;56,87;56,57;56,66
14/01/2020 09:00;56,98;57,24;56,6;56,82
13/01/2020 16:20;57,02;57,12;57,02;57,08
13/01/2020 13:00;56,16;57,13;56,13;57,13
13/01/2020 09:00;56,17;56,7;56,09;56,14
10/01/2020 16:20;56,28;56,39;56,28;56,31
10/01/2020 13:00;56,33;56,42;55,79;56,33
10/01/2020 09:00;56,87;56,98;56,11;56,33
09/01/2020 16:20;56,55;56,55;56,21;56,33
09/01/2020 13:00;56,76;56,86;56,33;56,49
09/01/2020 09:00;57,05;57,14;56,66;56,8
08/01/2020 16:20;56,11;56,98;56,11;56,6
08/01/2020 13:00;56,52;56,52;56,13;56,13
08/01/2020 09:00;56,66;56,66;56,03;56,52
07/01/2020 16:20;56,49;56,49;56,39;56,46
07/01/2020 13:00;55,9;56,54;55,9;56,39
07/01/2020 09:00;55,66;56,09;55,64;55,88
06/01/2020 16:20;55,7;55,71;55,6;55,71
06/01/2020 13:00;55,52;55,64;55,47;55,64
06/01/2020 09:00;55,09;55,61;55,09;55,51
03/01/2020 16:20;54,87;54,87;54,85;54,85
03/01/2020 13:00;54,92;54,98;54,87;54,87
03/01/2020 09:00;55,08;55,15;54,69;54,93
02/01/2020 16:20;54,99;55,09;54,99;55,09
02/01/2020 13:00;55,22;55,32;55,04;55,09
02/01/2020 09:00;55,21;55,42;54,98;55,21
30/12/2019 16:20;55,49;55,49;54,95;55,21
30/12/2019 13:00;55,31;55,34;55,2;55,2
30/12/2019 09:00;54,88;55,47;54,88;55,32
27/12/2019 16:20;54,98;55,08;54,98;54,98
27/12/2019 13:00;54,97;55,04;54,87;54,88
27/12/2019 09:00;54,88;55,09;54,81;54,98
26/12/2019 16:20;54,7;54,81;54,7;54,75
26/12/2019 13:00;54,53;54,72;54,53;54,7
26/12/2019 09:00;54,41;54,66;54,41;54,49
23/12/2019 16:20;54,43;54,47;54,41;54,41
23/12/2019 13:00;54,33;54,35;54,2;54,35
23/12/2019 09:00;54,19;54,42;54,14;54,39
20/12/2019 16:20;54,17;54,17;53,98;53,98
20/12/2019 13:00;53,87;54,19;53,84;54,19
20/12/2019 09:00;54,06;54,09;53,75;53,86
19/12/2019 16:20;54,06;54,09;54,01;54,01
19/12/2019 13:00;54,05;54,07;53,97;54,06
19/12/2019 09:00;54,13;54,2;53,92;54,04
18/12/2019 16:20;53,67;53,8;53,67;53,75
18/12/2019 13:00;53,75;53,84;53,69;53,69
18/12/2019 09:00;53,92;54,16;53,6;53,75
17/12/2019 16:20;54,21;54,24;53,95;54,1
17/12/2019 13:00;54,59;54,59;54,25;54,29
17/12/2019 09:00;54,75;54,75;54,2;54,62
16/12/2019 16:20;54,68;55,14;54,68;54,98
16/12/2019 13:00;54,7;54,77;54,65;54,68
16/12/2019 09:00;54,95;54,96;54,65;54,65
13/12/2019 16:20;54,49;54,53;54,42;54,44
13/12/2019 13:00;54,85;54,99;54,43;54,49
13/12/2019 09:00;54,98;55,24;54,56;54,84
12/12/2019 16:20;54,8;54,87;54,55;54,81
12/12/2019 13:00;54,14;54,8;54,14;54,8
12/12/2019 09:00;54,02;54,31;53,86;54,14
11/12/2019 16:20;53,64;53,85;53,45;53,75
11/12/2019 13:00;53,91;53,93;53,69;53,7
11/12/2019 09:00;54,04;54,04;53,48;53,92
10/12/2019 16:20;54,13;54,13;54,12;54,12
10/12/2019 13:00;54,81;54,86;54,03;54,15
10/12/2019 09:00;54,31;54,94;54,31;54,81
09/12/2019 16:20;54,11;54,3;54,1;54,14
09/12/2019 13:00;54,39;54,4;54,09;54,22
09/12/2019 09:00;54,51;54,81;54,15;54,38
06/12/2019 16:20;54,3;56,4;54,2;54,37
06/12/2019 13:00;54,32;54,51;54,16;54,2
06/12/2019 09:00;54,25;54,52;54,09;54,33
05/12/2019 16:20;54,34;54,4;54,21;54,22
05/12/2019 13:00;54,87;54,95;53,93;54,33
05/12/2019 09:00;55,22;55,53;54,71;54,87
04/12/2019 16:20;55,33;55,48;55,33;55,45
04/12/2019 13:00;55,54;55,6;55,38;55,41
04/12/2019 09:00;55,56;55,86;55,49;55,54
03/12/2019 16:20;55,16;55,16;55,15;55,15
03/12/2019 13:00;55,26;55,43;55,16;55,26
03/12/2019 09:00;55,15;55,43;55,06;55,26
02/12/2019 16:20;55,26;55,26;55,22;55,22
02/12/2019 13:00;55,16;55,43;55,01;55,38
02/12/2019 09:00;55,32;55,32;54,87;55,16
29/11/2019 16:20;55,32;55,32;55,2;55,2
29/11/2019 13:00;55,21;55,32;55,15;55,31
29/11/2019 09:00;54,81;55,29;54,55;55,21
28/11/2019 16:20;54,98;54,98;54,76;54,8
28/11/2019 13:00;54,92;55,04;54,87;54,98
28/11/2019 09:00;55,17;55,52;54,65;54,87
27/11/2019 16:20;55,21;55,21;55,11;55,15
27/11/2019 13:00;55,03;55,25;54,98;55,15
27/11/2019 09:00;55,09;55,09;54,06;54,99
26/11/2019 16:20;55,32;55,32;55,26;55,32
26/11/2019 13:00;55,22;55,36;55,09;55,26
26/11/2019 09:00;55,11;55,48;54,97;55,26
25/11/2019 16:20;54,83;54,83;54,48;54,61
25/11/2019 13:00;54,66;54,78;54,48;54,59
25/11/2019 09:00;54,28;54,95;54,28;54,7
22/11/2019 16:20;54,24;54,25;54,12;54,25
22/11/2019 13:00;53,46;54,24;53,36;54,09
22/11/2019 09:00;54,59;55,21;53,3;53,47
21/11/2019 16:20;54,2;54,31;54,16;54,25
21/11/2019 13:00;54,37;54,41;53,98;54,2
21/11/2019 09:00;52,91;54,55;52,91;54,34
19/11/2019 16:20;52,69;52,91;52,69;52,91
19/11/2019 13:00;52,53;52,74;52,44;52,72
19/11/2019 09:00;51,59;52,6;51,44;52,54
18/11/2019 16:20;51,49;52;51,45;51,9
18/11/2019 13:00;51,34;51,53;51,22;51,49
18/11/2019 09:00;51,78;51,78;50,9;51,34
14/11/2019 16:20;51,73;51,73;51,51;51,61
14/11/2019 13:00;51,79;51,85;51,72;51,73
14/11/2019 09:00;51,68;51,85;51,38;51,79
13/11/2019 16:20;51,38;51,55;51,38;51,5
13/11/2019 13:00;51,36;51,48;51,3;51,39
13/11/2019 09:00;51,5;51,66;51,32;51,32
12/11/2019 16:20;51,62;51,8;51,62;51,8
12/11/2019 13:00;51,16;51,67;51,1;51,67
12/11/2019 09:00;50,97;51,23;50,85;51,16
11/11/2019 16:20;50,63;50,71;50,58;50,68
11/11/2019 13:00;50,47;50,68;50,46;50,65
11/11/2019 09:00;50,37;50,56;50,2;50,48
08/11/2019 16:20;50,21;50,21;50,21;50,21
08/11/2019 13:00;50,12;50,3;49,99;50,21
08/11/2019 09:00;50,14;50,25;50;50,21
07/11/2019 16:20;50,02;50,15;50,02;50,14
07/11/2019 13:00;49,92;50,06;49,85;49,99
07/11/2019 09:00;49,95;50,09;49,76;49,93
06/11/2019 16:20;49,79;49,85;49,57;49,63
06/11/2019 13:00;49,58;49,74;49,57;49,74
06/11/2019 09:00;49,46;50,02;49,24;49,62
05/11/2019 16:20;49,53;49,59;49,51;49,52
05/11/2019 13:00;49,33;49,63;49,3;49,51
05/11/2019 09:00;49,11;49,44;49,11;49,32
04/11/2019 16:20;49,11;49,21;49,1;49,1
04/11/2019 13:00;48,89;49,44;48,88;49,04
04/11/2019 09:00;48,83;48,94;48,69;48,91
01/11/2019 16:20;49,1;49,25;49,07;49,25
01/11/2019 13:00;49,08;49,16;49,02;49,1
01/11/2019 09:00;49,28;49,39;48,87;49,08
31/10/2019 16:20;49,66;49,72;49,62;49,62
31/10/2019 13:00;49,74;49,85;49,74;49,74
31/10/2019 09:00;49,98;49,98;49,69;49,74
30/10/2019 16:20;49,8;50,02;49,8;49,86
30/10/2019 13:00;49,8;50,07;49,8;49,85
30/10/2019 09:00;49,72;49,95;49,63;49,76
29/10/2019 16:20;49,81;49,86;49,72;49,72
29/10/2019 13:00;50,05;50,27;49,8;49,86
29/10/2019 09:00;50,37;50,62;49,95;50,04
28/10/2019 16:20;50,34;50,56;50,33;50,46
28/10/2019 13:00;50,34;50,46;50,33;50,37
28/10/2019 09:00;50,43;50,44;50,28;50,33
25/10/2019 16:20;50,62;50,62;50,62;50,62
25/10/2019 13:00;50,65;50,68;50,56;50,67
25/10/2019 09:00;50,51;50,74;50,44;50,68
24/10/2019 16:20;50,69;50,82;50,65;50,81
24/10/2019 13:00;50,85;50,86;50,47;50,69
24/10/2019 09:00;50,88;50,97;50,55;50,81
23/10/2019 16:20;50,76;50,79;50,7;50,79
23/10/2019 13:00;50,88;50,96;50,7;50,84
23/10/2019 09:00;50,74;51;50,44;50,9
22/10/2019 16:20;50,81;50,9;50,79;50,85
22/10/2019 13:00;51,11;51,14;50,69;50,86
22/10/2019 09:00;51,2;51,5;50,83;51,14
21/10/2019 16:20;51,13;51,16;51,13;51,14
21/10/2019 13:00;50,89;51,12;50,88;51,1
21/10/2019 09:00;50,98;50,98;50,68;50,89
18/10/2019 16:20;50,28;50,62;50,28;50,56
18/10/2019 13:00;50,44;50,47;50,27;50,39
18/10/2019 09:00;50,49;50,62;50,22;50,44
17/10/2019 16:20;50,55;50,58;50,46;50,46
17/10/2019 13:00;50,33;50,71;50,3;50,65
17/10/2019 09:00;49,92;50,56;49,87;50,37
16/10/2019 16:20;49,63;49,85;49,63;49,8
16/10/2019 13:00;49,28;49,74;49,17;49,63
16/10/2019 09:00;48,86;49,33;48,86;49,28
15/10/2019 16:20;48,77;48,83;48,75;48,83
15/10/2019 13:00;48,4;48,79;48,31;48,75
15/10/2019 09:00;48,34;48,54;48,23;48,4
14/10/2019 16:20;48,42;48,58;48,42;48,52
14/10/2019 13:00;48,63;48,9;48,46;48,49
14/10/2019 09:00;48,33;48,66;47,93;48,6
11/10/2019 16:20;48;48,28;48;48,28
11/10/2019 13:00;48,1;48,14;47,89;47,98
11/10/2019 09:00;47,63;48,16;47,43;48,05
10/10/2019 16:20;47,5;47,54;47,42;47,49
10/10/2019 13:00;47,49;47,62;47,09;47,44
10/10/2019 09:00;47,58;47,75;47,49;47,51
09/10/2019 16:20;47,43;47,47;47,43;47,47
09/10/2019 13:00;47,35;47,45;47,2;47,37
09/10/2019 09:00;47,41;47,58;47,3;47,35
08/10/2019 16:20;47,53;47,53;47,51;47,51
08/10/2019 13:00;47,45;47,61;47,45;47,53
08/10/2019 09:00;47,38;47,62;47,16;47,41
07/10/2019 16:20;47,41;47,51;47,41;47,44
07/10/2019 13:00;47,19;47,4;47,12;47,37
07/10/2019 09:00;46,84;47,35;46,84;47,19
04/10/2019 16:20;46,84;46,96;46,84;46,96
04/10/2019 13:00;46,8;46,88;46,79;46,84
04/10/2019 09:00;46,75;46,94;46,65;46,84
03/10/2019 16:20;46,77;46,89;46,77;46,88
03/10/2019 13:00;46,92;47,05;46,88;46,89
03/10/2019 09:00;47,13;47,29;46,82;46,88
02/10/2019 16:20;47,06;47,09;46,88;47,09
02/10/2019 13:00;47,23;47,35;47,07;47,07
02/10/2019 09:00;47,5;47,67;47,24;47,29
01/10/2019 16:20;47,55;47,58;47,53;47,57
01/10/2019 13:00;47,37;47,76;47,34;47,42
01/10/2019 09:00;47,28;47,47;47,1;47,4
30/09/2019 16:20;47,31;47,41;47,29;47,4
30/09/2019 13:00;47,02;47,41;47,01;47,33
30/09/2019 09:00;46,93;47,05;46,74;46,99
27/09/2019 16:20;46,88;46,88;46,73;46,82
27/09/2019 13:00;46,7;46,88;46,61;46,87
27/09/2019 09:00;46,7;46,82;46,59;46,71
26/09/2019 16:20;46,61;46,71;46,51;46,71
26/09/2019 13:00;46,94;47,05;46,6;46,65
26/09/2019 09:00;47,15;47,28;46,81;46,94
25/09/2019 16:20;46,82;46,91;46,82;46,85
25/09/2019 13:00;46,84;46,94;46,77;46,87
25/09/2019 09:00;46,77;46,91;46,47;46,85
24/09/2019 16:20;46,92;47,05;46,82;46,89
24/09/2019 13:00;46,8;46,89;46,77;46,82
24/09/2019 09:00;46,64;46,99;46,6;46,78
23/09/2019 16:20;46,87;47,03;46,71;46,77
23/09/2019 13:00;46,87;47,08;46,8;46,82
23/09/2019 09:00;46,42;47,01;46,42;46,92
20/09/2019 16:20;46,53;46,53;46,42;46,42
20/09/2019 13:00;46,47;46,56;46,42;46,56
20/09/2019 09:00;46,59;46,59;46,35;46,47
19/09/2019 16:20;46,26;46,53;46,26;46,47
19/09/2019 13:00;46,18;46,23;45,96;46,23
19/09/2019 09:00;45,87;46,3;45,87;46,18
18/09/2019 16:20;45,87;46,11;45,84;46,01
18/09/2019 13:00;45,98;46,11;45,91;45,98
18/09/2019 09:00;45,96;46,07;45,72;46,03
17/09/2019 16:20;45,79;45,81;45,76;45,76
17/09/2019 13:00;46,01;46,01;45,77;45,83
17/09/2019 09:00;45,82;46,24;45,72;45,98
16/09/2019 16:20;46,14;46,23;45,81;46,12
16/09/2019 13:00;46,46;46,71;46,18;46,24
16/09/2019 09:00;45,89;46,65;45,89;46,47
13/09/2019 16:20;46,02;46,17;46,02;46,17
13/09/2019 13:00;45,9;46,1;45,9;46,01
13/09/2019 09:00;45,8;46,22;45,8;45,9
12/09/2019 16:20;45,66;45,77;45,66;45,73
12/09/2019 13:00;45,14;45,83;44,84;45,65
12/09/2019 09:00;45,14;45,5;45,1;45,14
11/09/2019 16:20;45,19;45,31;45,19;45,25
11/09/2019 13:00;44,99;45,41;44,99;45,19
11/09/2019 09:00;45,18;45,29;44,85;45
10/09/2019 16:20;45,29;45,39;45,17;45,21
10/09/2019 13:00;45;45,22;45;45,17
10/09/2019 09:00;44,84;45,04;44,71;44,96
09/09/2019 16:20;44,47;44,72;44,31;44,66
09/09/2019 13:00;44,3;44,44;44,3;44,38
09/09/2019 09:00;44,36;44,69;44,3;44,31
06/09/2019 16:20;45,46;45,46;45,46;45,46
06/09/2019 13:00;45,5;45,61;45,45;45,52
06/09/2019 09:00;45,65;45,71;45,45;45,45
05/09/2019 16:20;45,7;45,7;45,57;45,67
05/09/2019 13:00;45,66;45,77;45,64;45,7
05/09/2019 09:00;45,81;45,94;45,62;45,65
04/09/2019 16:20;46,01;46,07;45,89;45,89
04/09/2019 13:00;46,2;46,27;45,97;46,18
04/09/2019 09:00;46,12;46,3;46,1;46,2
03/09/2019 16:20;46,56;46,56;46,43;46,43
03/09/2019 13:00;46,32;46,57;46,32;46,5
03/09/2019 09:00;46,27;46,52;46,27;46,33
02/09/2019 16:20;46,27;46,32;46,27;46,27
02/09/2019 13:00;46,26;46,47;46,26;46,27
02/09/2019 09:00;46,22;46,53;45,95;46,23
30/08/2019 16:20;46,56;46,57;46,51;46,51
30/08/2019 13:00;46,46;46,63;46,43;46,55
30/08/2019 09:00;46,57;46,75;46,45;46,5
29/08/2019 16:20;46,47;46,47;46,32;46,43
29/08/2019 13:00;46,57;46,63;46,26;46,48
29/08/2019 09:00;46,38;46,86;46,35;46,57
28/08/2019 16:20;46,33;46,38;46,33;46,38
28/08/2019 13:00;46,2;46,43;46,2;46,33
28/08/2019 09:00;46,06;46,2;45,76;46,15
27/08/2019 16:20;46,23;46,28;46,07;46,1
27/08/2019 13:00;46,14;46,18;45,96;46,11
27/08/2019 09:00;46,15;46,23;45,84;46,14
26/08/2019 16:20;46,17;46,18;46,07;46,07
26/08/2019 13:00;45,81;46,14;45,81;46,07
26/08/2019 09:00;45,8;46,07;45,75;45,76
23/08/2019 16:20;45,6;45,7;45,56;45,7
23/08/2019 13:00;45,65;45,8;45,61;45,7
23/08/2019 09:00;45,57;45,65;45,45;45,65
22/08/2019 16:20;45,66;45,66;45,51;45,51
22/08/2019 13:00;45,46;45,76;45,46;45,56
22/08/2019 09:00;45,21;45,51;45,2;45,46
21/08/2019 16:20;45,15;45,26;45,15;45,26
21/08/2019 13:00;45,14;45,45;44,96;45,21
21/08/2019 09:00;45,54;45,54;44,97;45,11
20/08/2019 16:20;45,26;45,32;45,22;45,32
20/08/2019 13:00;45,2;45,26;45,04;45,14
20/08/2019 09:00;45,75;46,07;45,09;45,17
19/08/2019 16:20;45,42;45,55;45,4;45,55
19/08/2019 13:00;45,37;45,64;45,32;45,46
19/08/2019 09:00;45,2;45,56;45,15;45,34
16/08/2019 16:20;45,51;45,76;45,45;45,51
16/08/2019 13:00;45,77;45,81;45,59;45,64
16/08/2019 09:00;45,66;45,82;45,41;45,82
15/08/2019 16:20;45,39;45,39;45,32;45,39
15/08/2019 13:00;45,45;45,56;45,26;45,39
15/08/2019 09:00;45,69;45,72;45,26;45,47
14/08/2019 16:20;45,64;45,82;45,51;45,76
14/08/2019 13:00;46,02;46,1;45,7;45,89
14/08/2019 09:00;45,62;46,28;45,62;46,05
13/08/2019 16:20;45,47;45,6;45,47;45,6
13/08/2019 13:00;45,54;45,64;45,36;45,55
13/08/2019 09:00;45,29;45,84;45,01;45,52
12/08/2019 16:20;45,91;45,91;45,7;45,7
12/08/2019 13:00;48,22;48,22;45,96;45,96
12/08/2019 09:00;47,73;48,57;47,73;48,2
09/08/2019 16:20;48,01;48,01;47,95;47,95
09/08/2019 13:00;48;48,07;47,96;48,01
09/08/2019 09:00;47,95;48,2;47,73;47,95
08/08/2019 16:20;47,57;47,7;47,56;47,66
08/08/2019 13:00;47,73;48,01;47,57;47,63
08/08/2019 09:00;47,81;48,03;47,45;47,7
07/08/2019 16:20;48,07;48,07;47,88;47,95
07/08/2019 13:00;47,95;48,32;47,86;48,05
07/08/2019 09:00;46,97;48,02;46,97;47,93
06/08/2019 16:20;46,95;47,01;46,81;46,82
06/08/2019 13:00;46,81;47,01;46,68;46,88
06/08/2019 09:00;46,53;46,92;46,07;46,8
05/08/2019 16:20;46,68;46,71;46,38;46,7
05/08/2019 13:00;45,84;46,7;45,77;46,51
05/08/2019 09:00;45,22;46,07;45,09;45,82
02/08/2019 16:20;45,57;45,7;45,57;45,69
02/08/2019 13:00;45,41;45,65;45,41;45,56
02/08/2019 09:00;45,26;45,72;45,22;45,45
01/08/2019 16:20;45,11;45,14;45,02;45,14
01/08/2019 13:00;45,16;45,35;45,01;45,07
01/08/2019 09:00;45,92;45,92;45,15;45,2
31/07/2019 16:20;45,65;45,7;45,64;45,65
31/07/2019 13:00;45,82;45,84;45,54;45,64
31/07/2019 09:00;46;46,01;45,64;45,8
30/07/2019 16:20;46,11;46,11;46,04;46,07
30/07/2019 13:00;45,76;46,15;45,76;46,01
30/07/2019 09:00;45,74;45,9;45,71;45,76
29/07/2019 16:20;46,04;46,04;45,86;45,94
29/07/2019 13:00;46,06;46,18;46,02;46,17
29/07/2019 09:00;46,06;46,16;45,89;46,07
26/07/2019 16:20;45,8;46,06;45,79;45,95
26/07/2019 13:00;45,66;45,89;45,66;45,82
26/07/2019 09:00;45,57;45,7;45,47;45,66
25/07/2019 16:20;45,64;45,79;45,64;45,7
25/07/2019 13:00;45,77;45,89;45,64;45,65
25/07/2019 09:00;45,79;45,94;45,6;45,76
24/07/2019 16:20;45,76;45,82;45,76;45,8
24/07/2019 13:00;46,18;46,23;45,76;45,76
24/07/2019 09:00;46,26;46,48;46,06;46,25
23/07/2019 16:20;46,07;46,16;46,06;46,07
23/07/2019 13:00;46,11;46,28;46,01;46,01
23/07/2019 09:00;46,53;46,53;45,9;46,12
22/07/2019 16:20;46,17;46,51;46,09;46,45
22/07/2019 13:00;46,07;46,16;45,9;46,1
22/07/2019 09:00;46,28;46,31;46,07;46,09
19/07/2019 16:20;46,57;46,72;46,57;46,72
19/07/2019 13:00;46,66;46,7;46,48;46,57
19/07/2019 09:00;46,37;46,75;46,27;46,66
18/07/2019 16:20;46,21;46,37;46,21;46,37
18/07/2019 13:00;46,38;46,43;46,23;46,25
18/07/2019 09:00;46,88;46,88;46,2;46,38
17/07/2019 16:20;47,21;47,32;47,2;47,2
17/07/2019 13:00;47,33;47,37;47,07;47,21
17/07/2019 09:00;47,22;47,57;47,07;47,4
16/07/2019 16:20;47,07;47,17;47,03;47,07
16/07/2019 13:00;46,76;47,12;46,66;47
16/07/2019 09:00;46,91;46,91;46,4;46,72
15/07/2019 16:20;47,03;47,13;47,01;47,13
15/07/2019 13:00;47,26;47,32;46,96;47,13
15/07/2019 09:00;47,4;47,82;47,2;47,26
12/07/2019 16:20;47,5;47,56;47,32;47,43
12/07/2019 13:00;47,11;47,51;47,07;47,45
12/07/2019 09:00;46,7;47,18;46,61;47,08
11/07/2019 16:20;46,71;46,88;46,7;46,82
11/07/2019 13:00;46,25;46,95;45,99;46,82
11/07/2019 09:00;46,06;46,56;45,96;46,32
10/07/2019 16:20;46,57;46,58;46,38;46,4
10/07/2019 13:00;46,51;46,82;46,38;46,4
10/07/2019 09:00;46,81;46,92;46,21;46,51
08/07/2019 16:20;47,52;47,53;47,26;47,45
08/07/2019 13:00;47,07;47,45;46,9;47,45
08/07/2019 09:00;47,46;47,57;46,88;47,07
05/07/2019 16:20;47,32;47,37;47,28;47,32
05/07/2019 13:00;47,37;47,45;47,21;47,32
05/07/2019 09:00;47,56;48,12;47,17;47,43
04/07/2019 16:20;47,71;47,88;47,6;47,67
04/07/2019 13:00;46,81;47,7;46,81;47,7
04/07/2019 09:00;47,27;47,48;46,52;46,82
03/07/2019 16:20;47,07;47,16;47,01;47,06
03/07/2019 13:00;47,01;47,26;46,78;47,07
03/07/2019 09:00;46,46;47,08;46,46;47,02
02/07/2019 16:20;46,2;46,42;46,02;46,02
02/07/2019 13:00;46,18;46,26;45,95;46,18
02/07/2019 09:00;46,01;46,41;45,57;46,2
01/07/2019 16:20;45,57;46,31;45,57;45,95
01/07/2019 13:00;45,64;45,7;45,45;45,51
01/07/2019 09:00;46,32;46,5;45,39;45,65
28/06/2019 16:20;46,2;46,63;46,2;46,38
28/06/2019 13:00;48,38;48,96;45,95;46,27
28/06/2019 09:00;48,2;48,43;47,95;48,36
27/06/2019 16:20;48;48,11;48;48,11
27/06/2019 13:00;48,08;48,18;48,01;48,13
27/06/2019 09:00;48,07;48,31;47,97;48,1
26/06/2019 16:20;48,03;48,07;47,95;48,07
26/06/2019 13:00;47,95;48,07;47,83;47,95
26/06/2019 09:00;47,7;48,08;47,63;47,95
25/06/2019 16:20;48,18;48,2;47,91;48,07
25/06/2019 13:00;48,17;48,33;47,76;48,13
25/06/2019 09:00;48,36;48,57;47,96;48,18
24/06/2019 16:20;47,82;48,31;47,57;48,13
24/06/2019 13:00;47,55;47,78;47,5;47,63
24/06/2019 09:00;47,47;48,02;47,47;47,48
21/06/2019 16:20;47,06;47,31;47,01;47,07
21/06/2019 13:00;47,41;47,68;47,01;47,07
21/06/2019 09:00;47,91;48,2;46,82;47,38
19/06/2019 16:20;47,07;47,13;46,86;47,13
19/06/2019 13:00;47,63;47,63;46,97;47,07
19/06/2019 09:00;48,37;48,44;47,45;47,63
18/06/2019 16:20;48,44;48,57;48,23;48,47
18/06/2019 13:00;48,93;49,01;48,44;48,58
18/06/2019 09:00;48,89;49,38;48,32;48,94
17/06/2019 16:20;49,61;50,01;49,52;49,83
17/06/2019 13:00;49,76;50,02;49,57;49,63
17/06/2019 09:00;49,94;50,41;49,07;49,74
14/06/2019 16:20;49,18;49,54;49,08;49,54
14/06/2019 13:00;49,37;49,47;49,09;49,32
14/06/2019 09:00;49,08;49,44;48,83;49,34
13/06/2019 16:20;49,06;49,13;48,82;48,84
13/06/2019 13:00;48,74;49,07;48,57;48,94
13/06/2019 09:00;48,48;49,08;48,38;48,73
12/06/2019 16:20;48,07;48,46;47,95;48,22
12/06/2019 13:00;47,7;48,06;47,65;48,06
12/06/2019 09:00;46,6;47,77;46,12;47,7
11/06/2019 16:20;46,32;46,65;46,32;46,63
11/06/2019 13:00;44,95;46,43;44,95;46,32
11/06/2019 09:00;45,07;45,19;44,66;44,95
10/06/2019 16:20;45,7;45,7;44,99;45,31
10/06/2019 13:00;45,89;45,91;45,51;45,7
10/06/2019 09:00;45,61;46,01;45,26;45,85
07/06/2019 16:20;45,82;45,94;45,8;45,9
07/06/2019 13:00;46,04;46,07;45,95;46,01
07/06/2019 09:00;45,82;46,81;45,64;46,01
06/06/2019 16:20;46,56;46,7;46,45;46,5
06/06/2019 13:00;45,32;46,45;45,09;46,32
06/06/2019 09:00;45,36;45,57;44,49;45,32
05/06/2019 16:20;45,99;46,3;45,99;46,25
05/06/2019 13:00;46,41;46,42;45,89;46,01
05/06/2019 09:00;46,43;46,76;45,76;46,33
04/06/2019 16:20;46,82;46,87;46,63;46,72
04/06/2019 13:00;47,53;47,57;46,83;46,83
04/06/2019 09:00;48,57;48,68;47,23;47,53
03/06/2019 16:20;49,01;49,19;48,76;48,94
03/06/2019 13:00;48,63;48,68;47,76;48,2
03/06/2019 09:00;48,44;49,21;48,44;48,63
31/05/2019 16:20;48,51;48,68;48,44;48,44
31/05/2019 13:00;48,74;49,01;48,08;48,63
31/05/2019 09:00;48,69;48,94;47,98;48,76
30/05/2019 16:20;49,07;49,32;49,07;49,32
30/05/2019 13:00;48,59;49,18;48,44;49,01
30/05/2019 09:00;47,82;49,27;47,73;48,62
29/05/2019 16:20;47,46;48;47,32;47,87
29/05/2019 13:00;48,32;48,63;47,63;47,76
29/05/2019 09:00;50,29;50,31;47,2;48,36
28/05/2019 16:20;48,46;49,44;48,46;49,32
28/05/2019 13:00;47,63;48,01;47,51;47,9
28/05/2019 09:00;47,42;47,72;46,85;47,62
27/05/2019 16:20;46,82;47,15;46,68;47,13
27/05/2019 13:00;46,09;46,68;46;46,68
27/05/2019 09:00;44,95;46,2;44,95;46,04
24/05/2019 16:20;44,76;44,82;44,6;44,7
24/05/2019 13:00;44,45;44,76;44,31;44,57
24/05/2019 09:00;43,2;44,57;43,14;44,44
23/05/2019 16:20;43,26;43,46;42,93;43,31
23/05/2019 13:00;44,52;44,59;43,46;43,6
23/05/2019 09:00;44,26;45,06;44,26;44,51
22/05/2019 16:20;44,3;44,32;44,14;44,26
22/05/2019 13:00;43,46;44,31;43,41;44,21
22/05/2019 09:00;44,11;44,3;43,45;43,46
21/05/2019 16:20;44,72;44,87;44,41;44,51
21/05/2019 13:00;45,34;45,37;44,36;44,96
21/05/2019 09:00;45,76;45,89;44,76;45,32
20/05/2019 16:20;45,44;45,44;44,82;45,2
20/05/2019 13:00;45,85;45,85;45,35;45,51
20/05/2019 09:00;45,01;46,32;45,01;45,89
17/05/2019 16:20;44,81;44,95;44,71;44,95
17/05/2019 13:00;44,59;44,89;44,46;44,89
17/05/2019 09:00;43,51;44,89;43,51;44,57
16/05/2019 16:20;43,01;43,39;42,95;43,39
16/05/2019 13:00;42,3;43,18;42,19;42,95
16/05/2019 09:00;41,69;42,51;41,58;42,3
15/05/2019 16:20;41,53;41,7;41,53;41,69
15/05/2019 13:00;41,63;41,7;41,14;41,45
15/05/2019 09:00;40,98;41,89;40,98;41,63
14/05/2019 16:20;40,6;40,6;40,58;40,58
14/05/2019 13:00;40,6;40,64;40,49;40,58
14/05/2019 09:00;40,51;40,68;40,47;40,6
13/05/2019 16:20;40,21;40,34;40,21;40,27
13/05/2019 13:00;40,38;40,38;40,15;40,21
13/05/2019 09:00;39,87;40,4;39,87;40,37
10/05/2019 16:20;39,84;39,87;39,84;39,87
10/05/2019 13:00;39,93;39,99;39,85;39,91
10/05/2019 09:00;39,79;40,03;39,74;39,95
09/05/2019 16:20;39,63;39,64;39,4;39,48
09/05/2019 13:00;39,48;39,62;39,24;39,61
09/05/2019 09:00;39,29;39,64;39,24;39,48
08/05/2019 16:20;38,96;39,06;38,83;39,05
08/05/2019 13:00;38,98;39,08;38,81;39
08/05/2019 09:00;39,16;39,26;38,97;39
07/05/2019 16:20;38,98;39;38,88;38,94
07/05/2019 13:00;38,63;39,03;38,53;38,83
07/05/2019 09:00;38,49;38,75;38,45;38,69
06/05/2019 16:20;38,61;38,63;38,61;38,62
06/05/2019 13:00;38,62;38,77;38,57;38,69
06/05/2019 09:00;38,72;38,94;38,46;38,61
03/05/2019 16:20;38,94;38,95;38,94;38,94
03/05/2019 13:00;39,35;39,39;38,91;39
03/05/2019 09:00;39,12;39,37;39;39,31
02/05/2019 16:20;39,12;39,12;38,81;38,81
02/05/2019 13:00;38,64;39,06;38,63;39
02/05/2019 09:00;38,39;39;38,18;38,66
30/04/2019 16:20;38,33;38,63;38,27;38,33
30/04/2019 13:00;38,83;38,91;38,34;38,34
30/04/2019 09:00;39,07;39,08;38,81;38,81
29/04/2019 16:20;39,44;39,44;39,26;39,3
29/04/2019 13:00;40,07;40,09;39,45;39,54
29/04/2019 09:00;40,47;40,47;39,79;40,07
26/04/2019 16:20;40,76;40,8;40,76;40,76
26/04/2019 13:00;40,82;40,87;40,69;40,83
26/04/2019 09:00;41;41,09;40,48;40,86
25/04/2019 16:20;41,08;41,24;41,03;41,13
25/04/2019 13:00;41,24;41,31;41,15;41,19
25/04/2019 09:00;41,39;41,41;41,02;41,22
24/04/2019 16:20;41,67;41,67;41,53;41,58
24/04/2019 13:00;41,3;41,61;41,25;41,61
24/04/2019 09:00;41,37;41,54;41,2;41,31
23/04/2019 16:20;41,54;41,67;41,45;41,45
23/04/2019 13:00;41,93;42,14;41,47;41,49
23/04/2019 09:00;41,81;42,05;41,66;41,97
22/04/2019 16:20;41,65;41,73;41,44;41,59
22/04/2019 13:00;41,08;41,65;41,07;41,43
22/04/2019 09:00;41,5;41,5;40,94;41,08
18/04/2019 16:20;41,67;41,67;41,49;41,5
18/04/2019 13:00;41,61;41,73;41,55;41,58
18/04/2019 09:00;41,71;41,73;41,52;41,67
17/04/2019 16:20;41,84;41,91;41,84;41,86
17/04/2019 13:00;41,76;41,86;41,54;41,86
17/04/2019 09:00;41,81;42,29;41,59;41,77
16/04/2019 16:20;41,65;41,8;41,65;41,73
16/04/2019 13:00;42,16;42,16;41,67;41,73
16/04/2019 09:00;42,1;42,65;42,1;42,16
15/04/2019 16:20;42,09;42,09;42,09;42,09
15/04/2019 13:00;42,1;42,22;42;42,1
15/04/2019 09:00;42,33;42,34;41,98;42,1
12/04/2019 16:20;42,22;42,46;42,22;42,45
12/04/2019 13:00;42,61;42,71;42,22;42,22
12/04/2019 09:00;42,93;43,07;42,61;42,61
11/04/2019 16:20;42,79;42,9;42,78;42,89
11/04/2019 13:00;43,4;43,41;42,83;42,95
11/04/2019 09:00;43,68;43,82;43,27;43,4
10/04/2019 16:20;43,69;43,69;43,68;43,68
10/04/2019 13:00;43,8;43,8;43,57;43,79
10/04/2019 09:00;43,57;43,91;43,56;43,8
09/04/2019 16:20;43,85;43,91;43,68;43,71
09/04/2019 13:00;43,3;43,79;43,27;43,74
09/04/2019 09:00;43,4;43,49;43,26;43,32
08/04/2019 16:20;43,8;43,8;43,58;43,68
08/04/2019 13:00;43,8;43,8;43,5;43,62
08/04/2019 09:00;43,5;43,84;43,28;43,8
05/04/2019 16:20;43,62;43,68;43,45;43,5
05/04/2019 13:00;43,68;43,68;43,56;43,56
05/04/2019 09:00;43,82;43,82;43,54;43,68
04/04/2019 16:20;43,96;44,01;43,88;44,01
04/04/2019 13:00;44,41;44,41;43,62;43,92
04/04/2019 09:00;44,3;44,7;44,3;44,4
03/04/2019 16:20;44,23;44,23;44,19;44,19
03/04/2019 13:00;44,19;44,4;44,17;44,22
03/04/2019 09:00;44,36;44,76;44,06;44,23
02/04/2019 16:20;44,41;44,47;44,17;44,17
02/04/2019 13:00;43,8;44,64;43,79;44,41
02/04/2019 09:00;43,61;43,92;43,5;43,8
01/04/2019 16:20;43,97;43,97;43,77;43,77
01/04/2019 13:00;43,85;43,99;43,8;43,82
01/04/2019 09:00;44,17;44,23;43,66;43,84
29/03/2019 16:20;44,3;44,47;44,3;44,34
29/03/2019 13:00;45,17;45,17;44,29;44,33
29/03/2019 09:00;45,39;45,39;44,96;45,2
28/03/2019 16:20;45,13;45,26;45,08;45,21
28/03/2019 13:00;45,51;45,63;45,26;45,26
28/03/2019 09:00;45,63;45,97;45,36;45,47
27/03/2019 16:20;45,45;45,63;45,45;45,63
27/03/2019 13:00;45,36;45,45;44,96;45,43
27/03/2019 09:00;44,65;45,63;44,65;45,39
26/03/2019 16:20;44,8;45,04;44,8;44,95
26/03/2019 13:00;45,75;45,81;44,9;45,06
26/03/2019 09:00;45,99;46,05;45,57;45,73
25/03/2019 16:20;45,37;45,51;45,36;45,39
25/03/2019 13:00;45,01;45,39;44,87;45,32
25/03/2019 09:00;45,14;45,25;44,78;44,93
22/03/2019 16:20;44,78;44,9;44,72;44,76
22/03/2019 13:00;44,52;44,78;44,39;44,78
22/03/2019 09:00;43,94;44,52;43,94;44,51
21/03/2019 16:20;43,68;43,99;43,68;43,8
21/03/2019 13:00;44,03;44,14;43,38;43,68
21/03/2019 09:00;43,38;44,05;43,19;44,03
20/03/2019 16:20;43,56;43,61;43,49;43,49
20/03/2019 13:00;43,52;43,79;43,49;43,5
20/03/2019 09:00;43,8;43,8;43,29;43,52
19/03/2019 16:20;44,2;44,23;43,9;43,92
19/03/2019 13:00;44,3;44,41;43,96;44,2
19/03/2019 09:00;44,96;45,02;44,29;44,29
18/03/2019 16:20;45,25;45,25;44,78;44,78
18/03/2019 13:00;45,39;45,49;45,03;45,14
18/03/2019 09:00;45,75;46,05;45,25;45,4
15/03/2019 16:20;45,93;45,93;45,75;45,75
15/03/2019 13:00;45,42;46,09;45,39;45,93
15/03/2019 09:00;44,74;45,7;44,74;45,45
14/03/2019 16:20;44,78;44,81;44,74;44,78
14/03/2019 13:00;44,65;44,83;44,65;44,72
14/03/2019 09:00;44,78;44,96;44,36;44,63
13/03/2019 16:20;44,9;44,9;44,74;44,84
13/03/2019 13:00;45,51;45,51;44,9;45,06
13/03/2019 09:00;45,26;45,73;45,08;45,51
12/03/2019 16:20;45,49;45,69;45,45;45,46
12/03/2019 13:00;45,62;45,71;45,45;45,49
12/03/2019 09:00;46,22;46,22;45,3;45,58
11/03/2019 16:20;45,98;46,09;45,98;45,99
11/03/2019 13:00;46,54;46,58;45,87;46,05
11/03/2019 09:00;47,5;47,56;46,39;46,53
08/03/2019 16:20;47,6;47,64;47,59;47,62
08/03/2019 13:00;47,65;47,76;47,59;47,64
08/03/2019 09:00;47,58;47,78;47,58;47,65
07/03/2019 16:20;47,7;47,72;47,6;47,72
07/03/2019 13:00;47,65;47,93;47,6;47,76
07/03/2019 09:00;47,87;47,92;47,53;47,65
06/03/2019 16:20;47,93;47,94;47,87;47,87
06/03/2019 13:00;47,37;47,99;47,37;47,93
01/03/2019 16:20;47,67;47,67;47,67;47,67
01/03/2019 13:00;48,01;48,01;47,82;47,87
01/03/2019 09:00;48,1;48,19;47,87;48,02
28/02/2019 16:20;48,03;48,04;47,81;47,87
28/02/2019 13:00;47,53;47,93;47,53;47,88
28/02/2019 09:00;47,69;47,77;47,37;47,53
27/02/2019 16:20;47,82;47,93;47,77;47,93
27/02/2019 13:00;47,93;48;47,86;47,86
27/02/2019 09:00;47,87;48,12;47,75;47,93
26/02/2019 16:20;48,08;48,13;48,04;48,1
26/02/2019 13:00;47,97;48,14;47,92;48,04
26/02/2019 09:00;47,93;48,1;47,74;47,97
25/02/2019 16:20;47,7;47,78;47,6;47,76
25/02/2019 13:00;47,51;47,75;47,48;47,73
25/02/2019 09:00;47,3;47,64;47,26;47,51
22/02/2019 16:20;47,29;47,34;47,25;47,31
22/02/2019 13:00;46,92;47,35;46,92;47,25
22/02/2019 09:00;46,96;46,97;46,77;46,92
21/02/2019 16:20;47,03;47,03;46,91;46,91
21/02/2019 13:00;46,94;47;46,9;46,96
21/02/2019 09:00;47,05;47,06;46,69;46,91
20/02/2019 16:20;46,97;47,11;46,97;47,11
20/02/2019 13:00;46,85;47,04;46,71;46,97
20/02/2019 09:00;47,37;47,37;46,65;46,85
19/02/2019 16:20;47,03;47,04;46,94;47,04
19/02/2019 13:00;47,13;47,14;46,98;46,98
19/02/2019 09:00;47,24;47,33;47,07;47,13
18/02/2019 16:20;47,16;47,24;47,13;47,14
18/02/2019 13:00;47,25;47,29;47,03;47,14
18/02/2019 09:00;47,13;47,37;47,03;47,25
15/02/2019 16:20;46,9;46,96;46,78;46,91
15/02/2019 13:00;46,74;46,96;46,74;46,86
15/02/2019 09:00;46,86;46,91;46,54;46,78
14/02/2019 16:20;47,09;47,12;46,88;47,03
14/02/2019 13:00;46,71;47,16;46,67;46,97
14/02/2019 09:00;47,08;47,24;46,69;46,71
13/02/2019 16:20;46,96;47,24;46,96;47,14
13/02/2019 13:00;46,83;47,08;46,83;46,98
13/02/2019 09:00;46,76;46,99;46,69;46,86
12/02/2019 16:20;46,53;46,63;46,47;46,57
12/02/2019 13:00;46,29;46,72;46,26;46,53
12/02/2019 09:00;46,29;46,46;45,96;46,25
11/02/2019 16:20;46,01;46,24;46,01;46,18
11/02/2019 13:00;46,04;46,24;45,8;46,07
11/02/2019 09:00;46,28;46,35;45,91;45,98
08/02/2019 16:20;46,02;46,29;45,85;46,29
08/02/2019 13:00;46,5;46,52;46,07;46,08
08/02/2019 09:00;45,96;46,52;45,95;46,42
07/02/2019 16:20;46,33;46,41;46,16;46,35
07/02/2019 13:00;46,5;46,63;46,36;46,36
07/02/2019 09:00;46,48;46,56;46,31;46,52
06/02/2019 16:20;46,11;46,18;45,98;46,07
06/02/2019 13:00;46,39;46,39;46,12;46,18
06/02/2019 09:00;45,78;46,6;45,74;46,34
05/02/2019 16:20;45,91;46,02;45,91;45,95
05/02/2019 13:00;45,51;46,1;45,48;46,06
05/02/2019 09:00;45,84;45,92;45,45;45,52
04/02/2019 16:20;45,65;45,8;45,65;45,67
04/02/2019 13:00;45,61;45,84;45,58;45,65
04/02/2019 09:00;45,98;46,21;45,51;45,61
01/02/2019 16:20;46,24;46,24;45,98;45,98
01/02/2019 13:00;46,12;46,18;46,07;46,18
01/02/2019 09:00;46,15;46,41;45,96;46,12
31/01/2019 16:20;46,19;46,21;46,15;46,18
31/01/2019 13:00;45,74;46,35;45,71;46,19
31/01/2019 09:00;45,28;45,74;45,13;45,74
30/01/2019 16:20;45,45;45,45;45,29;45,39
30/01/2019 13:00;45,48;45,56;45,36;45,45
30/01/2019 09:00;45,74;45,84;45,23;45,48
29/01/2019 16:20;45,84;45,95;45,74;45,93
29/01/2019 13:00;46,18;46,24;45,91;45,98
29/01/2019 09:00;46,47;46,61;46,09;46,18
28/01/2019 16:20;46,26;46,33;46,24;46,29
28/01/2019 13:00;46,01;46,27;46,01;46,25
28/01/2019 09:00;45,78;46,15;45,57;46,1
24/01/2019 16:20;45,71;45,72;45,57;45,71
24/01/2019 13:00;45,72;45,73;45,5;45,55
24/01/2019 09:00;45,45;45,82;45,1;45,72
23/01/2019 16:20;45,58;45,67;45,48;45,6
23/01/2019 13:00;45,32;45,61;45,24;45,56
23/01/2019 09:00;44,71;45,33;44,68;45,3
22/01/2019 16:20;45,11;45,11;44,77;44,94
22/01/2019 13:00;45,3;45,33;45,04;45,05
22/01/2019 09:00;44,94;45,38;44,84;45,28
21/01/2019 16:20;44,62;44,71;44,49;44,71
21/01/2019 13:00;44,62;44,62;44,49;44,6
21/01/2019 09:00;44,44;44,89;44,44;44,55
18/01/2019 16:20;44,2;44,37;44,2;44,33
18/01/2019 13:00;43,81;44,35;43,81;44,32
18/01/2019 09:00;43,91;43,91;43,64;43,82
17/01/2019 16:20;44,08;44,1;44;44,03
17/01/2019 13:00;44,15;44,26;43,92;44,09
17/01/2019 09:00;44,15;44,2;43,81;44,14
16/01/2019 16:20;44,08;44,15;44,05;44,15
16/01/2019 13:00;44,2;44,31;44,07;44,09
16/01/2019 09:00;44,14;44,34;43,94;44,2
15/01/2019 16:20;44,42;44,5;44,29;44,45
15/01/2019 13:00;44,77;44,77;44,43;44,52
15/01/2019 09:00;44,64;45,05;44,44;44,77
14/01/2019 16:20;44,78;44,8;44,67;44,76
14/01/2019 13:00;45,02;45,02;44,49;44,67
14/01/2019 09:00;44,56;45,22;44,38;45,04
11/01/2019 16:20;44,58;44,6;44,55;44,58
11/01/2019 13:00;44,29;44,58;44,29;44,56
11/01/2019 09:00;43,84;44,37;43,84;44,28
10/01/2019 16:20;43,85;43,89;43,77;43,86
10/01/2019 13:00;43,83;43,9;43,7;43,77
10/01/2019 09:00;43,81;43,98;43,47;43,84
09/01/2019 16:20;43,79;43,79;43,7;43,71
09/01/2019 13:00;43,79;44,09;43,75;43,81
09/01/2019 09:00;44,12;44,12;43,64;43,75
08/01/2019 16:20;44,21;44,27;43,99;44,27
08/01/2019 13:00;44,61;44,73;44,23;44,26
08/01/2019 09:00;44,93;45,14;44,6;44,68
07/01/2019 16:20;45,11;45,26;45,1;45,16
07/01/2019 13:00;45,06;45,21;44,96;45,05
07/01/2019 09:00;45,16;45,5;45,05;45,05
04/01/2019 16:20;45,37;45,45;45,33;45,33
04/01/2019 13:00;45,33;45,45;45,28;45,34
04/01/2019 09:00;44,98;45,42;44,84;45,33
03/01/2019 16:20;45,03;45,28;44,78;44,86
03/01/2019 13:00;44,82;44,95;44,78;44,95
03/01/2019 09:00;44,51;44,88;44,51;44,82
02/01/2019 16:20;44,33;44,43;44,33;44,38
02/01/2019 13:00;44,34;44,54;44,2;44,38
02/01/2019 09:00;44,47;44,87;44,34;44,44
28/12/2018 16:20;44,6;44,71;44,6;44,71
28/12/2018 13:00;44,94;44,94;44,71;44,82
28/12/2018 09:00;44,88;45,05;44,5;44,88
27/12/2018 16:20;44,77;44,82;44,75;44,82
27/12/2018 13:00;44,82;44,93;44,6;44,72
27/12/2018 09:00;45,21;45,22;44,8;44,93
26/12/2018 16:20;44,93;45,11;44,93;45,05
26/12/2018 13:00;45,04;45,11;44,9;45,05
26/12/2018 09:00;44,77;45,14;44,54;45,06
21/12/2018 16:20;44,99;45,05;44,88;44,95
21/12/2018 13:00;44,89;44,9;44,79;44,9
21/12/2018 09:00;44,88;45,22;44,82;44,89
20/12/2018 16:20;44,48;44,64;44,48;44,6
20/12/2018 13:00;44,54;44,56;44,36;44,48
20/12/2018 09:00;43,5;44,71;43,46;44,54
19/12/2018 16:20;44,05;44,09;43,88;43,97
19/12/2018 13:00;44,16;44,17;43,75;43,92
19/12/2018 09:00;43,94;44,19;43,74;44,17
18/12/2018 16:20;44,09;44,19;44,08;44,14
18/12/2018 13:00;43,7;44,09;43,68;44,03
18/12/2018 09:00;43,23;43,75;43,2;43,74
17/12/2018 16:20;43,22;43,24;43,09;43,12
17/12/2018 13:00;43,01;43,07;42,83;43,07
17/12/2018 09:00;42,98;43,12;42,64;43,01
14/12/2018 16:20;42,8;42,8;42,73;42,73
14/12/2018 13:00;42,83;42,84;42,78;42,8
14/12/2018 09:00;42,69;42,92;42,67;42,82
13/12/2018 16:20;42,58;42,61;42,5;42,58
13/12/2018 13:00;42,8;42,84;42,57;42,58
13/12/2018 09:00;43,05;43,05;42,73;42,81
12/12/2018 16:20;42,65;42,83;42,64;42,67
12/12/2018 13:00;42,83;42,84;42,73;42,78
12/12/2018 09:00;42,82;42,89;42,63;42,82
11/12/2018 16:20;43,14;43,35;43,08;43,12
11/12/2018 13:00;43,08;43,24;43,07;43,12
11/12/2018 09:00;42,73;43,29;42,73;43,12
10/12/2018 16:20;42,84;42,9;42,72;42,72
10/12/2018 13:00;42,58;42,95;42,56;42,81
10/12/2018 09:00;42,65;43,03;42,38;42,58
07/12/2018 16:20;42,86;42,98;42,54;42,75
07/12/2018 13:00;42,16;42,68;42,1;42,64
07/12/2018 09:00;42,61;42,73;42,14;42,14
06/12/2018 16:20;42,37;42,41;42,24;42,31
06/12/2018 13:00;42,82;42,82;42,42;42,5
06/12/2018 09:00;42,78;43,05;42,56;42,78
05/12/2018 16:20;42,46;42,6;42,37;42,4
05/12/2018 13:00;42,17;42,51;42,12;42,5
05/12/2018 09:00;42,29;42,72;42,06;42,16
04/12/2018 16:20;42,94;42,94;42,73;42,8
04/12/2018 13:00;42,41;42,82;42,39;42,82
04/12/2018 09:00;41,76;42,48;41,59;42,39
03/12/2018 16:20;41,95;41,95;41,92;41,93
03/12/2018 13:00;41,8;42,04;41,8;41,9
03/12/2018 09:00;42;42,35;41,72;41,82
30/11/2018 16:20;41,89;42,05;41,81;41,96
30/11/2018 13:00;41,59;41,92;41,44;41,92
30/11/2018 09:00;41,84;41,93;41,37;41,59
29/11/2018 16:20;42,27;42,72;41,93;42,14
29/11/2018 13:00;42,51;42,58;42,06;42,27
29/11/2018 09:00;42,95;43,05;42,3;42,51
28/11/2018 16:20;42,78;42,9;42,78;42,84
28/11/2018 13:00;42,94;43,03;42,64;42,88
28/11/2018 09:00;42,95;43,07;42,56;42,91
27/11/2018 16:20;43,19;43,24;43,19;43,24
27/11/2018 13:00;43,24;43,24;43,12;43,23
27/11/2018 09:00;43,07;43,58;43,02;43,24
26/11/2018 16:20;42,89;43,12;42,89;43,09
26/11/2018 13:00;43,34;43,35;42,95;42,97
26/11/2018 09:00;42,57;43,41;42,27;43,35
23/11/2018 16:20;43,07;43,24;42,98;43,18
23/11/2018 13:00;43,5;43,52;43,09;43,09
23/11/2018 09:00;43,52;43,63;43,26;43,48
22/11/2018 16:20;43,79;43,86;43,63;43,75
22/11/2018 13:00;44,2;44,26;43,8;43,86
22/11/2018 09:00;44,03;44,36;44,01;44,2
21/11/2018 16:20;43,87;44,02;43,87;43,94
21/11/2018 13:00;43,68;43,92;43,53;43,83
21/11/2018 09:00;43,08;43,8;42,99;43,68
19/11/2018 16:20;43,03;43,24;43,03;43,19
19/11/2018 13:00;42,73;43,12;42,68;43,12
19/11/2018 09:00;43,19;43,33;42,56;42,73
16/11/2018 16:20;42,94;43,14;42,94;43,14
16/11/2018 13:00;42,57;43,03;42,55;42,95
16/11/2018 09:00;42,84;42,84;42,5;42,58
14/11/2018 16:20;42,73;42,95;42,69;42,95
14/11/2018 13:00;42,99;43,29;42,9;42,92
14/11/2018 09:00;43,96;44,17;42,68;42,93
13/11/2018 16:20;43,84;43,97;43,84;43,96
13/11/2018 13:00;44,05;44,09;43,75;43,92
13/11/2018 09:00;43,75;44,31;43,35;44,03
12/11/2018 16:20;43,97;44,03;43,97;43,97
12/11/2018 13:00;43,86;44,48;43,86;44,02
12/11/2018 09:00;43,93;44,13;43,86;43,86
09/11/2018 16:20;41,14;41,25;41,09;41,11
09/11/2018 13:00;41,05;41,29;41,04;41,14
09/11/2018 09:00;40,51;41,23;40,4;41,02
08/11/2018 16:20;40,55;40,66;40,54;40,66
08/11/2018 13:00;40,27;40,69;40,16;40,66
08/11/2018 09:00;40,13;40,33;40,02;40,26
07/11/2018 16:20;39,88;39,88;39,88;39,88
07/11/2018 13:00;39,94;40,09;39,77;39,79
07/11/2018 09:00;40,18;40,18;39,67;39,88
06/11/2018 16:20;40,05;40,09;39,99;39,99
06/11/2018 13:00;40,04;40,17;40,04;40,04
06/11/2018 09:00;39,96;40,16;39,88;39,96
05/11/2018 16:20;39,77;39,77;39,53;39,63
05/11/2018 13:00;39,32;39,78;39,32;39,71
05/11/2018 09:00;39,23;39,54;39,23;39,32
01/11/2018 16:20;39,59;39,6;39,45;39,59
01/11/2018 13:00;39,37;39,53;39,3;39,48
01/11/2018 09:00;39,43;39,63;39,15;39,39
31/10/2018 16:20;39,64;39,73;39,64;39,73
31/10/2018 13:00;39,57;39,74;39,57;39,61
31/10/2018 09:00;39,49;39,88;39,37;39,52
30/10/2018 16:20;39,34;39,41;39,3;39,33
30/10/2018 13:00;39,22;39,43;39,21;39,34
30/10/2018 09:00;39,14;39,33;38,93;39,22
29/10/2018 16:20;38,76;38,96;38,76;38,94
29/10/2018 13:00;38,97;39,09;38,73;38,93
29/10/2018 09:00;38,53;38,99;38,31;38,97
26/10/2018 16:20;39,2;39,21;39,01;39,08
26/10/2018 13:00;38,97;39,26;38,87;39,14
26/10/2018 09:00;39,43;39,52;38,88;38,97
25/10/2018 16:20;39,22;39,22;39,04;39,05
25/10/2018 13:00;39,25;39,33;39,09;39,26
25/10/2018 09:00;39,37;39,54;39,09;39,24
24/10/2018 16:20;39,37;39,43;39,33;39,37
24/10/2018 13:00;39,14;39,37;39,09;39,34
24/10/2018 09:00;38,93;39,36;38,86;39,18
23/10/2018 16:20;39,15;39,17;39,09;39,09
23/10/2018 13:00;39,06;39,15;38,93;39,15
23/10/2018 09:00;39,21;39,25;38,88;39,09
22/10/2018 16:20;39,18;39,4;39,15;39,15
22/10/2018 13:00;39,04;39,15;38,98;39,15
22/10/2018 09:00;39,65;39,65;39,04;39,04
19/10/2018 16:20;39,77;39,86;39,72;39,72
19/10/2018 13:00;39,42;39,78;39,33;39,65
19/10/2018 09:00;39,43;39,62;39,32;39,4
18/10/2018 16:20;39,57;40,13;39,57;39,67
18/10/2018 13:00;39,68;39,71;39,55;39,65
18/10/2018 09:00;39,87;40,1;39,6;39,71
17/10/2018 16:20;40,1;40,24;39,97;39,97
17/10/2018 13:00;40,15;40,22;40,05;40,16
17/10/2018 09:00;40,54;40,65;40,05;40,1
16/10/2018 16:20;40,82;40,83;40,66;40,66
16/10/2018 13:00;40,54;40,88;40,54;40,72
16/10/2018 09:00;40,88;40,88;40,39;40,54
15/10/2018 16:20;41,06;41,11;41,01;41,07
15/10/2018 13:00;41,39;41,39;40,93;41,11
15/10/2018 09:00;41,67;41,94;41,37;41,39
11/10/2018 16:20;41,35;41,51;41,29;41,39
11/10/2018 13:00;41,22;41,53;41,12;41,34
11/10/2018 09:00;41,2;41,55;40,61;41,21
10/10/2018 16:20;41,34;41,45;41,22;41,45
10/10/2018 13:00;41,48;41,6;41,28;41,28
10/10/2018 09:00;41,84;41,97;41,39;41,54
09/10/2018 16:20;42,01;42,07;41,9;41,95
09/10/2018 13:00;42,51;42,51;42,01;42,01
09/10/2018 09:00;42,57;42,74;42,41;42,46
08/10/2018 16:20;42,86;42,86;42,68;42,77
08/10/2018 13:00;43,07;43,12;42,8;42,86
08/10/2018 09:00;43,13;43,54;42,69;43,07
05/10/2018 16:20;43,33;43,33;43,18;43,18
05/10/2018 13:00;43,32;43,41;43,18;43,31
05/10/2018 09:00;43,35;43,35;43,06;43,3
04/10/2018 16:20;43,46;43,46;43,3;43,46
04/10/2018 13:00;43,63;43,67;43,36;43,41
04/10/2018 09:00;43,54;43,73;43,28;43,63
03/10/2018 16:20;43,69;43,69;43,53;43,69
03/10/2018 13:00;43,78;43,81;43,64;43,69
03/10/2018 09:00;43,78;43,83;43,46;43,81
02/10/2018 16:20;44,02;44,08;43,91;44,01
02/10/2018 13:00;44,45;44,58;43,99;44,06
02/10/2018 09:00;44,71;44,93;44,4;44,42
01/10/2018 16:20;44,98;44,98;44,89;44,91
01/10/2018 13:00;44,62;44,92;44,55;44,92
01/10/2018 09:00;44,95;45,24;44,48;44,62
28/09/2018 16:20;44,66;44,7;44,65;44,68
28/09/2018 13:00;44,64;44,68;44,44;44,65
28/09/2018 09:00;44,62;44,81;44,47;44,64
27/09/2018 16:20;44,47;44,53;44,43;44,43
27/09/2018 13:00;44,34;44,57;44,24;44,47
27/09/2018 09:00;44,34;44,53;44,15;44,37
26/09/2018 16:20;44,34;44,38;44,3;44,31
26/09/2018 13:00;44,26;44,34;43,97;44,3
26/09/2018 09:00;44,42;44,58;44,24;44,26
25/09/2018 16:20;44,6;44,81;44,6;44,81
25/09/2018 13:00;44,81;44,88;44,58;44,7
25/09/2018 09:00;44,8;44,98;44,58;44,81
24/09/2018 16:20;44,47;44,79;44,39;44,56
24/09/2018 13:00;44,92;45,12;44,49;44,53
24/09/2018 09:00;44,82;45,37;44,55;44,92
21/09/2018 16:20;44,83;45,1;44,83;45,03
21/09/2018 13:00;44,42;45,04;44,42;44,88
21/09/2018 09:00;44,62;44,62;44,26;44,42
20/09/2018 16:20;44,56;44,68;44,53;44,58
20/09/2018 13:00;44,3;44,65;44,25;44,53
20/09/2018 09:00;44,48;44,75;44,14;44,3
19/09/2018 16:20;44,54;44,54;44,42;44,42
19/09/2018 13:00;44,84;44,85;44,42;44,47
19/09/2018 09:00;45,31;45,31;44,82;44,89
18/09/2018 16:20;45,4;45,4;45,29;45,36
18/09/2018 13:00;45,5;45,57;45,31;45,39
18/09/2018 09:00;45,86;45,96;45,41;45,51
17/09/2018 16:20;45,82;45,85;45,7;45,77
17/09/2018 13:00;46,21;46,23;45,87;45,93
17/09/2018 09:00;46,3;46,32;45,82;46,2
14/09/2018 16:20;46,36;46,53;46,3;46,39
14/09/2018 13:00;46,07;46,3;46,04;46,26
14/09/2018 09:00;46,13;46,16;45,98;46,07
13/09/2018 16:20;45,85;45,93;45,84;45,9
13/09/2018 13:00;45,67;45,93;45,67;45,9
13/09/2018 09:00;45,5;45,69;45,41;45,64
12/09/2018 16:20;45,79;45,79;45,5;45,61
12/09/2018 13:00;45,89;45,89;45,56;45,61
12/09/2018 09:00;46,01;46,07;45,71;45,94
11/09/2018 16:20;46,09;46,36;46,07;46,13
11/09/2018 13:00;46,36;46,36;46,07;46,07
11/09/2018 09:00;46,5;46,51;46,18;46,33
10/09/2018 16:20;45,81;45,9;45,81;45,9
10/09/2018 13:00;45,84;45,93;45,76;45,79
10/09/2018 09:00;45,88;46,07;45,61;45,83
06/09/2018 16:20;46,18;46,2;45,96;45,97
06/09/2018 13:00;46,24;46,39;46,18;46,2
06/09/2018 09:00;46,2;46,47;45,9;46,24
05/09/2018 16:20;46,51;46,53;46,41;46,41
05/09/2018 13:00;46,53;46,55;46,26;46,41
05/09/2018 09:00;46,71;46,71;46,42;46,53
04/09/2018 16:20;46,74;46,81;46,74;46,75
04/09/2018 13:00;46,36;46,8;46,2;46,75
04/09/2018 09:00;46,71;46,75;46,36;46,37
03/09/2018 16:20;46,7;46,81;46,7;46,81
03/09/2018 13:00;46,58;46,74;46,58;46,74
03/09/2018 09:00;46,59;46,81;46,48;46,55
31/08/2018 16:20;46,3;46,47;46,3;46,47
31/08/2018 13:00;46,15;46,33;46,13;46,29
31/08/2018 09:00;46,12;46,45;45,9;46,14
30/08/2018 16:20;46,34;46,36;46,22;46,22
30/08/2018 13:00;46,48;46,53;46,13;46,33
30/08/2018 09:00;46,34;46,57;46,04;46,41
29/08/2018 16:20;46,05;46,33;46,01;46,01
29/08/2018 13:00;46,3;46,33;46,08;46,24
29/08/2018 09:00;46,51;46,64;46,18;46,33
28/08/2018 16:20;46,64;46,69;46,56;46,63
28/08/2018 13:00;46,98;47,04;46,54;46,73
28/08/2018 09:00;47,12;47,21;46,87;46,98
27/08/2018 16:20;47,2;47,27;47,15;47,27
27/08/2018 13:00;47,38;47,44;47,21;47,3
27/08/2018 09:00;47,67;47,67;47,26;47,38
24/08/2018 16:20;47,78;47,84;47,68;47,83
24/08/2018 13:00;47,76;47,92;47,76;47,86
24/08/2018 09:00;47,91;47,91;47,51;47,75
23/08/2018 16:20;47,85;47,99;47,81;47,92
23/08/2018 13:00;47,96;48,05;47,79;47,85
23/08/2018 09:00;48,18;48,19;47,89;48
22/08/2018 16:20;48,01;48,01;47,91;47,91
22/08/2018 13:00;48;48,05;47,92;48,01
22/08/2018 09:00;47,56;48,24;47,56;48
21/08/2018 16:20;47,76;48;47,76;48
21/08/2018 13:00;47,68;47,78;47,54;47,77
21/08/2018 09:00;47,44;47,77;47,42;47,72
20/08/2018 16:20;47,48;47,61;47,48;47,6
20/08/2018 13:00;47,46;47,7;47,43;47,45
20/08/2018 09:00;47,75;47,75;47,21;47,45
17/08/2018 16:20;47,75;47,85;47,72;47,81
17/08/2018 13:00;47,62;47,78;47,55;47,75
17/08/2018 09:00;47,21;47,78;47,21;47,61
16/08/2018 16:20;47,05;47,21;47,04;47,15
16/08/2018 13:00;47,28;47,28;46,81;47,1
16/08/2018 09:00;47,3;47,63;47,21;47,34
15/08/2018 16:20;47,37;47,43;47,27;47,27
15/08/2018 13:00;47,38;47,43;47,15;47,32
15/08/2018 09:00;46,72;47,5;46,72;47,37
14/08/2018 16:20;46,86;47,03;46,86;46,96
14/08/2018 13:00;46,89;46,95;46,75;46,85
14/08/2018 09:00;46,75;47,04;46,53;46,9
13/08/2018 16:20;47,04;47,06;46,96;46,98
13/08/2018 13:00;46,98;47,32;46,94;47,1
13/08/2018 09:00;47,46;47,85;46,81;46,94
10/08/2018 16:20;47,35;47,55;47,14;47,4
10/08/2018 13:00;48,01;48,01;47,13;47,42
10/08/2018 09:00;48,24;48,34;48,01;48,01
09/08/2018 16:20;48,17;48,19;47,96;48,18
09/08/2018 13:00;48,07;48,2;47,74;48,2
09/08/2018 09:00;48,39;48,62;47,77;48,07
08/08/2018 16:20;48,18;48,29;48,15;48,28
08/08/2018 13:00;48,18;48,4;47,95;48,25
08/08/2018 09:00;48,82;48,88;48,13;48,17
07/08/2018 16:20;48,05;48,18;48,04;48,12
07/08/2018 13:00;47,88;48,21;47,88;48,07
07/08/2018 09:00;47,54;48,01;47,54;47,87
06/08/2018 16:20;47,21;47,52;47,21;47,51
06/08/2018 13:00;47,43;47,44;47,26;47,32
06/08/2018 09:00;47,3;47,54;47,21;47,44
03/08/2018 16:20;47,31;47,42;47,1;47,32
03/08/2018 13:00;46,86;47,3;46,77;47,2
03/08/2018 09:00;46,97;46,99;46,56;46,83
02/08/2018 16:20;46,81;46,81;46,54;46,64
02/08/2018 13:00;46,89;46,98;46,81;46,87
02/08/2018 09:00;46,89;47,04;46,64;46,93
01/08/2018 16:20;46,93;47,1;46,93;47,09
01/08/2018 13:00;46,72;47,09;46,64;46,93
01/08/2018 09:00;46,88;47,1;45,92;46,71
31/07/2018 16:20;46,85;47,04;46,82;47,01
31/07/2018 13:00;46,83;46,93;46,5;46,8
31/07/2018 09:00;46,98;47,1;46,73;46,83
30/07/2018 16:20;46,87;46,95;46,83;46,95
30/07/2018 13:00;46,58;46,94;46,55;46,87
30/07/2018 09:00;46,57;46,69;46,3;46,58
27/07/2018 16:20;46,48;46,5;46,41;46,47
27/07/2018 13:00;46,25;46,5;46,07;46,41
27/07/2018 09:00;46;46,3;45,74;46,24
26/07/2018 16:20;45,84;46,06;45,68;46,01
26/07/2018 13:00;46,01;46,07;45,9;45,96
26/07/2018 09:00;45,48;46,13;45,48;46,04
25/07/2018 16:20;45,29;45,33;45,27;45,31
25/07/2018 13:00;45,21;45,44;45,16;45,34
25/07/2018 09:00;44,82;45,4;44,71;45,21
24/07/2018 16:20;44,87;44,96;44,82;44,93
24/07/2018 13:00;44,7;44,93;44,68;44,82
24/07/2018 09:00;44,55;44,86;44,47;44,64
23/07/2018 16:20;44,76;44,82;44,63;44,71
23/07/2018 13:00;44,64;44,82;44,64;44,76
23/07/2018 09:00;44,64;44,87;44,53;44,69
20/07/2018 16:20;44,36;44,42;44,2;44,42
20/07/2018 13:00;44,69;44,76;44,26;44,38
20/07/2018 09:00;44,85;44,85;44,49;44,64
19/07/2018 16:20;45,02;45,06;44,9;44,93
19/07/2018 13:00;44,74;45,15;44,63;45,04
19/07/2018 09:00;44,44;44,93;44,44;44,74
18/07/2018 16:20;44,41;44,51;44,39;44,49
18/07/2018 13:00;44,04;44,44;43,85;44,38
18/07/2018 09:00;43,68;44,17;43,65;44,04
17/07/2018 16:20;43,73;43,79;43,68;43,79
17/07/2018 13:00;43,57;43,8;43,57;43,76
17/07/2018 09:00;43,76;43,78;43,42;43,61
16/07/2018 16:20;43,33;43,5;43,32;43,5
16/07/2018 13:00;43,3;43,42;43,24;43,33
16/07/2018 09:00;42,88;43,45;42,76;43,33
13/07/2018 16:20;43,11;43,16;43,05;43,08
13/07/2018 13:00;43,45;43,47;43;43,16
13/07/2018 09:00;43,28;43,73;43,24;43,33
12/07/2018 16:20;43,32;43,33;43,21;43,26
12/07/2018 13:00;42,91;43,33;42,91;43,21
12/07/2018 09:00;42,63;43,03;42,63;42,9
11/07/2018 16:20;42,68;42,68;42,64;42,64
11/07/2018 13:00;42,73;42,76;42,65;42,72
11/07/2018 09:00;42,71;42,9;42,34;42,74
10/07/2018 16:20;42,49;42,6;42,48;42,56
10/07/2018 13:00;42,96;42,99;42,47;42,58
10/07/2018 09:00;43,06;43,33;42,93;42,96
06/07/2018 16:20;43,62;43,62;43,62;43,62
06/07/2018 13:00;43,61;43,68;43,5;43,56
06/07/2018 09:00;42,88;43,9;42,88;43,61
05/07/2018 16:20;42,68;42,81;42,68;42,69
05/07/2018 13:00;42,57;42,73;42,5;42,71
05/07/2018 09:00;42,27;42,65;42,14;42,59
04/07/2018 16:20;42,55;42,55;42,39;42,43
04/07/2018 13:00;42,61;42,76;42,51;42,55
04/07/2018 09:00;42,36;42,77;42,31;42,65
03/07/2018 16:20;42,71;42,74;42,65;42,71
03/07/2018 13:00;42,48;42,64;42,48;42,59
03/07/2018 09:00;42,27;42,68;42,08;42,48
02/07/2018 16:20;42,3;42,3;42,2;42,25
02/07/2018 13:00;42,58;42,65;42,19;42,3
02/07/2018 09:00;42,5;43,11;42,5;42,61
29/06/2018 16:20;42,63;42,65;42,42;42,51
29/06/2018 13:00;42,2;42,77;42,14;42,42
29/06/2018 09:00;41,76;42,42;41,75;42,2
28/06/2018 16:20;42,35;42,36;41,85;41,98
28/06/2018 13:00;42,14;42,18;42,08;42,1
28/06/2018 09:00;41,74;42,48;41,74;42,14
27/06/2018 16:20;41,96;41,96;41,85;41,85
27/06/2018 13:00;41,85;41,96;41,85;41,96
27/06/2018 09:00;41,28;41,96;41,28;41,86
26/06/2018 16:20;41,46;41,46;41,36;41,44
26/06/2018 13:00;41,39;41,45;41,28;41,39
26/06/2018 09:00;41,6;41,6;41,02;41,34
25/06/2018 16:20;41,51;41,51;41,34;41,44
25/06/2018 13:00;41,29;41,55;41,24;41,55
25/06/2018 09:00;41,63;41,74;41,28;41,28
22/06/2018 16:20;42;42,07;41,95;41,96
22/06/2018 13:00;41,9;42,17;41,83;41,96
22/06/2018 09:00;41,61;41,95;41,6;41,85
21/06/2018 16:20;41,61;41,62;41,51;41,51
21/06/2018 13:00;41,61;41,96;41,57;41,62
21/06/2018 09:00;41,05;41,9;40,94;41,62
20/06/2018 16:20;41,31;41,34;41,22;41,22
20/06/2018 13:00;41,34;41,53;41,17;41,22
20/06/2018 09:00;41,47;41,51;40,82;41,38
19/06/2018 16:20;41,86;41,91;41,51;41,57
19/06/2018 13:00;42,01;42,14;41,93;41,96
19/06/2018 09:00;42,65;42,65;41,81;42,01
18/06/2018 16:20;42,6;42,6;42,6;42,6
18/06/2018 13:00;42,71;42,73;42,59;42,65
18/06/2018 09:00;42,42;43,04;42,32;42,76
15/06/2018 16:20;42,48;42,54;42,2;42,54
15/06/2018 13:00;42,83;43,07;42,42;42,54
15/06/2018 09:00;42,25;43,26;42,08;42,88
14/06/2018 16:20;42,5;42,65;42,5;42,59
14/06/2018 13:00;42,16;42,47;41,93;42,36
14/06/2018 09:00;42,15;42,76;41,65;42,16
13/06/2018 16:20;42,71;42,72;42,2;42,22
13/06/2018 13:00;42,47;42,77;42,47;42,59
13/06/2018 09:00;42,82;42,99;41,78;42,44
12/06/2018 16:20;43,01;43,11;42,96;42,99
12/06/2018 13:00;43,33;43,56;42,99;43,11
12/06/2018 09:00;44,2;44,25;43,29;43,33
11/06/2018 16:20;44,68;44,69;44,25;44,36
11/06/2018 13:00;44,71;44,82;44,64;44,68
11/06/2018 09:00;45,21;45,21;44,6;44,7
08/06/2018 16:20;45,4;45,4;45,11;45,25
08/06/2018 13:00;45,51;45,61;45,23;45,47
08/06/2018 09:00;46,04;46,13;45,5;45,51
07/06/2018 16:20;46,38;46,38;46,07;46,13
07/06/2018 13:00;46,23;46,47;46,13;46,18
07/06/2018 09:00;45,65;46,24;45,56;46,2
06/06/2018 16:20;45,36;45,55;45,33;45,5
06/06/2018 13:00;45,5;45,5;45,29;45,29
06/06/2018 09:00;45,51;45,77;45,42;45,5
05/06/2018 16:20;45,39;45,69;45,39;45,61
05/06/2018 13:00;45,36;45,41;45,27;45,34
05/06/2018 09:00;45,44;45,71;45,21;45,43
04/06/2018 16:20;45,76;45,85;45,59;45,67
04/06/2018 13:00;46,53;46,53;45,77;45,77
04/06/2018 09:00;46,23;46,91;46,14;46,53
01/06/2018 16:20;46,45;46,45;46,25;46,25
01/06/2018 13:00;46,34;46,62;46,13;46,31
01/06/2018 09:00;45,97;46,36;45,97;46,36
30/05/2018 16:20;46,09;46,16;46,07;46,13
30/05/2018 13:00;46,29;46,3;46,07;46,18
30/05/2018 09:00;46,53;46,54;46,04;46,24
29/05/2018 16:20;46,32;46,38;46,21;46,24
29/05/2018 13:00;46,49;46,64;46,01;46,36
29/05/2018 09:00;47,02;47,02;46,47;46,5
28/05/2018 16:20;47,07;47,07;46,87;46,87
28/05/2018 13:00;46,87;47,05;46,75;46,91
28/05/2018 09:00;46,93;47,14;46,18;46,81
25/05/2018 16:20;47,4;47,4;47,32;47,34
25/05/2018 13:00;47,48;47,48;47,21;47,38
25/05/2018 09:00;47,6;47,7;47,44;47,48
24/05/2018 16:20;47,39;47,53;47,39;47,47
24/05/2018 13:00;47,45;47,47;47,27;47,44
24/05/2018 09:00;47,22;47,59;47,22;47,45
23/05/2018 16:20;47,14;47,24;47,11;47,22
23/05/2018 13:00;47,4;47,4;46,83;47,11
23/05/2018 09:00;47,67;47,88;47,18;47,44
22/05/2018 16:20;47,5;47,61;47,5;47,61
22/05/2018 13:00;47,55;47,7;47,24;47,55
22/05/2018 09:00;47,99;48,12;47,51;47,55
21/05/2018 16:20;47,76;47,84;47,76;47,84
21/05/2018 13:00;47,84;47,89;47,52;47,78
21/05/2018 09:00;48,4;48,43;47,15;47,85
18/05/2018 16:20;48,24;48,35;48,12;48,17
18/05/2018 13:00;48,12;48,29;48,05;48,2
18/05/2018 09:00;47,44;48,28;47,21;48,17
17/05/2018 16:20;47,39;47,39;47,27;47,38
17/05/2018 13:00;47,09;47,38;47,07;47,37
17/05/2018 09:00;46,87;47,2;46,4;47,04
16/05/2018 16:20;46,81;46,87;46,75;46,81
16/05/2018 13:00;46,75;46,87;46,7;46,81
16/05/2018 09:00;46,74;46,95;46,47;46,71
15/05/2018 16:20;46,53;46,64;46,49;46,61
15/05/2018 13:00;46,57;46,64;46,38;46,53
15/05/2018 09:00;46,01;46,73;45,96;46,54
14/05/2018 16:20;46,01;46,05;46,01;46,05
14/05/2018 13:00;46,07;46,22;45,91;46,02
14/05/2018 09:00;45,84;46,13;45,66;46,07
11/05/2018 16:20;45,61;45,71;45,6;45,67
11/05/2018 13:00;45,6;45,67;45,4;45,56
11/05/2018 09:00;45,61;45,84;45,34;45,61
10/05/2018 16:20;46,47;46,47;45,85;46,01
10/05/2018 13:00;46,3;46,47;45,77;46,18
10/05/2018 09:00;46,58;46,86;46,18;46,24
09/05/2018 16:20;46,62;46,75;46,58;46,62
09/05/2018 13:00;46,17;46,62;46,14;46,62
09/05/2018 09:00;46,36;46,41;45,5;46,17
08/05/2018 16:20;46,46;46,58;46,46;46,58
08/05/2018 13:00;46,49;46,53;46,34;46,47
08/05/2018 09:00;46,13;46,69;46,09;46,5
07/05/2018 16:20;45,79;45,79;45,72;45,79
07/05/2018 13:00;45,69;45,9;45,61;45,77
07/05/2018 09:00;45,31;46,07;45,31;45,67
04/05/2018 16:20;45,26;45,44;45,16;45,41
04/05/2018 13:00;45,59;45,71;45,07;45,27
04/05/2018 09:00;46,64;46,87;45,24;45,5
03/05/2018 16:20;46,75;46,75;46,65;46,75
03/05/2018 13:00;46,67;46,75;46,53;46,73
03/05/2018 09:00;46,86;47,06;46,2;46,7
02/05/2018 16:20;46,72;46,9;46,72;46,81
02/05/2018 13:00;46,29;46,71;46,29;46,65
02/05/2018 09:00;45,01;46,46;45,01;46,24
30/04/2018 16:20;44,47;44,64;44,47;44,59
30/04/2018 13:00;44,25;44,58;44,25;44,47
30/04/2018 09:00;43,79;44,35;43,73;44,25
27/04/2018 16:20;43,36;43,39;43,33;43,38
27/04/2018 13:00;43,3;43,61;43,21;43,37
27/04/2018 09:00;42,76;43,3;42,65;43,3
26/04/2018 16:20;43,04;43,05;42,93;42,93
26/04/2018 13:00;42,99;43,16;42,88;43,06
26/04/2018 09:00;43;43,32;42,65;42,91
25/04/2018 16:20;43,23;43,33;43,23;43,26
25/04/2018 13:00;43,14;43,37;42,99;43,21
25/04/2018 09:00;42,77;43,22;42,7;43,14
24/04/2018 16:20;42,29;42,34;42,23;42,29
24/04/2018 13:00;42,42;42,77;42,29;42,29
24/04/2018 09:00;41,92;42,61;41,68;42,42
23/04/2018 16:20;42,09;42,09;42;42,02
23/04/2018 13:00;42,07;42,09;41,85;41,96
23/04/2018 09:00;41,01;42,12;41,01;42,07
20/04/2018 16:20;41,41;41,47;41,36;41,39
20/04/2018 13:00;41,26;41,36;41,2;41,36
20/04/2018 09:00;41,32;41,46;41,12;41,26
19/04/2018 16:20;41,57;41,58;41,47;41,53
19/04/2018 13:00;41,74;41,74;41,49;41,54
19/04/2018 09:00;41,64;42,07;41,38;41,74
18/04/2018 16:20;41,96;42,05;41,87;42,02
18/04/2018 13:00;42,54;42,54;42,02;42,03
18/04/2018 09:00;42,65;42,65;42,34;42,5
17/04/2018 16:20;42,6;42,61;42,5;42,5
17/04/2018 13:00;42,52;42,65;42,45;42,64
17/04/2018 09:00;42,54;43,37;42,39;42,59
16/04/2018 16:20;42,2;42,28;42,18;42,28
16/04/2018 13:00;41,85;42,29;41,85;42,29
16/04/2018 09:00;41,74;41,98;41,61;41,85
13/04/2018 16:20;42,21;42,21;41,96;42,02
13/04/2018 13:00;42,03;42,31;41,96;42,09
13/04/2018 09:00;41,82;42,24;41,66;42,07
12/04/2018 16:20;42,35;42,35;42,12;42,25
12/04/2018 13:00;42,07;42,29;42,03;42,24
12/04/2018 09:00;42,02;42,45;41,83;42,07
11/04/2018 16:20;42,06;42,06;41,89;42,02
11/04/2018 13:00;42,61;42,67;41,92;41,96
11/04/2018 09:00;42,97;43,25;42,56;42,58
10/04/2018 16:20;43,47;43,47;43,19;43,22
10/04/2018 13:00;43,7;43,7;43,32;43,42
10/04/2018 09:00;44,13;44,13;43,5;43,71
09/04/2018 16:20;44,05;44,24;43,97;44,08
09/04/2018 13:00;44,13;44,22;43,97;44,02
09/04/2018 09:00;44,08;44,15;43,64;44,13
06/04/2018 16:20;44,03;44,03;43,97;43,97
06/04/2018 13:00;44,08;44,22;44,01;44,02
06/04/2018 09:00;43,5;44,18;43,5;44,02
05/04/2018 16:20;43,4;43,42;43,28;43,37
05/04/2018 13:00;43,37;43,48;43,15;43,48
05/04/2018 09:00;43,07;43,37;42,61;43,37
04/04/2018 16:20;42,46;42,55;42,45;42,5
04/04/2018 13:00;42,47;42,5;42,19;42,45
04/04/2018 09:00;41,74;42,83;41,28;42,39
03/04/2018 16:20;41,96;42,07;41,91;42,03
03/04/2018 13:00;41,64;41,93;41,59;41,89
03/04/2018 09:00;41,2;41,85;41,1;41,64
02/04/2018 16:20;41,36;41,68;41,35;41,58
02/04/2018 13:00;41,06;41,42;41,03;41,34
02/04/2018 09:00;40,99;41,26;40,97;41,07
29/03/2018 16:20;40,74;40,88;40,74;40,82
29/03/2018 13:00;40,54;40,93;40,54;40,71
29/03/2018 09:00;40,66;40,71;40,35;40,46
28/03/2018 16:20;40,67;40,75;40,66;40,66
28/03/2018 13:00;40,83;40,83;40,62;40,76
28/03/2018 09:00;40,91;41,04;40,66;40,88
27/03/2018 16:20;40,93;41,04;40,88;41,04
27/03/2018 13:00;41,65;41,67;40,89;41,04
27/03/2018 09:00;41,91;42,12;41,42;41,62
26/03/2018 16:20;41,31;41,35;41,2;41,25
26/03/2018 13:00;41,38;41,42;40,99;41,15
26/03/2018 09:00;40,89;41,48;40,33;41,38
23/03/2018 16:20;40,82;41,04;40,78;41,03
23/03/2018 13:00;40,83;40,99;40,77;40,93
23/03/2018 09:00;40,99;41,57;40,79;40,83
22/03/2018 16:20;41,09;41,26;41,04;41,26
22/03/2018 13:00;41,91;41,94;41,06;41,2
22/03/2018 09:00;41,8;42,5;41,69;41,95
21/03/2018 16:20;41,91;41,96;41,58;41,93
21/03/2018 13:00;42,88;42,88;41,91;41,96
21/03/2018 09:00;43,05;43,32;42,41;42,88
20/03/2018 16:20;42,61;42,84;42,61;42,82
20/03/2018 13:00;41,69;42,65;41,55;42,61
20/03/2018 09:00;41,36;41,83;41,16;41,69
19/03/2018 16:20;40,64;40,74;40,61;40,66
19/03/2018 13:00;40,87;40,88;40,66;40,77
19/03/2018 09:00;40,88;41,18;40,86;40,87
16/03/2018 16:20;41,64;41,9;41,53;41,53
16/03/2018 13:00;41,72;41,89;41,66;41,69
16/03/2018 09:00;41,74;42,02;41,52;41,7
15/03/2018 16:20;42,31;42,41;42,24;42,39
15/03/2018 13:00;42,16;42,56;42,07;42,37
15/03/2018 09:00;42,62;43,15;41,96;42,18
14/03/2018 16:20;43,84;43,9;43,48;43,64
14/03/2018 13:00;44,4;44,45;43,75;43,8
14/03/2018 09:00;45,07;45,24;43,77;44,45
13/03/2018 16:20;44,83;45,17;44,78;44,78
13/03/2018 13:00;43,92;44,54;43,92;44,54
13/03/2018 09:00;43,12;44,24;42,99;43,92
12/03/2018 16:20;42,54;42,77;42,54;42,68
12/03/2018 13:00;41,93;42,5;41,89;42,45
12/03/2018 09:00;41,05;42,07;40,83;41,91
09/03/2018 16:20;41,28;41,29;40,66;40,8
09/03/2018 13:00;41,38;41,44;41,31;41,35
09/03/2018 09:00;41,38;41,57;41,31;41,4
08/03/2018 16:20;40,94;41,19;40,9;41,19
08/03/2018 13:00;41,07;41,2;41,06;41,09
08/03/2018 09:00;40,23;41,31;40,23;41,09
07/03/2018 16:20;40,28;40,49;40,27;40,4
07/03/2018 13:00;40,1;40,39;40,08;40,39
07/03/2018 09:00;40,23;40,37;39,86;40,02
06/03/2018 16:20;40,67;40,8;40,67;40,77
06/03/2018 13:00;40,58;40,87;40,58;40,67
06/03/2018 09:00;41,1;41,11;40,47;40,58
05/03/2018 16:20;40,27;40,52;40,24;40,37
05/03/2018 13:00;40,43;40,52;40,17;40,27
05/03/2018 09:00;40,54;40,54;39,67;40,46
02/03/2018 16:20;40,47;40,57;40,47;40,57
02/03/2018 13:00;40,45;40,57;40,32;40,48
02/03/2018 09:00;40,15;40,6;40,15;40,45
01/03/2018 16:20;39,82;40,01;39,62;40,01
01/03/2018 13:00;39,57;39,87;39,35;39,87
01/03/2018 09:00;39,51;39,82;38,63;39,54
28/02/2018 16:20;39,39;39,39;39,14;39,22
28/02/2018 13:00;40,23;40,23;38,41;39,42
28/02/2018 09:00;40,06;40,38;39,86;40,27
27/02/2018 16:20;39,43;39,57;39,42;39,42
27/02/2018 13:00;38,76;39,67;38,72;39,59
27/02/2018 09:00;39,02;39,02;38,21;38,76
26/02/2018 16:20;39,07;39,19;38,92;39,18
26/02/2018 13:00;39,07;39,18;38,82;38,97
26/02/2018 09:00;37,29;39,11;37,29;39,09
23/02/2018 16:20;36,93;37,6;36,92;37,23
23/02/2018 13:00;37,04;37,58;37,04;37,29
23/02/2018 09:00;36,72;37,19;36,67;37,06
22/02/2018 16:20;36,26;36,32;36,2;36,32
22/02/2018 13:00;36,6;36,77;36,25;36,27
22/02/2018 09:00;36,42;36,61;36,07;36,57
21/02/2018 16:20;36,34;36,51;36,33;36,51
21/02/2018 13:00;35,85;36,5;35,84;36,38
21/02/2018 09:00;35,52;36,09;35,49;35,85
20/02/2018 16:20;35,39;35,39;35,28;35,32
20/02/2018 13:00;35,11;35,37;35,06;35,33
20/02/2018 09:00;34,92;35,1;34,87;35,1
19/02/2018 16:20;34,72;34,82;34,67;34,82
19/02/2018 13:00;34,89;34,9;34,69;34,72
19/02/2018 09:00;34,67;34,95;34,67;34,88
16/02/2018 16:20;34,69;34,72;34,67;34,67
16/02/2018 13:00;34,53;34,72;34,48;34,67
16/02/2018 09:00;34,38;34,59;34,34;34,54
15/02/2018 16:20;34,16;34,22;34,08;34,17
15/02/2018 13:00;34,14;34,31;34,14;34,17
15/02/2018 09:00;33,84;34,16;33,84;34,15
14/02/2018 16:20;33,79;33,92;33,64;33,68
14/02/2018 13:00;33,82;33,96;33,8;33,83
09/02/2018 16:20;33,68;33,75;33,68;33,75
09/02/2018 13:00;33,87;33,96;33,65;33,68
09/02/2018 09:00;34,14;34,14;33,82;33,87
08/02/2018 16:20;34,04;34,22;34,04;34,22
08/02/2018 13:00;34,14;34,32;34,11;34,11
08/02/2018 09:00;33,92;34,16;33,87;34,16
07/02/2018 16:20;33,98;34,09;33,92;34,01
07/02/2018 13:00;33,95;34,05;33,92;33,98
07/02/2018 09:00;33,92;34,02;33,8;33,92
06/02/2018 16:20;33,71;33,82;33,67;33,72
06/02/2018 13:00;33,72;33,82;33,69;33,71
06/02/2018 09:00;33,67;33,87;33,52;33,72
05/02/2018 16:20;33,62;33,72;33,62;33,72
05/02/2018 13:00;33,47;33,67;33,43;33,63
05/02/2018 09:00;33,4;33,54;33,35;33,48
02/02/2018 16:20;33,31;33,32;33,23;33,32
02/02/2018 13:00;33,27;33,3;33,22;33,3
02/02/2018 09:00;33,27;33,37;33,14;33,27
01/02/2018 16:20;33,3;33,32;33,27;33,32
01/02/2018 13:00;33,23;33,31;33,2;33,23
01/02/2018 09:00;33,12;33,37;33,12;33,27
31/01/2018 16:20;33,15;33,19;33,15;33,17
31/01/2018 13:00;33,07;33,21;33,03;33,12
31/01/2018 09:00;33,01;33,2;32,82;33,07
30/01/2018 16:20;33,06;33,07;32,97;33,06
30/01/2018 13:00;33,28;33,36;32,94;33,06
30/01/2018 09:00;33,12;33,47;33,07;33,27
29/01/2018 16:20;33,17;33,22;33,13;33,13
29/01/2018 13:00;33,08;33,27;33,04;33,22
29/01/2018 09:00;32,98;33,22;32,84;33,12
26/01/2018 16:20;32,64;32,72;32,63;32,69
26/01/2018 13:00;32,75;32,78;32,64;32,66
26/01/2018 09:00;32,82;32,95;32,56;32,77
24/01/2018 16:20;32,87;32,95;32,8;32,82
24/01/2018 13:00;32,93;33,03;32,82;32,84
24/01/2018 09:00;32,85;32,98;32,72;32,92
23/01/2018 16:20;32,84;32,96;32,73;32,96
23/01/2018 13:00;32,94;33,06;32,89;32,91
23/01/2018 09:00;33,18;33,35;32,85;32,97
22/01/2018 16:20;33,2;33,2;33,07;33,07
22/01/2018 13:00;32,88;33,22;32,88;33,22
22/01/2018 09:00;33,13;33,13;32,7;32,91
19/01/2018 16:20;32,87;32,92;32,82;32,91
19/01/2018 13:00;32,93;33,06;32,85;32,91
19/01/2018 09:00;32,58;32,97;32,58;32,93
18/01/2018 16:20;32,62;32,66;32,62;32,63
18/01/2018 13:00;32,48;32,71;32,48;32,68
18/01/2018 09:00;32,38;32,72;32,36;32,48
17/01/2018 16:20;32,12;32,27;32,12;32,27
17/01/2018 13:00;32,08;32,43;31,98;32,14
17/01/2018 09:00;31,71;32,13;31,69;32,07
16/01/2018 16:20;31,83;31,83;31,8;31,81
16/01/2018 13:00;31,91;31,96;31,81;31,88
16/01/2018 09:00;32,12;32,12;31,86;31,9
15/01/2018 16:20;32,22;32,22;32,06;32,12
15/01/2018 13:00;32,42;32,42;32,19;32,26
15/01/2018 09:00;32,42;32,51;32,32;32,42
12/01/2018 16:20;32,03;32,32;32,03;32,31
12/01/2018 13:00;32,25;32,29;32,22;32,24
12/01/2018 09:00;32,34;32,38;32,26;32,26
11/01/2018 16:20;32,19;32,22;32,15;32,22
11/01/2018 13:00;32,28;32,32;32,2;32,2
11/01/2018 09:00;32,37;32,43;32,22;32,28
10/01/2018 16:20;32,11;32,17;32,11;32,17
10/01/2018 13:00;32,35;32,35;32,02;32,12
10/01/2018 09:00;32,55;32,63;32,35;32,35
09/01/2018 16:20;32,62;32,88;32,6;32,84
09/01/2018 13:00;32,84;33,01;32,84;32,86
09/01/2018 09:00;33,08;33,15;32,72;32,85
08/01/2018 16:20;33,09;33,18;33,09;33,12
08/01/2018 13:00;33,15;33,2;33,09;33,18
08/01/2018 09:00;33;33,28;32,93;33,18
05/01/2018 16:20;33,04;33,09;33,04;33,09
05/01/2018 13:00;33,18;33,2;32,84;33,18
05/01/2018 09:00;33,38;33,38;33,15;33,18
04/01/2018 16:20;33,44;33,49;33,41;33,41
04/01/2018 13:00;33,49;33,49;33,31;33,44
04/01/2018 09:00;33,58;33,71;33,36;33,49
03/01/2018 16:20;33,54;33,59;33,49;33,59
03/01/2018 13:00;33,54;33,62;33,54;33,54
03/01/2018 09:00;33,52;33,61;33,39;33,53
02/01/2018 16:20;33,39;33,5;33,03;33,49
02/01/2018 13:00;33,55;33,59;33,5;33,55
02/01/2018 09:00;33,72;33,72;33,49;33,56
28/12/2017 16:20;33,74;33,79;33,69;33,74
28/12/2017 13:00;33,64;33,77;33,59;33,77
28/12/2017 09:00;33,67;33,93;33,63;33,64
27/12/2017 16:20;33,54;33,61;33,54;33,6
27/12/2017 13:00;33,53;33,64;33,48;33,61
27/12/2017 09:00;33,48;33,56;33,3;33,5
26/12/2017 16:20;33,22;33,22;33,14;33,19
26/12/2017 13:00;33,27;33,32;33,25;33,26
26/12/2017 09:00;33,24;33,29;33,23;33,24
22/12/2017 16:20;33,15;33,28;33,13;33,18
22/12/2017 13:00;33,25;33,38;33,22;33,33
22/12/2017 09:00;33,35;33,46;32,78;33,23
21/12/2017 16:20;33,38;33,39;33,38;33,38
21/12/2017 13:00;33,44;33,52;33,38;33,44
21/12/2017 09:00;33,78;33,84;33,33;33,45
20/12/2017 16:20;33,73;33,73;33,73;33,73
20/12/2017 13:00;33,74;33,8;33,52;33,69
20/12/2017 09:00;33,75;33,88;33,7;33,74
19/12/2017 16:20;33,66;33,7;33,64;33,64
19/12/2017 13:00;33,61;33,69;33,6;33,64
19/12/2017 09:00;33,59;33,61;33,51;33,61
18/12/2017 16:20;33,44;33,49;33,35;33,38
18/12/2017 13:00;33,64;33,64;33,33;33,42
18/12/2017 09:00;33,65;33,73;33,59;33,64
15/12/2017 16:20;33,49;33,49;33,48;33,48
15/12/2017 13:00;33,44;33,59;33,44;33,49
15/12/2017 09:00;33,34;33,47;33,23;33,47
14/12/2017 16:20;33,53;33,53;33,44;33,46
14/12/2017 13:00;33,44;33,59;33,43;33,53
14/12/2017 09:00;33,36;33,49;33,28;33,38
13/12/2017 16:20;33,09;33,09;32,98;33,07
13/12/2017 13:00;33,09;33,16;32,96;33,05
13/12/2017 09:00;33,03;33,28;32,91;33,12
12/12/2017 16:20;33,05;33,07;32,68;33,03
12/12/2017 13:00;32,77;33,15;32,75;33,11
12/12/2017 09:00;32,78;32,88;32,63;32,78
11/12/2017 16:20;32,61;32,66;32,61;32,66
11/12/2017 13:00;32,68;32,73;32,58;32,58
11/12/2017 09:00;32,48;32,71;32,48;32,7
08/12/2017 16:20;32,73;32,78;32,68;32,78
08/12/2017 13:00;32,81;32,81;32,66;32,7
08/12/2017 09:00;32,76;32,85;32,56;32,76
07/12/2017 16:20;32,83;32,89;32,6;32,88
07/12/2017 13:00;32,83;32,9;32,81;32,85
07/12/2017 09:00;32,6;33,03;32,59;32,82
06/12/2017 16:20;32,39;32,39;32,35;32,38
06/12/2017 13:00;32,47;32,53;32,38;32,38
06/12/2017 09:00;32,82;32,82;32,33;32,48
05/12/2017 16:20;32,75;32,78;32,73;32,78
05/12/2017 13:00;32,83;32,88;32,79;32,83
05/12/2017 09:00;32,84;32,92;32,66;32,82
04/12/2017 16:20;32,75;32,83;32,68;32,68
04/12/2017 13:00;32,67;32,83;32,67;32,78
04/12/2017 09:00;32,4;32,72;32,4;32,66
01/12/2017 16:20;32,48;32,53;32,48;32,53
01/12/2017 13:00;32,42;32,48;32,4;32,48
01/12/2017 09:00;32,48;32,48;32,22;32,44
30/11/2017 16:20;32,53;32,63;32,48;32,53
30/11/2017 13:00;32,38;32,48;32,28;32,48
30/11/2017 09:00;31,96;32,43;31,93;32,36
29/11/2017 16:20;31,87;31,95;31,85;31,86
29/11/2017 13:00;31,58;31,86;31,58;31,82
29/11/2017 09:00;31,47;31,61;31,46;31,57
28/11/2017 16:20;31,63;31,74;31,53;31,68
28/11/2017 13:00;31,57;31,63;31,57;31,63
28/11/2017 09:00;31,62;31,68;31,48;31,57
27/11/2017 16:20;31,77;31,82;31,76;31,8
27/11/2017 13:00;31,87;31,88;31,8;31,83
27/11/2017 09:00;32,02;32,02;31,76;31,86
24/11/2017 16:20;31,83;31,85;31,77;31,82
24/11/2017 13:00;31,74;31,85;31,73;31,83
24/11/2017 09:00;31,87;31,87;31,68;31,72
23/11/2017 16:20;32,21;32,22;32,05;32,06
23/11/2017 13:00;31,82;32,16;31,82;32,15
23/11/2017 09:00;31,91;32,08;31,68;31,82
22/11/2017 16:20;32,16;32,16;31,97;32,07
22/11/2017 13:00;31,98;32,03;31,88;32,02
22/11/2017 09:00;32,02;32,11;31,91;31,98
21/11/2017 16:20;32,28;32,33;32,27;32,33
21/11/2017 13:00;32,46;32,46;32,18;32,27
21/11/2017 09:00;32,54;32,65;32,29;32,43
17/11/2017 16:20;32,71;32,88;32,71;32,78
17/11/2017 13:00;32,81;32,83;32,68;32,68
17/11/2017 09:00;33,03;33,11;32,75;32,81
16/11/2017 16:20;32,97;33,18;32,97;33,09
16/11/2017 13:00;33,04;33,08;33;33,05
16/11/2017 09:00;33,23;33,23;32,98;33,06
14/11/2017 16:20;33,26;33,27;33,2;33,27
14/11/2017 13:00;33,17;33,24;33,17;33,24
14/11/2017 09:00;33,21;33,27;33,12;33,17
13/11/2017 16:20;33,37;33,37;33,3;33,36
13/11/2017 13:00;33,3;33,34;33,21;33,34
13/11/2017 09:00;33,17;33,37;33,17;33,28
10/11/2017 13:00;32,98;33,04;32,87;32,92
10/11/2017 09:00;33,01;33,03;32,81;32,97
09/11/2017 16:20;32,86;32,97;32,86;32,9
09/11/2017 13:00;32,99;33,03;32,9;32,91
09/11/2017 09:00;33,35;33,35;32,34;33
08/11/2017 16:20;33,14;33,32;33,14;33,27
08/11/2017 13:00;33,32;33,38;33,08;33,18
08/11/2017 09:00;33,44;33,64;33,27;33,32
07/11/2017 16:20;33,27;33,33;33,25;33,28
07/11/2017 13:00;33,28;33,35;33,24;33,27
07/11/2017 09:00;33,22;33,4;33,08;33,28
06/11/2017 16:20;33,49;33,53;33,41;33,41
06/11/2017 13:00;33,53;33,68;33,47;33,51
06/11/2017 09:00;33,57;33,58;33,35;33,53
03/11/2017 16:20;33,69;33,72;33,62;33,68
03/11/2017 13:00;33,69;33,79;33,62;33,67
03/11/2017 09:00;33,53;33,79;33,53;33,68
01/11/2017 16:20;33,21;33,21;33,13;33,17
01/11/2017 13:00;33,16;33,27;33,07;33,17
01/11/2017 09:00;33,13;33,33;33,02;33,16
31/10/2017 16:20;32,94;32,94;32,85;32,85
31/10/2017 13:00;32,86;32,94;32,81;32,94
31/10/2017 09:00;32,75;33,02;32,72;32,89
30/10/2017 16:20;32,62;32,71;32,6;32,68
30/10/2017 13:00;32,73;32,74;32,6;32,6
30/10/2017 09:00;32,82;32,86;32,64;32,73
27/10/2017 16:20;32,63;32,63;32,59;32,59
27/10/2017 13:00;32,64;32,66;32,57;32,65
27/10/2017 09:00;32,55;32,77;32,51;32,59
26/10/2017 16:20;32,75;33,02;32,73;32,97
26/10/2017 13:00;32,56;32,84;32,5;32,75
26/10/2017 09:00;32,76;32,86;32,47;32,53
25/10/2017 16:20;32,55;32,6;32,53;32,53
25/10/2017 13:00;32,71;32,75;32,5;32,55
25/10/2017 09:00;32,92;33,16;32,5;32,71
24/10/2017 16:20;33,15;33,15;33,02;33,07
24/10/2017 13:00;33,19;33,2;32,93;33,07
24/10/2017 09:00;32,98;33,3;32,92;33,15
23/10/2017 16:20;32,86;32,91;32,77;32,81
23/10/2017 13:00;32,53;32,86;32,49;32,81
23/10/2017 09:00;32,46;32,87;32,37;32,55
20/10/2017 16:20;32,41;32,5;32,3;32,3
20/10/2017 13:00;32,2;32,4;32,16;32,35
20/10/2017 09:00;32,3;32,3;32,04;32,22
19/10/2017 16:20;32,38;32,44;32,32;32,38
19/10/2017 13:00;32,89;32,91;32,21;32,3
19/10/2017 09:00;33,2;33,23;32,88;32,89
18/10/2017 16:20;33,38;33,43;33,36;33,41
18/10/2017 13:00;33,52;33,6;33,33;33,36
18/10/2017 09:00;33,57;33,57;33,17;33,52
17/10/2017 16:20;33,68;33,68;33,56;33,68
17/10/2017 13:00;33,77;33,84;33,48;33,53
17/10/2017 09:00;33,94;34,09;33,77;33,77
16/10/2017 16:20;33,81;33,89;33,74;33,84
16/10/2017 13:00;33,65;33,84;33,65;33,81
16/10/2017 09:00;33,65;33,73;33,31;33,62
13/10/2017 16:20;33,79;33,79;33,79;33,79
13/10/2017 13:00;33,54;33,74;33,54;33,69
13/10/2017 09:00;33,49;33,79;33,49;33,54
11/10/2017 16:20;33,5;33,53;33,37;33,43
11/10/2017 13:00;33,74;33,85;33,65;33,65
11/10/2017 09:00;33,77;34;33,6;33,74
10/10/2017 16:20;33,67;33,67;33,49;33,61
10/10/2017 13:00;33,39;33,68;33,38;33,68
10/10/2017 09:00;33,32;33,48;33,27;33,39
09/10/2017 16:20;33,15;33,22;33,12;33,13
09/10/2017 13:00;32,97;33,16;32,81;33,16
09/10/2017 09:00;32,76;33,02;32,66;32,97
06/10/2017 16:20;32,63;32,64;32,44;32,52
06/10/2017 13:00;32,37;32,64;32,35;32,64
06/10/2017 09:00;31,83;32,45;31,83;32,34
05/10/2017 16:20;31,87;31,94;31,84;31,86
05/10/2017 13:00;31,77;31,95;31,74;31,88
05/10/2017 09:00;31,69;31,77;31,65;31,77
04/10/2017 16:20;31,77;31,81;31,73;31,73
04/10/2017 13:00;31,72;31,79;31,64;31,78
04/10/2017 09:00;31,62;31,8;31,53;31,72
03/10/2017 16:20;31,96;32,09;31,86;31,99
03/10/2017 13:00;31,9;31,99;31,81;31,97
03/10/2017 09:00;31,72;31,99;31,62;31,9
02/10/2017 16:20;31,56;31,63;31,52;31,57
02/10/2017 13:00;31,54;31,64;31,37;31,63
02/10/2017 09:00;31,62;31,78;31,52;31,53
29/09/2017 16:20;31,57;31,63;31,53;31,63
29/09/2017 13:00;31,5;31,63;31,5;31,59
29/09/2017 09:00;31,35;31,63;31,29;31,49
28/09/2017 16:20;31,75;31,75;31,61;31,73
28/09/2017 13:00;31,97;32,04;31,66;31,74
28/09/2017 09:00;31,4;32,12;31,38;31,97
27/09/2017 16:20;31,61;31,82;31,6;31,6
27/09/2017 13:00;31,49;31,7;31,48;31,63
27/09/2017 09:00;31,09;31,73;30,95;31,5
26/09/2017 16:20;31,37;31,37;31,28;31,29
26/09/2017 13:00;31,44;31,45;31,27;31,37
26/09/2017 09:00;31,68;31,68;31,38;31,45
25/09/2017 16:20;31,85;31,87;31,78;31,78
25/09/2017 13:00;31,86;31,9;31,78;31,81
25/09/2017 09:00;32,54;32,54;31,06;31,88
22/09/2017 16:20;32,31;32,54;32,28;32,28
22/09/2017 13:00;32,38;32,47;32,31;32,31
22/09/2017 09:00;33,02;33,17;32,3;32,38
21/09/2017 16:20;32,77;32,88;32,55;32,67
21/09/2017 13:00;33,12;33,22;32,87;32,91
21/09/2017 09:00;32,66;33,58;32,66;33,13
20/09/2017 16:20;32,75;32,85;32,56;32,71
20/09/2017 13:00;32,11;32,71;32,11;32,65
20/09/2017 09:00;31,49;32,22;31,43;32,09
19/09/2017 16:20;31,52;31,61;31,5;31,5
19/09/2017 13:00;31,57;31,63;31,52;31,55
19/09/2017 09:00;31,62;31,73;31,47;31,57
18/09/2017 16:20;31,83;31,85;31,66;31,73
18/09/2017 13:00;31,7;31,76;31,64;31,65
18/09/2017 09:00;31,72;31,83;31,36;31,7
15/09/2017 16:20;31,73;31,78;31,64;31,68
15/09/2017 13:00;31,44;31,91;31,42;31,78
15/09/2017 09:00;30,93;31,56;30,78;31,47
14/09/2017 16:20;30,74;30,79;30,74;30,77
14/09/2017 13:00;30,72;30,77;30,72;30,75
14/09/2017 09:00;30,72;30,77;30,63;30,71
13/09/2017 16:20;30,69;30,83;30,69;30,83
13/09/2017 13:00;30,65;30,72;30,62;30,72
13/09/2017 09:00;30,57;30,67;30,56;30,64
12/09/2017 16:20;30,63;30,76;30,63;30,71
12/09/2017 13:00;30,56;30,65;30,49;30,65
12/09/2017 09:00;30,61;30,64;30,52;30,56
11/09/2017 16:20;30,4;30,46;30,39;30,39
11/09/2017 13:00;30,43;30,56;30,31;30,42
11/09/2017 09:00;30,52;30,61;30,29;30,45
08/09/2017 16:20;30,58;30,59;30,3;30,5
08/09/2017 13:00;30,69;30,72;30,45;30,57
08/09/2017 09:00;30,61;30,71;30,45;30,69
06/09/2017 16:20;30,72;30,83;30,72;30,83
06/09/2017 13:00;30,57;30,77;30,53;30,72
06/09/2017 09:00;30,59;30,63;30,36;30,56
05/09/2017 16:20;30,65;30,72;30,51;30,61
05/09/2017 13:00;30,46;30,58;30,31;30,56
05/09/2017 09:00;30,14;30,49;30,08;30,46
04/09/2017 16:20;29,81;29,85;29,72;29,85
04/09/2017 13:00;29,82;29,91;29,8;29,81
04/09/2017 09:00;29,82;29,85;29,67;29,85
01/09/2017 16:20;29,85;30;29,83;30
01/09/2017 13:00;29,95;30,02;29,83;29,97
01/09/2017 09:00;30,22;30,36;29,86;29,96
31/08/2017 16:20;29,91;30,02;29,91;30,02
31/08/2017 13:00;29,95;30,02;29,82;29,91
31/08/2017 09:00;29,54;30,02;29,52;29,95
30/08/2017 16:20;29,42;29,47;29,37;29,39
30/08/2017 13:00;29,34;29,47;29,31;29,42
30/08/2017 09:00;29,28;29,43;29,16;29,34
29/08/2017 16:20;29,53;29,6;29,51;29,51
29/08/2017 13:00;29,46;29,61;29,42;29,56
29/08/2017 09:00;29,56;29,56;29,38;29,43
28/08/2017 16:20;29,53;29,61;29,52;29,58
28/08/2017 13:00;29,49;29,59;29,49;29,53
28/08/2017 09:00;29,65;29,65;29,33;29,49
25/08/2017 16:20;29,84;29,91;29,81;29,87
25/08/2017 13:00;29,86;29,96;29,85;29,9
25/08/2017 09:00;29,69;29,96;29,67;29,85
24/08/2017 16:20;30,22;30,29;30,07;30,19
24/08/2017 13:00;29,97;30,18;29,94;30,08
24/08/2017 09:00;29,74;30,17;29,74;30,05
23/08/2017 16:20;29,85;29,85;29,79;29,85
23/08/2017 13:00;29,83;30,14;29,83;29,86
23/08/2017 09:00;29,95;30,02;29,64;29,81
22/08/2017 16:20;30,12;30,18;30,07;30,07
22/08/2017 13:00;30,52;30,52;30,07;30,29
22/08/2017 09:00;30,95;30,95;30,34;30,52
21/08/2017 16:20;31,19;31,2;31,11;31,12
21/08/2017 13:00;31,05;31,48;30,99;31,31
21/08/2017 09:00;31,11;31,14;30,88;31,05
18/08/2017 16:20;31,08;31,11;30,93;30,93
18/08/2017 13:00;30,93;31,05;30,83;31,05
18/08/2017 09:00;30,83;31,18;30,66;30,91
17/08/2017 16:20;30,5;31,26;30,5;31,2
17/08/2017 13:00;30,25;30,55;30,25;30,55
17/08/2017 09:00;30,45;30,45;30,18;30,24
16/08/2017 16:20;30,04;30,1;29,99;30,03
16/08/2017 13:00;30,1;30,2;30,05;30,12
16/08/2017 09:00;30,18;30,49;30,05;30,08
15/08/2017 16:20;30,03;30,07;29,99;30,07
15/08/2017 13:00;29,85;30,13;29,73;30,06
15/08/2017 09:00;29,53;29,94;29,53;29,85
14/08/2017 16:20;29,38;29,73;29,37;29,59
14/08/2017 13:00;29,56;29,69;29,5;29,63
14/08/2017 09:00;29,38;29,69;29,38;29,56
11/08/2017 16:20;29,42;29,63;29,42;29,52
11/08/2017 13:00;29,31;29,47;29,23;29,41
11/08/2017 09:00;29,31;29,41;29,21;29,31
10/08/2017 16:20;29,31;29,37;29,07;29,21
10/08/2017 13:00;29,45;29,45;28,91;29,26
10/08/2017 09:00;28,89;29,53;28,88;29,47
09/08/2017 16:20;29,18;29,28;29,05;29,15
09/08/2017 13:00;29,02;29,17;28,99;29,11
09/08/2017 09:00;28,55;29,18;28,55;29,03
08/08/2017 16:20;28,94;28,94;28,73;28,93
08/08/2017 13:00;28,74;28,86;28,73;28,81
08/08/2017 09:00;28,73;28,91;28,68;28,72
07/08/2017 16:20;28,59;28,59;28,58;28,58
07/08/2017 13:00;28,48;28,74;28,47;28,62
07/08/2017 09:00;28,41;28,6;28,41;28,5
04/08/2017 16:20;28,33;28,33;28,28;28,3
04/08/2017 13:00;28,34;28,34;28,24;28,33
04/08/2017 09:00;28,14;28,63;28,07;28,34
03/08/2017 16:20;28,2;28,34;28,18;28,34
03/08/2017 13:00;28,25;28,28;28,07;28,17
03/08/2017 09:00;27,93;28,34;27,7;28,23
02/08/2017 16:20;28,12;28,15;28,02;28,05
02/08/2017 13:00;28,12;28,18;28,12;28,17
02/08/2017 09:00;28,05;28,19;28,04;28,12
01/08/2017 16:20;28,1;28,18;28,1;28,13
01/08/2017 13:00;28;28,1;27,96;28,09
01/08/2017 09:00;28,12;28,2;27,96;28,01
31/07/2017 16:20;28,24;28,31;28,23;28,27
31/07/2017 13:00;28,23;28,34;28,23;28,27
31/07/2017 09:00;28,02;28,24;27,96;28,23
28/07/2017 16:20;28,39;28,39;28,26;28,31
28/07/2017 13:00;28,15;28,41;28,12;28,31
28/07/2017 09:00;28,13;28,15;28,02;28,12
27/07/2017 16:20;28,15;28,15;28,07;28,07
27/07/2017 13:00;28,14;28,18;28,02;28,05
27/07/2017 09:00;27,96;28,21;27,91;28,15
26/07/2017 16:20;28,14;28,17;28,02;28,07
26/07/2017 13:00;28,17;28,23;28,1;28,17
26/07/2017 09:00;28,02;28,2;27,96;28,17
25/07/2017 16:20;28,17;28,23;28,13;28,14
25/07/2017 13:00;28,21;28,28;28,12;28,13
25/07/2017 09:00;28,12;28,33;28,11;28,2
24/07/2017 16:20;28,28;28,55;28,28;28,55
24/07/2017 13:00;28,2;28,27;28,2;28,24
24/07/2017 09:00;28,15;28,23;28,01;28,19
21/07/2017 16:20;28,44;28,59;28,34;28,49
21/07/2017 13:00;28,57;28,57;28,41;28,5
21/07/2017 09:00;28,57;28,62;28,49;28,55
20/07/2017 16:20;28,77;28,88;28,77;28,88
20/07/2017 13:00;28,76;28,92;28,76;28,78
20/07/2017 09:00;28,77;28,85;28,57;28,74
19/07/2017 16:20;28,55;28,76;28,55;28,66
19/07/2017 13:00;28,55;28,61;28,4;28,5
19/07/2017 09:00;28,57;28,66;28,45;28,52
18/07/2017 16:20;28,49;28,54;28,39;28,47
18/07/2017 13:00;28,88;29,02;28,28;28,39
18/07/2017 09:00;29,16;29,3;28,77;28,93
17/07/2017 16:20;28,52;28,65;28,45;28,65
17/07/2017 13:00;28,31;28,52;28,31;28,52
17/07/2017 09:00;28,34;28,4;28,14;28,35
14/07/2017 16:20;28,55;28,55;28,46;28,46
14/07/2017 13:00;28,5;28,55;28,33;28,55
14/07/2017 09:00;28,12;28,52;28,12;28,5
13/07/2017 16:20;27,97;28,14;27,97;27,99
13/07/2017 13:00;28,13;28,18;27,91;28,15
13/07/2017 09:00;28,27;28,28;27,95;28,18
12/07/2017 16:20;28,65;28,68;28,55;28,63
12/07/2017 13:00;29,21;29,38;28,45;28,54
12/07/2017 09:00;29,4;29,49;29,13;29,21
11/07/2017 16:20;29,67;29,73;29,61;29,64
11/07/2017 13:00;29,33;29,87;29,21;29,73
11/07/2017 09:00;29,2;29,34;28,85;29,32
10/07/2017 16:20;29,21;29,74;29,21;29,74
10/07/2017 13:00;28,8;29,2;28,73;29,2
10/07/2017 09:00;28,58;28,98;28,58;28,81
07/07/2017 16:20;28,12;28,12;28,07;28,08
07/07/2017 13:00;28,24;28,25;28,17;28,2
07/07/2017 09:00;28,07;28,27;28,07;28,23
06/07/2017 16:20;27,97;28,1;27,97;28,1
06/07/2017 13:00;27,95;28,09;27,87;27,99
06/07/2017 09:00;28,21;28,22;27,93;27,95
05/07/2017 16:20;28,28;28,37;28,02;28,13
05/07/2017 13:00;28,41;28,43;28,23;28,34
05/07/2017 09:00;28,59;28,74;28,39;28,43
04/07/2017 16:20;28,66;28,71;28,52;28,71
04/07/2017 13:00;28,53;28,74;28,52;28,67
04/07/2017 09:00;28,58;28,68;28,28;28,52
03/07/2017 16:20;28,33;28,49;28,33;28,49
03/07/2017 13:00;28,46;28,53;28,27;28,39
03/07/2017 09:00;27,81;28,53;27,74;28,46
30/06/2017 16:20;27,95;27,96;27,7;27,84
30/06/2017 13:00;27,53;27,98;27,47;27,94
30/06/2017 09:00;27,48;27,66;27,42;27,57
29/06/2017 16:20;27,67;27,68;27,58;27,58
29/06/2017 13:00;27,61;27,74;27,59;27,68
29/06/2017 09:00;27,35;27,72;27,35;27,61
28/06/2017 16:20;27,49;27,55;27,39;27,46
28/06/2017 13:00;27,2;27,49;27,17;27,47
28/06/2017 09:00;27,2;27,26;27,07;27,17
27/06/2017 16:20;27,26;27,31;27,09;27,31
27/06/2017 13:00;27,45;27,45;27,2;27,2
27/06/2017 09:00;27,53;27,58;27,26;27,46
26/06/2017 16:20;27,74;27,8;27,73;27,74
26/06/2017 13:00;28,01;28,01;27,66;27,69
26/06/2017 09:00;28,4;28,43;28,01;28,01
23/06/2017 16:20;28,25;28,34;28,25;28,34
23/06/2017 13:00;28,31;28,39;28,25;28,34
23/06/2017 09:00;28,45;28,5;28,26;28,34
22/06/2017 16:20;28,51;28,63;28,45;28,52
22/06/2017 13:00;28,65;28,65;28,5;28,52
22/06/2017 09:00;28,75;28,77;28,46;28,66
21/06/2017 16:20;28,81;28,83;28,77;28,78
21/06/2017 13:00;28,88;28,88;28,77;28,77
21/06/2017 09:00;28,94;28,99;28,67;28,88
20/06/2017 16:20;28,9;28,92;28,86;28,88
20/06/2017 13:00;28,97;29,08;28,87;28,89
20/06/2017 09:00;28,88;29,1;28,79;28,99
19/06/2017 16:20;28,94;28,94;28,84;28,84
19/06/2017 13:00;29,1;29,1;28,93;29,04
19/06/2017 09:00;29,19;29,2;29,06;29,06
16/06/2017 16:20;29,2;29,23;29,18;29,18
16/06/2017 13:00;29,15;29,31;29,12;29,26
16/06/2017 09:00;29,06;29,17;29,03;29,13
14/06/2017 16:20;29,19;29,23;29,11;29,11
14/06/2017 13:00;29,26;29,31;29,14;29,14
14/06/2017 09:00;29,53;29,56;29,23;29,26
13/06/2017 16:20;29,4;29,47;29,39;29,4
13/06/2017 13:00;29,34;29,42;29,28;29,41
13/06/2017 09:00;29,27;29,38;29,07;29,34
12/06/2017 16:20;29,27;29,33;29,25;29,29
12/06/2017 13:00;29,41;29,47;29,25;29,29
12/06/2017 09:00;29,52;29,55;29,33;29,4
09/06/2017 16:20;29,6;29,69;29,5;29,64
09/06/2017 13:00;29,58;29,83;29,53;29,6
09/06/2017 09:00;29,82;29,94;29,5;29,67
08/06/2017 16:20;29,72;29,74;29,49;29,74
08/06/2017 13:00;29,85;29,89;29,69;29,74
08/06/2017 09:00;29,64;29,95;29,49;29,85
07/06/2017 16:20;29,63;29,69;29,58;29,69
07/06/2017 13:00;29,56;29,64;29,55;29,64
07/06/2017 09:00;29,39;29,63;29,39;29,58
06/06/2017 16:20;29,15;29,74;29;29,3
06/06/2017 13:00;29,26;29,26;29,12;29,17
06/06/2017 09:00;29,29;29,31;29,2;29,26
05/06/2017 16:20;29,2;29,31;29,1;29,2
05/06/2017 13:00;29,2;29,31;29,15;29,15
05/06/2017 09:00;28,91;29,32;28,88;29,2
02/06/2017 16:20;28,89;28,91;28,88;28,91
02/06/2017 13:00;29;29;28,89;28,94
02/06/2017 09:00;28,88;29,08;28,78;29,01
01/06/2017 16:20;28,91;28,96;28,77;28,88
01/06/2017 13:00;28,7;28,99;28,7;28,96
01/06/2017 09:00;28,87;28,89;28,6;28,7
31/05/2017 16:20;29,06;29,07;29,03;29,07
31/05/2017 13:00;29,05;29,1;28,99;29,1
31/05/2017 09:00;29,08;29,18;28,89;29,1
30/05/2017 16:20;28,97;29,26;28,93;29,15
30/05/2017 13:00;29,12;29,14;28,93;28,97
30/05/2017 09:00;29,11;29,26;29,06;29,1
29/05/2017 16:20;29,29;29,31;29,2;29,25
29/05/2017 13:00;29,3;29,36;29,27;29,3
29/05/2017 09:00;29,31;29,42;29,21;29,32
26/05/2017 16:20;29,13;29,3;29,13;29,2
26/05/2017 13:00;28,99;29,19;28,98;29,15
26/05/2017 09:00;29,01;29,07;28,93;28,99
25/05/2017 16:20;29,1;29,24;29,07;29,24
25/05/2017 13:00;29,19;29,25;29,12;29,13
25/05/2017 09:00;29,12;29,2;29;29,2
24/05/2017 16:20;29,11;29,31;29,1;29,31
24/05/2017 13:00;29,2;29,31;29,11;29,11
24/05/2017 09:00;29,41;29,47;29,14;29,24
23/05/2017 16:20;29,31;29,55;29,24;29,41
23/05/2017 13:00;29,51;29,54;29,41;29,43
23/05/2017 09:00;29,54;29,58;29,31;29,51
22/05/2017 16:20;29,89;29,89;29,64;29,69
22/05/2017 13:00;30,09;30,16;29,89;29,96
22/05/2017 09:00;30,06;30,23;29,99;30,12
19/05/2017 16:20;29,85;30,06;29,85;30,06
19/05/2017 13:00;29,87;30,08;29,87;29,92
19/05/2017 09:00;30,25;30,29;29,8;29,87
18/05/2017 16:20;30,39;30,61;30,29;30,4
18/05/2017 13:00;30,23;30,39;30,13;30,29
18/05/2017 09:00;29,7;30,45;29,7;30,22
17/05/2017 16:20;28,88;28,98;28,88;28,98
17/05/2017 13:00;28,93;29,04;28,9;28,93
17/05/2017 09:00;28,84;28,98;28,72;28,93
16/05/2017 16:20;28,99;28,99;28,85;28,85
16/05/2017 13:00;28,96;29,02;28,9;28,99
16/05/2017 09:00;29,16;29,16;28,89;28,97
15/05/2017 16:20;29,04;29,04;28,99;29,03
15/05/2017 13:00;29,04;29,15;29;29
15/05/2017 09:00;29,05;29,12;28,94;29,04
12/05/2017 16:20;28,92;28,93;28,57;28,93
12/05/2017 13:00;28,84;28,93;28,79;28,92
12/05/2017 09:00;28,92;28,97;28,83;28,83
11/05/2017 16:20;29,1;29,15;29,05;29,05
11/05/2017 13:00;29,06;29,1;29,04;29,1
11/05/2017 09:00;29,07;29,19;28,99;29,1
10/05/2017 16:20;28,83;28,9;28,77;28,88
10/05/2017 13:00;28,79;28,93;28,79;28,83
10/05/2017 09:00;28,9;29,03;28,77;28,83
09/05/2017 16:20;29,08;29,12;29,08;29,1
09/05/2017 13:00;29,07;29,08;29,02;29,08
09/05/2017 09:00;29,17;29,2;28,99;29,06
08/05/2017 16:20;29,2;29,2;29,05;29,17
08/05/2017 13:00;29,38;29,39;29,21;29,21
08/05/2017 09:00;29,43;29,58;29,42;29,42
05/05/2017 16:20;29,47;29,53;29,42;29,53
05/05/2017 13:00;29,59;29,7;29,49;29,49
05/05/2017 09:00;29,66;30,06;29,51;29,65
04/05/2017 16:20;29,78;29,78;29,67;29,68
04/05/2017 13:00;29,96;29,97;29,54;29,74
04/05/2017 09:00;29,94;30,11;29,85;29,96
03/05/2017 16:20;29,84;29,93;29,77;29,87
03/05/2017 13:00;29,74;29,85;29,74;29,85
03/05/2017 09:00;29,64;29,85;29,64;29,74
02/05/2017 16:20;29,72;29,74;29,69;29,69
02/05/2017 13:00;29,7;29,74;29,64;29,74
02/05/2017 09:00;29,63;29,83;29,47;29,7
28/04/2017 16:20;29,47;29,51;29,42;29,45
28/04/2017 13:00;29,39;29,47;29,39;29,47
28/04/2017 09:00;29,28;29,52;29,28;29,42
27/04/2017 16:20;29,42;29,57;29,37;29,46
27/04/2017 13:00;29,26;29,42;29,26;29,41
27/04/2017 09:00;29,31;29,34;29,01;29,32
26/04/2017 16:20;29,2;29,25;28,98;29,2
26/04/2017 13:00;29,42;29,42;29,3;29,3
26/04/2017 09:00;29,26;29,47;29,2;29,47
25/04/2017 16:20;29,47;29,47;29,4;29,47
25/04/2017 13:00;29,61;29,61;29,47;29,47
25/04/2017 09:00;29,5;29,61;29,44;29,61
24/04/2017 16:20;29,49;29,51;29,32;29,41
24/04/2017 13:00;29,64;29,64;29,52;29,53
24/04/2017 09:00;29,77;29,79;29,59;29,64
20/04/2017 16:20;29,72;29,74;29,53;29,61
20/04/2017 13:00;29,58;29,68;29,5;29,64
20/04/2017 09:00;30,11;30,11;29,58;29,58
19/04/2017 16:20;30,17;30,17;30,08;30,08
19/04/2017 13:00;30,18;30,22;30,11;30,17
19/04/2017 09:00;30,27;30,29;30,12;30,18
18/04/2017 16:20;30,12;30,13;29,98;30,07
18/04/2017 13:00;30;30,12;30;30,07
18/04/2017 09:00;29,96;30,12;29,91;30,02
17/04/2017 16:20;29,9;29,9;29,85;29,85
17/04/2017 13:00;29,87;29,91;29,76;29,85
17/04/2017 09:00;30,13;30,29;29,85;29,95
13/04/2017 16:20;29,91;29,91;29,8;29,8
13/04/2017 13:00;29,81;29,91;29,8;29,8
13/04/2017 09:00;29,64;30,14;29,64;29,84
12/04/2017 16:20;29,61;29,71;29,37;29,71
12/04/2017 13:00;29,63;29,73;29,53;29,69
12/04/2017 09:00;29,39;29,74;29,39;29,64
11/04/2017 16:20;29,64;29,66;29,58;29,58
11/04/2017 13:00;29,5;29,68;29,36;29,64
11/04/2017 09:00;29,43;29,63;29,43;29,53
10/04/2017 16:20;29,73;29,74;29,64;29,72
10/04/2017 13:00;29,64;29,8;29,64;29,7
10/04/2017 09:00;29,53;29,7;29,53;29,64
07/04/2017 16:20;29,55;29,57;29,42;29,52
07/04/2017 13:00;29,57;29,57;29,41;29,47
07/04/2017 09:00;29,46;29,63;29,26;29,55
06/04/2017 16:20;29,37;29,46;29,31;29,38
06/04/2017 13:00;29,64;29,64;29,31;29,44
06/04/2017 09:00;29,81;29,83;29,53;29,69
05/04/2017 16:20;29,51;29,72;29,51;29,72
05/04/2017 13:00;29,58;29,69;29,51;29,51
05/04/2017 09:00;29,68;29,72;29,47;29,57
04/04/2017 16:20;29,84;29,94;29,58;29,58
04/04/2017 13:00;29,78;29,84;29,66;29,8
04/04/2017 09:00;30,08;30,21;29,74;29,8
03/04/2017 16:20;30,4;30,41;30,29;30,38
03/04/2017 13:00;30,76;30,78;30,4;30,45
03/04/2017 09:00;31,18;31,27;30,63;30,73
31/03/2017 16:20;31,07;31,16;31,07;31,12
31/03/2017 13:00;31,06;31,11;30,98;31,05
31/03/2017 09:00;31,21;31,76;30,94;31
30/03/2017 16:20;30,75;30,89;30,73;30,89
30/03/2017 13:00;30,9;30,94;30,78;30,87
30/03/2017 09:00;30,95;31,32;30,8;30,94
29/03/2017 16:20;30,89;31;30,89;30,99
29/03/2017 13:00;30,79;30,99;30,79;30,92
29/03/2017 09:00;30,83;31,05;30,79;30,81
28/03/2017 16:20;30,57;30,64;30,52;30,59
28/03/2017 13:00;30,52;30,62;30,5;30,54
28/03/2017 09:00;30,56;30,78;30,41;30,52
27/03/2017 16:20;30,93;31;30,78;30,94
27/03/2017 13:00;31,11;31,11;30,89;30,89
27/03/2017 09:00;30,56;31,7;30,56;31,11
24/03/2017 16:20;30,34;30,55;30,17;30,24
24/03/2017 13:00;30,62;30,62;30,26;30,29
24/03/2017 09:00;30,36;30,64;30,24;30,62
23/03/2017 16:20;30,75;30,95;30,7;30,78
23/03/2017 13:00;30,78;30,83;30,56;30,74
23/03/2017 09:00;31,13;31,2;30,78;30,78
22/03/2017 16:20;31,3;31,36;31,16;31,21
22/03/2017 13:00;31,53;31,65;31,16;31,27
22/03/2017 09:00;31,99;32,13;31,43;31,54
21/03/2017 16:20;32,65;32,65;32,41;32,45
21/03/2017 13:00;32,57;32,63;32,48;32,63
21/03/2017 09:00;32,41;32,72;32,33;32,62
20/03/2017 16:20;32,39;32,5;32,36;32,41
20/03/2017 13:00;32,57;32,57;32,36;32,37
20/03/2017 09:00;32,65;32,74;32,43;32,57
17/03/2017 16:20;32,86;32,87;32,72;32,74
17/03/2017 13:00;33,18;33,23;32,8;32,9
17/03/2017 09:00;33,31;33,5;33,06;33,18
16/03/2017 16:20;33,39;33,44;33,18;33,28
16/03/2017 13:00;33,63;33,69;33,34;33,34
16/03/2017 09:00;33,44;33,82;33,39;33,61
15/03/2017 16:20;33,31;33,39;33,25;33,36
15/03/2017 13:00;33,22;33,51;33,17;33,39
15/03/2017 09:00;33,53;33,66;32,98;33,2
14/03/2017 16:20;33,2;33,27;33,03;33,27
14/03/2017 13:00;33,32;33,32;33,2;33,2
14/03/2017 09:00;33,44;33,49;33,2;33,31
13/03/2017 16:20;33,72;33,77;33,72;33,73
13/03/2017 13:00;33,79;33,79;33,66;33,72
13/03/2017 09:00;33,87;33,9;33,55;33,71
10/03/2017 16:20;33,66;33,69;33,66;33,68
10/03/2017 13:00;33,66;33,7;33,61;33,69
10/03/2017 09:00;33,64;33,68;33,56;33,66
09/03/2017 16:20;33,32;33,47;33,32;33,47
09/03/2017 13:00;33,43;33,51;33,39;33,43
09/03/2017 09:00;33,57;33,68;33,37;33,43
08/03/2017 16:20;33,71;33,77;33,64;33,75
08/03/2017 13:00;33,9;33,99;33,8;33,8
08/03/2017 09:00;33,96;33,96;33,67;33,88
07/03/2017 16:20;33,85;34,02;33,77;33,93
07/03/2017 13:00;34,12;34,14;33,76;33,9
07/03/2017 09:00;34,17;34,22;33,96;34,09
06/03/2017 16:20;34,34;34,42;34,33;34,38
06/03/2017 13:00;34,33;34,42;34,32;34,35
06/03/2017 09:00;34,33;34,47;34,24;34,34
03/03/2017 16:20;34;34,06;33,94;34,05
03/03/2017 13:00;34,09;34,14;33,95;34,06
03/03/2017 09:00;33,97;34,21;33,85;34,12
02/03/2017 16:20;33,8;33,84;33,74;33,8
02/03/2017 13:00;33,7;33,91;33,7;33,82
02/03/2017 09:00;33,63;33,81;33,52;33,75
01/03/2017 16:20;33,38;33,79;33,38;33,79
01/03/2017 13:00;33,32;33,56;33,23;33,38
24/02/2017 16:20;33,09;33,18;33,03;33,18
24/02/2017 13:00;33,18;33,21;33,13;33,13
24/02/2017 09:00;33;33,34;32,99;33,15
23/02/2017 16:20;33,37;33,45;33,22;33,24
23/02/2017 13:00;33,23;33,36;33,19;33,35
23/02/2017 09:00;33,15;33,35;33,07;33,18
22/02/2017 16:20;32,84;32,88;32,7;32,75
22/02/2017 13:00;32,81;32,86;32,68;32,86
22/02/2017 09:00;33,08;33,08;32,76;32,77
21/02/2017 16:20;32,79;32,85;32,75;32,84
21/02/2017 13:00;32,64;32,89;32,6;32,79
21/02/2017 09:00;32,43;32,72;32,28;32,64
20/02/2017 16:20;32,72;32,72;32,55;32,56
20/02/2017 13:00;32,49;32,84;32,49;32,61
20/02/2017 09:00;32,93;33,02;32,46;32,49
17/02/2017 16:20;32,67;32,84;32,67;32,75
17/02/2017 13:00;32,98;33,02;32,65;32,72
17/02/2017 09:00;32,96;33,06;32,84;32,98
16/02/2017 16:20;32,81;32,94;32,71;32,75
16/02/2017 13:00;32,79;32,86;32,73;32,79
16/02/2017 09:00;32,65;33,08;32,63;32,82
15/02/2017 16:20;32,81;32,83;32,72;32,75
15/02/2017 13:00;33,19;33,21;32,6;32,84
15/02/2017 09:00;33,14;33,42;33,13;33,2
14/02/2017 16:20;33,3;33,4;33,25;33,33
14/02/2017 13:00;33,46;33,51;33,14;33,36
14/02/2017 09:00;33,66;33,67;33,27;33,42
13/02/2017 16:20;33,7;33,8;33,58;33,68
13/02/2017 13:00;33,51;33,7;33,37;33,66
13/02/2017 09:00;33,85;34;33,47;33,55
10/02/2017 16:20;33,61;33,93;33,56;33,93
10/02/2017 13:00;33,55;33,66;33,44;33,61
10/02/2017 09:00;32,99;33,85;32,94;33,51
09/02/2017 16:20;32,93;32,98;32,86;32,89
09/02/2017 13:00;32,94;33,02;32,8;32,85
09/02/2017 09:00;32,91;33,18;32,71;32,94
08/02/2017 16:20;32,77;33,16;32,7;32,99
08/02/2017 13:00;32,58;32,77;32,53;32,75
08/02/2017 09:00;32,5;32,82;32,49;32,6
07/02/2017 16:20;32,65;32,72;32,65;32,7
07/02/2017 13:00;32,65;32,7;32,59;32,6
07/02/2017 09:00;32,72;32,89;32,41;32,6
06/02/2017 16:20;32,98;32,98;32,79;32,89
06/02/2017 13:00;33,14;33,36;32,89;32,97
06/02/2017 09:00;33,29;33,53;33,09;33,18
03/02/2017 16:20;32,89;33,07;32,89;32,96
03/02/2017 13:00;32,98;33,17;32,94;32,95
03/02/2017 09:00;32,79;33,22;32,67;32,98
02/02/2017 16:20;32,77;32,78;32,72;32,78
02/02/2017 13:00;32,84;32,86;32,65;32,79
02/02/2017 09:00;32,8;32,98;32,7;32,86
01/02/2017 16:20;33,17;33,18;33,04;33,08
01/02/2017 13:00;33,06;33,22;32,98;33,16
01/02/2017 09:00;33,32;33,33;32,83;33,03
31/01/2017 16:20;32,98;33,36;32,98;33,18
31/01/2017 13:00;32,92;32,98;32,87;32,98
31/01/2017 09:00;32,79;33,06;32,46;32,98
30/01/2017 16:20;32,71;32,82;32,67;32,79
30/01/2017 13:00;33,28;33,37;32,7;32,74
30/01/2017 09:00;33,62;33,94;33,21;33,29
27/01/2017 16:20;33,77;33,88;33,71;33,71
27/01/2017 13:00;33,32;33,8;33,32;33,71
27/01/2017 09:00;33,47;33,53;32,98;33,28
26/01/2017 16:20;33,51;33,61;33,32;33,4
26/01/2017 13:00;33,43;33,51;33,32;33,51
26/01/2017 09:00;33,97;34,09;33,32;33,42
24/01/2017 16:20;33,85;33,91;33,85;33,9
24/01/2017 13:00;33,85;34,06;33,75;33,83
24/01/2017 09:00;34,43;34,57;33,63;33,88
23/01/2017 16:20;33,98;33,99;33,89;33,99
23/01/2017 13:00;33,66;34,09;33,66;33,99
23/01/2017 09:00;33,27;33,85;33,27;33,68
20/01/2017 16:20;33,08;33,27;33,08;33,18
20/01/2017 13:00;33,27;33,3;33,08;33,13
20/01/2017 09:00;33,72;33,72;33,13;33,26
19/01/2017 16:20;33,56;33,79;33,46;33,76
19/01/2017 13:00;33,96;33,99;33,63;33,75
19/01/2017 09:00;34,39;34,63;33,67;33,96
18/01/2017 16:20;34,33;34,38;34,16;34,33
18/01/2017 13:00;33,99;34,39;33,99;34,31
18/01/2017 09:00;33,89;34,16;33,75;34,02
17/01/2017 16:20;33,56;33,68;33,52;33,66
17/01/2017 13:00;33,13;33,55;33,08;33,5
17/01/2017 09:00;32,96;33,27;32,96;33,08
16/01/2017 16:20;32,88;33,18;32,84;33,13
16/01/2017 13:00;33,19;33,26;32,89;32,89
16/01/2017 09:00;33;33,27;32,94;33,19
13/01/2017 16:20;33,22;33,27;33,22;33,24
13/01/2017 13:00;33,36;33,36;33,23;33,27
13/01/2017 09:00;33,33;33,43;33,33;33,37
12/01/2017 16:20;33,3;33,35;33,27;33,27
12/01/2017 13:00;33,37;33,39;33,2;33,22
12/01/2017 09:00;33,27;33,47;33,24;33,37
11/01/2017 16:20;33,51;33,7;33,37;33,5
11/01/2017 13:00;33,27;33,42;33,24;33,37
11/01/2017 09:00;32,94;33,45;32,94;33,22
10/01/2017 16:20;33,35;33,53;33,3;33,53
10/01/2017 13:00;33,67;33,71;33,27;33,38
10/01/2017 09:00;34,27;34,33;33,66;33,67
09/01/2017 16:20;34,53;34,57;34,39;34,43
09/01/2017 13:00;34,89;34,91;34,54;34,57
09/01/2017 09:00;35,1;35,1;34,79;34,82
06/01/2017 16:20;35,25;35,25;35,03;35,1
06/01/2017 13:00;35,47;35,47;35,2;35,2
06/01/2017 09:00;35,39;35,58;35,34;35,49
05/01/2017 16:20;35,49;35,49;35,39;35,39
05/01/2017 13:00;35,49;35,67;35,45;35,51
05/01/2017 09:00;35,79;35,9;35,44;35,49
04/01/2017 16:20;36,07;36,12;36,03;36,07
04/01/2017 13:00;36,41;36,41;35,97;36
04/01/2017 09:00;36,45;36,53;36,38;36,41
03/01/2017 16:20;36,65;36,65;36,57;36,65
03/01/2017 13:00;36,7;36,74;36,54;36,65
03/01/2017 09:00;36,71;36,89;36,6;36,65
02/01/2017 16:20;36,65;36,65;36,65;36,65
02/01/2017 13:00;36,68;36,68;36,6;36,65
02/01/2017 09:00;36,67;36,83;36,63;36,68
29/12/2016 16:20;36,57;37,02;36,47;36,94
29/12/2016 13:00;36,57;36,64;36,5;36,57
29/12/2016 09:00;36,38;36,75;36,38;36,58
28/12/2016 16:20;36,71;36,71;36,47;36,7
28/12/2016 13:00;37,01;37,03;36,7;36,71
28/12/2016 09:00;37,03;37,08;36,84;37,01
27/12/2016 13:00;36,94;37,02;36,94;36,94
27/12/2016 09:00;36,79;37,03;36,74;36,94
26/12/2016 16:20;36,74;36,74;36,65;36,65
26/12/2016 13:00;36,91;36,92;36,68;36,74
26/12/2016 09:00;36,65;37,22;36,52;36,94
23/12/2016 16:20;36,72;36,83;36,65;36,65
23/12/2016 13:00;36,7;36,72;36,56;36,67
23/12/2016 09:00;36,75;36,81;36,65;36,67
22/12/2016 16:20;36,65;36,77;36,5;36,55
22/12/2016 13:00;37;37;36,74;36,78
22/12/2016 09:00;37,32;37,34;36,98;37
21/12/2016 16:20;37,47;37,61;37,42;37,56
21/12/2016 13:00;37,59;37,61;37,52;37,56
21/12/2016 09:00;37,81;37,82;37,57;37,61
20/12/2016 16:20;38;38,04;37,91;37,92
20/12/2016 13:00;37,99;38,07;37,95;37,95
20/12/2016 09:00;38;38,14;37,88;37,99
19/12/2016 16:20;37,81;37,85;37,69;37,74
19/12/2016 13:00;37,52;37,8;37,52;37,8
19/12/2016 09:00;37,61;37,71;37,38;37,52
16/12/2016 16:20;37,48;37,68;37,47;37,61
16/12/2016 13:00;37,52;37,52;37,43;37,49
16/12/2016 09:00;37,59;37,71;37,47;37,52
15/12/2016 16:20;37,9;37,9;37,65;37,66
15/12/2016 13:00;37,9;37,92;37,83;37,9
15/12/2016 09:00;37,84;37,95;37,81;37,85
14/12/2016 16:20;38;38,08;37,92;38
14/12/2016 13:00;37,78;37,9;37,76;37,9
14/12/2016 09:00;37,83;38,01;37,61;37,77
13/12/2016 16:20;37,47;37,52;37,37;37,52
13/12/2016 13:00;37,54;37,61;37,38;37,47
13/12/2016 09:00;37,47;37,7;37,32;37,54
12/12/2016 16:20;37,18;37,27;37,14;37,27
12/12/2016 13:00;36,99;37,13;36,94;37,13
12/12/2016 09:00;36,8;37,02;36,67;36,94
09/12/2016 16:20;37,08;37,2;37,03;37,09
09/12/2016 13:00;37,33;37,39;37,05;37,09
09/12/2016 09:00;37,31;37,55;37,23;37,32
08/12/2016 16:20;36,94;37,2;36,94;37,2
08/12/2016 13:00;36,94;37,03;36,79;36,94
08/12/2016 09:00;36,99;37,11;36,41;36,94
07/12/2016 16:20;37,28;37,36;36,89;37
07/12/2016 13:00;37,37;37,37;37,27;37,27
07/12/2016 09:00;37,71;37,81;37,33;37,37
06/12/2016 16:20;37,32;37,52;37,27;37,52
06/12/2016 13:00;37,18;37,42;37,18;37,37
06/12/2016 09:00;37,35;37,47;37,11;37,13
05/12/2016 16:20;37,07;37,11;36,91;36,99
05/12/2016 13:00;36,86;37,02;36,79;36,89
05/12/2016 09:00;37;37;36,45;36,89
02/12/2016 16:20;37,18;37,27;37,15;37,27
02/12/2016 13:00;37,1;37,13;36,94;37,03
02/12/2016 09:00;36,94;37,56;36,65;37,1
01/12/2016 16:20;37,03;37,23;37,03;37,09
01/12/2016 13:00;36,84;37,08;36,8;37,08
01/12/2016 09:00;36,45;36,96;36,38;36,84
30/11/2016 16:20;36,25;36,45;36,25;36,45
30/11/2016 13:00;36;36,24;35,92;36,22
30/11/2016 09:00;35,68;36,14;35,6;36
29/11/2016 16:20;36,06;36,07;35,83;35,91
29/11/2016 13:00;36,17;36,21;35,97;36,02
29/11/2016 09:00;36,17;36,51;36,14;36,17
28/11/2016 16:20;35,99;36,02;35,91;35,92
28/11/2016 13:00;36,07;36,14;36,02;36,07
28/11/2016 09:00;35,97;36,15;35,69;36,04
25/11/2016 16:20;36,17;36,36;36,17;36,26
25/11/2016 13:00;36,1;36,36;36,05;36,26
25/11/2016 09:00;36,32;36,43;35,97;36,09
24/11/2016 16:20;36,53;36,53;36,45;36,45
24/11/2016 13:00;36,42;36,61;36,41;36,53
24/11/2016 09:00;36,47;36,79;36,41;36,45
23/11/2016 16:20;36,31;36,31;36,08;36,08
23/11/2016 13:00;36,41;36,41;36,17;36,31
23/11/2016 09:00;36,17;36,43;36,02;36,43
22/11/2016 16:20;36,54;36,54;36,29;36,36
22/11/2016 13:00;36,12;36,64;36,07;36,44
22/11/2016 09:00;35,91;36,12;35,88;36,07
21/11/2016 16:20;36,1;36,26;36,1;36,19
21/11/2016 13:00;36,12;36,25;36,02;36,11
21/11/2016 09:00;36,36;36,36;35,99;36,12
18/11/2016 16:20;36,41;36,5;36,39;36,41
18/11/2016 13:00;36,31;36,57;36,31;36,45
18/11/2016 09:00;36,64;36,74;36,21;36,31
17/11/2016 16:20;36,55;36,84;36,47;36,7
17/11/2016 13:00;37,11;37,11;36,65;36,65
17/11/2016 09:00;38,37;38,37;36,94;37,08
16/11/2016 16:20;38,09;38,19;37,85;37,85
16/11/2016 13:00;38,08;38,19;38,04;38,06
16/11/2016 09:00;38,38;38,66;37,96;38,09
14/11/2016 16:20;38,14;38,29;38,14;38,28
14/11/2016 13:00;38,18;38,18;37,81;38,14
14/11/2016 09:00;38,19;38,38;38;38,18
11/11/2016 16:20;37,52;38,25;37,52;37,85
11/11/2016 13:00;37,76;37,85;37,44;37,52
11/11/2016 09:00;36,84;37,9;36,8;37,71
10/11/2016 16:20;37,13;37,32;37,13;37,32
10/11/2016 13:00;37,37;37,6;37,08;37,13
10/11/2016 09:00;37,03;37,42;36,7;37,37
09/11/2016 16:20;37,06;37,12;36,9;37
09/11/2016 13:00;37,23;37,27;36,99;37,07
09/11/2016 09:00;36,95;37,42;36,94;37,18
08/11/2016 16:20;37,26;37,27;37,23;37,27
08/11/2016 13:00;37,42;37,42;37,23;37,27
08/11/2016 09:00;37,71;37,95;37,32;37,35
07/11/2016 16:20;37,6;37,65;37,52;37,52
07/11/2016 13:00;37,99;37,99;37,37;37,66
07/11/2016 09:00;38,24;38,33;37,81;37,94
04/11/2016 16:20;38,28;38,4;38,16;38,24
04/11/2016 13:00;38,61;38,61;38,24;38,28
04/11/2016 09:00;38,6;38,85;38,33;38,61
03/11/2016 16:20;38,71;38,71;38,53;38,6
03/11/2016 13:00;38,52;39,04;38,52;38,69
03/11/2016 09:00;38,71;38,73;38,12;38,52
01/11/2016 16:20;39,04;39,15;38,8;39,09
01/11/2016 13:00;39,38;39,39;38,9;39,09
01/11/2016 09:00;39,76;39,83;39,12;39,38
31/10/2016 16:20;39,52;39,57;39,42;39,42
31/10/2016 13:00;39,09;39,47;39,02;39,38
31/10/2016 09:00;39,26;39,63;39,04;39,09
28/10/2016 16:20;39,05;39,26;39,05;39,25
28/10/2016 13:00;38,77;39,29;38,67;39,14
28/10/2016 09:00;38,19;39,28;38,19;38,74
27/10/2016 16:20;37,93;38,04;37,76;37,76
27/10/2016 13:00;37,69;37,94;37,67;37,93
27/10/2016 09:00;37,44;37,76;37,44;37,68
26/10/2016 16:20;37,27;37,45;37,27;37,33
26/10/2016 13:00;37,21;37,47;37,12;37,28
26/10/2016 09:00;37,14;37,45;36,95;37,23
25/10/2016 16:20;37,18;37,23;37,04;37,17
25/10/2016 13:00;37,36;37,41;37,2;37,21
25/10/2016 09:00;37,71;37,71;37,24;37,41
24/10/2016 16:20;37,86;37,9;37,83;37,9
24/10/2016 13:00;38,07;38,07;37,81;37,9
24/10/2016 09:00;38,15;38,27;37,98;38,13
21/10/2016 16:20;38,33;38,46;38,33;38,44
21/10/2016 13:00;38,39;38,39;38,15;38,33
21/10/2016 09:00;38,61;38,61;38,33;38,38
20/10/2016 16:20;38,8;38,8;38,52;38,61
20/10/2016 13:00;38,72;38,83;38,52;38,79
20/10/2016 09:00;38,8;39,19;38,54;38,58
19/10/2016 16:20;38,76;38,95;38,61;38,61
19/10/2016 13:00;38,97;39,06;38,53;38,7
19/10/2016 09:00;39,16;39,35;38,55;38,9
18/10/2016 16:20;39,09;39,23;38,96;39,06
18/10/2016 13:00;39,58;39,62;39,11;39,16
18/10/2016 09:00;39,95;39,95;39,28;39,62
17/10/2016 16:20;40,08;40,25;40,07;40,22
17/10/2016 13:00;40,54;40,57;40,05;40,15
17/10/2016 09:00;40,9;41,31;40,49;40,54
14/10/2016 16:20;41,24;41,3;41,05;41,18
14/10/2016 13:00;41,41;41,46;41,19;41,24
14/10/2016 09:00;41,28;41,48;41,28;41,42
13/10/2016 16:20;41,09;41,19;41,01;41,19
13/10/2016 13:00;41,05;41,18;41;41,09
13/10/2016 09:00;41,14;41,25;40,91;41,05
11/10/2016 16:20;41,39;41,47;41,38;41,38
11/10/2016 13:00;41,47;41,47;41,29;41,45
11/10/2016 09:00;41,38;41,71;41,38;41,47
10/10/2016 16:20;41,01;41,14;40,95;41,04
10/10/2016 13:00;40,99;41,2;40,9;41,07
10/10/2016 09:00;40,81;41,07;40,33;40,99
07/10/2016 16:20;40,85;40,99;40,82;40,95
07/10/2016 13:00;41,31;41,38;40,81;40,81
07/10/2016 09:00;41,45;41,66;41,24;41,38
06/10/2016 16:20;41,09;41,09;40,91;41,09
06/10/2016 13:00;41,62;41,62;40,73;41,09
06/10/2016 09:00;41,29;42;41,29;41,6
05/10/2016 16:20;41,66;41,66;41,28;41,38
05/10/2016 13:00;41,7;41,79;41,5;41,64
05/10/2016 09:00;42,01;42,33;41,4;41,69
04/10/2016 16:20;41,86;41,95;41,77;41,77
04/10/2016 13:00;41,52;41,85;41,34;41,76
04/10/2016 09:00;41,81;41,87;41,1;41,57
03/10/2016 16:20;41,43;41,86;41,39;41,76
03/10/2016 13:00;41,17;41,71;41,14;41,48
03/10/2016 09:00;41,14;41,56;41,07;41,23
30/09/2016 16:20;40,81;40,9;40,81;40,81
30/09/2016 13:00;40,13;41,3;40,13;40,9
30/09/2016 09:00;40,42;40,47;39,85;40,06
29/09/2016 16:20;39,81;40,22;39,71;39,75
29/09/2016 13:00;39,51;40,02;39,51;39,81
29/09/2016 09:00;39;39,56;38,8;39,51
28/09/2016 16:20;38,61;38,71;38,54;38,71
28/09/2016 13:00;38,84;38,98;38,59;38,61
28/09/2016 09:00;38,71;39,03;38,63;38,77
27/09/2016 16:20;38,61;38,79;38,33;38,34
27/09/2016 13:00;38,18;38,57;38,05;38,56
27/09/2016 09:00;38,04;38,35;38,04;38,18
26/09/2016 16:20;38,39;38,54;38,28;38,28
26/09/2016 13:00;38,1;38,38;38,09;38,38
26/09/2016 09:00;38,18;38,28;38,07;38,14
23/09/2016 16:20;38,42;38,47;38,42;38,43
23/09/2016 13:00;38,61;38,61;38,38;38,42
23/09/2016 09:00;38,71;38,84;38,14;38,61
22/09/2016 16:20;38,88;39,01;38,88;39,01
22/09/2016 13:00;39,14;39,19;38,64;38,96
22/09/2016 09:00;39,09;39,46;38,96;39,18
21/09/2016 16:20;39,09;39,26;38,95;39,17
21/09/2016 13:00;39,38;39,38;39,16;39,19
21/09/2016 09:00;39,62;39,62;39,33;39,42
20/09/2016 16:20;39,71;39,75;39,57;39,62
20/09/2016 13:00;39,88;39,95;39,64;39,71
20/09/2016 09:00;39,84;39,95;39,57;39,86
19/09/2016 16:20;40,09;40,14;40,04;40,04
19/09/2016 13:00;40,01;40,13;39,91;40,09
19/09/2016 09:00;40,31;40,41;39,91;40,06
16/09/2016 16:20;39,86;39,9;39,67;39,85
16/09/2016 13:00;40,43;40,43;39,9;40
16/09/2016 09:00;40,6;40,62;39,85;40,46
15/09/2016 16:20;40,71;40,71;40,47;40,52
15/09/2016 13:00;40,78;40,82;40,63;40,71
15/09/2016 09:00;41,32;41,46;40,66;40,81
14/09/2016 16:20;41,19;41,19;41,09;41,09
14/09/2016 13:00;41,18;41,25;41,05;41,16
14/09/2016 09:00;40,9;41,31;40,82;41,19
13/09/2016 16:20;40,88;40,88;40,69;40,69
13/09/2016 13:00;40,74;40,87;40,72;40,87
13/09/2016 09:00;40,69;40,81;40,59;40,79
12/09/2016 16:20;40,93;41,17;40,93;40,98
12/09/2016 13:00;40,88;40,93;40,69;40,93
12/09/2016 09:00;40,98;41,13;40,7;41,08
09/09/2016 16:20;40,54;40,56;40,25;40,25
09/09/2016 13:00;40,48;40,5;40,22;40,32
09/09/2016 09:00;40,01;40,49;39,82;40,49
08/09/2016 16:20;40,61;40,66;40,48;40,66
08/09/2016 13:00;40,53;41,07;40,5;40,59
08/09/2016 09:00;40,87;40,88;40,13;40,49
06/09/2016 16:20;40,79;40,79;40,59;40,68
06/09/2016 13:00;40,55;40,83;40,4;40,59
06/09/2016 09:00;41,13;41,17;40,51;40,58
05/09/2016 16:20;40,3;40,67;40,12;40,49
05/09/2016 13:00;41,85;41,85;40,21;40,29
05/09/2016 09:00;41,67;42,52;41,67;41,95
02/09/2016 16:20;42,03;42,38;41,18;41,46
02/09/2016 13:00;40,74;40,74;40,74;40,74
02/09/2016 09:00;39,72;40,74;39,72;40,74
01/09/2016 16:20;38,95;40;38,8;39,82
01/09/2016 13:00;38,95;39,32;38,56;38,7
01/09/2016 09:00;39,38;39,42;38,61;38,97
31/08/2016 16:20;39,1;39,24;38,56;38,61
31/08/2016 13:00;39,25;39,47;39,19;39,19
31/08/2016 09:00;39,53;39,72;39,15;39,28
30/08/2016 16:20;39,59;39,67;39,28;39,58
30/08/2016 13:00;40,46;40,5;39,53;39,62
30/08/2016 09:00;40,59;40,59;40,31;40,52
29/08/2016 16:20;40,53;40,74;40,5;40,69
29/08/2016 13:00;40,08;40,59;40,06;40,59
29/08/2016 09:00;39,82;40,3;39,43;40,15
26/08/2016 16:20;40,21;40,45;40,21;40,3
26/08/2016 13:00;39,91;40,3;39,67;40,11
26/08/2016 09:00;41,08;41,16;39,75;39,91
25/08/2016 16:20;40,69;40,69;40,5;40,64
25/08/2016 13:00;41,17;41,21;40,52;40,69
25/08/2016 09:00;41,17;41,5;40,83;41,25
24/08/2016 16:20;41,92;41,92;41,08;41,17
24/08/2016 13:00;42,15;42,15;41,67;41,67
24/08/2016 09:00;42,43;42,63;42,15;42,15
23/08/2016 16:20;42,42;42,61;42,24;42,24
23/08/2016 13:00;41,84;42,34;41,76;42,19
23/08/2016 09:00;41,85;42,05;41,66;41,85
22/08/2016 16:20;42,26;42,28;41,8;41,95
22/08/2016 13:00;42,53;42,63;42,14;42,29
22/08/2016 09:00;42,74;42,91;42,53;42,53
19/08/2016 16:20;42,64;43,01;42,63;42,68
19/08/2016 13:00;42,32;42,56;42,29;42,56
19/08/2016 09:00;42,52;42,52;42,14;42,24
18/08/2016 16:20;42,74;42,74;42,54;42,63
18/08/2016 13:00;42,72;43,06;42,64;42,76
18/08/2016 09:00;42,72;42,98;42,55;42,72
17/08/2016 16:20;42,38;42,53;42,36;42,38
17/08/2016 13:00;42,28;42,48;42,24;42,38
17/08/2016 09:00;42,33;42,48;41,86;42,28
16/08/2016 16:20;42,72;42,72;42,48;42,58
16/08/2016 13:00;43,32;43,35;42,68;42,72
16/08/2016 09:00;42,82;43,64;42,72;43,31
15/08/2016 16:20;43;43,21;43;43,16
15/08/2016 13:00;43,2;43,25;42,96;43,06
15/08/2016 09:00;42,43;43,31;42,43;43,21
12/08/2016 16:20;42,08;42,53;42,08;42,39
12/08/2016 13:00;42,06;42,23;41,95;42,09
12/08/2016 09:00;42;42,24;41,86;42,14
11/08/2016 16:20;41,71;42,43;41,57;42,05
11/08/2016 13:00;42,34;42,34;41,96;42,05
11/08/2016 09:00;42,87;43,26;42,15;42,29
10/08/2016 16:20;43,01;43,31;42,34;42,63
10/08/2016 13:00;43,31;43,44;43,12;43,21
10/08/2016 09:00;43,72;43,87;43,25;43,31
09/08/2016 16:20;44,07;44,13;43,95;44,13
09/08/2016 13:00;44,23;44,27;43,94;44,07
09/08/2016 09:00;43,82;44,56;43,82;44,23
08/08/2016 16:20;43,74;43,84;43,61;43,79
08/08/2016 13:00;43,93;43,96;43,6;43,69
08/08/2016 09:00;43,11;44,13;43,11;43,93
05/08/2016 16:20;43,52;43,52;42,82;43,11
05/08/2016 13:00;43,7;43,78;43,5;43,56
05/08/2016 09:00;43,72;43,97;43,41;43,71
04/08/2016 16:20;43,51;43,64;43,42;43,53
04/08/2016 13:00;43,45;43,68;43,45;43,47
04/08/2016 09:00;43,69;44,31;43,4;43,45
03/08/2016 16:20;44,47;44,47;44,29;44,42
03/08/2016 13:00;44,71;44,81;44,37;44,47
03/08/2016 09:00;44,27;44,95;43,99;44,76
02/08/2016 16:20;44,36;44,37;44,08;44,32
02/08/2016 13:00;45,07;45,15;44,09;44,37
02/08/2016 09:00;45,82;46,02;44,86;45,15
01/08/2016 16:20;46,17;46,21;45,63;45,68
01/08/2016 13:00;46,26;46,42;46,12;46,24
01/08/2016 09:00;46,02;46,49;45,93;46,21
29/07/2016 16:20;45,92;46,11;45,66;45,92
29/07/2016 13:00;45,64;45,9;45,54;45,9
29/07/2016 09:00;45,81;45,82;45,06;45,68
28/07/2016 16:20;45,82;45,87;45,64;45,69
28/07/2016 13:00;46,36;46,41;45,73;45,82
28/07/2016 09:00;46,28;46,65;46,02;46,31
27/07/2016 16:20;47,33;47,33;46,32;46,77
27/07/2016 13:00;47,27;47,37;47,2;47,28
27/07/2016 09:00;47,25;47,46;47,18;47,23
26/07/2016 16:20;46,89;46,99;46,81;46,89
26/07/2016 13:00;46,74;47,07;46,65;46,8
26/07/2016 09:00;46,19;46,94;45,97;46,7
25/07/2016 16:20;46,06;46,21;46,01;46,07
25/07/2016 13:00;45,39;45,97;45,34;45,92
25/07/2016 09:00;45,2;45,51;45,05;45,35
22/07/2016 16:20;45,34;45,44;45,29;45,44
22/07/2016 13:00;45,39;45,53;45,19;45,34
22/07/2016 09:00;45,53;45,73;44,95;45,39
21/07/2016 16:20;45,49;45,53;45,24;45,38
21/07/2016 13:00;45,17;45,4;45,13;45,24
21/07/2016 09:00;44,94;45,24;44,82;45,15
20/07/2016 16:20;44,44;44,76;44,44;44,76
20/07/2016 13:00;44,95;44,95;44,19;44,52
20/07/2016 09:00;45,51;45,53;44,18;44,95
19/07/2016 16:20;45,07;45,15;44,9;45,15
19/07/2016 13:00;45;45,24;44,85;45
19/07/2016 09:00;45,67;46,1;44,56;45
18/07/2016 16:20;45,4;45,68;45,4;45,58
18/07/2016 13:00;45,47;45,68;45,4;45,44
18/07/2016 09:00;44,81;45,52;44,56;45,44
15/07/2016 16:20;44,32;44,64;44,32;44,6
15/07/2016 13:00;44,08;44,46;43,98;44,37
15/07/2016 09:00;43,78;44,22;43,61;43,99
14/07/2016 16:20;43,98;44,13;43,79;43,93
14/07/2016 13:00;44,24;44,26;43,98;44,07
14/07/2016 09:00;43,81;44,44;43,79;44,26
13/07/2016 16:20;43,4;43,79;43,4;43,74
13/07/2016 13:00;43,35;43,63;43,35;43,55
13/07/2016 09:00;42,8;43,45;42,71;43,35
12/07/2016 16:20;42,39;42,75;42,39;42,72
12/07/2016 13:00;41,85;42,34;41,85;42,34
12/07/2016 09:00;42,05;42,14;41,66;41,85
11/07/2016 16:20;42,38;42,58;42,38;42,38
11/07/2016 13:00;42,34;42,48;42,29;42,38
11/07/2016 09:00;42,52;42,8;42,19;42,3
08/07/2016 16:20;42,77;42,77;42,63;42,68
08/07/2016 13:00;42,53;42,72;42,43;42,72
08/07/2016 09:00;42,14;42,92;42,14;42,53
07/07/2016 16:20;41,04;41,84;41,03;41,8
07/07/2016 13:00;40,83;40,98;40,69;40,98
07/07/2016 09:00;39,66;41,27;39,66;40,83
06/07/2016 16:20;39,33;39,56;39,28;39,56
06/07/2016 13:00;39,19;39,43;39,13;39,36
06/07/2016 09:00;39,09;39,46;39;39,19
05/07/2016 16:20;39,21;39,38;39,14;39,14
05/07/2016 13:00;38,61;39,32;38,61;39,24
05/07/2016 09:00;38,77;39,33;38,36;38,65
04/07/2016 16:20;38,51;38,61;38,51;38,56
04/07/2016 13:00;38,56;38,61;38,46;38,51
04/07/2016 09:00;38,17;38,7;38,04;38,65
01/07/2016 16:20;38,56;38,61;38,53;38,53
01/07/2016 13:00;38,61;38,61;38,4;38,51
01/07/2016 09:00;38,65;38,95;38,41;38,61
30/06/2016 16:20;38,47;38,56;38,33;38,38
30/06/2016 13:00;38,95;38,95;38,32;38,51
30/06/2016 09:00;38,88;39,1;38,76;39,04
29/06/2016 16:20;39,53;39,72;39,28;39,28
29/06/2016 13:00;39,93;39,93;39,24;39,49
29/06/2016 09:00;40,24;40,35;39,93;39,93
28/06/2016 16:20;40,42;40,48;40,41;40,42
28/06/2016 13:00;40,32;40,45;40,21;40,4
28/06/2016 09:00;40,5;40,65;40,06;40,33
27/06/2016 16:20;39,79;39,87;39,77;39,77
27/06/2016 13:00;39,93;40,3;39,79;39,82
27/06/2016 09:00;39,05;40,11;39,05;39,91
24/06/2016 16:20;39,43;39,59;39,24;39,33
24/06/2016 13:00;38,89;39,09;38,8;39,09
24/06/2016 09:00;38,85;39,04;38,56;38,99
23/06/2016 16:20;39,16;39,24;39,14;39,14
23/06/2016 13:00;39,14;39,67;38,97;39,14
23/06/2016 09:00;38,66;39,41;38,61;39,04
22/06/2016 16:20;38,95;39,04;38,83;39,04
22/06/2016 13:00;38,96;39,04;38,8;38,81
22/06/2016 09:00;38,37;39,12;38,36;39,02
21/06/2016 16:20;38,88;38,97;38,67;38,75
21/06/2016 13:00;39,5;39,53;38,84;38,84
21/06/2016 09:00;39,86;39,99;39,33;39,51
20/06/2016 16:20;40,83;40,83;40,33;40,59
20/06/2016 13:00;40,83;40,93;40,79;40,87
20/06/2016 09:00;41,01;41,16;40,75;40,88
17/06/2016 16:20;41,37;41,76;41,37;41,56
17/06/2016 13:00;41,28;41,42;41,13;41,37
17/06/2016 09:00;40,99;41,42;40,8;41,36
16/06/2016 16:20;40,82;40,82;40,56;40,79
16/06/2016 13:00;40,93;40,95;40,7;40,85
16/06/2016 09:00;41,03;41,23;40,89;40,94
15/06/2016 16:20;41,56;41,57;41,31;41,51
15/06/2016 13:00;41,81;41,86;41,56;41,61
15/06/2016 09:00;41,76;41,87;41,47;41,78
14/06/2016 16:20;42,19;42,24;42,18;42,18
14/06/2016 13:00;42,14;42,29;42,05;42,19
14/06/2016 09:00;42,24;42,29;42,05;42,07
13/06/2016 16:20;42,3;42,48;42,3;42,34
13/06/2016 13:00;42,43;42,48;42,29;42,34
13/06/2016 09:00;42,29;42,62;42,05;42,43
10/06/2016 16:20;41,85;41,9;41,72;41,76
10/06/2016 13:00;42,11;42,19;41,77;41,93
10/06/2016 09:00;42,2;42,4;41,96;41,96
09/06/2016 16:20;41,95;42;41,85;41,95
09/06/2016 13:00;41,87;41,95;41,76;41,9
09/06/2016 09:00;42,14;42,19;41,76;41,87
08/06/2016 16:20;41,5;41,64;41,42;41,64
08/06/2016 13:00;41,66;41,79;41,18;41,45
08/06/2016 09:00;41,37;42,53;41,17;41,76
07/06/2016 16:20;41,08;41,17;41,08;41,11
07/06/2016 13:00;40,94;41,24;40,94;41,13
07/06/2016 09:00;41,04;41,26;40,5;40,94
06/06/2016 16:20;41,36;41,46;41,18;41,32
06/06/2016 13:00;41,46;41,46;41,32;41,38
06/06/2016 09:00;41,13;41,84;41,13;41,56
03/06/2016 16:20;40,88;40,99;40,79;40,98
03/06/2016 13:00;41,38;41,42;40,88;41,08
03/06/2016 09:00;41,76;41,76;40,55;41,37
02/06/2016 16:20;41,32;41,39;41,13;41,17
02/06/2016 13:00;41,76;41,83;41,25;41,32
02/06/2016 09:00;42,11;42,11;41,46;41,76
01/06/2016 16:20;41,66;41,95;41,56;41,78
01/06/2016 13:00;41,63;41,91;41,63;41,8
01/06/2016 09:00;41,51;41,76;41,17;41,61
31/05/2016 16:20;41,52;41,52;41,28;41,35
31/05/2016 13:00;41,1;41,56;40,98;41,56
31/05/2016 09:00;41,41;41,66;40,8;41,08
30/05/2016 16:20;40,88;41,14;40,69;41,03
30/05/2016 13:00;41,75;41,8;41;41,08
30/05/2016 09:00;42,43;42,5;41,37;41,75
27/05/2016 16:20;42,24;42,34;42,14;42,24
27/05/2016 13:00;42,29;42,34;42,24;42,29
27/05/2016 09:00;41,96;42,48;41,95;42,24
25/05/2016 16:20;41,76;41,84;41,71;41,76
25/05/2016 13:00;41,76;41,8;41,46;41,68
25/05/2016 09:00;40,63;41,99;40,63;41,8
24/05/2016 16:20;40,67;40,88;40,51;40,59
24/05/2016 13:00;40,65;40,74;40,51;40,55
24/05/2016 09:00;41,2;41,27;40,54;40,65
23/05/2016 16:20;41,45;41,62;40,93;41,26
23/05/2016 13:00;41,85;41,85;41,19;41,28
23/05/2016 09:00;42,42;42,97;40,94;41,9
20/05/2016 16:20;42,3;42,43;42,24;42,38
20/05/2016 13:00;42,99;43,01;42,55;42,68
20/05/2016 09:00;43,11;43,21;42,82;43
19/05/2016 16:20;43,21;43,35;43,11;43,22
19/05/2016 13:00;42,85;43,31;42,58;43,21
19/05/2016 09:00;43,13;43,69;42,86;42,88
18/05/2016 16:20;42,6;42,81;42,49;42,77
18/05/2016 13:00;42,36;42,6;42,34;42,58
18/05/2016 09:00;42,24;42,38;42,14;42,37
17/05/2016 16:20;42,05;42,14;42,01;42,05
17/05/2016 13:00;42,06;42,14;42;42,1
17/05/2016 09:00;42,28;42,29;41,66;42,06
16/05/2016 16:20;42,19;42,38;42,14;42,34
16/05/2016 13:00;42,14;42,33;41,96;42,25
16/05/2016 09:00;41,66;42,2;41,66;42,14
13/05/2016 16:20;41,37;41,51;41,37;41,51
13/05/2016 13:00;41,22;41,51;41,22;41,5
13/05/2016 09:00;40,93;41,24;40,93;41,22
12/05/2016 16:20;40,65;40,79;40,65;40,78
12/05/2016 13:00;40,62;40,66;40,54;40,65
12/05/2016 09:00;40,54;40,66;40,5;40,59
11/05/2016 16:20;40,21;40,35;40,01;40,35
11/05/2016 13:00;40,51;40,52;40,3;40,3
11/05/2016 09:00;40,68;40,68;40,42;40,52
10/05/2016 16:20;40,71;40,83;40,54;40,59
10/05/2016 13:00;40,51;40,79;40,45;40,66
10/05/2016 09:00;40,58;40,62;40,26;40,49
09/05/2016 16:20;40,31;40,4;40,25;40,4
09/05/2016 13:00;40,5;40,53;40,35;40,35
09/05/2016 09:00;40,3;40,54;40,3;40,5
06/05/2016 16:20;40,11;40,16;40,01;40,11
06/05/2016 13:00;40,15;40,21;40,11;40,11
06/05/2016 09:00;40,3;40,3;39,96;40,11
05/05/2016 16:20;40,06;40,3;39,74;40,3
05/05/2016 13:00;40,33;40,35;40,17;40,17
05/05/2016 09:00;40,16;40,38;40,11;40,33
04/05/2016 16:20;40,21;40,34;40,16;40,3
04/05/2016 13:00;40,01;40,29;39,98;40,21
04/05/2016 09:00;39,83;40,18;39,82;40,01
03/05/2016 16:20;40,06;40,19;40,01;40,11
03/05/2016 13:00;39,96;40,11;39,96;40,06
03/05/2016 09:00;40,01;40,18;39,89;39,99
02/05/2016 16:20;39,72;39,77;39,54;39,76
02/05/2016 13:00;39,77;39,82;39,65;39,67
02/05/2016 09:00;39,44;39,87;39,39;39,77
29/04/2016 16:20;39,63;39,72;39,63;39,67
29/04/2016 13:00;39,67;39,72;39,59;39,68
29/04/2016 09:00;39,62;39,88;39,39;39,67
28/04/2016 16:20;39,53;39,72;39,49;39,59
28/04/2016 13:00;39,43;39,57;39,36;39,57
28/04/2016 09:00;39,09;39,66;38,9;39,48
27/04/2016 16:20;38,97;39,04;38,85;39,02
27/04/2016 13:00;38,97;39,14;38,93;39,09
27/04/2016 09:00;38,9;39,32;38,9;38,9
26/04/2016 16:20;38,98;39,15;38,81;39,02
26/04/2016 13:00;38,8;38,95;38,8;38,95
26/04/2016 09:00;38,13;38,99;38,13;38,85
25/04/2016 16:20;38,7;38,83;38,47;38,79
25/04/2016 13:00;39,14;39,33;38,79;38,85
25/04/2016 09:00;38,27;39,19;38,26;39,14
22/04/2016 16:20;38,17;38,27;37,98;38,27
22/04/2016 13:00;38,64;38,66;38,05;38,18
22/04/2016 09:00;39,04;39,17;38,46;38,63
20/04/2016 16:20;39,33;39,58;39,33;39,48
20/04/2016 13:00;38,99;39,53;38,99;39,48
20/04/2016 09:00;38,56;39,02;38,46;38,99
19/04/2016 16:20;38,12;38,16;38,04;38,08
19/04/2016 13:00;37,85;38,16;37,82;38,12
19/04/2016 09:00;37,46;37,85;37,46;37,85
18/04/2016 16:20;37,3;37,3;37,26;37,26
18/04/2016 13:00;37,25;37,47;37,25;37,27
18/04/2016 09:00;36,95;37,24;36,95;37,22
15/04/2016 16:20;37,06;37,14;37,05;37,1
15/04/2016 13:00;37,17;37,22;37,11;37,22
15/04/2016 09:00;36,91;37,25;36,83;37,18
14/04/2016 16:20;37,26;37,43;36,97;37,34
14/04/2016 13:00;37,31;37,4;37,14;37,3
14/04/2016 09:00;36,98;37,49;36,98;37,3
13/04/2016 16:20;36,87;37,01;36,83;36,87
13/04/2016 13:00;36,9;36,92;36,71;36,82
13/04/2016 09:00;36,48;36,98;36,48;36,87
12/04/2016 16:20;36,36;36,38;36,14;36,24
12/04/2016 13:00;36,66;36,71;36,28;36,39
12/04/2016 09:00;36,48;36,9;36,48;36,78
11/04/2016 16:20;36,98;36,98;36,74;36,79
11/04/2016 13:00;37,06;37,1;36,86;36,98
11/04/2016 09:00;36,63;37,17;36,63;37,04
08/04/2016 16:20;36,75;36,78;36,48;36,63
08/04/2016 13:00;36,55;36,61;36,48;36,51
08/04/2016 09:00;36,32;36,74;36,32;36,55
07/04/2016 16:20;36,4;36,4;36,29;36,32
07/04/2016 13:00;36,46;36,47;36,28;36,33
07/04/2016 09:00;36,18;36,51;36,1;36,44
06/04/2016 16:20;35,86;36,04;35,86;35,95
06/04/2016 13:00;36,21;36,24;35,93;36,08
06/04/2016 09:00;36;36,4;36;36,18
05/04/2016 16:20;36,18;36,38;36,15;36,28
05/04/2016 13:00;36,44;36,44;36,24;36,36
05/04/2016 09:00;36,46;36,46;35,81;36,44
04/04/2016 16:20;36,4;36,71;36,4;36,59
04/04/2016 13:00;36,4;36,55;36,24;36,51
04/04/2016 09:00;35,54;36,46;35,54;36,4
01/04/2016 16:20;35,4;35,46;35,34;35,38
01/04/2016 13:00;35,38;35,53;35,31;35,31
01/04/2016 09:00;35,3;35,76;35,23;35,38
31/03/2016 16:20;35,24;35,29;34,95;35,02
31/03/2016 13:00;35,77;35,77;35,02;35,27
31/03/2016 09:00;35,97;35,97;35,53;35,77
30/03/2016 16:20;36,08;36,15;35,97;36,08
30/03/2016 13:00;35,97;36,18;35,97;36,08
30/03/2016 09:00;35,71;36,13;35,71;36
29/03/2016 16:20;35,9;36,08;35,82;36,08
29/03/2016 13:00;36,36;36,44;35,93;36
29/03/2016 09:00;36,16;36,55;36,16;36,36
28/03/2016 16:20;36,01;36,04;35,97;36,04
28/03/2016 13:00;35,53;36,08;35,49;36,02
28/03/2016 09:00;35,65;35,73;35,46;35,53
24/03/2016 16:20;36,08;36,08;35,93;36
24/03/2016 13:00;36;36,2;35,93;36,07
24/03/2016 09:00;36,08;36,08;35,63;36
23/03/2016 16:20;35,97;36,24;35,89;36
23/03/2016 13:00;36,38;36,43;35,93;36
23/03/2016 09:00;36,37;36,61;36,32;36,4
22/03/2016 16:20;35,73;35,99;35,73;35,91
22/03/2016 13:00;35,31;35,68;35,27;35,68
22/03/2016 09:00;34,91;35,61;34,76;35,31
21/03/2016 16:20;34,82;35,02;34,71;34,79
21/03/2016 13:00;34,47;34,83;34,36;34,71
21/03/2016 09:00;34,2;34,66;33,85;34,44
18/03/2016 16:20;33,86;34;33,74;34
18/03/2016 13:00;34,36;34,36;33,93;33,96
18/03/2016 09:00;34,59;34,67;34,18;34,33
17/03/2016 16:20;34,67;34,75;34,59;34,71
17/03/2016 13:00;34,79;34,98;34,61;34,66
17/03/2016 09:00;35,57;35,57;34,61;34,83
16/03/2016 16:20;35,59;35,59;35,46;35,49
16/03/2016 13:00;35,77;35,77;35,61;35,62
16/03/2016 09:00;35,42;35,9;35,42;35,77
15/03/2016 16:20;35,14;35,3;35,14;35,3
15/03/2016 13:00;35,13;35,25;35,05;35,18
15/03/2016 09:00;35,06;35,21;34,95;35,13
14/03/2016 16:20;34,76;34,98;34,73;34,83
14/03/2016 13:00;34,87;34,95;34,63;34,67
14/03/2016 09:00;35,21;35,21;34,56;34,87
11/03/2016 16:20;35,49;35,61;35,31;35,42
11/03/2016 13:00;35,64;35,76;35,23;35,41
11/03/2016 09:00;35,29;36;35,06;35,61
10/03/2016 16:20;34,75;34,83;34,67;34,74
10/03/2016 13:00;34,52;34,74;34,51;34,66
10/03/2016 09:00;34,51;34,62;34,43;34,51
09/03/2016 16:20;34,24;34,36;33,93;34,36
09/03/2016 13:00;34,37;34,39;34,14;34,29
09/03/2016 09:00;34,36;34,51;34,24;34,35
08/03/2016 16:20;34,11;34,26;34,08;34,2
08/03/2016 13:00;34,16;34,19;34,03;34,15
08/03/2016 09:00;33,96;34,18;33,93;34,16
07/03/2016 16:20;33,73;33,77;33,69;33,73
07/03/2016 13:00;33,68;33,77;33,65;33,67
07/03/2016 09:00;33,64;33,73;33,46;33,65
04/03/2016 16:20;33,57;33,71;33,45;33,65
04/03/2016 13:00;33,63;33,63;33,11;33,39
04/03/2016 09:00;33,93;34,04;33,35;33,65
03/03/2016 16:20;33,96;34,24;33,96;34,16
03/03/2016 13:00;33,89;34,18;33,85;33,93
03/03/2016 09:00;34,04;34,04;33,73;33,89
02/03/2016 16:20;33,73;33,75;33,67;33,75
02/03/2016 13:00;33,61;33,85;33,58;33,67
02/03/2016 09:00;33,42;33,71;33,4;33,61
01/03/2016 16:20;33,18;33,18;32,96;33,05
01/03/2016 13:00;33,03;33,06;32,88;33,02
01/03/2016 09:00;32,97;33,15;32,67;33,05
29/02/2016 16:20;33,08;33,08;33,05;33,08
29/02/2016 13:00;32,8;33,03;32,72;33,02
29/02/2016 09:00;32,67;32,82;32,63;32,76
26/02/2016 16:20;32,79;32,85;32,69;32,85
26/02/2016 13:00;32,83;32,87;32,71;32,78
26/02/2016 09:00;32,75;32,9;32,75;32,82
25/02/2016 16:20;32,67;32,75;32,6;32,75
25/02/2016 13:00;32,74;32,92;32,69;32,78
25/02/2016 09:00;32,74;32,81;32,67;32,73
24/02/2016 16:20;32,56;32,6;32,46;32,51
24/02/2016 13:00;32,41;32,59;32,4;32,52
24/02/2016 09:00;32,14;32,45;32,07;32,33
23/02/2016 16:20;32;32;31,99;32
23/02/2016 13:00;31,85;32,06;31,85;31,99
23/02/2016 09:00;31,51;31,95;31,47;31,85
22/02/2016 16:20;31,64;31,7;31,59;31,62
22/02/2016 13:00;31,96;31,96;31,55;31,56
22/02/2016 09:00;31,85;32,06;31,85;32
19/02/2016 16:20;31,85;31,85;31,58;31,7
19/02/2016 13:00;31,77;31,84;31,73;31,84
19/02/2016 09:00;31,69;31,88;31,58;31,77
18/02/2016 16:20;31,62;31,65;31,5;31,51
18/02/2016 13:00;31,4;31,58;31,4;31,51
18/02/2016 09:00;31,36;31,43;31,22;31,4
17/02/2016 16:20;31,64;31,85;31,51;31,54
17/02/2016 13:00;31,4;31,51;31,17;31,47
17/02/2016 09:00;31,5;31,58;31,22;31,4
16/02/2016 16:20;31,62;31,62;31,29;31,51
16/02/2016 13:00;31,81;31,88;31,66;31,66
16/02/2016 09:00;31,66;31,81;31,66;31,81
15/02/2016 16:20;31,62;31,68;31,61;31,68
15/02/2016 13:00;31,63;31,63;31,55;31,58
15/02/2016 09:00;31,58;31,91;31,58;31,66
12/02/2016 16:20;31,62;31,73;31,55;31,66
12/02/2016 13:00;31,25;31,52;31,17;31,49
12/02/2016 09:00;31,08;31,3;30,99;31,24
11/02/2016 16:20;30,78;30,87;30,72;30,84
11/02/2016 13:00;30,8;30,85;30,72;30,77
11/02/2016 09:00;30,33;30,95;30,33;30,8
10/02/2016 16:20;30,09;30,16;30,06;30,12
10/02/2016 13:00;30,72;30,72;30,2;30,2
05/02/2016 13:00;30,95;31,02;30,72;30,83
05/02/2016 09:00;30,81;30,99;30,76;30,95
04/02/2016 16:20;30,87;30,87;30,76;30,8
04/02/2016 13:00;31,02;31,02;30,77;30,87
04/02/2016 09:00;30,99;31,1;30,75;31,02
03/02/2016 16:20;30,9;31,02;30,8;30,86
03/02/2016 13:00;30,78;30,98;30,66;30,98
03/02/2016 09:00;30,9;30,9;30,61;30,76
02/02/2016 16:20;30,9;31;30,87;30,98
02/02/2016 13:00;30,91;31,09;30,84;30,9
02/02/2016 09:00;30,65;31,02;30,56;30,91
01/02/2016 16:20;30,36;30,47;30,27;30,4
01/02/2016 13:00;30,1;30,32;30;30,31
01/02/2016 09:00;29,75;30,24;29,68;30,09
29/01/2016 16:20;29,86;29,97;29,85;29,97
29/01/2016 13:00;29,9;29,97;29,79;29,82
29/01/2016 09:00;29,81;29,97;29,8;29,88
28/01/2016 16:20;29,97;30,03;29,84;29,88
28/01/2016 13:00;29,98;30,09;29,96;30,05
28/01/2016 09:00;30,13;30,18;29,97;30,01
27/01/2016 16:20;30,16;30,25;30,06;30,09
27/01/2016 13:00;30,08;30,09;29,92;30,08
27/01/2016 09:00;29,74;30,09;29,62;30,09
26/01/2016 16:20;29,82;29,82;29,71;29,71
26/01/2016 13:00;29,81;29,96;29,78;29,82
26/01/2016 09:00;30,12;30,12;29,7;29,82
22/01/2016 16:20;30,09;30,12;30;30,06
22/01/2016 13:00;30,57;30,57;30,06;30,12
22/01/2016 09:00;30,75;30,78;30,5;30,58
21/01/2016 16:20;30,58;30,76;30,57;30,63
21/01/2016 13:00;30,95;30,95;30,48;30,57
21/01/2016 09:00;30,75;31,17;30,72;30,92
20/01/2016 16:20;30,72;30,72;30,51;30,57
20/01/2016 13:00;31,02;31,1;30,63;30,72
20/01/2016 09:00;30,8;31,13;30,8;30,99
19/01/2016 16:20;30,99;30,99;30,84;30,87
19/01/2016 13:00;31,05;31,1;30,91;30,95
19/01/2016 09:00;30,98;31,17;30,91;31,06
18/01/2016 16:20;30,88;31,04;30,87;31,02
18/01/2016 13:00;30,86;30,87;30,8;30,87
18/01/2016 09:00;30,93;30,93;30,42;30,87
15/01/2016 16:20;31,1;31,1;30,95;31,02
15/01/2016 13:00;31,45;31,51;31,11;31,21
15/01/2016 09:00;31,34;31,73;31,32;31,47
14/01/2016 16:20;31,43;31,47;30,96;31,02
14/01/2016 13:00;31,43;31,62;31,39;31,43
14/01/2016 09:00;31,85;32;31,33;31,4
13/01/2016 16:20;32;32,03;31,97;31,97
13/01/2016 13:00;31,99;32;31,89;31,96
13/01/2016 09:00;31,49;31,97;31,49;31,97
12/01/2016 16:20;31,39;31,69;31,39;31,67
12/01/2016 13:00;31,17;31,55;31,14;31,4
12/01/2016 09:00;30,76;31,21;30,73;31,21
11/01/2016 16:20;30,39;30,58;30,39;30,57
11/01/2016 13:00;30,38;30,43;30,35;30,39
11/01/2016 09:00;30,16;30,46;30,16;30,38
08/01/2016 16:20;30,06;30,06;30,05;30,05
08/01/2016 13:00;29,89;30,12;29,89;30,01
08/01/2016 09:00;30,05;30,05;29,75;29,89
07/01/2016 16:20;30,18;30,27;30,13;30,2
07/01/2016 13:00;29,97;30,19;29,95;30,19
07/01/2016 09:00;29,75;30,05;29,72;29,91
06/01/2016 16:20;29,23;29,34;29,19;29,34
06/01/2016 13:00;28,95;29,3;28,95;29,23
06/01/2016 09:00;29,03;29,26;28,85;28,96
05/01/2016 16:20;28,93;29,04;28,92;29,04
05/01/2016 13:00;28,79;29,07;28,79;29,04
05/01/2016 09:00;28,55;28,7;28,45;28,7
04/01/2016 16:20;28,43;28,5;28,32;28,5
04/01/2016 13:00;28,32;28,4;28,29;28,38
04/01/2016 09:00;28,21;28,44;28,21;28,32
30/12/2015 16:20;27,9;27,95;27,9;27,9
30/12/2015 13:00;27,91;28,02;27,9;27,9
30/12/2015 09:00;27,65;28,02;27,64;27,95
29/12/2015 16:20;27,53;27,67;27,53;27,65
29/12/2015 13:00;27,44;27,5;27,42;27,49
29/12/2015 09:00;27,49;27,5;27,42;27,42
28/12/2015 16:20;27,46;27,46;27,35;27,35
28/12/2015 13:00;27,5;27,56;27,34;27,46
28/12/2015 09:00;27,5;27,5;27,47;27,47
23/12/2015 16:20;27,76;27,76;27,5;27,57
23/12/2015 13:00;27,6;27,62;27,57;27,57
23/12/2015 09:00;27,75;27,75;27,53;27,59
22/12/2015 16:20;27,72;27,72;27,72;27,72
22/12/2015 13:00;27,76;27,86;27,76;27,77
22/12/2015 09:00;27,72;28,07;27,72;27,76
21/12/2015 16:20;27,69;27,72;27,69;27,72
21/12/2015 13:00;27,71;27,8;27,66;27,66
21/12/2015 09:00;27,74;27,79;27,63;27,72
18/12/2015 16:20;27,87;27,87;27,79;27,8
18/12/2015 13:00;27,74;27,8;27,65;27,65
18/12/2015 09:00;27,46;27,72;27,46;27,72
17/12/2015 16:20;27,56;27,65;27,56;27,57
17/12/2015 13:00;27,46;27,48;27,4;27,46
17/12/2015 09:00;27,65;27,72;27,38;27,46
16/12/2015 16:20;27,65;27,68;27,53;27,62
16/12/2015 13:00;27,88;27,91;27,65;27,72
16/12/2015 09:00;27,8;27,95;27,65;27,93
15/12/2015 16:20;27,69;27,69;27,53;27,65
15/12/2015 13:00;27,68;27,75;27,65;27,68
15/12/2015 09:00;27,8;27,83;27,65;27,71
14/12/2015 16:20;27,76;27,76;27,66;27,66
14/12/2015 13:00;27,74;27,83;27,66;27,72
14/12/2015 09:00;27,36;27,86;27,36;27,68
11/12/2015 16:20;27,39;27,39;27,23;27,35
11/12/2015 13:00;27,41;27,42;27,35;27,38
11/12/2015 09:00;27,41;27,53;27,27;27,42
10/12/2015 16:20;27,12;27,34;27,12;27,31
10/12/2015 13:00;27;27,12;27;27,08
10/12/2015 09:00;27,05;27,1;26,97;27,04
09/12/2015 16:20;26,9;27,12;26,9;27,02
09/12/2015 13:00;26,88;27,02;26,79;26,9
09/12/2015 09:00;27,16;27,2;26,89;26,9
08/12/2015 16:20;26,84;26,9;26,78;26,81
08/12/2015 13:00;26,61;26,93;26,57;26,84
08/12/2015 09:00;26,52;26,87;26,31;26,63
07/12/2015 16:20;26,7;26,71;26,51;26,6
07/12/2015 13:00;26,99;27,04;26,6;26,69
07/12/2015 09:00;27,13;27,2;26,93;26,99
04/12/2015 16:20;27,29;27,34;26,91;27,34
04/12/2015 13:00;27,13;27,31;27,07;27,3
04/12/2015 09:00;27,2;27,29;27,12;27,15
03/12/2015 16:20;26,97;27,26;26,95;27,16
03/12/2015 13:00;26,93;27,05;26,9;26,97
03/12/2015 09:00;26,93;27,49;26,9;27,01
02/12/2015 16:20;27,12;27,12;27,01;27,08
02/12/2015 13:00;27,12;27,2;27,08;27,2
02/12/2015 09:00;27,18;27,27;27,05;27,08
01/12/2015 16:20;26,97;27,12;26,97;27,08
01/12/2015 13:00;26,9;26,97;26,78;26,97
01/12/2015 09:00;26,91;26,97;26,79;26,9
30/11/2015 16:20;26,82;27;26,82;26,93
30/11/2015 13:00;26,36;26,84;26,36;26,82
30/11/2015 09:00;26,18;26,45;26,14;26,29
27/11/2015 16:20;26,07;26,27;26,05;26,22
27/11/2015 13:00;26,09;26,12;25,93;26,02
27/11/2015 09:00;26,14;26,14;25,99;26,08
26/11/2015 13:00;26,23;26,25;26,17;26,22
26/11/2015 09:00;26,27;26,29;26,11;26,27
25/11/2015 16:20;26,37;26,41;26,32;26,36
25/11/2015 13:00;26,41;26,48;26,38;26,41
25/11/2015 09:00;26,29;26,52;26,29;26,41
24/11/2015 16:20;26,11;26,14;26,11;26,11
24/11/2015 13:00;26,19;26,29;26,18;26,25
24/11/2015 09:00;26,41;26,52;26,19;26,21
23/11/2015 16:20;26,36;26,51;26,36;26,42
23/11/2015 13:00;26,18;26,35;26,15;26,35
23/11/2015 09:00;25,96;26,37;25,96;26,16
19/11/2015 16:20;25,91;25,99;25,88;25,88
19/11/2015 13:00;25,84;25,92;25,78;25,91
19/11/2015 09:00;25,95;26,07;25,84;25,84
18/11/2015 16:20;26,15;26,2;25,95;26,14
18/11/2015 13:00;26,17;26,2;26,14;26,14
18/11/2015 09:00;26,32;26,32;26,11;26,18
17/11/2015 16:20;26,51;26,56;26,41;26,47
17/11/2015 13:00;26,52;26,63;26,49;26,49
17/11/2015 09:00;26,82;26,84;26,52;26,52
16/11/2015 16:20;26,82;26,85;26,82;26,82
16/11/2015 13:00;26,88;27,06;26,86;26,86
16/11/2015 09:00;26,78;26,97;26,77;26,93
13/11/2015 16:20;26,86;26,97;26,86;26,97
13/11/2015 13:00;26,93;27,04;26,93;26,97
13/11/2015 09:00;26,81;27,12;26,81;26,96
12/11/2015 16:20;26,71;26,8;26,6;26,75
12/11/2015 13:00;26,97;27,01;26,78;26,86
12/11/2015 09:00;26,84;27,12;26,75;27,12
11/11/2015 16:20;26,9;27,04;26,9;26,97
11/11/2015 13:00;26,78;27;26,73;26,86
11/11/2015 09:00;26,67;26,81;26,66;26,75
10/11/2015 16:20;27,01;27,06;26,89;26,93
10/11/2015 13:00;27,12;27,16;27,05;27,06
10/11/2015 09:00;27,2;27,28;27,05;27,16
09/11/2015 16:20;27,16;27,16;27,16;27,16
09/11/2015 13:00;27,2;27,21;27,1;27,16
09/11/2015 09:00;27,16;27,32;27,16;27,19
06/11/2015 16:20;27,16;27,16;27,08;27,12
06/11/2015 13:00;27,18;27,24;27,14;27,2
06/11/2015 09:00;27,05;27,24;26,93;27,2
05/11/2015 16:20;27,12;27,12;27,05;27,08
05/11/2015 13:00;27,18;27,23;27,12;27,16
05/11/2015 09:00;27,2;27,26;27,16;27,2
04/11/2015 16:20;27,28;27,28;27,13;27,2
04/11/2015 13:00;27,17;27,28;27,15;27,24
04/11/2015 09:00;27,28;27,28;27,09;27,13
03/11/2015 16:20;27,36;27,36;27,28;27,31
03/11/2015 13:00;27,46;27,46;27,24;27,28
03/11/2015 09:00;27,56;27,6;27,38;27,48
30/10/2015 16:20;27,52;27,52;27,51;27,51
30/10/2015 13:00;27,52;27,56;27,48;27,52
30/10/2015 09:00;27,4;27,67;27,4;27,51
29/10/2015 16:20;27,33;27,33;27,33;27,33
29/10/2015 13:00;27,44;27,48;27,32;27,46
29/10/2015 09:00;27,51;27,51;27,32;27,43
28/10/2015 16:20;27,57;27,76;27,39;27,39
28/10/2015 13:00;27,33;27,36;27,25;27,32
28/10/2015 09:00;27,36;27,44;27,3;27,32
27/10/2015 16:20;27,36;27,42;27,36;27,4
27/10/2015 13:00;27,38;27,4;27,32;27,4
27/10/2015 09:00;27,45;27,51;27,32;27,41
26/10/2015 16:20;27,55;27,63;27,44;27,48
26/10/2015 13:00;27,28;27,6;27,24;27,55
26/10/2015 09:00;27,09;27,36;27,05;27,28
23/10/2015 16:20;27,16;27,22;27,16;27,18
23/10/2015 13:00;27,24;27,28;27,17;27,22
23/10/2015 09:00;27,37;27,64;27,18;27,24
22/10/2015 16:20;27,56;27,63;27,52;27,6
22/10/2015 13:00;27,6;27,6;27,44;27,52
22/10/2015 09:00;27,52;27,76;27,46;27,56
21/10/2015 16:20;27,22;27,47;27,22;27,36
21/10/2015 13:00;27,13;27,25;27,12;27,18
21/10/2015 09:00;26,93;27,28;26,93;27,12
20/10/2015 16:20;26,82;26,88;26,82;26,85
20/10/2015 13:00;26,89;26,93;26,85;26,87
20/10/2015 09:00;26,94;26,95;26,79;26,89
19/10/2015 16:20;26,98;27;26,9;26,9
19/10/2015 13:00;26,97;27,08;26,93;26,97
19/10/2015 09:00;27,02;27,11;26,77;27,02
16/10/2015 16:20;26,77;27,32;26,74;27,12
16/10/2015 13:00;26,81;26,87;26,77;26,78
16/10/2015 09:00;26,96;26,97;26,73;26,79
15/10/2015 16:20;26,84;26,89;26,77;26,85
15/10/2015 13:00;27,05;27,05;26,86;26,89
15/10/2015 09:00;26,85;27,19;26,69;27,05
14/10/2015 16:20;27,08;27,12;26,97;27,05
14/10/2015 13:00;27,11;27,24;27,1;27,16
14/10/2015 09:00;27,28;27,36;27,05;27,11
13/10/2015 16:20;26,89;27,35;26,81;27,12
13/10/2015 13:00;26,77;26,91;26,73;26,77
13/10/2015 09:00;26,65;26,77;26,48;26,75
09/10/2015 16:20;26,66;26,74;26,66;26,73
09/10/2015 13:00;26,83;26,89;26,7;26,7
09/10/2015 09:00;26,81;27,01;26,77;26,89
08/10/2015 16:20;26,93;27,01;26,85;27
08/10/2015 13:00;27,09;27,2;26,98;27,03
08/10/2015 09:00;27,2;27,28;26,93;27,12
07/10/2015 16:20;27,12;27,27;27,08;27,11
07/10/2015 13:00;26,97;27,12;26,94;27,08
07/10/2015 09:00;27,05;27,05;26,81;26,97
06/10/2015 16:20;27,08;27,12;26,98;27,11
06/10/2015 13:00;27,12;27,24;27,08;27,08
06/10/2015 09:00;27,64;27,72;27,07;27,12
05/10/2015 16:20;27,45;27,45;27,44;27,45
05/10/2015 13:00;27,44;27,63;27,44;27,52
05/10/2015 09:00;27,53;27,92;27,34;27,44
02/10/2015 16:20;27,73;27,75;27,6;27,68
02/10/2015 13:00;28,16;28,16;27,8;27,8
02/10/2015 09:00;28,2;28,36;28,08;28,16
01/10/2015 16:20;28,28;28,47;28,28;28,46
01/10/2015 13:00;28,43;28,5;28,24;28,31
01/10/2015 09:00;28,19;28,55;28,1;28,42
30/09/2015 16:20;28,26;28,26;28,04;28,04
30/09/2015 13:00;28,45;28,45;28,02;28,32
30/09/2015 09:00;28,64;28,64;28,44;28,48
29/09/2015 16:20;28,56;28,72;28,56;28,72
29/09/2015 13:00;28,8;28,83;28,6;28,66
29/09/2015 09:00;28,59;28,99;28,48;28,77
28/09/2015 16:20;28,53;28,6;28,48;28,52
28/09/2015 13:00;28,2;28,48;28,19;28,4
28/09/2015 09:00;27,96;28,56;27,96;28,28
25/09/2015 16:20;27,9;28,06;27,84;28,06
25/09/2015 13:00;27,84;28,08;27,77;27,95
25/09/2015 09:00;27,85;28,3;27,69;27,85
24/09/2015 16:20;28,63;28,72;27,76;27,84
24/09/2015 13:00;28,92;29,03;28,64;28,77
24/09/2015 09:00;29,34;29,43;28,83;28,93
23/09/2015 16:20;28,78;29,03;28,62;29,03
23/09/2015 13:00;28,65;28,86;28,59;28,61
23/09/2015 09:00;28,08;28,78;28,08;28,65
22/09/2015 16:20;28,16;28,32;28,07;28,13
22/09/2015 13:00;28,39;28,44;28,16;28,39
22/09/2015 09:00;28,6;28,8;28,34;28,4
21/09/2015 16:20;28,66;28,76;28,56;28,6
21/09/2015 13:00;28,64;28,8;28,52;28,72
21/09/2015 09:00;28,17;28,76;28,06;28,64
18/09/2015 16:20;28,35;28,56;28,24;28,25
18/09/2015 13:00;27,47;28,32;27,46;28,3
18/09/2015 09:00;27,02;27,71;26,75;27,44
17/09/2015 16:20;27,2;27,2;27;27,08
17/09/2015 13:00;27,47;27,48;27,2;27,2
17/09/2015 09:00;27,56;27,82;27,28;27,47
16/09/2015 16:20;27,72;27,72;27,48;27,55
16/09/2015 13:00;27,97;28,04;27,67;27,71
16/09/2015 09:00;28,56;28,56;27,96;27,96
15/09/2015 16:20;28,59;28,59;28,52;28,56
15/09/2015 13:00;28,25;28,65;28,25;28,6
15/09/2015 09:00;28,19;28,32;28,17;28,29
14/09/2015 16:20;28,3;28,35;28,25;28,35
14/09/2015 13:00;28,29;28,34;28,27;28,32
14/09/2015 09:00;28,16;28,34;28,11;28,28
11/09/2015 16:20;28,11;28,22;28,11;28,11
11/09/2015 13:00;28,08;28,21;27,97;28,19
11/09/2015 09:00;28,02;28,15;28,02;28,03
10/09/2015 16:20;28,08;28,12;28,07;28,1
10/09/2015 13:00;27,98;28,13;27,88;28,12
10/09/2015 09:00;28,25;28,43;27,93;27,97
09/09/2015 16:20;28,11;28,11;27,97;28,02
09/09/2015 13:00;28;28,02;27,93;28,02
09/09/2015 09:00;28,02;28,08;27,91;27,98
08/09/2015 16:20;27,97;27,97;27,81;27,97
08/09/2015 13:00;28,12;28,12;27,94;27,97
08/09/2015 09:00;28,07;28,22;28,07;28,12
04/09/2015 16:20;28,25;28,25;28,17;28,18
04/09/2015 13:00;28,2;28,38;28,2;28,25
04/09/2015 09:00;28,43;28,44;28,14;28,2
03/09/2015 16:20;28,42;28,49;28,42;28,44
03/09/2015 13:00;28,44;28,52;28,38;28,46
03/09/2015 09:00;27,88;28,77;27,88;28,44
02/09/2015 16:20;28,39;28,44;28,28;28,35
02/09/2015 13:00;28,08;28,41;28,08;28,3
02/09/2015 09:00;27,86;28,25;27,86;28,08
01/09/2015 16:20;27,69;27,69;27,6;27,6
01/09/2015 13:00;27,7;27,83;27,65;27,75
01/09/2015 09:00;27,56;27,77;27,52;27,74
31/08/2015 16:20;27,6;27,65;27,53;27,6
31/08/2015 13:00;27,48;27,74;27,36;27,69
31/08/2015 09:00;27,23;27,67;27,13;27,5
28/08/2015 16:20;27,41;27,46;27,37;27,37
28/08/2015 13:00;27,25;27,38;27,18;27,32
28/08/2015 09:00;26,78;27,26;26,78;27,23
27/08/2015 16:20;26,95;26,98;26,95;26,95
27/08/2015 13:00;26,77;27,04;26,71;27,04
27/08/2015 09:00;27,09;27,14;26,68;26,76
26/08/2015 16:20;27,27;27,32;27,13;27,15
26/08/2015 13:00;27,27;27,37;27,18;27,32
26/08/2015 09:00;27,32;27,51;27,23;27,27
25/08/2015 16:20;27,06;27,32;26,97;27,32
25/08/2015 13:00;26,98;27,17;26,97;27,09
25/08/2015 09:00;26,99;27,46;26,95;26,98
24/08/2015 16:20;26,94;27,04;26,9;26,9
24/08/2015 13:00;26,95;26,95;26,86;26,94
24/08/2015 09:00;26,8;27,04;26,25;26,95
21/08/2015 16:20;26,73;26,98;26,73;26,85
21/08/2015 13:00;26,78;26,84;26,7;26,84
21/08/2015 09:00;26,52;26,95;26,4;26,79
20/08/2015 16:20;26,56;26,67;26,49;26,57
20/08/2015 13:00;26,15;26,57;26,13;26,48
20/08/2015 09:00;26,11;26,25;26,01;26,12
19/08/2015 16:20;26,06;26,11;26,02;26,09
19/08/2015 13:00;26,13;26,25;26,06;26,12
19/08/2015 09:00;25,78;26,15;25,74;26,12
18/08/2015 16:20;25,88;25,96;25,87;25,92
18/08/2015 13:00;25,87;25,94;25,78;25,92
18/08/2015 09:00;25,95;26,05;25,87;25,87
17/08/2015 16:20;25,99;26,08;25,97;25,99
17/08/2015 13:00;25,98;26,01;25,96;25,98
17/08/2015 09:00;26,11;26,11;25,95;25,97
14/08/2015 16:20;26,12;26,12;26,11;26,11
14/08/2015 13:00;26,11;26,15;26,04;26,15
14/08/2015 09:00;26,29;26,29;25,99;26,15
13/08/2015 16:20;26,28;26,39;26,28;26,39
13/08/2015 13:00;26,28;26,35;26,12;26,23
13/08/2015 09:00;25,5;26,35;25,5;26,25
12/08/2015 16:20;26,15;26,15;25,5;25,78
12/08/2015 13:00;26,99;26,99;26,11;26,15
12/08/2015 09:00;26,95;27,31;26,78;27,04
11/08/2015 16:20;26,97;27,22;26,82;26,82
11/08/2015 13:00;27,25;27,26;27,05;27,09
11/08/2015 09:00;27,46;27,63;27,24;27,24
10/08/2015 16:20;27,83;27,91;27,65;27,69
10/08/2015 13:00;27,79;27,88;27,74;27,87
10/08/2015 09:00;27,59;27,83;27,46;27,79
07/08/2015 16:20;27,16;27,23;27,16;27,23
07/08/2015 13:00;27,36;27,49;27,23;27,23
07/08/2015 09:00;27,12;27,51;26,98;27,32
06/08/2015 16:20;27,3;27,32;27,23;27,24
06/08/2015 13:00;27,56;27,56;27,14;27,35
06/08/2015 09:00;26,34;27,6;26,34;27,6
05/08/2015 16:20;26,34;26,39;26,25;26,29
05/08/2015 13:00;26,19;26,47;26,15;26,39
05/08/2015 09:00;25,74;26,34;25,6;26,15
04/08/2015 16:20;25,59;25,8;25,46;25,74
04/08/2015 13:00;25,58;25,74;25,53;25,58
04/08/2015 09:00;25,25;25,64;25,25;25,55
03/08/2015 16:20;25,16;25,22;25,08;25,18
03/08/2015 13:00;24,99;25,15;24,99;25,13
03/08/2015 09:00;24,99;25,18;24,93;25,04
31/07/2015 16:20;24,91;25,16;24,91;25,05
31/07/2015 13:00;24,89;25,07;24,89;24,99
31/07/2015 09:00;24,94;24,94;24,66;24,89
30/07/2015 16:20;25,03;25,04;24,93;24,94
30/07/2015 13:00;24,93;24,99;24,9;24,97
30/07/2015 09:00;24,56;24,97;24,56;24,9
29/07/2015 16:20;24,62;24,66;24,58;24,58
29/07/2015 13:00;24,64;24,66;24,55;24,66
29/07/2015 09:00;24,75;24,81;24,53;24,63
28/07/2015 16:20;24,99;24,99;24,89;24,94
28/07/2015 13:00;24,9;25,08;24,88;24,94
28/07/2015 09:00;24,75;25,07;24,72;24,9
27/07/2015 16:20;24,79;24,9;24,75;24,84
27/07/2015 13:00;25,01;25,04;24,82;24,85
27/07/2015 09:00;24,99;25,13;24,85;24,99
24/07/2015 16:20;25,27;25,5;25,27;25,32
24/07/2015 13:00;25,29;25,41;25,29;25,36
24/07/2015 09:00;25,47;25,78;25,27;25,28
23/07/2015 16:20;25,53;25,78;25,42;25,47
23/07/2015 13:00;25,25;25,53;25,23;25,53
23/07/2015 09:00;24,95;25,46;24,92;25,26
22/07/2015 16:20;25,17;25,18;25;25,06
22/07/2015 13:00;25,13;25,22;25,04;25,12
22/07/2015 09:00;24,72;25,18;24,72;25,14
21/07/2015 16:20;24,93;24,94;24,82;24,82
21/07/2015 13:00;24,91;25,07;24,9;25
21/07/2015 09:00;25,2;25,26;24,83;24,97
20/07/2015 16:20;25,14;25,22;25,11;25,18
20/07/2015 13:00;25,4;25,4;25,13;25,18
20/07/2015 09:00;25,55;25,64;25,3;25,45
17/07/2015 16:20;25,66;25,83;25,66;25,83
17/07/2015 13:00;25,74;25,78;25,64;25,74
17/07/2015 09:00;25,82;25,87;25,55;25,73
16/07/2015 16:20;25,88;25,98;25,87;25,97
16/07/2015 13:00;26;26,01;25,74;25,88
16/07/2015 09:00;26,06;26,15;25,92;25,97
15/07/2015 16:20;25,82;25,83;25,74;25,75
15/07/2015 13:00;26,01;26,02;25,8;25,84
15/07/2015 09:00;26,01;26,11;25,79;26,01
14/07/2015 16:20;25,94;25,94;25,74;25,78
14/07/2015 13:00;26,08;26,14;25,93;25,94
14/07/2015 09:00;26,39;26,39;26,01;26,08
13/07/2015 16:20;26,67;26,67;26,34;26,57
13/07/2015 13:00;26,37;26,65;26,34;26,65
13/07/2015 09:00;26,57;26,67;26,22;26,39
10/07/2015 16:20;26,62;26,67;26,57;26,57
10/07/2015 13:00;26,43;26,67;26,2;26,57
10/07/2015 09:00;26,31;26,53;26,29;26,43
08/07/2015 16:20;26,15;26,33;25,97;26,29
08/07/2015 13:00;26,24;26,39;26,07;26,11
08/07/2015 09:00;25,62;26,45;25,62;26,24
07/07/2015 16:20;25,47;25,6;25,46;25,5
07/07/2015 13:00;25,1;25,55;25,1;25,46
07/07/2015 09:00;25,26;25,63;24,89;25,15
06/07/2015 16:20;25,93;25,93;25,28;25,45
06/07/2015 13:00;26,18;26,29;25,97;25,97
06/07/2015 09:00;25,94;26,2;25,93;26,17
03/07/2015 16:20;26,54;26,54;26,44;26,46
03/07/2015 13:00;26,42;26,67;26,42;26,54
03/07/2015 09:00;26,35;26,43;26,25;26,39
02/07/2015 16:20;26,39;26,43;26,39;26,43
02/07/2015 13:00;26,25;26,42;26,25;26,39
02/07/2015 09:00;26,39;26,43;25,97;26,29
01/07/2015 16:20;26,39;26,43;26,34;26,39
01/07/2015 13:00;26,06;26,48;26,01;26,39
01/07/2015 09:00;26,01;26,53;25,87;26,01
30/06/2015 16:20;26,24;26,25;26,06;26,08
30/06/2015 13:00;25,18;26,19;25,18;26,11
30/06/2015 09:00;25,4;25,41;25;25,13
29/06/2015 16:20;25,31;25,58;25,12;25,53
29/06/2015 13:00;25,8;25,8;25,36;25,36
29/06/2015 09:00;25,97;26,25;25,74;25,83
26/06/2015 16:20;25,59;25,59;25,41;25,49
26/06/2015 13:00;25,46;25,61;25,42;25,59
26/06/2015 09:00;24,99;25,68;24,99;25,46
25/06/2015 16:20;24,63;24,9;24,62;24,88
25/06/2015 13:00;24,37;24,62;24,37;24,62
25/06/2015 09:00;24,02;24,43;23,96;24,33
24/06/2015 16:20;24,06;24,06;23,98;24,01
24/06/2015 13:00;24,15;24,23;24,05;24,06
24/06/2015 09:00;23,94;24,2;23,83;24,15
23/06/2015 16:20;23,98;24,03;23,97;24,02
23/06/2015 13:00;23,96;24,01;23,94;23,99
23/06/2015 09:00;23,87;24,01;23,82;23,96
22/06/2015 16:20;23,86;23,94;23,75;23,87
22/06/2015 13:00;23,73;23,87;23,69;23,84
22/06/2015 09:00;23,64;23,73;23,53;23,73
19/06/2015 16:20;23,67;23,78;23,64;23,7
19/06/2015 13:00;23,58;23,68;23,56;23,67
19/06/2015 09:00;23,68;23,68;23,53;23,56
18/06/2015 16:20;23,77;23,81;23,68;23,76
18/06/2015 13:00;23,64;23,77;23,59;23,77
18/06/2015 09:00;23,55;23,71;23,48;23,62
17/06/2015 16:20;23,66;23,69;23,59;23,69
17/06/2015 13:00;23,66;23,94;23,54;23,56
17/06/2015 09:00;23,67;23,73;23,54;23,64
16/06/2015 16:20;23,46;23,49;23,39;23,39
16/06/2015 13:00;23,31;23,53;23,31;23,48
16/06/2015 09:00;23,3;23,36;23,22;23,27
15/06/2015 16:20;23,19;23,26;23,18;23,25
15/06/2015 13:00;23,26;23,29;23,14;23,19
15/06/2015 09:00;23,36;23,36;23,22;23,26
12/06/2015 16:20;23,36;23,44;23,26;23,39
12/06/2015 13:00;23,45;23,47;23,36;23,36
12/06/2015 09:00;23,49;23,54;23,32;23,41
11/06/2015 16:20;23,36;23,48;23,36;23,37
11/06/2015 13:00;23,46;23,48;23,37;23,39
11/06/2015 09:00;23,45;23,64;23,4;23,49
10/06/2015 16:20;23,45;23,5;23,45;23,5
10/06/2015 13:00;23,3;23,5;23,25;23,45
10/06/2015 09:00;23,41;23,41;23,23;23,36
09/06/2015 16:20;23,66;23,66;23,48;23,59
09/06/2015 13:00;23,54;23,67;23,51;23,64
09/06/2015 09:00;23,69;23,82;23,5;23,54
08/06/2015 16:20;23,91;23,92;23,87;23,89
08/06/2015 13:00;23,87;23,91;23,8;23,87
08/06/2015 09:00;24,01;24,01;23,64;23,87
05/06/2015 16:20;23,74;23,85;23,65;23,74
05/06/2015 13:00;23,87;23,96;23,8;23,82
05/06/2015 09:00;23,59;24,14;23,59;23,83
03/06/2015 16:20;23,54;23,67;23,5;23,5
03/06/2015 13:00;23,5;23,57;23,4;23,54
03/06/2015 09:00;23,51;23,52;23,33;23,48
02/06/2015 16:20;23,59;23,67;23,59;23,59
02/06/2015 13:00;23,59;23,68;23,53;23,59
02/06/2015 09:00;23,4;23,59;23,36;23,59
01/06/2015 16:20;23,42;23,48;23,34;23,34
01/06/2015 13:00;23,39;23,5;23,38;23,41
01/06/2015 09:00;23,36;23,54;23,23;23,37
29/05/2015 16:20;23,54;23,54;23,48;23,52
29/05/2015 13:00;23,63;23,68;23,53;23,6
29/05/2015 09:00;23,67;23,68;23,5;23,59
28/05/2015 16:20;23,62;23,62;23,5;23,59
28/05/2015 13:00;23,39;23,72;23,39;23,59
28/05/2015 09:00;23,4;23,52;23,2;23,4
27/05/2015 16:20;23,5;23,5;23,27;23,36
27/05/2015 13:00;24,06;24,06;23,46;23,5
27/05/2015 09:00;23,98;24,19;23,97;24,06
26/05/2015 16:20;24,38;24,38;24,06;24,08
26/05/2015 13:00;24,4;24,43;24,29;24,39
26/05/2015 09:00;24,44;24,57;24,38;24,4
25/05/2015 16:20;24,58;24,58;24,43;24,43
25/05/2015 13:00;24,52;24,62;24,5;24,62
25/05/2015 09:00;24,34;24,66;24,25;24,52
22/05/2015 16:20;24,43;24,59;24,39;24,52
22/05/2015 13:00;24,29;24,43;24,22;24,38
22/05/2015 09:00;24,24;24,51;24,2;24,29
21/05/2015 16:20;24,09;24,13;24,01;24,1
21/05/2015 13:00;24,15;24,2;24,03;24,09
21/05/2015 09:00;23,9;24,2;23,79;24,15
20/05/2015 16:20;23,8;23,92;23,8;23,84
20/05/2015 13:00;23,92;23,92;23,73;23,87
20/05/2015 09:00;23,84;24,24;23,8;23,94
19/05/2015 16:20;23,92;24,05;23,92;24,01
19/05/2015 13:00;23,73;23,89;23,71;23,89
19/05/2015 09:00;23,84;23,94;23,68;23,75
18/05/2015 16:20;23,94;24,06;23,82;23,86
18/05/2015 13:00;23,76;24,05;23,74;23,94
18/05/2015 09:00;23,4;23,87;23,4;23,75
15/05/2015 16:20;23,31;23,43;23,31;23,43
15/05/2015 13:00;23,52;23,54;23,31;23,36
15/05/2015 09:00;23,61;24,1;23,42;23,5
14/05/2015 16:20;23,66;23,73;23,64;23,67
14/05/2015 13:00;23,45;23,74;23,45;23,65
14/05/2015 09:00;23,22;23,57;23,18;23,45
13/05/2015 16:20;23,26;23,29;23,2;23,25
13/05/2015 13:00;23,3;23,3;23,16;23,24
13/05/2015 09:00;23,22;23,39;23,17;23,26
12/05/2015 16:20;23,22;23,31;23,19;23,31
12/05/2015 13:00;23,15;23,37;23,15;23,24
12/05/2015 09:00;23,41;23,64;23,03;23,12
11/05/2015 16:20;23,59;23,59;23,38;23,45
11/05/2015 13:00;23,62;23,74;23,61;23,62
11/05/2015 09:00;23,68;23,78;23,54;23,62
08/05/2015 16:20;23,8;23,83;23,64;23,68
08/05/2015 13:00;23,82;23,82;23,78;23,8
08/05/2015 09:00;23,68;23,94;23,68;23,8
07/05/2015 16:20;23,83;23,87;23,82;23,87
07/05/2015 13:00;23,86;23,92;23,74;23,84
07/05/2015 09:00;24,12;24,29;23,82;23,83
06/05/2015 16:20;24,06;24,1;24,01;24,08
06/05/2015 13:00;24,06;24,08;24,01;24,06
06/05/2015 09:00;24,05;24,12;23,87;24,06
05/05/2015 16:20;23,95;24,1;23,87;23,92
05/05/2015 13:00;24,13;24,14;23,9;23,93
05/05/2015 09:00;24,35;24,48;24,07;24,15
04/05/2015 16:20;24,34;24,37;24,25;24,37
04/05/2015 13:00;24,26;24,37;24,15;24,33
04/05/2015 09:00;24,06;24,46;23,83;24,26
30/04/2015 16:20;24,09;24,12;24,09;24,12
30/04/2015 13:00;24,16;24,18;24,08;24,14
30/04/2015 09:00;24;24,19;24;24,14
29/04/2015 16:20;24,05;24,09;23,95;24,05
29/04/2015 13:00;24,25;24,25;24,05;24,1
29/04/2015 09:00;24,25;24,43;24,16;24,28
28/04/2015 16:20;24,36;24,43;24,33;24,33
28/04/2015 13:00;24,56;24,61;24,38;24,41
28/04/2015 09:00;24,42;24,66;24,41;24,56
27/04/2015 16:20;24,44;24,51;24,41;24,47
27/04/2015 13:00;24,47;24,56;24,41;24,52
27/04/2015 09:00;24,47;24,71;24,44;24,47
24/04/2015 16:20;24,72;24,72;24,66;24,67
24/04/2015 13:00;24,73;24,81;24,71;24,76
24/04/2015 09:00;24,76;24,89;24,71;24,73
23/04/2015 16:20;24,8;24,84;24,68;24,74
23/04/2015 13:00;24,88;24,95;24,74;24,81
23/04/2015 09:00;24,72;25,09;24,67;24,9
22/04/2015 16:20;24,73;24,84;24,73;24,76
22/04/2015 13:00;24,78;24,88;24,73;24,75
22/04/2015 09:00;25,02;25,04;24,76;24,81
20/04/2015 16:20;25,05;25,06;24,9;25
20/04/2015 13:00;25,12;25,14;25,04;25,05
20/04/2015 09:00;25,27;25,32;25,04;25,14
17/04/2015 16:20;25,62;25,65;25,47;25,57
17/04/2015 13:00;25,41;25,55;25,34;25,54
17/04/2015 09:00;25,28;25,43;25,28;25,41
16/04/2015 16:20;25,16;25,32;25,14;25,29
16/04/2015 13:00;25,12;25,17;25,05;25,12
16/04/2015 09:00;25,17;25,19;24,91;25,16
15/04/2015 16:20;25,16;25,21;25,09;25,17
15/04/2015 13:00;25,29;25,29;25,19;25,21
15/04/2015 09:00;25,19;25,35;25,09;25,33
14/04/2015 16:20;25,33;25,42;25,33;25,42
14/04/2015 13:00;25,4;25,52;25,38;25,38
14/04/2015 09:00;25,4;25,57;25,29;25,4
13/04/2015 16:20;25,57;25,66;25,53;25,55
13/04/2015 13:00;25,66;25,7;25,54;25,55
13/04/2015 09:00;25,72;25,9;25,56;25,63
10/04/2015 16:20;25,77;25,84;25,69;25,78
10/04/2015 13:00;25,9;25,9;25,72;25,76
10/04/2015 09:00;26,07;26,14;25,8;25,92
09/04/2015 16:20;26,07;26,07;25,85;25,95
09/04/2015 13:00;26,1;26,23;26,06;26,06
09/04/2015 09:00;26,07;26,28;25,9;26,1
08/04/2015 16:20;26,08;26,09;25,95;25,99
08/04/2015 13:00;26,17;26,17;26,01;26,12
08/04/2015 09:00;26,15;26,28;26,09;26,14
07/04/2015 16:20;26,33;26,37;26,3;26,33
07/04/2015 13:00;26,37;26,47;26,33;26,38
07/04/2015 09:00;26,75;26,75;26,37;26,37
06/04/2015 16:20;26,86;26,89;26,76;26,79
06/04/2015 13:00;27,01;27,05;26,82;26,87
06/04/2015 09:00;26,9;27,16;26,8;27,02
02/04/2015 16:20;26,92;27,13;26,91;26,99
02/04/2015 13:00;26,93;26,97;26,81;26,89
02/04/2015 09:00;26,85;26,94;26,76;26,9
01/04/2015 16:20;26,8;26,87;26,8;26,82
01/04/2015 13:00;26,93;26,98;26,76;26,79
01/04/2015 09:00;27,2;27,21;26,93;26,93
31/03/2015 16:20;27,03;27,03;26,9;26,92
31/03/2015 13:00;27,47;27,47;27,02;27,03
31/03/2015 09:00;27,33;27,62;27,33;27,51
30/03/2015 16:20;27,37;27,51;27,35;27,43
30/03/2015 13:00;27,22;27,37;27,18;27,35
30/03/2015 09:00;27,13;27,28;27,13;27,18
27/03/2015 16:20;26,99;27,04;26,92;27,03
27/03/2015 13:00;27,02;27,07;26,92;27
27/03/2015 09:00;26,8;27,18;26,75;27,03
26/03/2015 16:20;26,75;26,75;26,74;26,75
26/03/2015 13:00;26,76;26,89;26,73;26,84
26/03/2015 09:00;26,96;26,96;26,75;26,76
25/03/2015 16:20;26,9;26,98;26,9;26,9
25/03/2015 13:00;26,72;26,93;26,72;26,9
25/03/2015 09:00;26,75;26,8;26,61;26,71
24/03/2015 16:20;26,82;26,82;26,74;26,79
24/03/2015 13:00;26,96;26,96;26,76;26,83
24/03/2015 09:00;27,06;27,06;26,78;26,99
23/03/2015 16:20;27,2;27,2;27,12;27,15
23/03/2015 13:00;27,23;27,28;27,18;27,19
23/03/2015 09:00;27,64;27,64;27,13;27,19
20/03/2015 16:20;27,63;27,66;27,53;27,57
20/03/2015 13:00;27,64;27,66;27,5;27,56
20/03/2015 09:00;27,66;27,8;27,55;27,65
19/03/2015 16:20;27,56;27,56;27,43;27,55
19/03/2015 13:00;27,51;27,55;27,42;27,51
19/03/2015 09:00;27,35;27,51;27,34;27,51
18/03/2015 16:20;27,34;27,42;27,29;27,38
18/03/2015 13:00;27,32;27,37;27,27;27,28
18/03/2015 09:00;27,28;27,32;27,1;27,32
17/03/2015 16:20;27,36;27,41;27,28;27,28
17/03/2015 13:00;27,63;27,63;27,42;27,47
17/03/2015 09:00;27,8;27,8;27,59;27,66
16/03/2015 16:20;27,82;27,87;27,75;27,8
16/03/2015 13:00;27,99;27,99;27,75;27,86
16/03/2015 09:00;27,99;28,08;27,91;27,98
13/03/2015 16:20;28,13;28,19;28,08;28,18
13/03/2015 13:00;28,2;28,23;28,12;28,13
13/03/2015 09:00;27,96;28,31;27,95;28,23
12/03/2015 16:20;27,91;27,94;27,89;27,94
12/03/2015 13:00;27,97;27,97;27,89;27,89
12/03/2015 09:00;27,89;28,02;27,85;27,97
11/03/2015 16:20;27,9;27,99;27,9;27,99
11/03/2015 13:00;27,94;27,94;27,91;27,94
11/03/2015 09:00;27,94;28,04;27,94;27,94
10/03/2015 16:20;27,93;27,96;27,9;27,96
10/03/2015 13:00;27,96;27,96;27,9;27,93
10/03/2015 09:00;27,99;28,04;27,9;27,9
09/03/2015 16:20;27,94;28,02;27,8;27,98
09/03/2015 13:00;27,81;27,88;27,75;27,87
09/03/2015 09:00;27,66;27,9;27,61;27,85
06/03/2015 16:20;27,57;27,7;27,52;27,7
06/03/2015 13:00;27,75;27,8;27,47;27,59
06/03/2015 09:00;27,9;27,9;27,67;27,75
05/03/2015 16:20;28,03;28,03;27,93;27,96
05/03/2015 13:00;28,07;28,08;28,03;28,04
05/03/2015 09:00;28,13;28,18;28,02;28,07
04/03/2015 16:20;28,03;28,1;28,01;28,08
04/03/2015 13:00;28;28,05;27,94;28,05
04/03/2015 09:00;27,86;28,04;27,86;28,04
03/03/2015 16:20;27,94;28,04;27,94;27,98
03/03/2015 13:00;27,79;27,89;27,75;27,85
03/03/2015 09:00;27,85;27,9;27,69;27,78
02/03/2015 16:20;27,58;27,7;27,58;27,7
02/03/2015 13:00;27,48;27,6;27,46;27,53
02/03/2015 09:00;27,78;27,78;27,39;27,49
27/02/2015 16:20;27,91;27,99;27,91;27,99
27/02/2015 13:00;27,94;28,04;27,9;27,94
27/02/2015 09:00;28,13;28,26;27,87;27,94
26/02/2015 16:20;28,02;28,04;28;28,04
26/02/2015 13:00;27,91;28,04;27,82;28,02
26/02/2015 09:00;27,94;27,96;27,77;27,93
25/02/2015 16:20;27,89;27,98;27,85;27,94
25/02/2015 13:00;27,99;28,08;27,92;27,94
25/02/2015 09:00;28,04;28,11;27,94;28
24/02/2015 16:20;28,2;28,26;28,14;28,18
24/02/2015 13:00;28,06;28,17;28,01;28,17
24/02/2015 09:00;28,12;28,18;27,9;28,12
23/02/2015 16:20;27,61;27,89;27,61;27,89
23/02/2015 13:00;27,81;27,82;27,61;27,7
23/02/2015 09:00;28,02;28,13;27,78;27,82
20/02/2015 16:20;27,85;28,02;27,78;28,02
20/02/2015 13:00;27,9;27,93;27,81;27,87
20/02/2015 09:00;27,9;27,99;27,73;27,9
19/02/2015 16:20;27,85;27,99;27,82;27,98
19/02/2015 13:00;27,78;27,83;27,69;27,82
19/02/2015 09:00;27,52;27,84;27,47;27,8
18/02/2015 16:20;27,41;27,56;27,4;27,55
18/02/2015 13:00;27,1;27,47;27,1;27,4
13/02/2015 16:20;26,95;27,05;26,95;27,01
13/02/2015 13:00;27,05;27,09;26,93;26,95
13/02/2015 09:00;27,17;27,27;26,94;27,05
12/02/2015 16:20;27,15;27,23;27,14;27,23
12/02/2015 13:00;27,06;27,17;27,05;27,14
12/02/2015 09:00;27,36;27,38;27,01;27,06
11/02/2015 16:20;27,38;27,48;27,25;27,42
11/02/2015 13:00;27,38;27,52;27,29;27,38
11/02/2015 09:00;27,24;27,61;27,13;27,41
10/02/2015 16:20;27,43;27,51;27,33;27,51
10/02/2015 13:00;27,39;27,51;27,28;27,42
10/02/2015 09:00;27,37;27,56;27,28;27,38
09/02/2015 16:20;27,53;27,66;27,53;27,64
09/02/2015 13:00;27,34;27,55;27,3;27,52
09/02/2015 09:00;27,64;27,64;27,22;27,38
06/02/2015 16:20;27,75;27,75;27,6;27,66
06/02/2015 13:00;27,92;27,92;27,73;27,75
06/02/2015 09:00;27,87;28,03;27,85;27,9
05/02/2015 16:20;27,56;27,64;27,47;27,61
05/02/2015 13:00;27,73;27,74;27,59;27,61
05/02/2015 09:00;27,74;27,79;27,53;27,74
04/02/2015 16:20;27,61;27,61;27,4;27,52
04/02/2015 13:00;27,51;27,61;27,34;27,53
04/02/2015 09:00;27,22;27,6;27,22;27,49
03/02/2015 16:20;27,27;27,52;27,27;27,38
03/02/2015 13:00;26,67;27,18;26,67;27,14
03/02/2015 09:00;26,62;26,8;26,46;26,64
02/02/2015 16:20;26,58;26,67;26,45;26,66
02/02/2015 13:00;26,72;26,76;26,57;26,6
02/02/2015 09:00;26,81;26,95;26,53;26,72
30/01/2015 16:20;26,9;26,9;26,72;26,73
30/01/2015 13:00;26,76;26,81;26,71;26,81
30/01/2015 09:00;26,79;27,09;26,69;26,78
29/01/2015 16:20;26,53;26,7;26,06;26,67
29/01/2015 13:00;26,24;26,55;26,21;26,43
29/01/2015 09:00;26,1;26,6;25,96;26,24
28/01/2015 16:20;26,12;26,14;26,01;26,13
28/01/2015 13:00;26,22;26,24;26,1;26,15
28/01/2015 09:00;25,91;26,41;25,87;26,2
27/01/2015 16:20;26,1;26,15;25,98;26,11
27/01/2015 13:00;26,16;26,25;26,12;26,15
27/01/2015 09:00;25,96;26,42;25,91;26,16
26/01/2015 16:20;26,06;26,14;25,96;26,05
26/01/2015 13:00;26,31;26,31;26;26,03
26/01/2015 09:00;26,57;26,57;26,16;26,31
23/01/2015 16:20;26,62;26,71;26,53;26,71
23/01/2015 13:00;26,72;26,76;26,64;26,67
23/01/2015 09:00;26,91;26,91;26,68;26,76
22/01/2015 16:20;27,1;27,19;27,09;27,14
22/01/2015 13:00;27,13;27,22;27,05;27,16
22/01/2015 09:00;27,22;27,32;26,95;27,13
21/01/2015 16:20;27,33;27,33;27,23;27,3
21/01/2015 13:00;27,34;27,43;27,23;27,29
21/01/2015 09:00;27,61;27,66;27,33;27,38
20/01/2015 16:20;27,72;27,85;27,69;27,75
20/01/2015 13:00;27,9;27,9;27,61;27,72
20/01/2015 09:00;28,27;28,31;27,88;27,89
19/01/2015 16:20;28,31;28,69;28,31;28,35
19/01/2015 13:00;28,13;28,41;28,13;28,19
19/01/2015 09:00;27,8;28,46;27,79;28,06
16/01/2015 16:20;28,13;28,13;27,94;28,04
16/01/2015 13:00;27,94;28,31;27,94;28,13
16/01/2015 09:00;27,67;28,59;27,67;27,92
15/01/2015 16:20;27,91;27,91;27,69;27,75
15/01/2015 13:00;28,01;28,03;27,79;27,94
15/01/2015 09:00;27,43;28,33;27,42;27,99
14/01/2015 16:20;27,41;27,56;27,4;27,55
14/01/2015 13:00;27,83;27,86;27,47;27,47
14/01/2015 09:00;28,13;28,23;27,75;27,85
13/01/2015 16:20;28,06;28,27;27,96;28,27
13/01/2015 13:00;28,86;28,86;28,13;28,13
13/01/2015 09:00;29,25;29,45;28,32;28,89
12/01/2015 16:20;29,06;29,08;29,06;29,08
12/01/2015 13:00;29,24;29,24;29,02;29,06
12/01/2015 09:00;29,22;29,44;29,13;29,29
09/01/2015 16:20;29,23;29,23;29,13;29,22
09/01/2015 13:00;29,32;29,32;29,09;29,09
09/01/2015 09:00;29,08;29,34;29,02;29,29
08/01/2015 16:20;29,13;29,13;28,99;29,04
08/01/2015 13:00;29,23;29,23;29,13;29,17
08/01/2015 09:00;29,29;29,33;29,18;29,23
07/01/2015 16:20;29,44;29,44;29,18;29,33
07/01/2015 13:00;29,52;29,54;29,39;29,41
07/01/2015 09:00;29,65;29,65;29,39;29,5
06/01/2015 16:20;29,8;29,83;29,76;29,79
06/01/2015 13:00;29,93;29,96;29,86;29,86
06/01/2015 09:00;30,35;30,35;29,92;29,93
05/01/2015 16:20;30,55;30,55;30,49;30,54
05/01/2015 13:00;30,48;30,59;30,44;30,55
05/01/2015 09:00;30,64;30,64;30,44;30,49
02/01/2015 13:00;30,7;30,8;30,63;30,7
02/01/2015 09:00;30,81;30,81;30,62;30,67
30/12/2014 16:20;30,7;30,86;30,7;30,86
30/12/2014 13:00;30,76;30,83;30,7;30,7
30/12/2014 09:00;30,82;30,86;30,74;30,77
29/12/2014 16:20;30,82;30,85;30,75;30,85
29/12/2014 13:00;30,83;30,88;30,7;30,81
29/12/2014 09:00;30,97;31,02;30,83;30,83
26/12/2014 16:20;30,85;31,03;30,82;31,03
26/12/2014 13:00;31,03;31,05;30,94;30,94
26/12/2014 09:00;30,92;31,2;30,92;31,02
23/12/2014 16:20;31,06;31,07;30,96;30,97
23/12/2014 13:00;31,17;31,17;31,03;31,07
23/12/2014 09:00;31,43;31,43;30,95;31,12
22/12/2014 16:20;31,33;31,43;31,33;31,38
22/12/2014 13:00;31,28;31,43;31,28;31,4
22/12/2014 09:00;31,49;31,59;31,12;31,26
19/12/2014 16:20;31,38;31,74;31,02;31,43
19/12/2014 13:00;31,35;31,58;31,2;31,37
19/12/2014 09:00;31,43;31,43;31,02;31,27
18/12/2014 16:20;30,95;31,36;30,92;31,13
18/12/2014 13:00;30,93;31,02;30,82;30,97
18/12/2014 09:00;31,13;31,13;30,84;30,93
17/12/2014 16:20;31,55;31,55;30,39;31,42
17/12/2014 13:00;31,7;31,83;31,55;31,59
17/12/2014 09:00;32,98;32,98;31,65;31,71
16/12/2014 16:20;32,81;33;32,81;32,93
16/12/2014 13:00;32,91;33,4;32,76;32,8
16/12/2014 09:00;31,97;33,02;31,97;33,01
15/12/2014 16:20;31,8;32,17;31,8;31,91
15/12/2014 13:00;31,49;31,91;31,49;31,8
15/12/2014 09:00;32,06;32,22;31,12;31,54
12/12/2014 16:20;31,83;32,48;31,75;32,12
12/12/2014 13:00;31,75;31,91;31,64;31,8
12/12/2014 09:00;31,43;31,8;31,4;31,75
11/12/2014 16:20;30,87;31,21;30,87;31,21
11/12/2014 13:00;31,12;31,23;30,75;30,77
11/12/2014 09:00;30,81;31,38;30,7;31,12
10/12/2014 16:20;30,23;30,57;30,23;30,57
10/12/2014 13:00;30,35;30,58;30,12;30,27
10/12/2014 09:00;30,16;30,69;30,16;30,35
09/12/2014 16:20;30,18;30,23;30,03;30,23
09/12/2014 13:00;29,98;30,17;29,86;30,17
09/12/2014 09:00;29,64;30,39;29,54;30,02
08/12/2014 16:20;29,51;29,6;29,37;29,6
08/12/2014 13:00;29,5;29,71;29,44;29,54
08/12/2014 09:00;29,14;29,5;29,14;29,5
05/12/2014 16:20;29,65;29,86;29,45;29,65
05/12/2014 13:00;29,66;29,81;29,55;29,71
05/12/2014 09:00;29,59;29,85;29,29;29,71
04/12/2014 16:20;29,78;30,07;29,56;29,65
04/12/2014 13:00;29,76;29,92;29,51;29,79
04/12/2014 09:00;29;30,07;28,97;29,76
03/12/2014 16:20;28,93;29,02;28,87;29,02
03/12/2014 13:00;29;29,09;28,93;28,98
03/12/2014 09:00;28,93;29,15;28,93;28,97
02/12/2014 16:20;29,51;29,51;29,34;29,38
02/12/2014 13:00;29,5;29,63;29,44;29,51
02/12/2014 09:00;29,59;29,59;29,34;29,5
01/12/2014 16:20;29,81;29,86;29,66;29,77
01/12/2014 13:00;30,04;30,04;29,86;29,98
01/12/2014 09:00;30,39;30,39;29,86;29,98
28/11/2014 16:20;30,59;30,6;30,23;30,58
28/11/2014 13:00;31,2;31,28;30,54;30,54
28/11/2014 09:00;30,28;31,43;30,03;31,21
27/11/2014 16:20;30,28;30,7;30,07;30,23
27/11/2014 13:00;30,12;30,36;30,09;30,21
27/11/2014 09:00;30,18;30,39;29,97;30,07
26/11/2014 16:20;30,47;30,6;30,28;30,39
26/11/2014 13:00;30,71;30,71;30,44;30,45
26/11/2014 09:00;30,91;31,02;30,7;30,71
25/11/2014 16:20;31,23;31,23;31,04;31,13
25/11/2014 13:00;31,68;31,78;31,13;31,17
25/11/2014 09:00;31,82;31,87;31,56;31,65
24/11/2014 16:20;32,21;32,22;31,76;31,83
24/11/2014 13:00;32,64;32,69;32,17;32,38
24/11/2014 09:00;32,89;32,89;32,56;32,64
21/11/2014 16:20;33,27;33,29;33,04;33,11
21/11/2014 13:00;33,48;33,53;33,35;33,35
21/11/2014 09:00;33,64;34,15;33,43;33,44
19/11/2014 16:20;33,67;33,83;33,58;33,78
19/11/2014 13:00;33,8;33,84;33,64;33,74
19/11/2014 09:00;33,53;33,9;33,53;33,81
18/11/2014 16:20;33,65;33,67;33,43;33,43
18/11/2014 13:00;34,21;34,21;33,64;33,67
18/11/2014 09:00;34,03;34,43;34,01;34,22
17/11/2014 16:20;34,14;34,37;34;34,17
17/11/2014 13:00;33,78;34,14;33,73;34,14
17/11/2014 09:00;33,43;33,94;33,27;33,79
14/11/2014 16:20;33,47;33,53;33,27;33,37
14/11/2014 13:00;33,48;33,64;33,43;33,47
14/11/2014 09:00;33,16;33,58;32,39;33,49
13/11/2014 16:20;33,43;33,62;33,43;33,46
13/11/2014 13:00;33,22;33,64;33,16;33,37
13/11/2014 09:00;33,72;33,9;32,48;33,22
12/11/2014 16:20;33,65;33,73;33,37;33,43
12/11/2014 13:00;33,66;33,66;33,28;33,61
12/11/2014 09:00;33,16;33,67;33,16;33,67
11/11/2014 16:20;32,77;32,89;32,75;32,75
11/11/2014 13:00;32,76;32,82;32,71;32,82
11/11/2014 09:00;32,9;33,01;32,68;32,68
10/11/2014 16:20;32,72;32,77;32,65;32,73
10/11/2014 13:00;32,71;32,89;32,65;32,71
10/11/2014 09:00;33,08;33,08;32,65;32,71
07/11/2014 16:20;33,06;33,07;32,78;32,95
07/11/2014 13:00;32,94;33,11;32,83;33,01
07/11/2014 09:00;32,53;33,23;32,53;32,95
06/11/2014 16:20;32,95;33,17;32,77;32,96
06/11/2014 13:00;32,46;33,41;32,46;32,84
06/11/2014 09:00;32,07;32,45;32,07;32,41
05/11/2014 16:20;31,94;32,06;31,82;31,94
05/11/2014 13:00;31,7;31,95;31,65;31,82
05/11/2014 09:00;31,63;31,73;31,29;31,7
04/11/2014 16:20;31,93;31,99;31,88;31,94
04/11/2014 13:00;31,71;31,94;31,7;31,94
04/11/2014 09:00;31,7;31,93;31,63;31,76
03/11/2014 16:20;31,64;31,76;31,52;31,7
03/11/2014 13:00;32;32,39;31,58;31,64
03/11/2014 09:00;32,4;32,4;31,82;31,96
31/10/2014 16:20;32,65;32,89;32,65;32,89
31/10/2014 13:00;32,7;32,83;32,65;32,71
31/10/2014 09:00;33,08;33,1;32,53;32,69
30/10/2014 16:20;33,71;33,73;33,3;33,36
30/10/2014 13:00;33,83;33,95;33,64;33,72
30/10/2014 09:00;34,79;34,79;33,25;33,72
29/10/2014 16:20;34,42;35,55;34,31;34,73
29/10/2014 13:00;33,92;33,92;33,92;33,92
29/10/2014 09:00;32,88;33,92;32,71;33,92
28/10/2014 16:20;32,19;32,65;32,19;32,53
28/10/2014 13:00;32,47;32,49;32,2;32,3
28/10/2014 09:00;32,65;32,65;32,38;32,47
27/10/2014 16:20;32,33;32,35;32,3;32,33
27/10/2014 13:00;32,21;32,47;32,12;32,27
27/10/2014 09:00;31,7;32,4;31,7;32,24
24/10/2014 16:20;31,54;31,58;31,42;31,48
24/10/2014 13:00;31,83;31,93;31,46;31,64
24/10/2014 09:00;32,41;32,53;31,83;31,83
23/10/2014 16:20;32,06;32,45;31,92;32,41
23/10/2014 13:00;31,31;32,18;31,26;32,18
23/10/2014 09:00;31,35;31,4;30,99;31,3
22/10/2014 16:20;31,45;31,45;31,29;31,35
22/10/2014 13:00;31,35;31,54;31,23;31,4
22/10/2014 09:00;31,11;31,46;30,87;31,35
21/10/2014 16:20;30,63;30,74;30,56;30,6
21/10/2014 13:00;30,74;30,78;30,57;30,57
21/10/2014 09:00;30,87;31,04;30,6;30,75
20/10/2014 16:20;30,72;30,81;30,69;30,69
20/10/2014 13:00;30,51;30,93;30,51;30,72
20/10/2014 09:00;30,63;30,86;30,38;30,57
17/10/2014 16:20;30,57;30,69;30,56;30,57
17/10/2014 13:00;30,53;30,75;30,48;30,63
17/10/2014 09:00;31,05;31,06;30,34;30,6
16/10/2014 16:20;30,99;31,23;30,87;31,23
16/10/2014 13:00;30,63;31,08;30,63;31,05
16/10/2014 09:00;30,75;31,05;30,4;30,63
15/10/2014 16:20;30,89;31,17;30,89;31,16
15/10/2014 13:00;30,99;31,11;30,93;30,99
15/10/2014 09:00;30,04;31,35;29,86;31
14/10/2014 16:20;29,86;30,03;29,78;30,03
14/10/2014 13:00;29,39;29,9;29,39;29,86
14/10/2014 09:00;29,43;29,56;29,27;29,37
13/10/2014 16:20;29,16;29,18;28,91;29,18
13/10/2014 13:00;28,85;29,21;28,77;29,15
13/10/2014 09:00;28,2;28,9;28,18;28,84
10/10/2014 16:20;28,51;28,73;28,29;28,38
10/10/2014 13:00;28,5;28,73;28,32;28,44
10/10/2014 09:00;28,42;28,48;28,14;28,44
09/10/2014 16:20;28,6;28,79;28,5;28,61
09/10/2014 13:00;28,32;28,56;28,31;28,5
09/10/2014 09:00;28,15;28,48;28,08;28,29
08/10/2014 16:20;27,84;28,14;27,78;28,02
08/10/2014 13:00;28,03;28,08;27,83;27,89
08/10/2014 09:00;27,57;28,15;27,52;28,08
07/10/2014 16:20;27,69;27,9;27,68;27,82
07/10/2014 13:00;27,64;27,78;27,62;27,68
07/10/2014 09:00;27,49;27,78;27,32;27,62
06/10/2014 16:20;27,5;27,55;27,43;27,49
06/10/2014 13:00;27,45;27,72;27,42;27,51
06/10/2014 09:00;27,13;27,49;26,98;27,44
03/10/2014 16:20;27,27;27,43;27,07;27,19
03/10/2014 13:00;27,38;27,38;27,2;27,25
03/10/2014 09:00;27,38;27,51;27,31;27,37
02/10/2014 16:20;27,21;27,39;27,21;27,28
02/10/2014 13:00;27,37;27,42;27,27;27,27
02/10/2014 09:00;27,31;27,42;27,19;27,4
01/10/2014 16:20;27,61;27,63;27,53;27,61
01/10/2014 13:00;27,62;27,78;27,46;27,57
01/10/2014 09:00;27,49;27,66;27,25;27,61
30/09/2014 16:20;27,55;27,71;27,55;27,66
30/09/2014 13:00;27,96;27,96;27,58;27,61
30/09/2014 09:00;28,19;28,2;27,96;27,96
29/09/2014 16:20;27,91;28,07;27,91;28,02
29/09/2014 13:00;27,9;28;27,85;27,91
29/09/2014 09:00;27,55;28,08;27,55;27,95
26/09/2014 16:20;27,55;27,55;27,49;27,52
26/09/2014 13:00;27,72;27,77;27,51;27,55
26/09/2014 09:00;27,78;27,83;27,5;27,75
25/09/2014 16:20;27,58;27,66;27,5;27,66
25/09/2014 13:00;27,57;27,65;27,5;27,58
25/09/2014 09:00;27,56;27,74;27,19;27,61
24/09/2014 16:20;27,61;27,77;27,55;27,66
24/09/2014 13:00;27,46;27,7;27,43;27,66
24/09/2014 09:00;27,33;27,55;27,3;27,44
23/09/2014 16:20;27,19;27,23;27,17;27,2
23/09/2014 13:00;27,39;27,45;27,2;27,2
23/09/2014 09:00;27,31;27,4;27,19;27,37
22/09/2014 16:20;27,14;27,31;27,08;27,31
22/09/2014 13:00;27,08;27,23;27,07;27,12
22/09/2014 09:00;27,25;27,3;27,07;27,08
19/09/2014 16:20;27,32;27,36;27,25;27,31
19/09/2014 13:00;27,4;27,46;27,27;27,32
19/09/2014 09:00;27,56;27,56;27,27;27,39
18/09/2014 16:20;27,72;27,82;27,66;27,78
18/09/2014 13:00;27,88;27,88;27,69;27,71
18/09/2014 09:00;27,84;28,14;27,74;27,9
17/09/2014 16:20;27,74;27,88;27,66;27,88
17/09/2014 13:00;27,78;27,84;27,72;27,75
17/09/2014 09:00;27,88;28;27,7;27,78
16/09/2014 16:20;28,06;28,14;28,06;28,14
16/09/2014 13:00;27,91;28,12;27,84;28,09
16/09/2014 09:00;27,94;28,26;27,88;27,9
15/09/2014 16:20;27,78;28,08;27,78;27,93
15/09/2014 13:00;27,9;28,08;27,88;27,89
15/09/2014 09:00;27,56;27,96;27,55;27,9
12/09/2014 16:20;27,7;27,84;27,7;27,72
12/09/2014 13:00;27,51;27,84;27,5;27,7
12/09/2014 09:00;27,36;27,64;27,25;27,55
11/09/2014 16:20;27,01;27,13;26,96;27,07
11/09/2014 13:00;27,2;27,23;26,9;27,07
11/09/2014 09:00;27,49;27,5;27,08;27,19
10/09/2014 16:20;27,24;27,4;27,24;27,28
10/09/2014 13:00;27,18;27,37;27,18;27,3
10/09/2014 09:00;26,83;27,31;26,73;27,17
09/09/2014 16:20;26,65;26,72;26,61;26,65
09/09/2014 13:00;26,76;26,87;26,7;26,83
09/09/2014 09:00;26,59;26,76;26,51;26,7
08/09/2014 16:20;26,42;26,5;26,4;26,5
08/09/2014 13:00;26,53;26,55;26,45;26,47
08/09/2014 09:00;26,58;26,64;26,45;26,53
05/09/2014 16:20;26,66;26,74;26,59;26,71
05/09/2014 13:00;26,65;26,7;26,58;26,66
05/09/2014 09:00;26,75;26,76;26,58;26,7
04/09/2014 16:20;28,05;28,1;27,98;27,98
04/09/2014 13:00;28,06;28,12;28,06;28,09
04/09/2014 09:00;28,19;28,3;28,06;28,06
03/09/2014 16:20;28,29;28,3;28,24;28,3
03/09/2014 13:00;28,39;28,44;28,26;28,28
03/09/2014 09:00;28,49;28,52;28,37;28,39
02/09/2014 16:20;28,61;28,72;28,61;28,66
02/09/2014 13:00;28,81;28,81;28,65;28,67
02/09/2014 09:00;28,93;28,93;28,75;28,81
01/09/2014 16:20;28,89;28,9;28,81;28,84
01/09/2014 13:00;29,04;29,06;28,88;28,94
01/09/2014 09:00;29,15;29,2;29,02;29,04
29/08/2014 16:20;29,39;29,39;29,21;29,26
29/08/2014 13:00;29,41;29,44;29,39;29,39
29/08/2014 09:00;29,45;29,52;29,27;29,4
28/08/2014 16:20;29,64;29,7;29,62;29,7
28/08/2014 13:00;29,75;29,77;29,61;29,61
28/08/2014 09:00;29,58;29,77;29,45;29,73
27/08/2014 16:20;29,67;29,75;29,58;29,7
27/08/2014 13:00;29,76;29,77;29,64;29,68
27/08/2014 09:00;29,82;29,84;29,52;29,71
26/08/2014 16:20;29,66;29,71;29,52;29,56
26/08/2014 13:00;29,77;29,9;29,71;29,75
26/08/2014 09:00;30,03;30,03;29,77;29,8
25/08/2014 16:20;29,94;30;29,9;29,95
25/08/2014 13:00;29,96;30,07;29,95;30,03
25/08/2014 09:00;30,03;30,16;29,79;29,96
22/08/2014 16:20;30,28;30,41;30,09;30,23
22/08/2014 13:00;29,86;30,28;29,86;30,28
22/08/2014 09:00;30,03;30,16;29,77;29,86
21/08/2014 16:20;29,66;30,4;29,64;30,03
21/08/2014 13:00;29,72;29,77;29,64;29,66
21/08/2014 09:00;29,62;29,84;29,62;29,77
20/08/2014 16:20;29,54;29,63;29,53;29,63
20/08/2014 13:00;29,64;29,71;29,59;29,61
20/08/2014 09:00;29,77;29,77;29,52;29,64
19/08/2014 16:20;29,84;29,89;29,79;29,79
19/08/2014 13:00;29,82;29,85;29,77;29,85
19/08/2014 09:00;29,71;29,86;29,71;29,81
18/08/2014 16:20;29,85;29,95;29,84;29,95
18/08/2014 13:00;29,81;29,9;29,77;29,84
18/08/2014 09:00;29,79;30,03;29,75;29,84
15/08/2014 16:20;29,89;30,03;29,87;29,98
15/08/2014 13:00;29,9;30,02;29,84;29,9
15/08/2014 09:00;29,67;30,03;29,61;29,91
14/08/2014 16:20;29,98;29,98;29,87;29,98
14/08/2014 13:00;29,9;30,07;29,9;29,98
14/08/2014 09:00;29,96;30,08;29,79;29,9
13/08/2014 16:20;30,21;30,25;30,21;30,23
13/08/2014 13:00;30,32;30,39;30,21;30,22
13/08/2014 09:00;30,26;30,4;30,14;30,35
12/08/2014 16:20;30,35;30,35;30,23;30,3
12/08/2014 13:00;30,16;30,54;29,96;30,22
12/08/2014 09:00;30,1;30,26;29,96;30,16
11/08/2014 16:20;30,25;30,35;30,04;30,16
11/08/2014 13:00;30,35;30,41;30,28;30,31
11/08/2014 09:00;30,79;30,79;30,03;30,36
08/08/2014 16:20;31,37;31,37;30,79;30,79
08/08/2014 13:00;31,5;31,55;31,31;31,36
08/08/2014 09:00;31,78;31,94;31,37;31,48
07/08/2014 16:20;31,54;31,8;31,54;31,8
07/08/2014 13:00;31,27;31,66;31,24;31,56
07/08/2014 09:00;31,48;31,8;31,14;31,27
06/08/2014 16:20;31,25;31,37;31,04;31,37
06/08/2014 13:00;31,24;31,27;31,18;31,25
06/08/2014 09:00;30,99;31,28;30,9;31,24
05/08/2014 16:20;31,24;31,31;31,05;31,31
05/08/2014 13:00;31,23;31,5;31,22;31,25
05/08/2014 09:00;31,24;31,28;30,86;31,19
04/08/2014 16:20;31,65;31,65;31,28;31,56
04/08/2014 13:00;31,7;31,8;31,59;31,64
04/08/2014 09:00;31,31;31,88;31,14;31,73
01/08/2014 16:20;31,01;31,36;30,96;31,18
01/08/2014 13:00;30,82;31,11;30,81;31
01/08/2014 09:00;30,28;31,5;30,28;30,79
31/07/2014 16:20;30,16;30,21;30,09;30,16
31/07/2014 13:00;30,19;30,23;29,96;30,03
31/07/2014 09:00;29,64;30,32;29,59;30,23
30/07/2014 16:20;29,67;29,77;29,67;29,77
30/07/2014 13:00;29,75;29,96;29,71;29,77
30/07/2014 09:00;29,57;29,87;29,48;29,72
29/07/2014 16:20;29,71;29,81;29,52;29,73
29/07/2014 13:00;30,07;30,09;29,71;29,72
29/07/2014 09:00;29,94;30,41;29,76;30,05
28/07/2014 16:20;30;30,18;29,96;30,02
28/07/2014 13:00;29,79;29,96;29,75;29,96
28/07/2014 09:00;29,33;29,99;29,26;29,8
25/07/2014 16:20;29,58;29,64;29,49;29,49
25/07/2014 13:00;29,67;29,75;29,45;29,58
25/07/2014 09:00;29,03;29,71;29,02;29,64
24/07/2014 16:20;29,1;29,17;29,01;29,13
24/07/2014 13:00;29,1;29,21;29,07;29,1
24/07/2014 09:00;29,15;29,45;29,01;29,1
23/07/2014 16:20;29,18;29,26;29,13;29,16
23/07/2014 13:00;29,01;29,26;29,01;29,16
23/07/2014 09:00;29,02;29,13;28,94;29,01
22/07/2014 16:20;29,13;29,2;29,13;29,13
22/07/2014 13:00;29,16;29,21;29,13;29,16
22/07/2014 09:00;29,07;29,21;29,07;29,13
21/07/2014 16:20;29,21;29,35;29,13;29,22
21/07/2014 13:00;29,26;29,31;29,08;29,21
21/07/2014 09:00;29,27;29,38;29,04;29,26
18/07/2014 16:20;29,52;29,58;29,47;29,47
18/07/2014 13:00;29,52;29,54;29,33;29,49
18/07/2014 09:00;29,68;29,68;29,47;29,53
17/07/2014 16:20;29,77;29,87;29,63;29,75
17/07/2014 13:00;29,99;30,03;29,77;29,77
17/07/2014 09:00;29,72;30,04;29,59;29,96
16/07/2014 16:20;29,79;29,84;29,77;29,79
16/07/2014 13:00;29,73;29,86;29,71;29,77
16/07/2014 09:00;29,67;29,82;29,61;29,77
15/07/2014 16:20;29,59;29,64;29,54;29,61
15/07/2014 13:00;29,67;29,8;29,63;29,73
15/07/2014 09:00;29,76;29,8;29,61;29,64
14/07/2014 16:20;29,9;30,09;29,9;29,96
14/07/2014 13:00;30,12;30,22;29,98;29,99
14/07/2014 09:00;29,9;30,27;29,64;30,09
11/07/2014 16:20;29,87;29,89;29,71;29,89
11/07/2014 13:00;29,79;29,9;29,71;29,87
11/07/2014 09:00;30,03;30,16;29,77;29,77
10/07/2014 16:20;30,19;30,32;29,77;29,98
10/07/2014 13:00;30,16;30,28;29,98;30,16
10/07/2014 09:00;29,5;30,41;29,33;30,14
08/07/2014 09:00;29,5;29,62;29,4;29,53
07/07/2014 16:20;29,58;29,79;29,54;29,54
07/07/2014 13:00;29,56;29,64;29,52;29,59
07/07/2014 09:00;29,63;29,9;29,52;29,58
04/07/2014 09:00;29,77;29,77;29,62;29,68
03/07/2014 16:20;30,02;30,04;29,9;29,96
03/07/2014 13:00;29,96;30,07;29,9;30,02
03/07/2014 09:00;29,94;30,35;29,9;29,96
02/07/2014 16:20;29,79;29,94;29,64;29,82
02/07/2014 13:00;29,7;29,9;29,66;29,77
02/07/2014 09:00;29,7;29,84;29,53;29,66
01/07/2014 16:20;29,89;29,95;29,86;29,86
01/07/2014 13:00;29,9;30,07;29,87;29,9
01/07/2014 09:00;30,18;30,25;29,84;29,9
30/06/2014 16:20;30,33;30,41;30,22;30,23
30/06/2014 13:00;31,2;31,2;30,39;30,44
30/06/2014 09:00;31,11;31,31;30,96;31,18
27/06/2014 16:20;31,11;31,11;30,99;31,05
27/06/2014 13:00;31,02;31,22;30,99;31,06
27/06/2014 09:00;30,97;31,11;30,9;31,05
26/06/2014 16:20;31,23;31,23;31,05;31,13
26/06/2014 13:00;31,25;31,52;31,2;31,2
26/06/2014 09:00;30,86;31,31;30,81;31,19
25/06/2014 16:20;30,92;30,95;30,79;30,86
25/06/2014 13:00;31,05;31,14;30,94;30,96
25/06/2014 09:00;31,14;31,14;30,87;31,02
24/06/2014 16:20;31,41;31,43;31,28;31,32
24/06/2014 13:00;31,46;31,59;31,32;31,37
24/06/2014 09:00;31,82;32,01;31,43;31,48
23/06/2014 09:00;32,14;32,97;31,83;32,11
20/06/2014 16:20;31,89;32,06;31,69;31,8
20/06/2014 13:00;31,82;31,88;31,65;31,88
20/06/2014 09:00;31,5;32,2;31,24;31,82
18/06/2014 16:20;31,4;31,45;31,25;31,43
18/06/2014 13:00;31,56;31,61;31,42;31,46
18/06/2014 09:00;31,17;31,68;31,05;31,51
17/06/2014 09:00;30,79;31,5;30,79;31,15
16/06/2014 16:20;31,17;31,24;31,11;31,23
16/06/2014 13:00;31,24;31,31;31,08;31,14
16/06/2014 09:00;31,34;31,5;31,18;31,22
13/06/2014 16:20;31,69;31,69;31,54;31,69
13/06/2014 13:00;31,94;32,01;31,75;31,75
13/06/2014 09:00;32,32;32,33;31,82;31,94
11/06/2014 16:20;32,1;32,2;32,05;32,07
11/06/2014 13:00;32,39;32,39;32,03;32,15
11/06/2014 09:00;32,28;32,63;32,26;32,43
10/06/2014 16:20;32,33;32,4;32,26;32,34
10/06/2014 13:00;32,69;32,69;32,35;32,35
10/06/2014 09:00;32,83;32,92;32,66;32,69
09/06/2014 16:20;32,86;32,89;32,6;32,83
09/06/2014 13:00;33,02;33,08;32,84;32,93
09/06/2014 09:00;33,35;33,4;32,97;33,01
06/06/2014 16:20;33,48;33,54;33,48;33,5
06/06/2014 13:00;33,45;33,66;33,45;33,54
06/06/2014 09:00;33,41;33,66;33,4;33,45
05/06/2014 16:20;33,45;33,48;33,45;33,48
05/06/2014 13:00;33,59;33,67;33,35;33,48
05/06/2014 09:00;33,81;33,96;33,54;33,55
04/06/2014 16:20;34,05;34,09;33,93;34,05
04/06/2014 13:00;34,04;34,09;34,01;34,08
04/06/2014 09:00;33,99;34,12;33,87;34,05
03/06/2014 16:20;34,05;34,12;33,93;33,98
03/06/2014 13:00;33,78;33,99;33,78;33,91
03/06/2014 09:00;33,75;34,03;33,67;33,76
02/06/2014 16:20;33,87;33,87;33,67;33,8
02/06/2014 13:00;34,09;34,09;33,93;33,99
02/06/2014 09:00;33,73;34,09;33,73;34,09
30/05/2014 16:20;33,8;33,9;33,8;33,81
30/05/2014 13:00;33,99;34,01;33,73;33,8
30/05/2014 09:00;34,12;34,18;33,93;33,99
29/05/2014 16:20;34,21;34,28;34,12;34,24
29/05/2014 13:00;34,18;34,31;34,14;34,22
29/05/2014 09:00;34,65;35,11;34,19;34,19
28/05/2014 16:20;34,5;34,5;34,46;34,5
28/05/2014 13:00;34,39;34,53;34,37;34,47
28/05/2014 09:00;34,5;34,58;34,37;34,39
27/05/2014 16:20;34,49;34,63;34,41;34,56
27/05/2014 13:00;34,51;34,56;34,45;34,5
27/05/2014 09:00;34,56;34,62;34,4;34,51
26/05/2014 16:20;34,93;34,95;34,87;34,95
26/05/2014 13:00;34,93;34,93;34,85;34,93
26/05/2014 09:00;34,88;35,27;34,77;34,93
23/05/2014 16:20;34,73;34,82;34,64;34,73
23/05/2014 13:00;34,77;34,78;34,65;34,73
23/05/2014 09:00;34,76;34,96;34,7;34,76
22/05/2014 16:20;34,83;34,99;34,77;34,88
22/05/2014 13:00;34,78;34,87;34,76;34,82
22/05/2014 09:00;34,63;34,95;34,63;34,78
21/05/2014 16:20;34,56;34,69;34,51;34,58
21/05/2014 13:00;34,56;34,63;34,5;34,51
21/05/2014 09:00;34,62;34,63;34,39;34,56
20/05/2014 16:20;34,69;34,76;34,65;34,76
20/05/2014 13:00;34,78;34,79;34,69;34,7
20/05/2014 09:00;35,09;35,11;34,74;34,76
19/05/2014 16:20;35,01;35,05;34,95;35,01
19/05/2014 13:00;35,15;35,15;35,01;35,01
19/05/2014 09:00;35,27;35,29;35,11;35,18
16/05/2014 16:20;35,37;35,48;35,37;35,46
16/05/2014 13:00;35,65;35,69;35,43;35,43
16/05/2014 09:00;35,52;35,65;35,39;35,65
15/05/2014 16:20;35,45;35,59;35,45;35,52
15/05/2014 13:00;35,43;35,5;35,33;35,46
15/05/2014 09:00;35,56;35,82;35,27;35,43
14/05/2014 16:20;35,46;35,55;35,46;35,54
14/05/2014 13:00;35,56;35,59;35,39;35,46
14/05/2014 09:00;35,71;35,88;35,39;35,54
13/05/2014 16:20;36,03;36,1;36,03;36,03
13/05/2014 13:00;36,06;36,16;36,01;36,05
13/05/2014 09:00;35,97;36,08;35,85;36,07
12/05/2014 16:20;36,2;36,31;35,79;35,94
12/05/2014 13:00;36,4;36,42;36,16;36,17
12/05/2014 09:00;36,63;36,74;36,29;36,38
09/05/2014 16:20;36,81;36,86;36,74;36,74
09/05/2014 13:00;37,06;37,21;36,86;36,93
09/05/2014 09:00;37,11;37,18;37,06;37,13
08/05/2014 16:20;37,18;37,23;37,12;37,18
08/05/2014 13:00;37,2;37,25;37,18;37,21
08/05/2014 09:00;37,13;37,27;37,06;37,18
07/05/2014 16:20;37,45;37,5;37,39;37,39
07/05/2014 13:00;37,36;37,44;37,31;37,44
07/05/2014 09:00;37,32;37,49;37,25;37,34
06/05/2014 16:20;37,31;37,38;37,31;37,31
06/05/2014 13:00;37,29;37,36;37,23;37,31
06/05/2014 09:00;37,25;37,35;37,12;37,26
05/05/2014 16:20;37,3;37,43;37,25;37,27
05/05/2014 13:00;37,22;37,3;37,18;37,27
05/05/2014 09:00;37,25;37,26;37,07;37,21
02/05/2014 16:20;37,14;37,39;37,14;37,26
02/05/2014 13:00;37;37,22;36,92;37,12
02/05/2014 09:00;37,29;37,29;36,9;36,98
30/04/2014 16:20;37,11;37,26;37,11;37,14
30/04/2014 13:00;37,12;37,14;37,06;37,11
30/04/2014 09:00;37,36;37,37;37,07;37,12
29/04/2014 16:20;37,65;37,67;37,54;37,54
29/04/2014 13:00;37,41;37,54;37,32;37,52
29/04/2014 09:00;37,28;37,48;37,14;37,42
28/04/2014 16:20;37,31;37,7;37,21;37,33
28/04/2014 13:00;37,53;37,57;37,31;37,36
28/04/2014 09:00;37,47;37,64;37,47;37,48
25/04/2014 16:20;37,48;38,29;37,43;37,49
25/04/2014 13:00;37,67;37,69;37,43;37,46
25/04/2014 09:00;37,73;37,73;37,55;37,67
24/04/2014 16:20;38,16;38,23;37,82;37,97
24/04/2014 13:00;38,2;38,26;38,1;38,23
24/04/2014 09:00;38,33;38,54;38;38,23
23/04/2014 16:20;38,65;38,7;38,44;38,52
23/04/2014 13:00;38,82;38,89;38,57;38,66
23/04/2014 09:00;38,97;39,03;38,72;38,86
22/04/2014 16:20;38,47;38,55;38,36;38,47
22/04/2014 13:00;38,45;38,65;38,43;38,49
22/04/2014 09:00;38,72;38,72;38,25;38,41
17/04/2014 16:20;38,79;38,93;38,16;38,72
17/04/2014 13:00;38,85;38,97;38,77;38,77
17/04/2014 09:00;39,05;39,05;38,81;38,82
16/04/2014 16:20;39,26;39,28;39,2;39,22
16/04/2014 13:00;39,22;39,28;39,18;39,18
16/04/2014 09:00;39,03;39,32;39,03;39,27
15/04/2014 16:20;38,86;39;38,86;38,91
15/04/2014 13:00;38,82;38,97;38,79;38,89
15/04/2014 09:00;39,05;39,05;38,74;38,85
14/04/2014 16:20;39,16;39,16;39,16;39,16
14/04/2014 13:00;39,22;39,22;39,1;39,16
14/04/2014 09:00;39,22;39,22;39,1;39,22
11/04/2014 16:20;39,13;39,16;39,03;39,1
11/04/2014 13:00;39,2;39,33;39,16;39,21
11/04/2014 09:00;39,15;39,25;38,74;39,2
10/04/2014 16:20;39,2;39,44;39,06;39,33
10/04/2014 13:00;39,03;39,28;38,91;39,22
10/04/2014 09:00;39,03;39,16;38,93;39,01
09/04/2014 16:20;38,91;38,91;38,69;38,74
09/04/2014 13:00;39,13;39,27;38,74;38,91
09/04/2014 09:00;39,28;39,28;38,72;39,08
08/04/2014 16:20;39,12;39,27;39,1;39,16
08/04/2014 13:00;39,16;39,32;39,07;39,1
08/04/2014 09:00;39,03;39,26;38,92;39,1
07/04/2014 16:20;39,41;39,41;39,18;39,33
07/04/2014 13:00;39,17;39,47;39,1;39,36
07/04/2014 09:00;39,57;39,57;39,1;39,22
04/04/2014 16:20;39,51;39,67;39,51;39,51
04/04/2014 13:00;39,12;39,53;39,12;39,53
04/04/2014 09:00;39,1;39,47;39,05;39,11
03/04/2014 16:20;39,05;39,16;39,03;39,03
03/04/2014 13:00;39,13;39,36;39,05;39,05
03/04/2014 09:00;39,11;39,31;38,97;39,06
02/04/2014 16:20;39,22;39,27;38,97;39,21
02/04/2014 13:00;38,7;39,13;38,62;39,12
02/04/2014 09:00;38,46;38,97;38,3;38,66
01/04/2014 16:20;38,41;38,59;38,29;38,47
01/04/2014 13:00;38,15;38,41;38,05;38,41
01/04/2014 09:00;37,92;38,29;37,92;38,14
31/03/2014 16:20;37,74;37,9;37,67;37,67
31/03/2014 13:00;36,97;38,16;36,87;37,67
31/03/2014 09:00;37,23;37,29;36,73;36,97
28/03/2014 16:20;37,38;37,42;37,06;37,06
28/03/2014 13:00;37,26;37,47;37,13;37,36
28/03/2014 09:00;37,31;37,67;37,06;37,31
27/03/2014 16:20;37,06;37,24;36,97;37,05
27/03/2014 13:00;37,53;37,53;37,05;37,06
27/03/2014 09:00;37,54;37,79;37,43;37,53
26/03/2014 16:20;38,16;38,16;37,73;37,98
26/03/2014 13:00;38,26;38,33;37,99;38,1
26/03/2014 09:00;38,51;38,59;38,19;38,33
25/03/2014 16:20;38,81;38,84;38,6;38,66
25/03/2014 13:00;38,47;38,75;38,43;38,7
25/03/2014 09:00;38,64;38,85;38,36;38,54
24/03/2014 16:20;38,36;38,54;37,93;38,4
24/03/2014 13:00;37,83;38,39;37,8;38,28
24/03/2014 09:00;37,55;38,04;37,32;37,85
21/03/2014 16:20;38,04;38,13;37,54;37,67
21/03/2014 13:00;38,57;38,65;37,73;37,92
21/03/2014 09:00;38,54;39,1;38,1;38,57
20/03/2014 16:20;38,52;38,9;38,52;38,74
20/03/2014 13:00;37,67;38,39;37,55;38,39
20/03/2014 09:00;37,31;37,92;37,29;37,67
19/03/2014 16:20;37,49;37,52;37,42;37,47
19/03/2014 13:00;37,55;37,67;37,51;37,51
19/03/2014 09:00;37,92;37,92;37,42;37,54
18/03/2014 16:20;38,05;38,23;37,95;37,95
18/03/2014 13:00;38,1;38,1;37,85;38,1
18/03/2014 09:00;37,79;38,54;37,7;38,05
17/03/2014 16:20;38,04;38,04;38,04;38,04
17/03/2014 13:00;38,1;38,46;37,8;37,98
17/03/2014 09:00;36,98;38,77;36,92;38,1
14/03/2014 16:20;37,26;37,29;37;37,29
14/03/2014 13:00;37,28;37,41;37,21;37,28
14/03/2014 09:00;37,29;37,64;37,17;37,27
13/03/2014 16:20;37,64;37,64;37,24;37,29
13/03/2014 13:00;37,93;38,14;37,62;37,67
13/03/2014 09:00;38,4;38,4;37,39;37,89
12/03/2014 16:20;38,8;38,81;38,23;38,29
12/03/2014 13:00;39,47;39,66;38,81;38,91
12/03/2014 09:00;40;40;39,28;39,47
11/03/2014 16:20;40,28;40,28;39,98;40,09
11/03/2014 13:00;40,22;40,34;40,18;40,28
11/03/2014 09:00;40,04;40,69;40,04;40,22
10/03/2014 16:20;40,05;40,28;39,92;40,28
10/03/2014 13:00;40,76;40,76;40,03;40,09
10/03/2014 09:00;40,41;40,86;40,19;40,75
07/03/2014 16:20;40,15;40,75;40,15;40,65
07/03/2014 13:00;40,54;40,54;40,29;40,34
07/03/2014 09:00;40,65;41,15;40,46;40,59
06/03/2014 16:20;40,69;40,76;40,56;40,59
06/03/2014 13:00;40,35;40,65;40,26;40,59
06/03/2014 09:00;39,84;40,46;39,41;40,4
05/03/2014 16:20;39,56;40,15;39,56;39,9
05/03/2014 13:00;39,1;39,62;39,02;39,51
28/02/2014 16:20;38,21;38,51;38,21;38,41
28/02/2014 13:00;38,16;38,28;37,98;38,1
28/02/2014 09:00;38,85;38,92;37,85;38,16
27/02/2014 16:20;39,16;39,16;38,66;38,97
27/02/2014 13:00;39,43;39,59;39,08;39,28
27/02/2014 09:00;40,2;40,2;39,07;39,47
26/02/2014 16:20;40,4;40,4;39,93;40,15
26/02/2014 13:00;40,6;40,65;40,45;40,46
26/02/2014 09:00;41,15;41,15;40,56;40,65
25/02/2014 16:20;40,76;40,89;40,7;40,77
25/02/2014 13:00;40,65;41,05;40,59;40,74
25/02/2014 09:00;41,16;41,16;40,28;40,65
24/02/2014 16:20;41,03;41,33;40,7;41,33
24/02/2014 13:00;40,78;41,01;40,68;40,96
24/02/2014 09:00;40,08;40,85;40,08;40,78
21/02/2014 16:20;40,19;40,32;40,15;40,2
21/02/2014 13:00;40;40,27;39,99;40,08
21/02/2014 09:00;40,27;40,74;39,78;40,06
20/02/2014 16:20;40,21;40,34;40,19;40,32
20/02/2014 13:00;39,96;40,32;39,88;40,28
20/02/2014 09:00;40,68;40,9;39,84;39,96
19/02/2014 16:20;40,3;40,79;40,26;40,57
19/02/2014 13:00;39,96;40,07;39,96;40,07
19/02/2014 09:00;39,01;40,02;39,01;39,95
18/02/2014 16:20;38,36;38,68;38,36;38,68
18/02/2014 13:00;37,58;38,24;37,54;38,24
18/02/2014 09:00;37,35;37,88;37,29;37,55
17/02/2014 16:20;37,75;38;37,75;37,88
17/02/2014 13:00;37,46;37,79;37,37;37,79
17/02/2014 09:00;36,86;37,51;36,81;37,51
14/02/2014 16:20;36,61;36,61;36,47;36,51
14/02/2014 13:00;36,44;36,61;36,3;36,56
14/02/2014 09:00;36,28;36,51;35,86;36,45
13/02/2014 16:20;36,16;36,44;36,04;36,33
13/02/2014 13:00;35,86;36,2;35,82;36,18
13/02/2014 09:00;35,51;36,04;35,49;35,85
12/02/2014 16:20;35,31;35,43;35,28;35,32
12/02/2014 13:00;35,24;35,44;35,2;35,25
12/02/2014 09:00;35,5;35,62;35,04;35,24
11/02/2014 16:20;35,26;35,44;35,2;35,44
11/02/2014 13:00;34,76;35,2;34,67;35,2
11/02/2014 09:00;35,03;35,03;34,61;34,79
10/02/2014 16:20;35,09;35,18;34,99;35,01
10/02/2014 13:00;34,72;35,16;34,72;35,03
10/02/2014 09:00;34,5;34,79;34,36;34,73
07/02/2014 16:20;34,55;35,01;34,55;34,81
07/02/2014 13:00;34,31;34,59;34,31;34,53
07/02/2014 09:00;34,73;34,85;33,84;34,3
06/02/2014 16:20;34,79;34,79;33,9;34,36
06/02/2014 13:00;35,07;35,17;34,79;34,85
06/02/2014 09:00;35,6;35,6;35,03;35,09
05/02/2014 16:20;35,15;35,26;35,05;35,05
05/02/2014 13:00;35,04;35,2;35,03;35,17
05/02/2014 09:00;34,62;35,15;34,62;35,05
04/02/2014 16:20;34,36;34,66;34,25;34,55
04/02/2014 13:00;34,12;34,43;34,1;34,43
04/02/2014 09:00;33,84;34,1;33,54;34,1
03/02/2014 16:20;33,66;33,84;33,56;33,82
03/02/2014 13:00;33,54;33,78;33,54;33,66
03/02/2014 09:00;32,89;33,66;32,89;33,54
31/01/2014 16:20;32,74;32,8;32,65;32,8
31/01/2014 13:00;32,68;32,83;32,61;32,77
31/01/2014 09:00;32,22;32,83;32,22;32,68
30/01/2014 16:20;32,3;32,35;32,23;32,24
30/01/2014 13:00;32,17;32,35;32,11;32,33
30/01/2014 09:00;31,92;32,29;31,66;32,08
29/01/2014 16:20;31,9;32,11;31,9;32,1
29/01/2014 13:00;31,59;32,01;31,54;31,9
29/01/2014 09:00;31,16;31,71;31,16;31,6
28/01/2014 16:20;31,13;31,15;31,09;31,15
28/01/2014 13:00;31,08;31,21;31,07;31,14
28/01/2014 09:00;30,99;31,16;30,9;31,1
27/01/2014 16:20;30,82;30,91;30,79;30,91
27/01/2014 13:00;30,99;31,08;30,8;30,8
27/01/2014 09:00;30,9;30,98;30,72;30,98
24/01/2014 16:20;31,16;31,22;31,05;31,16
24/01/2014 13:00;31,17;31,3;31,16;31,16
24/01/2014 09:00;31,21;31,37;31,1;31,21
23/01/2014 16:20;31,16;31,34;31,14;31,21
23/01/2014 13:00;31,04;31,26;31,04;31,16
23/01/2014 09:00;31,08;31,09;30,86;31,04
22/01/2014 16:20;31,1;31,13;30,86;31,03
22/01/2014 13:00;31,33;31,33;31,07;31,1
22/01/2014 09:00;31,22;31,4;31,22;31,33
21/01/2014 16:20;31,24;31,32;31,22;31,27
21/01/2014 13:00;31,35;31,4;31,28;31,3
21/01/2014 09:00;31,61;31,64;31,33;31,34
20/01/2014 16:20;31,83;31,86;31,68;31,76
20/01/2014 13:00;31,84;31,89;31,77;31,81
20/01/2014 09:00;31,9;31,93;31,76;31,86
17/01/2014 16:20;32,03;32,03;31,96;31,99
17/01/2014 13:00;32,11;32,12;32,03;32,05
17/01/2014 09:00;32,3;32,3;31,97;32,09
16/01/2014 16:20;32,46;32,52;32,37;32,47
16/01/2014 13:00;32,46;32,47;32,33;32,37
16/01/2014 09:00;32,29;32,56;32,29;32,41
15/01/2014 16:20;32,23;32,4;32,23;32,35
15/01/2014 13:00;32,11;32,29;32,11;32,28
15/01/2014 09:00;32,02;32,11;31,95;32,11
14/01/2014 16:20;32,08;32,08;31,95;32,04
14/01/2014 13:00;32,06;32,11;31,93;31,99
14/01/2014 09:00;32,33;32,33;31,95;32,04
13/01/2014 16:20;32,28;32,29;32,15;32,29
13/01/2014 13:00;32,21;32,28;32,12;32,15
13/01/2014 09:00;32,05;32,35;31,99;32,26
10/01/2014 16:20;32,11;32,17;31,93;32,05
10/01/2014 13:00;31,71;32,11;31,55;31,91
10/01/2014 09:00;31,71;31,81;31,65;31,71
09/01/2014 16:20;31,79;31,81;31,64;31,73
09/01/2014 13:00;31,91;31,93;31,76;31,76
09/01/2014 09:00;32,21;32,23;31,87;31,93
08/01/2014 16:20;32,53;32,59;32,41;32,42
08/01/2014 13:00;32,67;32,68;32,45;32,53
08/01/2014 09:00;32,98;33,08;32,62;32,68
07/01/2014 16:20;32,94;32,94;32,77;32,89
07/01/2014 13:00;33,24;33,24;32,89;32,94
07/01/2014 09:00;33,48;33,48;33,17;33,24
06/01/2014 16:20;33,55;33,68;33,5;33,55
06/01/2014 13:00;33,64;33,66;33,56;33,6
06/01/2014 09:00;33,18;33,8;33,18;33,59
03/01/2014 16:20;33,03;33,06;33;33,03
03/01/2014 13:00;32,93;33,06;32,9;33,06
03/01/2014 09:00;32,69;32,94;32,69;32,93
02/01/2014 16:20;32,53;32,62;32,53;32,61
02/01/2014 13:00;32,48;32,53;32,44;32,53
02/01/2014 09:00;32,19;32,59;32,19;32,48
30/12/2013 16:20;32,47;32,59;32,47;32,53
30/12/2013 13:00;32,29;32,71;32,29;32,5
30/12/2013 09:00;32,21;32,29;31,94;32,29
27/12/2013 16:20;32,21;32,34;32,21;32,27
27/12/2013 13:00;32,31;32,4;32,24;32,29
27/12/2013 09:00;32,03;32,41;31,99;32,35
26/12/2013 16:20;32,11;32,12;31,87;31,99
26/12/2013 13:00;32,35;32,35;32,12;32,13
26/12/2013 09:00;32,49;32,49;32,25;32,35
23/12/2013 16:20;32,31;32,56;32,28;32,55
23/12/2013 13:00;32,41;32,44;32,29;32,4
23/12/2013 09:00;32,09;32,55;32,09;32,44
20/12/2013 16:20;32,17;32,35;32,06;32,29
20/12/2013 13:00;32,31;32,4;32,19;32,25
20/12/2013 09:00;32,15;32,43;32,12;32,37
19/12/2013 16:20;32,06;32,21;32,06;32,18
19/12/2013 13:00;31,77;32,11;31,75;32,04
19/12/2013 09:00;31,47;31,78;31,47;31,75
18/12/2013 16:20;31,47;31,6;31,31;31,46
18/12/2013 13:00;31,4;31,52;31,31;31,4
18/12/2013 09:00;31,34;31,52;31,18;31,38
17/12/2013 16:20;31,09;31,3;31,09;31,26
17/12/2013 13:00;30,98;31,16;30,97;31,1
17/12/2013 09:00;31,12;31,12;30,94;30,98
16/12/2013 16:20;30,98;31,06;30,98;31
16/12/2013 13:00;30,98;31,04;30,98;31
16/12/2013 09:00;30,91;31,07;30,8;30,98
13/12/2013 16:20;30,9;30,92;30,7;30,91
13/12/2013 13:00;30,85;30,92;30,76;30,81
13/12/2013 09:00;30,84;30,97;30,63;30,85
12/12/2013 16:20;30,86;30,91;30,82;30,86
12/12/2013 13:00;30,98;30,98;30,8;30,87
12/12/2013 09:00;31,22;31,26;30,92;30,98
11/12/2013 16:20;31,37;31,4;31,22;31,28
11/12/2013 13:00;31,5;31,56;31,34;31,35
11/12/2013 09:00;31,35;31,57;31,22;31,49
10/12/2013 16:20;31,5;31,67;31,46;31,59
10/12/2013 13:00;31,63;31,81;31,4;31,52
10/12/2013 09:00;31,93;32;31,59;31,66
09/12/2013 16:20;31,82;31,86;31,72;31,8
09/12/2013 13:00;31,9;31,93;31,81;31,81
09/12/2013 09:00;31,75;31,98;31,75;31,9
06/12/2013 16:20;31,72;31,75;31,66;31,75
06/12/2013 13:00;31,78;31,78;31,66;31,72
06/12/2013 09:00;31,75;31,97;31,71;31,78
05/12/2013 16:20;31,8;31,92;31,8;31,87
05/12/2013 13:00;31,72;31,79;31,66;31,75
05/12/2013 09:00;31,82;31,82;31,6;31,72
04/12/2013 16:20;31,78;32,02;31,78;32,02
04/12/2013 13:00;31,75;31,98;31,73;31,77
04/12/2013 09:00;31,54;31,81;31,48;31,79
03/12/2013 16:20;31,54;31,62;31,46;31,52
03/12/2013 13:00;31,37;31,61;31,34;31,54
03/12/2013 09:00;31,49;31,49;31,34;31,4
02/12/2013 16:20;31,59;31,73;31,57;31,69
02/12/2013 13:00;31,59;31,71;31,52;31,54
02/12/2013 09:00;31,78;31,78;31,46;31,57
29/11/2013 16:20;31,74;31,84;31,72;31,81
29/11/2013 13:00;31,65;31,81;31,6;31,78
29/11/2013 09:00;31,82;31,82;31,52;31,63
28/11/2013 16:20;31,72;31,85;31,69;31,81
28/11/2013 13:00;31,63;31,8;31,59;31,8
28/11/2013 09:00;31,69;31,93;31,61;31,63
27/11/2013 16:20;31,57;31,75;31,47;31,75
27/11/2013 13:00;31,5;31,6;31,44;31,53
27/11/2013 09:00;31,57;31,68;31,42;31,43
26/11/2013 16:20;31,17;31,22;31,1;31,16
26/11/2013 13:00;31,04;31,25;31,04;31,18
26/11/2013 09:00;31,31;31,34;31,03;31,06
25/11/2013 16:20;31,75;31,75;31,66;31,72
25/11/2013 13:00;31,66;31,72;31,57;31,69
25/11/2013 09:00;31,47;31,75;31,26;31,66
22/11/2013 16:20;31,65;31,69;31,22;31,52
22/11/2013 13:00;31,1;31,74;31,1;31,63
22/11/2013 09:00;31,35;31,62;30,98;31,1
21/11/2013 16:20;31,32;31,52;31,29;31,43
21/11/2013 13:00;31,04;31,44;31,04;31,22
21/11/2013 09:00;30,68;31,22;30,68;31,01
19/11/2013 16:20;30,55;30,62;30,47;30,62
19/11/2013 13:00;30,38;30,56;30,38;30,5
19/11/2013 09:00;30,55;30,69;30,3;30,44
18/11/2013 16:20;30,57;30,57;30,38;30,38
18/11/2013 13:00;30,69;30,72;30,57;30,59
18/11/2013 09:00;30,93;30,93;30,62;30,73
14/11/2013 16:20;31,25;31,28;31,22;31,22
14/11/2013 13:00;31,35;31,35;31,15;31,28
14/11/2013 09:00;31,66;31,86;31,29;31,34
13/11/2013 16:20;31,6;31,68;31,55;31,63
13/11/2013 13:00;31,28;31,57;31,26;31,57
13/11/2013 09:00;30,81;31,53;30,81;31,29
12/11/2013 16:20;30,9;30,98;30,75;30,75
12/11/2013 13:00;30,86;31,04;30,86;30,87
12/11/2013 09:00;30,62;31,15;30,62;30,84
11/11/2013 16:20;30,5;30,8;30,5;30,8
11/11/2013 13:00;30,24;30,6;30,24;30,54
11/11/2013 09:00;29,95;30,23;29,91;30,2
08/11/2013 16:20;29,75;29,91;29,73;29,87
08/11/2013 13:00;29,55;29,91;29,5;29,69
08/11/2013 09:00;29,25;29,61;29,25;29,55
07/11/2013 16:20;29,42;29,42;29,31;29,37
07/11/2013 13:00;29,39;29,53;29,39;29,41
07/11/2013 09:00;29,61;29,68;29,26;29,41
06/11/2013 16:20;29,69;29,73;29,62;29,67
06/11/2013 13:00;29,54;29,7;29,53;29,7
06/11/2013 09:00;29,37;29,66;29,32;29,54
05/11/2013 16:20;29,55;29,61;29,48;29,54
05/11/2013 13:00;29,23;29,49;29,14;29,49
05/11/2013 09:00;29,18;29,29;29,12;29,19
04/11/2013 16:20;29,03;29,25;29,03;29,2
04/11/2013 13:00;29,03;29,06;29;29,06
04/11/2013 09:00;29,17;29,31;28,97;29,11
01/11/2013 16:20;28,95;29,16;28,95;29,11
01/11/2013 13:00;28,91;29;28,86;29
01/11/2013 09:00;28,78;29,01;28,63;28,95
31/10/2013 16:20;29,01;29,2;29,01;29,08
31/10/2013 13:00;29,16;29,16;28,78;29,1
31/10/2013 09:00;29,31;29,48;29,13;29,16
30/10/2013 16:20;29,13;29,13;29,01;29,07
30/10/2013 13:00;29,21;29,32;29,1;29,14
30/10/2013 09:00;29,43;29,43;29,14;29,19
29/10/2013 16:20;29,49;29,61;29,49;29,55
29/10/2013 13:00;29,31;29,55;29,26;29,53
29/10/2013 09:00;29,31;29,38;29,07;29,36
28/10/2013 16:20;29,37;29,45;29,3;29,37
28/10/2013 13:00;29,25;29,4;29,18;29,4
28/10/2013 09:00;29,38;29,43;29,05;29,25
25/10/2013 16:20;29,61;29,76;29,45;29,52
25/10/2013 13:00;29,82;29,82;29,37;29,61
25/10/2013 09:00;30,22;30,38;29,7;29,82
24/10/2013 16:20;30,04;30,17;30,02;30,14
24/10/2013 13:00;30,03;30,07;29,88;30,07
24/10/2013 09:00;29,68;30,13;29,58;30,13
23/10/2013 16:20;29,27;29,51;29,27;29,45
23/10/2013 13:00;29,25;29,52;29,25;29,33
23/10/2013 09:00;29,31;29,37;29,08;29,27
22/10/2013 16:20;29,13;29,13;29,01;29,07
22/10/2013 13:00;29,04;29,31;28,97;29,24
22/10/2013 09:00;29,42;29,42;28,95;29,03
21/10/2013 16:20;28,98;29,3;28,95;29,19
21/10/2013 13:00;28,62;29,01;28,6;28,91
21/10/2013 09:00;29,25;29,25;28,5;28,66
18/10/2013 16:20;29,13;29,24;29,03;29,13
18/10/2013 13:00;29,05;29,25;29,03;29,13
18/10/2013 09:00;28,93;29,61;28,85;29,05
17/10/2013 16:20;28,78;28,86;28,69;28,81
17/10/2013 13:00;28,42;28,99;28,42;28,84
17/10/2013 09:00;28,4;28,66;28,13;28,42
16/10/2013 16:20;28,24;28,59;28,18;28,59
16/10/2013 13:00;27,9;28,3;27,9;28,3
16/10/2013 09:00;27,71;28,03;27,71;27,89
15/10/2013 16:20;27,91;27,91;27,47;27,71
15/10/2013 13:00;27,73;27,9;27,65;27,85
15/10/2013 09:00;27,41;27,83;27,41;27,72
14/10/2013 16:20;27,44;27,45;27,39;27,45
14/10/2013 13:00;27,33;27,44;27,33;27,44
14/10/2013 09:00;27,23;27,39;27,23;27,28
11/10/2013 16:20;27,09;27,27;27,04;27,23
11/10/2013 13:00;27,13;27,19;27,09;27,12
11/10/2013 09:00;27,18;27,23;27,05;27,13
10/10/2013 16:20;27,23;27,31;27,2;27,27
10/10/2013 13:00;27,3;27,39;27,18;27,24
10/10/2013 09:00;27,54;27,58;27,3;27,3
09/10/2013 16:20;27,46;27,51;27,37;27,49
09/10/2013 13:00;27,38;27,43;27,38;27,4
09/10/2013 09:00;27,37;27,44;27,32;27,37
08/10/2013 16:20;27,34;27,37;27,31;27,37
08/10/2013 13:00;27,37;27,4;27,33;27,36
08/10/2013 09:00;27,53;27,53;27,3;27,36
07/10/2013 16:20;27,56;27,63;27,51;27,52
07/10/2013 13:00;27,52;27,69;27,5;27,52
07/10/2013 09:00;27,52;27,59;27,32;27,52
04/10/2013 16:20;27,58;27,58;27,51;27,56
04/10/2013 13:00;27,37;27,57;27,37;27,56
04/10/2013 09:00;27,26;27,39;27,2;27,36
03/10/2013 16:20;27,26;27,31;27,18;27,25
03/10/2013 13:00;27,44;27,5;27,3;27,38
03/10/2013 09:00;27,38;27,65;27,32;27,41
02/10/2013 16:20;27,25;27,36;27,2;27,3
02/10/2013 13:00;27,32;27,41;27,25;27,28
02/10/2013 09:00;27,2;27,46;27,15;27,36
01/10/2013 16:20;27,45;27,54;27,39;27,41
01/10/2013 13:00;27,39;27,51;27,38;27,51
01/10/2013 09:00;27,49;27,52;27,25;27,37
30/09/2013 16:20;27,47;27,6;27,47;27,6
30/09/2013 13:00;27,71;27,75;27,47;27,53
30/09/2013 09:00;27,91;28,09;27,6;27,76
27/09/2013 16:20;27,9;27,95;27,83;27,88
27/09/2013 13:00;27,96;28,02;27,9;27,92
27/09/2013 09:00;28,08;28,3;27,95;27,98
26/09/2013 16:20;28,08;28,34;28,03;28,07
26/09/2013 13:00;27,83;28,18;27,81;28,07
26/09/2013 09:00;27,71;27,92;27,65;27,83
25/09/2013 16:20;27,95;28,02;27,78;27,84
25/09/2013 13:00;27,86;28,07;27,83;27,9
25/09/2013 09:00;27,47;27,91;27,45;27,88
24/09/2013 16:20;27,69;27,76;27,63;27,7
24/09/2013 13:00;27,6;27,68;27,5;27,68
24/09/2013 09:00;27,39;27,71;27,37;27,6
23/09/2013 16:20;27,49;27,62;27,41;27,51
23/09/2013 13:00;27,63;27,73;27,53;27,53
23/09/2013 09:00;27,77;27,88;27,59;27,63
20/09/2013 16:20;27,88;27,95;27,72;27,9
20/09/2013 13:00;27,95;27,99;27,89;27,92
20/09/2013 09:00;27,96;28,07;27,83;27,95
19/09/2013 16:20;28,03;28,11;28,02;28,07
19/09/2013 13:00;27,97;28,05;27,95;28,01
19/09/2013 09:00;28,13;28,22;27,85;27,97
18/09/2013 16:20;27,98;28,01;27,95;27,99
18/09/2013 13:00;28,04;28,22;27,97;27,98
18/09/2013 09:00;28,36;28,36;28,01;28,04
17/09/2013 16:20;28,61;28,68;28,36;28,46
17/09/2013 13:00;28,58;28,75;28,58;28,67
17/09/2013 09:00;28,76;29,12;28,47;28,54
16/09/2013 16:20;28,48;28,65;28,48;28,65
16/09/2013 13:00;28,18;28,54;28,18;28,47
16/09/2013 09:00;28,07;28,3;27,89;28,18
13/09/2013 16:20;27,98;28,17;27,98;28,09
13/09/2013 13:00;27,89;28,03;27,88;27,97
13/09/2013 09:00;28,07;28,21;27,79;27,9
12/09/2013 16:20;28,18;28,29;27,98;28,17
12/09/2013 13:00;28,43;28,46;27,75;28,18
12/09/2013 09:00;28,74;28,79;28,36;28,48
11/09/2013 16:20;28,68;28,88;28,68;28,88
11/09/2013 13:00;28,71;28,75;28,66;28,73
11/09/2013 09:00;28,66;28,71;28,6;28,66
10/09/2013 16:20;28,86;28,88;28,67;28,72
10/09/2013 13:00;28,73;28,87;28,6;28,87
10/09/2013 09:00;28,62;28,87;28,46;28,73
09/09/2013 16:20;29;29;28,72;28,76
09/09/2013 13:00;29,16;29,17;28,87;28,97
09/09/2013 09:00;29,42;29,51;29,07;29,17
06/09/2013 16:20;29,45;29,61;29,42;29,42
06/09/2013 13:00;29,18;29,48;29,18;29,44
06/09/2013 09:00;29,55;29,65;29,01;29,17
05/09/2013 16:20;29,48;29,49;29,26;29,49
05/09/2013 13:00;29,49;29,64;29,4;29,4
05/09/2013 09:00;29,96;29,96;29,37;29,5
04/09/2013 16:20;30,04;30,04;29,84;29,94
04/09/2013 13:00;29,91;30,08;29,84;30,01
04/09/2013 09:00;29,97;30,2;29,77;29,91
03/09/2013 16:20;30,4;30,55;30,22;30,24
03/09/2013 13:00;30,23;30,42;30,04;30,42
03/09/2013 09:00;30,79;31,28;30,08;30,26
02/09/2013 16:20;30,55;30,79;30,55;30,65
02/09/2013 13:00;30,55;30,61;30,46;30,55
02/09/2013 09:00;29,96;30,61;29,96;30,55
30/08/2013 16:20;30,02;30,2;30,02;30,02
30/08/2013 13:00;29,92;30,08;29,91;30,02
30/08/2013 09:00;29,84;29,96;29,6;29,9
29/08/2013 16:20;29,9;29,9;29,86;29,86
29/08/2013 13:00;30,26;30,26;29,92;29,96
29/08/2013 09:00;30,38;30,44;30,18;30,26
28/08/2013 16:20;30,47;30,47;30,26;30,26
28/08/2013 13:00;30,36;30,42;30,26;30,32
28/08/2013 09:00;30,38;30,56;30,32;30,38
27/08/2013 16:20;30,38;30,44;30,32;30,39
27/08/2013 13:00;30,62;30,62;30,36;30,36
27/08/2013 09:00;30,62;31,25;30,53;30,62
26/08/2013 16:20;30,73;30,74;30,56;30,62
26/08/2013 13:00;30,68;30,9;30,61;30,74
26/08/2013 09:00;30,27;30,73;30,2;30,68
23/08/2013 16:20;29,66;29,84;29,66;29,69
23/08/2013 13:00;29,2;29,78;29,2;29,5
23/08/2013 09:00;29,62;29,72;28,93;29,13
22/08/2013 16:20;29,21;29,36;29,21;29,3
22/08/2013 13:00;29,61;29,61;29,18;29,24
22/08/2013 09:00;29,96;30,12;29,55;29,61
21/08/2013 16:20;30,14;30,25;30,03;30,12
21/08/2013 13:00;29,75;30,26;29,73;30,09
21/08/2013 09:00;29,36;29,83;29,36;29,72
20/08/2013 16:20;29,12;29,18;28,96;29
20/08/2013 13:00;29,25;29,25;29,02;29,1
20/08/2013 09:00;29,66;29,66;28,93;29,25
19/08/2013 16:20;29,59;29,88;29,54;29,84
19/08/2013 13:00;29,04;29,53;29,04;29,48
19/08/2013 09:00;28,55;29,07;28,55;29,03
16/08/2013 16:20;28,27;28,39;28,27;28,33
16/08/2013 13:00;28,1;28,26;28,09;28,24
16/08/2013 09:00;27,9;28,31;27,55;28,09
15/08/2013 16:20;27,75;27,99;27,73;27,97
15/08/2013 13:00;27,55;27,85;27,52;27,68
15/08/2013 09:00;27,17;27,67;27,13;27,55
14/08/2013 16:20;26,98;27,13;26,98;27,13
14/08/2013 13:00;26,89;27,01;26,89;27,01
14/08/2013 09:00;26,74;26,95;26,74;26,84
13/08/2013 16:20;26,7;26,76;26,66;26,68
13/08/2013 13:00;26,9;26,95;26,58;26,73
13/08/2013 09:00;27,07;27,16;26,91;26,91
12/08/2013 16:20;27,11;27,25;27,09;27,13
12/08/2013 13:00;26,86;27,49;26,86;27,1
12/08/2013 09:00;26,98;26,98;26,76;26,76
09/08/2013 16:20;26,99;27,07;26,85;26,95
09/08/2013 13:00;26,84;26,99;26,78;26,99
09/08/2013 09:00;27,01;27,01;26,82;26,86
08/08/2013 16:20;27,19;27,19;27,02;27,07
08/08/2013 13:00;27,23;27,33;27,11;27,13
08/08/2013 09:00;27,13;27,36;27,13;27,22
07/08/2013 16:20;27,11;27,13;27,04;27,13
07/08/2013 13:00;27,11;27,19;27,07;27,13
07/08/2013 09:00;27,01;27,28;26,89;27,13
06/08/2013 16:20;26,93;27,05;26,89;26,99
06/08/2013 13:00;26,95;26,99;26,89;26,89
06/08/2013 09:00;27,01;27,19;26,87;26,95
05/08/2013 16:20;27,08;27,09;26,91;26,96
05/08/2013 13:00;27,01;27,19;26,91;27,07
05/08/2013 09:00;27,2;27,21;26,76;26,99
02/08/2013 16:20;27,31;27,49;27,31;27,49
02/08/2013 13:00;27,51;27,52;27,28;27,34
02/08/2013 09:00;27,55;27,62;27,45;27,55
01/08/2013 16:20;27,69;27,74;27,62;27,63
01/08/2013 13:00;27,71;27,73;27,62;27,67
01/08/2013 09:00;27,97;28,03;27,62;27,73
31/07/2013 16:20;28,09;28,09;28,04;28,09
31/07/2013 13:00;28,15;28,19;28,05;28,1
31/07/2013 09:00;27,91;28,24;27,91;28,15
30/07/2013 16:20;28,03;28,07;27,95;27,99
30/07/2013 13:00;27,87;28,09;27,87;28,03
30/07/2013 09:00;28,1;28,14;27,77;27,87
29/07/2013 16:20;28,03;28,1;27,98;28,1
29/07/2013 13:00;28,13;28,15;28,03;28,03
29/07/2013 09:00;28,34;28,39;28,05;28,14
26/07/2013 16:20;28,39;28,45;28,34;28,39
26/07/2013 13:00;28,33;28,49;28,33;28,39
26/07/2013 09:00;28,57;28,57;28,28;28,37
25/07/2013 16:20;28,33;28,39;28,3;28,39
25/07/2013 13:00;28,42;28,45;28,34;28,34
25/07/2013 09:00;28,57;28,63;28,38;28,4
24/07/2013 16:20;28,75;28,75;28,63;28,63
24/07/2013 13:00;28,73;28,78;28,68;28,75
24/07/2013 09:00;28,87;29,02;28,71;28,74
23/07/2013 16:20;28,86;29;28,86;29
23/07/2013 13:00;28,93;28,93;28,84;28,85
23/07/2013 09:00;29,06;29,18;28,83;28,96
22/07/2013 16:20;29,08;29,26;29,08;29,21
22/07/2013 13:00;29,13;29,13;29,03;29,09
22/07/2013 09:00;29,06;29,18;29;29,13
19/07/2013 16:20;29,12;29,16;29,08;29,16
19/07/2013 13:00;29,03;29,16;28,97;29,08
19/07/2013 09:00;28,98;29,06;28,9;29,03
18/07/2013 16:20;28,87;29,14;28,87;29,1
18/07/2013 13:00;28,87;28,92;28,78;28,87
18/07/2013 09:00;28,75;29,02;28,73;28,89
17/07/2013 16:20;28,89;28,92;28,81;28,87
17/07/2013 13:00;28,81;28,89;28,78;28,87
17/07/2013 09:00;29,08;29,18;28,66;28,91
16/07/2013 16:20;29,16;29,16;29,08;29,12
16/07/2013 13:00;29,32;29,32;29,12;29,18
16/07/2013 09:00;29,36;29,54;29,15;29,36
15/07/2013 16:20;29;29,12;28,93;29,12
15/07/2013 13:00;28,98;29,02;28,95;29,02
15/07/2013 09:00;29,01;29,14;28,83;28,98
12/07/2013 16:20;29,12;29,25;29,12;29,18
12/07/2013 13:00;29,1;29,15;29,04;29,12
12/07/2013 09:00;29,25;29,25;29,06;29,12
11/07/2013 16:20;29,31;29,39;29,3;29,32
11/07/2013 13:00;29,21;29,42;28,93;29,26
11/07/2013 09:00;29,2;29,28;29,15;29,22
10/07/2013 16:20;29,31;29,36;29,25;29,36
10/07/2013 13:00;29,39;29,48;29,25;29,32
10/07/2013 09:00;29,07;29,5;29,07;29,39
08/07/2013 16:20;28,79;28,79;28,45;28,63
08/07/2013 13:00;28,71;28,81;28,63;28,81
08/07/2013 09:00;28,77;28,86;28,54;28,69
05/07/2013 16:20;28,63;28,69;28,61;28,69
05/07/2013 13:00;28,68;28,79;28,59;28,63
05/07/2013 09:00;29,06;29,22;28,68;28,69
04/07/2013 16:20;29,12;29,15;29,06;29,15
04/07/2013 13:00;29,12;29,14;29,06;29,14
04/07/2013 09:00;29,12;29,18;29,07;29,14
03/07/2013 16:20;29,32;29,32;29,25;29,3
03/07/2013 13:00;29,27;29,38;29,16;29,33
03/07/2013 09:00;29,24;29,47;29,13;29,27
02/07/2013 16:20;29,06;29,06;29;29
02/07/2013 13:00;28,95;29,15;28,92;29,08
02/07/2013 09:00;29,04;29,16;28,9;29,04
01/07/2013 16:20;29,13;29,24;28,81;28,81
01/07/2013 13:00;29,59;29,62;29,09;29,18
01/07/2013 09:00;29,6;29,71;29,48;29,56
28/06/2013 16:20;29,84;29,9;29,65;29,67
28/06/2013 13:00;30,42;30,67;29,73;29,89
28/06/2013 09:00;30,15;30,43;30,15;30,38
27/06/2013 16:20;30,21;30,32;30,15;30,2
27/06/2013 13:00;30,32;30,37;30,14;30,29
27/06/2013 09:00;30,62;30,63;30,21;30,25
26/06/2013 16:20;30,67;30,72;30,56;30,69
26/06/2013 13:00;30,86;30,89;30,68;30,68
26/06/2013 09:00;30,86;31,09;30,77;30,86
25/06/2013 16:20;30,79;30,84;30,71;30,71
25/06/2013 13:00;30,57;30,8;30,57;30,74
25/06/2013 09:00;30,53;30,85;30,48;30,63
24/06/2013 16:20;30,68;30,68;30,5;30,5
24/06/2013 13:00;30,77;30,78;30,57;30,65
24/06/2013 09:00;30,86;31,03;30,41;30,82
21/06/2013 16:20;30,85;30,9;30,71;30,9
21/06/2013 13:00;30,88;30,96;30,86;30,92
21/06/2013 09:00;30,95;30,98;30,74;30,88
20/06/2013 16:20;30,92;31,03;30,71;30,98
20/06/2013 13:00;30,91;31,01;30,86;30,88
20/06/2013 09:00;30,72;31,17;30,44;30,88
19/06/2013 16:20;30,74;31,03;30,68;30,94
19/06/2013 13:00;30,26;30,74;30,2;30,66
19/06/2013 09:00;30,03;30,38;29,89;30,22
18/06/2013 16:20;30,21;30,21;29,97;30,03
18/06/2013 13:00;30,04;30,26;30,04;30,19
18/06/2013 09:00;29,89;30,14;29,78;29,97
17/06/2013 16:20;30,02;30,08;29,92;30,01
17/06/2013 13:00;29,78;30,06;29,78;30,02
17/06/2013 09:00;29,72;29,81;29,6;29,81
14/06/2013 16:20;29,8;29,96;29,68;29,89
14/06/2013 13:00;29,71;29,9;29,71;29,8
14/06/2013 09:00;29,91;30,01;29,66;29,69
13/06/2013 16:20;29,91;30;29,88;29,91
13/06/2013 13:00;29,91;30,01;29,86;29,91
13/06/2013 09:00;29,97;30,1;29,9;29,91
12/06/2013 16:20;30,09;30,18;29,97;30,14
12/06/2013 13:00;30,32;30,32;30,07;30,1
12/06/2013 09:00;30,53;30,53;30,26;30,44
11/06/2013 16:20;30,5;30,56;30,48;30,56
11/06/2013 13:00;30,54;30,59;30,45;30,53
11/06/2013 09:00;30,26;30,67;30,16;30,48
10/06/2013 16:20;30,27;30,44;30,21;30,31
10/06/2013 13:00;30,19;30,29;30,14;30,25
10/06/2013 09:00;30,44;30,44;30,06;30,18
07/06/2013 16:20;30,56;30,6;30,56;30,56
07/06/2013 13:00;30,61;30,74;30,45;30,5
07/06/2013 09:00;30,56;30,67;30,33;30,59
06/06/2013 16:20;30,15;30,51;30,15;30,49
06/06/2013 13:00;30,2;30,3;30,14;30,19
06/06/2013 09:00;30,26;30,6;30;30,2
05/06/2013 16:20;30,39;30,44;30,3;30,35
05/06/2013 13:00;30,88;30,88;30,38;30,38
05/06/2013 09:00;31,12;31,21;30,82;30,88
04/06/2013 16:20;31,13;31,35;31,1;31,24
04/06/2013 13:00;30,9;31,2;30,88;31,13
04/06/2013 09:00;30,86;31,08;30,68;30,89
03/06/2013 16:20;31,23;31,35;31,07;31,15
03/06/2013 13:00;31,17;31,47;31,13;31,3
03/06/2013 09:00;31,66;32,07;31,17;31,18
31/05/2013 16:20;31,45;31,56;31,39;31,53
31/05/2013 13:00;31,59;31,62;31,48;31,49
31/05/2013 09:00;31,1;31,65;31;31,59
29/05/2013 16:20;30,8;31,04;30,8;31,04
29/05/2013 13:00;30,22;30,98;30,22;30,85
29/05/2013 09:00;30,31;30,55;30,14;30,22
28/05/2013 16:20;30,14;30,29;29,96;30,2
28/05/2013 13:00;29,97;30,15;29,86;30,1
28/05/2013 09:00;29,48;30,16;29,45;29,97
27/05/2013 16:20;29,42;29,42;29,34;29,36
27/05/2013 13:00;29,42;29,44;29,36;29,36
27/05/2013 09:00;29,54;29,66;29,38;29,43
24/05/2013 16:20;29,6;29,67;29,51;29,59
24/05/2013 13:00;29,49;29,63;29,45;29,61
24/05/2013 09:00;29,48;29,59;29,3;29,5
23/05/2013 16:20;29,49;29,55;29,49;29,53
23/05/2013 13:00;29,47;29,77;29,45;29,49
23/05/2013 09:00;29,3;29,45;29,15;29,45
22/05/2013 16:20;29,42;29,47;29,4;29,43
22/05/2013 13:00;29,44;29,48;29,36;29,42
22/05/2013 09:00;29,24;29,49;29,06;29,44
21/05/2013 16:20;29,21;29,22;29,21;29,22
21/05/2013 13:00;28,97;29,22;28,93;29,1
21/05/2013 09:00;28,93;29,06;28,72;29
20/05/2013 16:20;29,51;29,51;29,06;29,12
20/05/2013 13:00;29,44;29,55;29,37;29,49
20/05/2013 09:00;29,48;29,77;29,36;29,44
17/05/2013 16:20;29,36;29,54;29,21;29,37
17/05/2013 13:00;29,07;29,36;29,07;29,3
17/05/2013 09:00;28,95;29,12;28,73;29,06
16/05/2013 16:20;28,93;28,98;28,92;28,95
16/05/2013 13:00;29;29,04;28,9;28,93
16/05/2013 09:00;29,31;29,31;28,9;28,98
15/05/2013 16:20;29,3;29,36;29,3;29,3
15/05/2013 13:00;29,5;29,53;29,19;29,26
15/05/2013 09:00;29,53;29,59;29,15;29,5
14/05/2013 16:20;29,54;29,55;29,49;29,55
14/05/2013 13:00;29,39;29,66;29,32;29,51
14/05/2013 09:00;29,48;29,48;29,14;29,36
13/05/2013 16:20;29,48;29,65;29,37;29,53
13/05/2013 13:00;29,48;29,5;29,3;29,36
13/05/2013 09:00;28,8;29,5;28,8;29,5
10/05/2013 16:20;28,81;28,81;28,65;28,77
10/05/2013 13:00;28,83;29;28,69;28,83
10/05/2013 09:00;29,01;29,01;28,77;28,89
09/05/2013 16:20;29,24;29,26;29,01;29,06
09/05/2013 13:00;28,97;29,18;28,96;29,18
09/05/2013 09:00;28,52;29,06;28,39;29
08/05/2013 16:20;28,63;28,74;28,51;28,51
08/05/2013 13:00;28,51;28,61;28,45;28,54
08/05/2013 09:00;28,83;29;28,48;28,48
07/05/2013 16:20;28,81;29;28,81;28,87
07/05/2013 13:00;28,51;28,86;28,49;28,79
07/05/2013 09:00;28,87;28,87;28,33;28,51
06/05/2013 16:20;28,63;29,24;28,57;29,06
06/05/2013 13:00;28,8;28,87;28,63;28,63
06/05/2013 09:00;29,27;29,27;28,57;28,77
03/05/2013 16:20;29,79;29,79;29,74;29,77
03/05/2013 13:00;29,95;30,01;29,82;29,91
03/05/2013 09:00;30,18;30,18;29,91;29,95
02/05/2013 16:20;30,01;30,12;30,01;30,06
02/05/2013 13:00;29,65;30,12;29,65;29,89
02/05/2013 09:00;29,64;29,78;29,38;29,65
30/04/2013 16:20;29,17;29,35;29,17;29,35
30/04/2013 13:00;29,4;29,57;29,24;29,24
30/04/2013 09:00;29,07;29,37;28,95;29,36
29/04/2013 16:20;28,92;29,5;28,92;29,3
29/04/2013 13:00;28,89;29,07;28,72;28,88
29/04/2013 09:00;28,45;28,95;28,38;28,89
26/04/2013 16:20;28,45;28,48;28,42;28,48
26/04/2013 13:00;28,48;28,59;28,38;28,38
26/04/2013 09:00;28,36;28,53;28,26;28,48
25/04/2013 16:20;28,41;28,46;28,36;28,39
25/04/2013 13:00;28,41;28,52;28,31;28,31
25/04/2013 09:00;28,59;28,59;28,26;28,36
24/04/2013 16:20;28,39;28,4;28,34;28,34
24/04/2013 13:00;28,36;28,46;28,33;28,42
24/04/2013 09:00;28,55;28,55;28,25;28,36
23/04/2013 16:20;28,61;28,66;28,56;28,65
23/04/2013 13:00;28,65;28,72;28,61;28,62
23/04/2013 09:00;28,66;28,72;28,49;28,68
22/04/2013 16:20;28,82;28,82;28,6;28,69
22/04/2013 13:00;28,9;28,97;28,84;28,87
22/04/2013 09:00;29,01;29,18;28,9;28,9
19/04/2013 16:20;28,92;29,11;28,89;29,07
19/04/2013 13:00;28,77;28,94;28,77;28,94
19/04/2013 09:00;28,83;28,83;28,63;28,81
18/04/2013 16:20;29,02;29,02;28,8;28,83
18/04/2013 13:00;28,93;29,03;28,89;29,03
18/04/2013 09:00;29,04;29,07;28,88;28,9
17/04/2013 16:20;29,3;29,3;29,06;29,1
17/04/2013 13:00;29,25;29,45;29,23;29,29
17/04/2013 09:00;29,27;29,41;29,03;29,28
16/04/2013 16:20;29,44;29,51;29,36;29,48
16/04/2013 13:00;29,27;29,42;29,15;29,36
16/04/2013 09:00;28,95;29,25;28,83;29,25
15/04/2013 16:20;28,95;29,11;28,95;28,96
15/04/2013 13:00;28,89;29,07;28,89;28,95
15/04/2013 09:00;28,94;29,09;28,83;28,88
12/04/2013 16:20;29,13;29,2;29,13;29,2
12/04/2013 13:00;29,07;29,17;29,01;29,13
12/04/2013 09:00;29,01;29,15;28,89;29,07
11/04/2013 16:20;29,02;29,06;28,95;28,97
11/04/2013 13:00;29,24;29,24;29,07;29,08
11/04/2013 09:00;29,14;29,3;28,96;29,24
10/04/2013 16:20;29,3;29,3;29,09;29,14
10/04/2013 13:00;29,42;29,95;29,24;29,3
10/04/2013 09:00;29,72;29,72;29,24;29,36
09/04/2013 16:20;29,85;29,88;29,72;29,83
09/04/2013 13:00;29,75;29,81;29,7;29,81
09/04/2013 09:00;29,77;30,05;29,57;29,75
08/04/2013 16:20;29,67;29,71;29,62;29,62
08/04/2013 13:00;29,68;29,77;29,67;29,67
08/04/2013 09:00;29,45;29,83;29,45;29,68
05/04/2013 16:20;29,3;29,35;29,24;29,3
05/04/2013 13:00;29,37;29,47;29,25;29,25
05/04/2013 09:00;29,11;29,42;29,07;29,36
04/04/2013 16:20;29,35;29,37;29,13;29,31
04/04/2013 13:00;29,59;29,59;29,36;29,37
04/04/2013 09:00;29,62;29,71;29,44;29,61
03/04/2013 16:20;29,75;29,75;29,54;29,58
03/04/2013 13:00;29,82;29,86;29,67;29,75
03/04/2013 09:00;29,65;30,05;29,59;29,81
02/04/2013 16:20;29,7;29,75;29,61;29,71
02/04/2013 13:00;29,54;29,77;29,5;29,71
02/04/2013 09:00;29,77;29,85;29,5;29,54
01/04/2013 16:20;29,71;29,82;29,65;29,71
01/04/2013 13:00;29,83;29,97;29,38;29,65
01/04/2013 09:00;29,71;30,24;29,71;29,78
28/03/2013 16:20;30,65;30,65;30,36;30,54
28/03/2013 13:00;31,12;31,12;30,49;30,59
28/03/2013 09:00;31,18;31,34;31,11;31,18
27/03/2013 16:20;31,18;31,2;31,18;31,18
27/03/2013 13:00;31,18;31,26;31,15;31,18
27/03/2013 09:00;31,41;31,41;30,95;31,18
26/03/2013 16:20;31,4;31,42;31,35;31,35
26/03/2013 13:00;31,56;31,58;31,31;31,41
26/03/2013 09:00;31,6;31,65;31,51;31,56
25/03/2013 16:20;31,47;31,53;31,46;31,52
25/03/2013 13:00;31,47;31,59;31,42;31,47
25/03/2013 09:00;31,18;31,47;31,08;31,47
22/03/2013 16:20;31,24;31,35;31,18;31,28
22/03/2013 13:00;31,32;31,33;31,2;31,25
22/03/2013 09:00;31,06;31,35;31,06;31,29
21/03/2013 16:20;31,17;31,22;31,15;31,17
21/03/2013 13:00;31,15;31,21;31,11;31,19
21/03/2013 09:00;31,28;31,28;31,06;31,17
20/03/2013 16:20;31,38;31,41;31,31;31,41
20/03/2013 13:00;31,47;31,48;31,35;31,4
20/03/2013 09:00;31,62;31,65;31,43;31,51
19/03/2013 16:20;31,6;31,6;31,47;31,51
19/03/2013 13:00;31,61;31,8;31,55;31,6
19/03/2013 09:00;31,55;31,7;31,39;31,59
18/03/2013 16:20;31,52;31,54;31,41;31,41
18/03/2013 13:00;31,34;31,56;31,24;31,54
18/03/2013 09:00;31,83;31,83;31,24;31,34
15/03/2013 16:20;31,86;32;31,85;31,99
15/03/2013 13:00;32,11;32,11;31,76;31,94
15/03/2013 09:00;32,2;32,34;32,06;32,11
14/03/2013 16:20;32,54;32,54;32,38;32,38
14/03/2013 13:00;32,35;32,47;32,29;32,47
14/03/2013 09:00;32,13;32,35;32,09;32,33
13/03/2013 16:20;32,17;32,3;31,95;32,09
13/03/2013 13:00;32,17;32,22;32,11;32,22
13/03/2013 09:00;32,43;32,49;32,07;32,17
12/03/2013 16:20;32,54;32,62;32,42;32,53
12/03/2013 13:00;32,64;32,69;32,51;32,55
12/03/2013 09:00;32,24;32,79;32,24;32,63
11/03/2013 16:20;32,44;32,45;32,26;32,26
11/03/2013 13:00;32,54;32,57;32,47;32,49
11/03/2013 09:00;32,47;32,6;32,23;32,56
08/03/2013 16:20;32,36;32,44;32,3;32,37
08/03/2013 13:00;32,28;32,47;32,07;32,41
08/03/2013 09:00;32,23;32,33;32,01;32,28
07/03/2013 16:20;32,22;32,35;32,2;32,29
07/03/2013 13:00;32,37;32,37;32,27;32,33
07/03/2013 09:00;32,3;32,58;32,26;32,4
06/03/2013 16:20;32,55;32,58;32,47;32,53
06/03/2013 13:00;32,65;32,75;32,6;32,61
06/03/2013 09:00;32,99;33,06;32,61;32,72
05/03/2013 16:20;33,09;33,09;33,09;33,09
05/03/2013 13:00;33,16;33,19;33,02;33,09
05/03/2013 09:00;32,94;33,28;32,9;33,16
04/03/2013 16:20;32,85;32,95;32,85;32,95
04/03/2013 13:00;32,95;33;32,8;32,82
04/03/2013 09:00;32,92;33,05;32,85;32,95
01/03/2013 16:20;32,91;33,06;32,91;33,06
01/03/2013 13:00;33,06;33,11;32,9;32,9
01/03/2013 09:00;33,22;33,23;32,96;33,06
28/02/2013 16:20;33,27;33,37;33,27;33,37
28/02/2013 13:00;33,37;33,37;33,23;33,27
28/02/2013 09:00;33,53;33,53;33,32;33,37
27/02/2013 16:20;33,48;33,5;33,43;33,45
27/02/2013 13:00;33,53;33,58;33,5;33,51
27/02/2013 09:00;33,65;33,75;33,5;33,51
26/02/2013 16:20;33,28;33,58;33,28;33,58
26/02/2013 13:00;33,21;33,32;33,16;33,27
26/02/2013 09:00;33,15;33,25;33,08;33,22
25/02/2013 16:20;32,92;32,92;32,85;32,91
25/02/2013 13:00;32,8;32,93;32,74;32,91
25/02/2013 09:00;32,85;33,01;32,69;32,81
22/02/2013 16:20;32,68;32,74;32,56;32,74
22/02/2013 13:00;32,69;32,72;32,6;32,67
22/02/2013 09:00;32,67;32,74;32,57;32,69
21/02/2013 16:20;32,32;32,43;32,23;32,27
21/02/2013 13:00;32,4;32,49;32,28;32,32
21/02/2013 09:00;32,31;32,62;32,31;32,45
20/02/2013 16:20;32,43;32,43;32,38;32,38
20/02/2013 13:00;32,2;32,43;32,15;32,24
20/02/2013 09:00;31,88;32,24;31,85;32,21
19/02/2013 16:20;32,02;32,06;31,92;31,92
19/02/2013 13:00;31,97;32,1;31,89;31,93
19/02/2013 09:00;31,9;32,1;31,8;31,97
18/02/2013 16:20;31,8;31,88;31,72;31,85
18/02/2013 13:00;31,92;31,97;31,8;31,88
18/02/2013 09:00;32,43;32,74;31,86;31,96
15/02/2013 16:20;32,42;32,47;32,38;32,43
15/02/2013 13:00;32,57;32,58;32,43;32,44
15/02/2013 09:00;32,63;32,63;32,44;32,57
14/02/2013 16:20;32,56;32,62;32,43;32,57
14/02/2013 13:00;32,69;32,74;32,53;32,61
14/02/2013 09:00;32,65;32,88;32,59;32,7
13/02/2013 16:20;32,48;32,57;32,43;32,49
13/02/2013 13:00;32,4;32,7;32,4;32,62
08/02/2013 16:20;32,7;32,9;32,7;32,82
08/02/2013 13:00;32,81;32,95;32,53;32,69
08/02/2013 09:00;32,8;32,89;32,69;32,8
07/02/2013 16:20;32,73;32,78;32,55;32,67
07/02/2013 13:00;32,72;32,79;32,59;32,69
07/02/2013 09:00;32,34;32,73;32,14;32,7
06/02/2013 16:20;32,48;32,59;32,43;32,57
06/02/2013 13:00;32,43;32,62;32,4;32,48
06/02/2013 09:00;32,58;32,68;32,35;32,42
05/02/2013 16:20;32,55;32,69;32,55;32,69
05/02/2013 13:00;32,7;32,73;32,53;32,61
05/02/2013 09:00;32,74;32,89;32,64;32,7
04/02/2013 16:20;32,91;33,06;32,86;33,03
04/02/2013 13:00;32,89;33,04;32,87;32,99
04/02/2013 09:00;32,82;33,01;32,82;32,88
01/02/2013 16:20;32,59;32,66;32,48;32,65
01/02/2013 13:00;32,61;32,71;32,61;32,64
01/02/2013 09:00;32,43;32,71;32,39;32,61
31/01/2013 16:20;32,2;32,32;32,17;32,19
31/01/2013 13:00;32,18;32,22;31,97;32,17
31/01/2013 09:00;31,96;32,41;31,9;32,22
30/01/2013 16:20;31,98;32,08;31,9;32,01
30/01/2013 13:00;31,93;31,96;31,87;31,95
30/01/2013 09:00;31,81;32,05;31,8;31,9
29/01/2013 16:20;31,79;31,83;31,55;31,61
29/01/2013 13:00;31,87;31,9;31,74;31,78
29/01/2013 09:00;31,97;32,11;31,64;31,85
28/01/2013 16:20;31,93;32,17;31,9;32,11
28/01/2013 13:00;32,05;32,2;31,98;32,01
28/01/2013 09:00;32,48;32,66;31,92;32,01
24/01/2013 16:20;32,35;32,39;32,18;32,23
24/01/2013 13:00;32,3;32,4;32,23;32,34
24/01/2013 09:00;32,57;32,57;32,18;32,3
23/01/2013 16:20;32,99;32,99;32,44;32,53
23/01/2013 13:00;32,96;33,09;32,88;33,02
23/01/2013 09:00;33,48;33,53;32,95;32,95
22/01/2013 16:20;33,27;33,27;33,17;33,23
22/01/2013 13:00;33,33;33,43;33,23;33,25
22/01/2013 09:00;33,38;33,58;33,32;33,37
21/01/2013 16:20;33,27;33,45;33,24;33,42
21/01/2013 13:00;33,16;33,29;33,13;33,24
21/01/2013 09:00;33,09;33,21;33,07;33,21
18/01/2013 16:20;33,17;33,2;33,08;33,2
18/01/2013 13:00;33,22;33,23;33,06;33,16
18/01/2013 09:00;32,95;33,36;32,95;33,19
17/01/2013 16:20;32,83;32,9;32,74;32,74
17/01/2013 13:00;32,82;32,93;32,78;32,8
17/01/2013 09:00;32,94;33,06;32,66;32,85
16/01/2013 16:20;32,99;33,07;32,98;33,03
16/01/2013 13:00;33,14;33,16;32,96;32,98
16/01/2013 09:00;33,37;33,37;32,99;33,13
15/01/2013 16:20;33,32;33,32;33,17;33,22
15/01/2013 13:00;33,27;33,35;33,25;33,31
15/01/2013 09:00;33,12;33,4;33,11;33,28
14/01/2013 16:20;33,3;33,37;33,29;33,34
14/01/2013 13:00;33,39;33,43;33,3;33,3
14/01/2013 09:00;33,09;33,44;33,09;33,39
11/01/2013 16:20;33,48;33,49;33,39;33,47
11/01/2013 13:00;33,39;33,44;33,33;33,39
11/01/2013 09:00;33,59;33,59;33,24;33,41
10/01/2013 16:20;33,45;33,49;33,45;33,48
10/01/2013 13:00;33,44;33,48;33,34;33,39
10/01/2013 09:00;33,49;33,49;33,25;33,39
09/01/2013 16:20;33,59;33,6;33,49;33,49
09/01/2013 13:00;33,69;33,7;33,55;33,6
09/01/2013 09:00;33,91;33,91;33,53;33,65
08/01/2013 16:20;34;34,05;34;34
08/01/2013 13:00;34,11;34,11;33,93;34
08/01/2013 09:00;34,11;34,16;34,03;34,11
07/01/2013 16:20;34;34,02;34;34
07/01/2013 13:00;34,04;34,04;33,95;34
07/01/2013 09:00;33,93;34,01;33,8;34,01
04/01/2013 16:20;33,84;34,05;33,81;34
04/01/2013 13:00;34;34,05;33,96;33,97
04/01/2013 09:00;34,21;34,21;33,9;33,9
03/01/2013 16:20;34,21;34,21;34,11;34,11
03/01/2013 13:00;34,16;34,21;34,12;34,2
03/01/2013 09:00;34,21;34,21;34,11;34,16
02/01/2013 16:20;34,26;34,31;34,21;34,31
02/01/2013 13:00;34,41;34,51;34,02;34,21
02/01/2013 09:00;34,21;34,31;34,21;34,31
28/12/2012 16:20;33,8;33,97;33,8;33,97
28/12/2012 13:00;33,85;33,98;33,82;33,98
28/12/2012 09:00;33,8;33,95;33,7;33,85
27/12/2012 16:20;33,95;34,16;33,85;33,85
27/12/2012 13:00;33,9;34,02;33,9;33,95
27/12/2012 09:00;34,05;34,05;33,8;33,93
26/12/2012 16:20;34,46;34,51;34,11;34,23
26/12/2012 13:00;34,67;34,72;34,37;34,42
26/12/2012 09:00;34,56;34,82;34,56;34,67
21/12/2012 16:20;34,36;34,48;34,36;34,48
21/12/2012 13:00;34,24;34,36;34,21;34,36
21/12/2012 09:00;34,06;34,31;34,06;34,23
20/12/2012 16:20;34,04;34,09;34;34
20/12/2012 13:00;34,02;34,21;33,95;34,11
20/12/2012 09:00;34,16;34,41;33,8;34,02
19/12/2012 16:20;34,5;34,5;34,21;34,31
19/12/2012 13:00;35,17;35,21;34,61;34,61
19/12/2012 09:00;35,12;35,21;35,07;35,17
18/12/2012 16:20;35,2;35,2;35,12;35,17
18/12/2012 13:00;35,02;35,2;35;35,2
18/12/2012 09:00;35,24;35,29;34,92;35,02
17/12/2012 16:20;35,2;35,38;35,2;35,38
17/12/2012 13:00;35,29;35,32;35,12;35,2
17/12/2012 09:00;35,12;35,38;35,04;35,27
14/12/2012 16:20;35;35,02;34,92;34,97
14/12/2012 13:00;34,91;34,99;34,89;34,97
14/12/2012 09:00;34,82;34,96;34,76;34,87
13/12/2012 16:20;34,77;34,77;34,53;34,62
13/12/2012 13:00;34,82;35,01;34,72;34,77
13/12/2012 09:00;34,83;34,92;34,44;34,82
12/12/2012 16:20;34,89;35,07;34,84;35,02
12/12/2012 13:00;34,77;35,07;34,54;34,83
12/12/2012 09:00;34,31;34,92;34,31;34,77
11/12/2012 16:20;34,34;34,46;34,17;34,37
11/12/2012 13:00;34,29;34,41;34,14;34,41
11/12/2012 09:00;34,09;34,45;33,95;34,26
10/12/2012 16:20;34,17;34,25;33,96;34,21
10/12/2012 13:00;34,16;34,26;34,11;34,17
10/12/2012 09:00;34,21;34,31;33,95;34,16
07/12/2012 16:20;34,42;34,51;34,31;34,36
07/12/2012 13:00;34,71;34,72;34,4;34,51
07/12/2012 09:00;34,85;34,85;34,33;34,72
06/12/2012 16:20;34,97;35,19;34,97;35,07
06/12/2012 13:00;35,22;35,22;34,85;35,06
06/12/2012 09:00;36,04;36,09;35,12;35,28
05/12/2012 16:20;36,45;36,6;36,19;36,31
05/12/2012 13:00;36,34;36,55;36,31;36,39
05/12/2012 09:00;36,65;36,67;36,16;36,34
04/12/2012 16:20;36,65;36,69;36,55;36,65
04/12/2012 13:00;36,85;36,9;36,65;36,69
04/12/2012 09:00;37,31;37,31;36,76;36,85
03/12/2012 16:20;37,01;37,16;37,01;37,16
03/12/2012 13:00;37,31;37,4;37,11;37,11
03/12/2012 09:00;37,36;37,46;37,25;37,28
30/11/2012 16:00;37,06;37,06;36,93;36,97
30/11/2012 13:00;37,01;37,07;36,9;37,04
30/11/2012 09:00;37,16;37,16;36,87;37,01
29/11/2012 16:00;37,47;37,47;37,19;37,3
29/11/2012 13:00;37,46;37,54;37,35;37,45
29/11/2012 09:00;37,42;37,66;37,2;37,41
28/11/2012 16:00;36,96;37,12;36,85;36,96
28/11/2012 13:00;36,65;36,96;36,65;36,9
28/11/2012 09:00;36,93;37,09;36,65;36,7
27/11/2012 16:00;36,54;36,89;36,54;36,89
27/11/2012 13:00;36,52;36,6;36,38;36,51
27/11/2012 09:00;36,06;36,62;36,06;36,5
26/11/2012 16:00;36,39;36,39;35,63;36,3
26/11/2012 13:00;36,29;36,5;36,21;36,4
26/11/2012 09:00;36,65;36,94;36,17;36,25
23/11/2012 16:00;36,41;36,45;36,3;36,35
23/11/2012 13:00;36,6;36,7;36,34;36,45
23/11/2012 09:00;36,45;36,8;35,85;36,58
22/11/2012 16:00;36,45;36,45;36,4;36,45
22/11/2012 13:00;36,34;36,46;36,3;36,45
22/11/2012 09:00;36,14;36,4;36,04;36,34
21/11/2012 16:00;36,08;36,17;36,02;36,14
21/11/2012 13:00;35,97;36,09;35,81;36,08
21/11/2012 09:00;35,51;36,14;35,51;35,99
19/11/2012 16:00;35,29;35,43;35,28;35,38
19/11/2012 13:00;35,07;35,32;35,03;35,28
19/11/2012 09:00;35;35,12;35;35,06
16/11/2012 16:00;34,69;34,9;34,67;34,79
16/11/2012 13:00;34,51;34,67;34,51;34,67
16/11/2012 09:00;34,73;34,82;34,42;34,42
14/11/2012 16:00;34,62;34,64;34,6;34,61
14/11/2012 13:00;34,49;34,55;34,45;34,55
14/11/2012 09:00;34,39;34,49;34,39;34,49
13/11/2012 16:00;34,19;34,29;34,19;34,29
13/11/2012 13:00;34,14;34,28;34,09;34,28
13/11/2012 09:00;33,98;34,28;33,93;34,24
12/11/2012 16:00;34,14;34,14;34,14;34,14
12/11/2012 13:00;34,25;34,25;34,04;34,15
12/11/2012 09:00;34,29;34,35;34,29;34,29
09/11/2012 16:00;34,24;34,34;34,24;34,34
09/11/2012 13:00;34,31;34,39;34,19;34,29
09/11/2012 09:00;34,27;34,44;34,08;34,24
08/11/2012 16:00;34,31;34,34;34,29;34,29
08/11/2012 13:00;34,26;34,34;34,22;34,29
08/11/2012 09:00;34,26;34,34;34,16;34,25
07/11/2012 16:00;34,35;34,35;34,29;34,29
07/11/2012 13:00;34,27;34,44;34,27;34,39
07/11/2012 09:00;34,49;34,49;34,26;34,26
06/11/2012 16:00;34,33;34,44;34,33;34,44
06/11/2012 13:00;34,19;34,34;34,15;34,33
06/11/2012 09:00;34,15;34,37;33,98;34,19
05/11/2012 16:00;34,27;34,27;34,08;34,09
05/11/2012 13:00;34,31;34,34;34,27;34,29
05/11/2012 09:00;34,16;34,38;34,14;34,32
01/11/2012 16:00;34,36;34,39;34,34;34,37
01/11/2012 13:00;34,39;34,51;34,37;34,4
01/11/2012 09:00;34,25;34,47;34,25;34,38
31/10/2012 16:00;34,14;34,19;34,14;34,15
31/10/2012 13:00;34,03;34,18;33,96;34,14
31/10/2012 09:00;34,08;34,13;33,93;34,03
30/10/2012 16:00;33,86;33,86;33,74;33,74
30/10/2012 13:00;33,88;33,93;33,78;33,88
30/10/2012 09:00;34,03;34,19;33,74;33,83
29/10/2012 16:00;34,04;34,24;34,04;34,19
29/10/2012 13:00;33,91;34,1;33,88;34,06
29/10/2012 09:00;33,85;34,23;33,85;33,97
26/10/2012 16:00;33,73;33,83;33,63;33,73
26/10/2012 13:00;33,66;33,73;33,6;33,73
26/10/2012 09:00;33,23;33,87;33,23;33,65
25/10/2012 16:00;33,52;33,52;33,37;33,37
25/10/2012 13:00;33,29;33,68;33,27;33,5
25/10/2012 09:00;33,21;33,5;33,17;33,32
24/10/2012 16:00;33,02;33,12;33,01;33,01
24/10/2012 13:00;33,12;33,12;32,93;33
24/10/2012 09:00;33,12;33,27;33,01;33,07
23/10/2012 16:00;32,89;33,06;32,83;33,01
23/10/2012 13:00;32,67;32,91;32,62;32,9
23/10/2012 09:00;32,91;32,91;32,5;32,67
22/10/2012 16:00;32,93;32,98;32,72;32,91
22/10/2012 13:00;32,74;32,91;32,71;32,91
22/10/2012 09:00;32,56;32,86;32,56;32,71
19/10/2012 16:00;32,45;32,5;32,43;32,45
19/10/2012 13:00;32,33;32,39;32,28;32,39
19/10/2012 09:00;32,41;32,42;32,25;32,3
18/10/2012 16:00;32,07;32,17;31,84;32,1
18/10/2012 13:00;32;32,17;32;32,08
18/10/2012 09:00;32;32,08;31,69;32,04
17/10/2012 16:00;31,69;31,83;31,67;31,79
17/10/2012 13:00;31,46;31,67;31,46;31,64
17/10/2012 09:00;31,36;31,48;31,33;31,46
16/10/2012 16:00;31,38;31,52;31,38;31,52
16/10/2012 13:00;31,28;31,37;31,25;31,37
16/10/2012 09:00;31,48;31,57;31,23;31,24
15/10/2012 16:00;31,26;31,29;31,26;31,29
15/10/2012 13:00;31,41;31,5;31,08;31,26
15/10/2012 09:00;31,25;31,52;31,13;31,38
11/10/2012 16:00;32,11;32,11;32;32
11/10/2012 13:00;32,05;32,18;32;32,1
11/10/2012 09:00;31,06;32,5;30,78;32,1
10/10/2012 16:00;31,04;31,08;30,98;31,08
10/10/2012 13:00;30,85;31,14;30,8;31,02
10/10/2012 09:00;31,04;31,22;30,77;30,84
09/10/2012 16:00;31,32;31,33;31,14;31,27
09/10/2012 13:00;31,22;31,36;31,19;31,31
09/10/2012 09:00;31,12;31,44;31,11;31,21
08/10/2012 16:00;31,04;31,04;30,98;31,03
08/10/2012 13:00;31,12;31,14;30,98;31,03
08/10/2012 09:00;31,18;31,21;30,93;31,12
05/10/2012 16:00;31,28;31,47;31,25;31,47
05/10/2012 13:00;31,41;31,44;31,33;31,36
05/10/2012 09:00;31,44;31,62;31,31;31,36
04/10/2012 16:00;31,38;31,49;31,15;31,49
04/10/2012 13:00;31,45;31,54;31,38;31,52
04/10/2012 09:00;31,25;31,69;31,25;31,49
03/10/2012 16:00;31,05;31,05;30,87;31,05
03/10/2012 13:00;30,57;31,13;30,57;31,08
03/10/2012 09:00;30,46;30,65;30,26;30,52
02/10/2012 16:00;30,67;30,75;30,52;30,52
02/10/2012 13:00;30,72;30,72;30,52;30,62
02/10/2012 09:00;31,05;31,07;30,37;30,67
01/10/2012 16:00;31,1;31,2;31,03;31,05
01/10/2012 13:00;30,82;31,21;30,67;31,2
01/10/2012 09:00;31,09;31,94;30,77;30,82
28/09/2012 16:00;31,59;31,93;31,44;31,54
28/09/2012 13:00;30,86;30,86;30,86;30,86
28/09/2012 09:00;29,4;30,86;29,19;30,86
27/09/2012 16:00;29,36;29,55;29,36;29,55
27/09/2012 13:00;29,4;29,5;29,35;29,36
27/09/2012 09:00;29,56;29,65;29,06;29,36
26/09/2012 16:00;29,64;29,86;29,55;29,76
26/09/2012 13:00;29,5;29,68;29,4;29,65
26/09/2012 09:00;30,21;30,21;29,4;29,49
25/09/2012 16:00;30,26;30,47;30,26;30,42
25/09/2012 13:00;30,04;30,31;30,04;30,19
25/09/2012 09:00;30,06;30,41;29,98;30,05
24/09/2012 16:00;29,86;29,99;29,86;29,99
24/09/2012 13:00;29,8;29,92;29,61;29,86
24/09/2012 09:00;30,12;30,26;29,68;29,85
21/09/2012 16:00;30,46;30,47;30,46;30,46
21/09/2012 13:00;30,47;30,47;30,37;30,45
21/09/2012 09:00;30,47;30,57;30,21;30,55
20/09/2012 16:00;30,45;30,56;30,31;30,42
20/09/2012 13:00;30,93;30,93;30,37;30,38
20/09/2012 09:00;31,28;31,28;30,72;30,95
19/09/2012 16:00;31,39;31,39;31,16;31,37
19/09/2012 13:00;31,41;31,68;31,33;31,36
19/09/2012 09:00;31,26;31,54;31,19;31,38
18/09/2012 16:00;31,02;31,08;30,98;31,06
18/09/2012 13:00;31,18;31,18;30,94;31,04
18/09/2012 09:00;30,88;31,38;30,57;31,18
14/09/2012 16:00;31,1;31,14;31,09;31,14
14/09/2012 13:00;31,08;31,13;31,04;31,09
14/09/2012 09:00;31,02;31,09;30,99;31,09
13/09/2012 16:00;31,08;31,08;30,99;30,99
13/09/2012 13:00;31,09;31,12;31,02;31,02
13/09/2012 09:00;31,18;31,18;31,09;31,09
12/09/2012 16:00;31,13;31,18;31,13;31,18
12/09/2012 13:00;31,09;31,18;31,08;31,18
12/09/2012 09:00;31,28;31,38;30,99;31,08
11/09/2012 16:00;31,04;31,09;31,04;31,04
11/09/2012 13:00;31,14;31,14;30,95;31,07
11/09/2012 09:00;31,33;31,33;30,91;31,09
10/09/2012 13:00;31,33;31,38;31,23;31,23
10/09/2012 09:00;31,7;31,7;31,23;31,33
06/09/2012 16:00;31,33;31,38;31,33;31,38
06/09/2012 13:00;31,42;31,42;31,28;31,37
06/09/2012 09:00;31,22;31,38;31,21;31,38
05/09/2012 16:00;31,23;31,33;31,1;31,23
05/09/2012 13:00;31,28;31,37;31,15;31,3
05/09/2012 09:00;31,47;31,47;31,19;31,28
04/09/2012 16:00;31,59;31,7;31,58;31,59
04/09/2012 13:00;31,84;31,92;31,52;31,57
04/09/2012 09:00;31,42;31,85;31,42;31,85
03/09/2012 16:00;31,27;31,46;31,27;31,36
03/09/2012 13:00;31,24;31,33;31,24;31,28
03/09/2012 09:00;31,28;31,52;31,24;31,28
31/08/2012 16:00;31,48;31,69;31,29;31,45
31/08/2012 13:00;31,38;31,57;31,38;31,49
31/08/2012 09:00;31,85;31,85;31,33;31,38
30/08/2012 16:00;31,75;31,91;31,75;31,83
30/08/2012 13:00;31,81;31,95;31,72;31,81
30/08/2012 09:00;31,83;31,94;31,59;31,84
29/08/2012 16:00;31,78;31,81;31,68;31,74
29/08/2012 13:00;31,71;31,85;31,69;31,85
29/08/2012 09:00;31,95;32,07;31,39;31,73
28/08/2012 16:00;31,89;32,09;31,71;31,85
28/08/2012 13:00;31,85;31,92;31,76;31,92
28/08/2012 09:00;31,95;31,95;31,58;31,85
27/08/2012 16:00;31,96;32,14;31,9;32,06
27/08/2012 13:00;32,18;32,24;31,85;32
27/08/2012 09:00;32,33;32,52;32,14;32,14
24/08/2012 16:00;32,38;32,48;32,34;32,43
24/08/2012 13:00;32,4;32,47;32,19;32,38
24/08/2012 09:00;32,31;32,62;32,26;32,4
23/08/2012 16:00;32,14;32,31;32,1;32,31
23/08/2012 13:00;32,1;32,28;31,9;32,14
23/08/2012 09:00;32,2;32,67;32,01;32,14
22/08/2012 16:00;32,46;32,48;32,14;32,28
22/08/2012 13:00;32,71;32,76;32,29;32,33
22/08/2012 09:00;32,44;32,97;32,24;32,71
21/08/2012 16:00;32,62;32,67;32,48;32,51
21/08/2012 13:00;32,33;32,79;32,28;32,57
21/08/2012 09:00;31,84;32,52;31,66;32,33
20/08/2012 16:00;31,76;32,03;31,57;31,81
20/08/2012 13:00;31,57;31,66;31,49;31,66
20/08/2012 09:00;31,57;31,76;31,18;31,57
17/08/2012 16:00;30,72;30,97;30,72;30,9
17/08/2012 13:00;30,73;30,84;30,71;30,75
17/08/2012 09:00;30,17;30,98;30,08;30,73
16/08/2012 16:00;30,42;30,42;30,19;30,37
16/08/2012 13:00;30,32;30,51;30,28;30,38
16/08/2012 09:00;30,56;30,9;30,13;30,32
15/08/2012 16:00;30,77;30,84;30,52;30,56
15/08/2012 13:00;30,87;30,93;30,66;30,67
15/08/2012 09:00;31,28;31,55;30,67;30,8
14/08/2012 16:00;31,07;31,18;30,99;31,11
14/08/2012 13:00;31,42;31,42;30,99;31,05
14/08/2012 09:00;31,66;31,95;31,19;31,4
13/08/2012 16:00;31,14;31,28;31,11;31,23
13/08/2012 13:00;31,51;31,66;31,23;31,33
13/08/2012 09:00;31,94;31,94;30,82;31,52
10/08/2012 16:00;32,32;32,33;32;32
10/08/2012 13:00;32,86;32,86;32,11;32,48
10/08/2012 09:00;33,09;33,77;32,67;32,82
09/08/2012 16:00;32,76;33,05;32,65;32,99
09/08/2012 13:00;32,74;32,91;32,71;32,9
09/08/2012 09:00;32,8;32,91;32,49;32,71
08/08/2012 16:00;32,16;32,27;32,05;32,27
08/08/2012 13:00;31,81;32,22;31,77;31,95
08/08/2012 09:00;32,14;32,14;31,57;31,83
07/08/2012 16:00;32,32;32,32;32,15;32,24
07/08/2012 13:00;32,33;32,38;32,18;32,32
07/08/2012 09:00;32,74;32,86;32,15;32,34
06/08/2012 16:00;33;33,1;32,43;32,57
06/08/2012 13:00;32,95;33,24;32,94;33,05
06/08/2012 09:00;33,24;33,47;32,81;32,95
03/08/2012 16:00;33,58;33,58;33,29;33,29
03/08/2012 13:00;33,62;33,67;33,52;33,58
03/08/2012 09:00;33,1;33,69;33,1;33,61
02/08/2012 16:00;33,26;33,33;33,15;33,19
02/08/2012 13:00;33,24;33,44;33,1;33,34
02/08/2012 09:00;33,37;33,48;32,93;33,25
01/08/2012 16:00;33,48;33,53;33,38;33,4
01/08/2012 13:00;33,19;33,27;32,82;33,11
01/08/2012 09:00;33,14;33,59;32,95;33,19
31/07/2012 16:00;33,53;33,66;33,38;33,62
31/07/2012 13:00;33,53;33,65;33,35;33,57
31/07/2012 09:00;34,1;34,15;33,1;33,53
30/07/2012 16:00;34,34;34,38;33,59;33,81
30/07/2012 13:00;34,01;34,06;33,96;34,06
30/07/2012 09:00;33,69;34,06;33,58;34,03
27/07/2012 16:00;32,63;32,9;32,52;32,87
27/07/2012 13:00;32,52;32,68;32,39;32,5
27/07/2012 09:00;32,51;32,86;32,14;32,52
26/07/2012 16:00;32,33;32,57;32,33;32,52
26/07/2012 13:00;33,19;33,28;31,95;32,48
26/07/2012 09:00;33,38;34,03;32,91;33,19
25/07/2012 16:00;33,29;33,46;33,15;33,34
25/07/2012 13:00;32,91;33,27;32,91;33,22
25/07/2012 09:00;31,78;33,19;31,77;32,89
24/07/2012 16:00;31,26;31,42;30,54;31,35
24/07/2012 13:00;31,76;31,76;31,76;31,76
24/07/2012 09:00;33,34;33,34;31,76;31,76
23/07/2012 16:00;33,48;33,67;33,34;33,58
23/07/2012 13:00;33,67;33,74;33,29;33,48
23/07/2012 09:00;33;33,84;32,62;33,67
20/07/2012 16:00;34,01;34,24;33,96;34,15
20/07/2012 13:00;33,73;33,96;33,58;33,91
20/07/2012 09:00;33,28;33,91;33,1;33,73
19/07/2012 16:00;33,1;33,17;32,86;33,1
19/07/2012 13:00;32,98;33,13;32,86;33,01
19/07/2012 09:00;32,71;33,29;32,57;32,99
18/07/2012 16:00;32,14;32,48;32,14;32,28
18/07/2012 13:00;31,66;32,13;31,57;32,03
18/07/2012 09:00;31,84;31,85;31,38;31,71
17/07/2012 16:00;31,89;31,99;31,85;31,94
17/07/2012 13:00;32;32,07;31,76;31,85
17/07/2012 09:00;31,38;32,1;31,23;32,05
16/07/2012 16:00;31,47;32,17;31,38;32,05
16/07/2012 13:00;30,81;30,94;30,76;30,94
16/07/2012 09:00;30,82;30,94;30,71;30,85
13/07/2012 16:00;29,56;29,64;29,46;29,62
13/07/2012 13:00;29,32;29,59;29,17;29,5
13/07/2012 09:00;29,17;29,75;28,94;29,32
12/07/2012 16:00;26,02;26,02;26,02;26,02
12/07/2012 13:00;25,91;26,46;25,91;26,31
12/07/2012 09:00;25,83;25,83;25,54;25,54
11/07/2012 13:00;27,38;27,44;27,28;27,44
11/07/2012 09:00;26,98;27,89;26,98;27,89
10/07/2012 16:00;27,03;27,64;27,03;27,08
10/07/2012 13:00;26,6;27,08;26,52;27,08
10/07/2012 09:00;26,22;26,62;26,22;26,62
06/07/2012 13:00;26,02;26,22;26,02;26,22
06/07/2012 09:00;26,02;26,02;25,67;26,02
05/07/2012 16:00;26,32;26,47;26,32;26,47
05/07/2012 13:00;26,17;26,37;26,17;26,37
05/07/2012 09:00;25,87;26,22;25,87;26,17
04/07/2012 13:00;25,46;25,75;25,46;25,75
04/07/2012 09:00;25,41;25,44;25,41;25,44
03/07/2012 16:00;25,41;25,41;25,41;25,41
03/07/2012 13:00;25,36;25,38;25,36;25,38
03/07/2012 09:00;25,31;25,36;25,31;25,36
02/07/2012 16:00;25,21;25,26;25,21;25,26
02/07/2012 13:00;25,06;25,14;25,06;25,14
02/07/2012 09:00;24,93;24,96;24,93;24,96
29/06/2012 13:00;24,72;24,76;24,72;24,76
28/06/2012 16:00;24,66;24,66;24,66;24,66
28/06/2012 13:00;24,66;24,66;24,65;24,65
28/06/2012 09:00;24,66;24,66;24,66;24,66
27/06/2012 13:00;24,71;24,76;24,66;24,76
27/06/2012 09:00;24,72;24,76;24,66;24,75
26/06/2012 13:00;24,25;24,45;24,25;24,44
26/06/2012 09:00;24,4;24,42;24,4;24,4
25/06/2012 16:00;24,35;24,35;24,35;24,35
25/06/2012 13:00;24,25;24,25;24,25;24,25
25/06/2012 09:00;24,16;24,25;24,16;24,19
22/06/2012 13:00;23,95;23,95;23,95;23,95
21/06/2012 13:00;24,03;24,03;23,95;23,95
21/06/2012 09:00;24,05;24,05;24,05;24,05
20/06/2012 13:00;23,93;23,94;23,93;23,94
19/06/2012 13:00;23,97;23,97;23,94;23,94
18/06/2012 13:00;23,75;23,75;23,75;23,75
15/06/2012 16:00;23,7;23,7;23,7;23,7
15/06/2012 13:00;23,65;23,65;23,65;23,65
14/06/2012 13:00;23,72;23,85;23,72;23,85
13/06/2012 13:00;23,9;23,9;23,7;23,72
13/06/2012 09:00;24,04;24,04;23,54;23,54
12/06/2012 13:00;24,01;24,23;24,01;24,23
12/06/2012 09:00;24,1;24,1;24,1;24,1
11/06/2012 13:00;24,25;24,32;24,25;24,32
08/06/2012 13:00;24,35;24,35;24,35;24,35
08/06/2012 09:00;23,86;23,88;23,86;23,88
06/06/2012 16:00;24,4;24,4;24,4;24,4
06/06/2012 13:00;24,45;24,45;24,33;24,43
06/06/2012 09:00;24,45;24,45;24,32;24,45
05/06/2012 16:00;24,45;24,45;24,45;24,45
05/06/2012 13:00;24,35;24,58;24,35;24,58
05/06/2012 09:00;24,66;24,76;24,45;24,45
04/06/2012 16:00;24,55;24,55;24,55;24,55
04/06/2012 13:00;24,35;24,55;24,35;24,55
04/06/2012 09:00;24,15;24,25;24,15;24,15
01/06/2012 13:00;24,11;24,11;24;24,05
01/06/2012 09:00;23,8;24,14;23,8;24,14
31/05/2012 16:00;24,1;24,1;24,1;24,1
31/05/2012 13:00;23,89;24,1;23,89;24,1
31/05/2012 09:00;23,8;23,94;23,8;23,8
30/05/2012 16:00;23,95;23,95;23,76;23,76
30/05/2012 13:00;23,9;23,95;23,82;23,95
30/05/2012 09:00;23,95;23,95;23,75;23,78
29/05/2012 16:00;24,06;24,06;24,06;24,06
29/05/2012 09:00;24,15;24,15;23,97;23,97
28/05/2012 16:00;23,96;23,96;23,96;23,96
28/05/2012 13:00;24,3;24,3;24,2;24,25
28/05/2012 09:00;24,35;24,35;24,16;24,16
25/05/2012 16:00;24,56;24,56;24,45;24,45
25/05/2012 13:00;24,66;24,66;24,5;24,55
25/05/2012 09:00;25;25;24,72;24,72
24/05/2012 16:00;25,13;25,13;25,06;25,06
24/05/2012 13:00;25,27;25,27;25,02;25,14
24/05/2012 09:00;25,46;25,46;25,26;25,26
23/05/2012 16:00;25,51;25,51;25,51;25,51
23/05/2012 13:00;25,42;25,51;25,4;25,51
23/05/2012 09:00;25,56;25,62;25,26;25,26
22/05/2012 16:00;25,56;25,56;25,51;25,51
22/05/2012 13:00;25,62;25,67;25,56;25,67
22/05/2012 09:00;25,67;25,67;25,67;25,67
21/05/2012 13:00;26,07;26,07;25,97;25,97
21/05/2012 09:00;25,96;26,07;25,96;26,02
18/05/2012 13:00;25,97;26,01;25,97;26,01
18/05/2012 09:00;25,99;25,99;25,97;25,97
17/05/2012 13:00;25,67;25,87;25,67;25,87
17/05/2012 09:00;25,46;25,67;25,46;25,67
16/05/2012 16:00;25,62;25,62;25,62;25,62
16/05/2012 13:00;25,51;25,67;25,51;25,67
16/05/2012 09:00;25,26;25,41;25,26;25,41
15/05/2012 16:00;25,26;25,26;25,26;25,26
15/05/2012 13:00;25,26;25,26;25,26;25,26
14/05/2012 16:00;25,11;25,15;25,11;25,15
14/05/2012 13:00;25,03;25,12;25,03;25,11
14/05/2012 09:00;25,11;25,11;25,02;25,02
11/05/2012 16:00;24,96;24,96;24,96;24,96
11/05/2012 13:00;24,99;24,99;24,96;24,96
11/05/2012 09:00;24,96;24,99;24,87;24,99
10/05/2012 16:00;25,05;25,06;24,96;24,96
10/05/2012 13:00;24,96;25,1;24,93;25,06
10/05/2012 09:00;25,09;25,09;24,79;24,93
09/05/2012 13:00;25,17;25,2;25,07;25,2
09/05/2012 09:00;25,21;25,21;25,16;25,17
08/05/2012 16:00;25,31;25,31;25,31;25,31
08/05/2012 13:00;25,22;25,4;25,22;25,31
08/05/2012 09:00;25,16;25,24;25,16;25,21
07/05/2012 16:00;25,14;25,16;25,14;25,16
07/05/2012 13:00;25,11;25,2;25,07;25,16
07/05/2012 09:00;24,99;25,11;24,98;25,11
04/05/2012 16:00;25,15;25,21;25,08;25,08
04/05/2012 13:00;25,06;25,12;25,05;25,12
04/05/2012 09:00;25,15;25,15;24,96;25,05
03/05/2012 16:00;25,2;25,26;25,16;25,2
03/05/2012 13:00;25,1;25,21;25,1;25,18
03/05/2012 09:00;24,94;25,1;24,94;25,09
02/05/2012 16:00;24,86;24,87;24,85;24,85
02/05/2012 13:00;24,86;24,91;24,82;24,86
02/05/2012 09:00;24,78;24,94;24,69;24,87
30/04/2012 16:00;25,05;25,16;25,03;25,05
30/04/2012 13:00;24,86;25,03;24,86;25,02
30/04/2012 09:00;24,86;25,15;24,81;24,86
27/04/2012 16:00;24,67;24,78;24,67;24,74
27/04/2012 13:00;24,71;24,73;24,66;24,73
27/04/2012 09:00;24,71;24,83;24,5;24,7
26/04/2012 16:00;24,81;24,91;24,81;24,91
26/04/2012 13:00;24,88;24,88;24,68;24,81
26/04/2012 09:00;24,96;25,01;24,86;24,86
25/04/2012 16:00;24,86;25,09;24,86;25,05
25/04/2012 13:00;25,21;25,22;25,03;25,03
25/04/2012 09:00;25,25;25,35;25,07;25,2
24/04/2012 16:00;25,26;25,3;25,25;25,26
24/04/2012 13:00;25,31;25,33;25,22;25,26
24/04/2012 09:00;25,26;25,46;25,23;25,36
23/04/2012 16:00;25,06;25,12;25,06;25,08
23/04/2012 13:00;24,98;25,13;24,93;25,05
23/04/2012 09:00;24,97;25,05;24,87;24,99
20/04/2012 16:00;24,92;25;24,92;25
20/04/2012 13:00;25,03;25,03;24,91;25,01
20/04/2012 09:00;24,86;25,13;24,86;25,01
19/04/2012 16:00;25,06;25,06;24,96;25,01
19/04/2012 13:00;25,16;25,2;24,96;25,04
19/04/2012 09:00;24,86;25,27;24,86;25,16
18/04/2012 16:00;24,84;24,89;24,71;24,74
18/04/2012 13:00;24,96;24,99;24,79;24,89
18/04/2012 09:00;24,86;25,16;24,86;24,94
17/04/2012 16:00;24,96;25,04;24,81;24,9
17/04/2012 13:00;25,16;25,25;24,83;25,01
17/04/2012 09:00;25,27;25,27;25,07;25,17
16/04/2012 16:00;25,46;25,46;25,33;25,33
16/04/2012 13:00;25,62;25,66;25,38;25,45
16/04/2012 09:00;25,77;25,88;25,57;25,66
13/04/2012 16:00;25,77;25,87;25,77;25,87
13/04/2012 13:00;25,87;25,87;25,67;25,77
13/04/2012 09:00;25,8;26,02;25,77;25,82
12/04/2012 16:00;26,02;26,02;25,89;26
12/04/2012 13:00;26,3;26,35;25,96;26,02
12/04/2012 09:00;26,27;26,36;26,27;26,3
11/04/2012 16:00;26,28;26,28;26,17;26,23
11/04/2012 13:00;26,33;26,33;26,21;26,27
11/04/2012 09:00;26,44;26,44;26,27;26,29
10/04/2012 16:00;26,44;26,51;26,38;26,4
10/04/2012 13:00;26,64;26,66;26,4;26,47
10/04/2012 09:00;26,85;26,85;26,56;26,67
09/04/2012 16:00;26,75;26,78;26,49;26,77
09/04/2012 13:00;26,72;26,78;26,68;26,7
09/04/2012 09:00;26,69;26,86;26,66;26,7
05/04/2012 16:00;26,63;26,67;26,47;26,67
05/04/2012 13:00;26,58;26,62;26,55;26,55
05/04/2012 09:00;26,61;26,68;26,58;26,63
04/04/2012 16:00;26,52;26,66;26,52;26,62
04/04/2012 13:00;26,45;26,55;26,45;26,52
04/04/2012 09:00;26,53;26,67;26,43;26,47
03/04/2012 16:00;26,64;26,71;26,6;26,67
03/04/2012 13:00;26,78;26,78;26,6;26,65
03/04/2012 09:00;26,7;27,02;26,58;26,75
02/04/2012 16:00;26,77;26,78;26,68;26,73
02/04/2012 13:00;26,72;26,82;26,71;26,77
02/04/2012 09:00;26,68;26,73;26,63;26,72
30/03/2012 16:00;26,74;26,78;26,68;26,69
30/03/2012 13:00;26,83;26,86;26,66;26,73
30/03/2012 09:00;26,37;26,88;26,2;26,83
29/03/2012 16:00;26,27;26,32;26,17;26,2
29/03/2012 13:00;26,36;26,39;26,27;26,36
29/03/2012 09:00;26,2;26,41;26,19;26,37
28/03/2012 16:00;26,58;26,62;26,42;26,47
28/03/2012 13:00;26,68;26,7;26,59;26,66
28/03/2012 09:00;26,58;26,81;26,58;26,68
27/03/2012 16:00;26,75;26,85;26,73;26,78
27/03/2012 13:00;27,03;27,03;26,78;26,82
27/03/2012 09:00;27,08;27,13;26,98;27,03
26/03/2012 16:00;26,97;26,98;26,83;26,98
26/03/2012 13:00;27,13;27,18;26,98;27,05
26/03/2012 09:00;26,88;27,27;26,88;27,18
23/03/2012 16:00;26,89;26,89;26,85;26,88
23/03/2012 13:00;26,95;26,97;26,83;26,93
23/03/2012 09:00;26,87;27,08;26,83;26,98
22/03/2012 16:00;26,75;26,76;26,59;26,65
22/03/2012 13:00;26,78;26,88;26,75;26,75
22/03/2012 09:00;26,54;26,81;26,52;26,8
21/03/2012 16:00;26,84;26,92;26,84;26,9
21/03/2012 13:00;26,88;26,93;26,83;26,84
21/03/2012 09:00;26,73;27,11;26,6;26,89
20/03/2012 16:00;26,79;26,87;26,64;26,7
20/03/2012 13:00;26,93;26,95;26,78;26,86
20/03/2012 09:00;27,03;27,13;26,88;26,92
19/03/2012 16:00;27,37;27,37;27,24;27,33
19/03/2012 13:00;27,5;27,5;27,38;27,38
19/03/2012 09:00;27,72;27,74;27,43;27,48
16/03/2012 16:00;27,74;27,74;27,7;27,74
16/03/2012 13:00;27,68;27,84;27,64;27,74
16/03/2012 09:00;27,94;27,94;27,55;27,68
15/03/2012 16:00;27,85;27,99;27,84;27,97
15/03/2012 13:00;27,82;27,93;27,76;27,85
15/03/2012 09:00;27,32;27,94;27,32;27,84
14/03/2012 16:00;29,56;29,56;29,56;29,56
14/03/2012 13:00;29,56;29,58;29,56;29,56
14/03/2012 09:00;29,53;29,57;29,53;29,56
13/03/2012 16:00;29,56;29,62;29,56;29,62
13/03/2012 13:00;29,66;29,69;29,57;29,61
13/03/2012 09:00;29,51;29,69;29,51;29,66
12/03/2012 16:00;29,62;29,64;29,59;29,61
12/03/2012 13:00;29,6;29,63;29,58;29,6
12/03/2012 09:00;29,51;29,64;29,49;29,61
09/03/2012 16:00;29,41;29,42;29,35;29,35
09/03/2012 13:00;29,58;29,61;29,35;29,43
09/03/2012 09:00;29,55;29,61;29,4;29,61
08/03/2012 16:00;29,43;29,43;29,41;29,43
08/03/2012 13:00;29,4;29,45;29,37;29,41
08/03/2012 09:00;29,3;29,48;29,3;29,4
07/03/2012 16:00;29,2;29,2;29,16;29,16
07/03/2012 13:00;29,08;29,2;29,06;29,2
07/03/2012 09:00;29,07;29,2;29,04;29,06
06/03/2012 16:00;28,93;28,95;28,9;28,9
06/03/2012 13:00;29;29,03;28,95;28,95
06/03/2012 09:00;28,95;29,1;28,8;29
05/03/2012 16:00;28,8;28,8;28,75;28,75
05/03/2012 13:00;28,7;28,76;28,55;28,71
05/03/2012 09:00;28,8;28,85;28,67;28,7
02/03/2012 16:00;28,7;28,9;28,7;28,8
02/03/2012 13:00;28,64;28,69;28,38;28,65
02/03/2012 09:00;28,75;28,84;28,62;28,62
01/03/2012 16:00;28,66;28,66;28,55;28,58
01/03/2012 13:00;28,72;28,83;28,6;28,65
01/03/2012 09:00;28,92;28,92;28,7;28,7
29/02/2012 16:00;28,98;28,99;28,95;28,95
29/02/2012 13:00;28,95;29;28,9;28,93
29/02/2012 09:00;28,99;29,05;28,9;28,97
28/02/2012 16:00;28,88;28,94;28,86;28,94
28/02/2012 13:00;28,76;28,91;28,76;28,86
28/02/2012 09:00;28,9;28,95;28,68;28,73
27/02/2012 16:00;28,8;28,9;28,8;28,85
27/02/2012 13:00;28,65;28,8;28,62;28,77
27/02/2012 09:00;28,59;28,75;28,59;28,62
24/02/2012 16:00;28,46;28,55;28,39;28,55
24/02/2012 13:00;28,33;28,44;28,29;28,4
24/02/2012 09:00;28,19;28,41;28,19;28,33
23/02/2012 16:00;28,03;28,22;28,03;28,19
23/02/2012 13:00;27,94;28,08;27,88;28,04
23/02/2012 09:00;27,84;27,99;27,79;27,94
22/02/2012 16:00;27,69;27,78;27,69;27,74
22/02/2012 13:00;27,68;27,74;27,53;27,73
17/02/2012 16:00;27,33;27,38;27,33;27,38
17/02/2012 13:00;27,39;27,43;27,23;27,42
17/02/2012 09:00;27,39;27,58;27,29;27,36
16/02/2012 16:00;27,58;27,59;27,4;27,43
16/02/2012 13:00;27,53;27,59;27,53;27,53
16/02/2012 09:00;27,49;27,59;27,47;27,53
15/02/2012 16:00;27,68;27,73;27,64;27,69
15/02/2012 13:00;27,61;27,73;27,61;27,72
15/02/2012 09:00;27,59;27,74;27,53;27,6
14/02/2012 16:00;27,43;27,59;27,43;27,59
14/02/2012 13:00;27,48;27,55;27,43;27,43
14/02/2012 09:00;27,42;27,6;27,28;27,48
13/02/2012 16:00;27,25;27,28;27,23;27,28
13/02/2012 13:00;27,19;27,27;27,19;27,26
13/02/2012 09:00;27,38;27,38;27,18;27,22
10/02/2012 16:00;26,98;27,08;26,98;27,03
10/02/2012 13:00;27,13;27,18;27,07;27,08
10/02/2012 09:00;27,03;27,17;26,98;27,12
09/02/2012 16:00;27,13;27,13;27,03;27,05
09/02/2012 13:00;27,22;27,28;27,11;27,13
09/02/2012 09:00;27,28;27,41;26,94;27,18
08/02/2012 16:00;27,01;27,09;26,99;27,03
08/02/2012 13:00;27,17;27,18;27;27,03
08/02/2012 09:00;26,83;27,23;26,83;27,18
07/02/2012 16:00;26,88;26,88;26,79;26,88
07/02/2012 13:00;26,92;26,93;26,8;26,88
07/02/2012 09:00;26,9;27,12;26,83;26,91
06/02/2012 16:00;26,88;26,89;26,81;26,81
06/02/2012 13:00;27,08;27,13;26,88;26,88
06/02/2012 09:00;26,88;27,12;26,83;27,08
03/02/2012 16:00;27,22;27,23;27,04;27,14
03/02/2012 13:00;27,33;27,38;27,18;27,26
03/02/2012 09:00;26,93;27,45;26,93;27,29
02/02/2012 16:00;27,04;27,04;26,93;26,93
02/02/2012 13:00;26,95;27,07;26,95;27,04
02/02/2012 09:00;26,91;27,05;26,78;26,9
01/02/2012 16:00;27,16;27,17;27,04;27,13
01/02/2012 13:00;27,59;27,61;27,14;27,23
01/02/2012 09:00;27,47;27,74;27,34;27,61
31/01/2012 16:00;27,53;27,59;27,43;27,59
31/01/2012 13:00;27,84;27,89;27,5;27,59
31/01/2012 09:00;27,69;27,99;27,6;27,86
30/01/2012 16:00;27,53;27,53;27,48;27,52
30/01/2012 13:00;27,59;27,59;27,48;27,59
30/01/2012 09:00;27,59;27,67;27,36;27,59
27/01/2012 16:00;27,79;27,98;27,53;27,68
27/01/2012 13:00;27,87;27,93;27,79;27,84
27/01/2012 09:00;27,94;28,14;27,74;27,86
26/01/2012 16:00;28,23;28,25;28,04;28,04
26/01/2012 13:00;28,6;28,68;28,19;28,2
26/01/2012 09:00;28,9;28,95;28,56;28,56
24/01/2012 16:00;28,7;28,7;28,65;28,65
24/01/2012 13:00;28,49;28,79;28,47;28,7
24/01/2012 09:00;28,7;28,7;28,39;28,49
23/01/2012 16:00;28,86;28,95;28,75;28,9
23/01/2012 13:00;28,9;28,92;28,72;28,79
23/01/2012 09:00;28,9;29,05;28,8;28,92
20/01/2012 16:00;28,7;28,8;28,7;28,7
20/01/2012 13:00;28,63;28,69;28,54;28,65
20/01/2012 09:00;28,6;28,73;28,41;28,69
19/01/2012 16:00;28,32;28,6;28,32;28,49
19/01/2012 13:00;27,99;28,24;27,99;28,24
19/01/2012 09:00;27,99;28,09;27,9;27,99
18/01/2012 16:00;28,16;28,16;27,89;27,89
18/01/2012 13:00;28,19;28,29;28,09;28,1
18/01/2012 09:00;28,65;28,65;28,14;28,2
17/01/2012 16:00;28,75;28,75;28,55;28,75
17/01/2012 13:00;28,88;28,95;28,71;28,71
17/01/2012 09:00;28,95;29,07;28,8;28,87
16/01/2012 16:00;28,6;28,75;28,6;28,75
16/01/2012 13:00;28,58;28,78;28,49;28,5
16/01/2012 09:00;28,29;28,57;28,1;28,55
13/01/2012 16:00;28,23;28,23;28,15;28,15
13/01/2012 13:00;28,11;28,22;28,11;28,22
13/01/2012 09:00;28,06;28,11;28,06;28,09
12/01/2012 16:00;27,88;27,88;27,88;27,88
12/01/2012 13:00;27,81;28,02;27,81;28,02
12/01/2012 09:00;27,91;28,06;27,81;27,81
11/01/2012 16:00;27,85;27,85;27,85;27,85
11/01/2012 13:00;27,76;27,88;27,71;27,87
11/01/2012 09:00;27,97;27,97;27,66;27,75
10/01/2012 16:00;27,93;27,93;27,87;27,88
10/01/2012 13:00;27,84;27,88;27,8;27,88
10/01/2012 09:00;27,79;27,93;27,79;27,82
09/01/2012 16:00;27,97;27,97;27,88;27,88
09/01/2012 13:00;28,02;28,05;27,98;28,04
09/01/2012 09:00;28,06;28,06;27,97;28,04
06/01/2012 16:00;28,06;28,06;28,02;28,06
06/01/2012 13:00;28,15;28,15;28,06;28,06
06/01/2012 09:00;28,11;28,21;28,06;28,15
05/01/2012 16:00;28,02;28,05;27,89;27,97
05/01/2012 13:00;28,06;28,06;27,79;27,97
05/01/2012 09:00;28,14;28,14;28,02;28,06
04/01/2012 16:00;27,89;28,23;27,89;28,15
04/01/2012 13:00;27,79;27,88;27,76;27,88
04/01/2012 09:00;27,71;28,24;27,7;27,79
03/01/2012 16:00;27,55;27,82;27,54;27,76
03/01/2012 13:00;27,56;27,68;27,55;27,57
03/01/2012 09:00;27,34;27,7;27,34;27,56
02/01/2012 16:00;27,2;27,29;27,08;27,24
02/01/2012 13:00;27,14;27,21;27,08;27,21
02/01/2012 09:00;27,16;27,25;27,07;27,12
29/12/2011 13:00;27,03;27,17;26,99;27,12
29/12/2011 09:00;27,21;27,25;26,94;27,03
28/12/2011 16:00;27,25;27,39;27,23;27,39
28/12/2011 13:00;27,23;27,25;27,07;27,25
28/12/2011 09:00;27,16;27,34;27,13;27,23
27/12/2011 16:00;27,02;27,02;26,98;27,01
27/12/2011 13:00;26,93;26,99;26,91;26,94
27/12/2011 09:00;26,67;26,93;26,67;26,9
26/12/2011 16:00;26,88;27,07;26,76;27,07
26/12/2011 13:00;26,85;26,89;26,85;26,88
26/12/2011 09:00;26,72;26,9;26,72;26,88
23/12/2011 16:00;26,67;26,67;26,67;26,67
23/12/2011 13:00;26,67;26,67;26,58;26,67
23/12/2011 09:00;26,63;26,71;26,49;26,71
22/12/2011 16:00;26,49;26,63;26,39;26,58
22/12/2011 13:00;26,49;26,54;26,45;26,49
22/12/2011 09:00;26,4;26,54;26,4;26,48
21/12/2011 16:00;26,27;26,35;26,18;26,35
21/12/2011 13:00;26,09;26,27;26,05;26,18
21/12/2011 09:00;26,27;26,36;25,91;26,09
20/12/2011 16:00;26,45;26,63;26,4;26,58
20/12/2011 13:00;26,54;26,64;26,46;26,49
20/12/2011 09:00;26,72;26,83;26,3;26,49
19/12/2011 16:00;26,38;26,72;26,38;26,67
19/12/2011 13:00;26,2;26,4;26,19;26,4
19/12/2011 09:00;25,74;26,27;25,74;26,22
16/12/2011 16:00;25,77;25,86;25,64;25,68
16/12/2011 13:00;25,49;25,77;25,49;25,77
16/12/2011 09:00;25,63;25,72;25,39;25,46
15/12/2011 16:00;25,36;25,72;25,35;25,6
15/12/2011 13:00;25,02;25,37;24,97;25,36
15/12/2011 09:00;24,79;25,1;24,79;25,01
14/12/2011 16:00;24,65;24,74;24,65;24,7
14/12/2011 13:00;24,7;24,7;24,48;24,65
14/12/2011 09:00;24,56;24,79;24,56;24,7
13/12/2011 16:00;24,49;24,65;24,47;24,65
13/12/2011 13:00;24,42;24,61;24,39;24,49
13/12/2011 09:00;24,21;24,51;24,21;24,39
12/12/2011 16:00;24,03;24,21;23,95;24,21
12/12/2011 13:00;23,89;24,03;23,8;24,03
12/12/2011 09:00;24,12;24,12;23,81;23,9
09/12/2011 16:00;24,13;24,24;24,13;24,17
09/12/2011 13:00;24,34;24,35;24,13;24,13
09/12/2011 09:00;24,47;24,56;24,26;24,39
08/12/2011 16:00;24,46;24,64;24,25;24,64
08/12/2011 13:00;24,56;24,65;24,47;24,49
08/12/2011 09:00;24,74;24,74;24,54;24,56
07/12/2011 16:00;24,93;24,93;24,61;24,74
07/12/2011 13:00;25,04;25,04;24,93;24,93
07/12/2011 09:00;25,1;25,24;25,01;25,06
06/12/2011 16:00;24,92;25,01;24,92;24,93
06/12/2011 13:00;24,83;24,96;24,79;24,95
06/12/2011 09:00;24,83;24,92;24,74;24,88
05/12/2011 16:00;25,1;25,19;25,01;25,06
05/12/2011 13:00;25,05;25,19;25,01;25,06
05/12/2011 09:00;24,74;25,06;24,74;25,01
02/12/2011 16:00;24,88;24,88;24,81;24,82
02/12/2011 13:00;24,88;24,92;24,83;24,88
02/12/2011 09:00;24,61;24,92;24,61;24,91
01/12/2011 16:00;24,76;24,76;24,57;24,65
01/12/2011 13:00;24,99;24,99;24,77;24,77
01/12/2011 09:00;24,74;25,06;24,74;24,97
30/11/2011 16:00;24,79;24,87;24,65;24,82
30/11/2011 13:00;25;25,07;24,66;24,76
30/11/2011 09:00;24,83;25,27;24,65;25
29/11/2011 16:00;24,54;24,65;24,52;24,52
29/11/2011 13:00;24,34;24,64;24,34;24,56
29/11/2011 09:00;24,39;24,57;24,3;24,39
28/11/2011 16:00;24,56;24,62;24,54;24,56
28/11/2011 13:00;24,52;24,69;24,46;24,54
28/11/2011 09:00;24,47;24,92;24,47;24,5
25/11/2011 16:00;24,39;24,74;24,39;24,65
25/11/2011 13:00;24,3;24,47;24,3;24,43
25/11/2011 09:00;24,17;24,56;23,94;24,39
24/11/2011 16:00;24,47;24,47;24,3;24,34
24/11/2011 13:00;24,75;24,75;24,47;24,47
24/11/2011 09:00;24,74;24,82;24,74;24,75
23/11/2011 16:00;24,84;24,84;24,74;24,74
23/11/2011 13:00;25,01;25,06;24,77;24,88
23/11/2011 09:00;25,1;25,28;24,97;25,01
22/11/2011 16:00;25,55;25,55;25,33;25,46
22/11/2011 13:00;25,6;25,64;25,51;25,59
22/11/2011 09:00;25,91;25,91;25,46;25,55
21/11/2011 16:00;25,65;25,65;25,6;25,64
21/11/2011 13:00;25,78;25,78;25,6;25,64
21/11/2011 09:00;25,91;25,91;25,56;25,78
18/11/2011 16:00;25,99;26,04;25,97;26,04
18/11/2011 13:00;25,86;26,04;25,73;25,95
18/11/2011 09:00;26,45;26,45;25,73;25,82
17/11/2011 16:00;26,58;26,59;26,53;26,53
17/11/2011 13:00;26,81;26,81;26,58;26,63
17/11/2011 09:00;26,9;26,9;26,69;26,81
16/11/2011 16:00;27,05;27,05;26,9;26,9
16/11/2011 13:00;27,07;27,16;27,03;27,07
16/11/2011 09:00;26,99;27,17;26,9;27
14/11/2011 13:00;27,48;27,52;27,47;27,48
14/11/2011 09:00;27,5;27,52;27,43;27,52
11/11/2011 16:00;27,66;27,66;27,52;27,53
11/11/2011 13:00;27,7;27,7;27,62;27,66
11/11/2011 09:00;27,53;27,73;27,53;27,7
10/11/2011 16:00;27,69;27,7;27,59;27,62
10/11/2011 13:00;27,82;27,83;27,67;27,67
10/11/2011 09:00;27,61;27,88;27,61;27,82
09/11/2011 16:00;27,92;27,92;27,84;27,85
09/11/2011 13:00;27,88;27,97;27,88;27,93
09/11/2011 09:00;28,06;28,06;27,79;27,88
08/11/2011 16:00;28,01;28,01;27,99;27,99
08/11/2011 13:00;28,11;28,11;28,03;28,05
08/11/2011 09:00;28,02;28,11;28,02;28,11
07/11/2011 16:00;28,1;28,1;28,03;28,06
07/11/2011 13:00;28,09;28,09;28,02;28,06
07/11/2011 09:00;28,06;28,15;28,06;28,11
04/11/2011 16:00;27,93;27,93;27,93;27,93
04/11/2011 13:00;27,87;27,96;27,87;27,96
04/11/2011 09:00;28,02;28,02;27,84;27,87
03/11/2011 16:00;28,06;28,09;28,06;28,09
03/11/2011 13:00;28,05;28,09;28;28,09
03/11/2011 09:00;28,24;28,24;28,02;28,06
01/11/2011 16:00;28,15;28,15;28,11;28,15
01/11/2011 13:00;28;28,02;27,97;28,02
01/11/2011 09:00;27,88;28,06;27,88;27,97
31/10/2011 16:00;27,89;27,93;27,88;27,88
31/10/2011 13:00;27,84;27,92;27,84;27,92
31/10/2011 09:00;28,07;28,07;27,84;27,84
28/10/2011 16:00;28,02;28,02;28,02;28,02
28/10/2011 13:00;28,09;28,11;28,02;28,11
28/10/2011 09:00;28,06;28,15;28,02;28,08
27/10/2011 16:00;28,11;28,15;28,11;28,11
27/10/2011 13:00;28,15;28,22;28,11;28,15
27/10/2011 09:00;28,24;28,37;28,15;28,16
26/10/2011 16:00;27,88;28,02;27,88;27,97
26/10/2011 13:00;27,85;27,94;27,82;27,88
26/10/2011 09:00;27,79;27,97;27,79;27,88
25/10/2011 16:00;27,61;27,75;27,61;27,69
25/10/2011 13:00;27,52;27,63;27,5;27,61
25/10/2011 09:00;27,39;27,61;27,39;27,57
24/10/2011 16:00;27,29;27,31;27,27;27,3
24/10/2011 13:00;27,3;27,3;27,25;27,25
24/10/2011 09:00;27,21;27,34;27,21;27,3
21/10/2011 16:00;26,99;27,03;26,95;27,03
21/10/2011 13:00;27,03;27,07;27;27,03
21/10/2011 09:00;26,98;27,04;26,76;27,04
20/10/2011 16:00;27,02;27,07;27,02;27,05
20/10/2011 13:00;26,94;27,03;26,91;26,98
20/10/2011 09:00;26,91;27,02;26,85;26,98
19/10/2011 16:00;26,89;26,98;26,76;26,98
19/10/2011 13:00;26,81;26,98;26,78;26,94
19/10/2011 09:00;26,9;26,9;26,67;26,81
18/10/2011 16:00;26,78;26,85;26,76;26,85
18/10/2011 13:00;26,72;26,76;26,67;26,75
18/10/2011 09:00;26,72;26,89;26,61;26,72
17/10/2011 16:00;26,96;27,03;26,96;27
17/10/2011 13:00;27,07;27,12;26,98;27,03
17/10/2011 09:00;27,25;27,25;27;27,07
14/10/2011 16:00;27,18;27,25;27,18;27,25
14/10/2011 13:00;27,29;27,37;27,19;27,19
14/10/2011 09:00;27,25;27,45;27,25;27,29
13/10/2011 16:00;27,25;27,3;27,25;27,3
13/10/2011 13:00;27,21;27,39;27,21;27,3
13/10/2011 09:00;27,16;27,34;27,16;27,22
11/10/2011 16:00;27,3;27,48;27,24;27,3
11/10/2011 13:00;27,23;27,39;27,18;27,3
11/10/2011 09:00;26,94;27,23;26,94;27,21
10/10/2011 16:00;26,9;26,9;26,76;26,85
10/10/2011 13:00;27,12;27,13;26,9;26,94
10/10/2011 09:00;27,12;27,18;27,1;27,16
07/10/2011 16:00;26,9;26,9;26,81;26,85
07/10/2011 13:00;26,89;26,94;26,89;26,94
07/10/2011 09:00;27,03;27,12;26,72;26,85
06/10/2011 16:00;27,25;27,3;27,16;27,16
06/10/2011 13:00;27,41;27,41;27,25;27,3
06/10/2011 09:00;27,44;27,61;27,27;27,39
05/10/2011 16:00;27,52;27,61;27,43;27,43
05/10/2011 13:00;27,37;27,52;27,37;27,52
05/10/2011 09:00;27,34;27,52;27,27;27,46
04/10/2011 16:00;27,22;27,43;27,16;27,3
04/10/2011 13:00;27,12;27,21;27,06;27,17
04/10/2011 09:00;27,03;27,12;26,63;27,07
03/10/2011 16:00;27,13;27,24;27,03;27,16
03/10/2011 13:00;27,03;27,15;27,03;27,07
03/10/2011 09:00;26,8;27,16;26,36;27,07
30/09/2011 16:00;26,98;27,21;26,98;27,21
30/09/2011 13:00;27,05;27,21;26,97;27,2
30/09/2011 09:00;27,78;27,78;26,81;27,03
29/09/2011 16:00;28,15;28,15;27,99;28,02
29/09/2011 13:00;28,24;28,28;28,15;28,18
29/09/2011 09:00;28,38;28,4;27,79;28,24
28/09/2011 16:00;28,32;28,42;28,12;28,33
28/09/2011 13:00;28,62;28,62;28,2;28,33
28/09/2011 09:00;28,85;28,89;28,6;28,64
27/09/2011 16:00;28,96;28,96;28,84;28,84
27/09/2011 13:00;28,99;29,03;28,91;28,96
27/09/2011 09:00;29;29,07;28,96;28,99
26/09/2011 16:00;28,91;28,91;28,73;28,88
26/09/2011 13:00;29;29,01;28,88;28,88
26/09/2011 09:00;28,82;29,03;28,78;29
23/09/2011 13:00;28,92;28,98;28,88;28,96
23/09/2011 09:00;28,85;29;28,62;28,92
22/09/2011 16:00;28,84;28,9;28,84;28,9
22/09/2011 13:00;28,91;28,91;28,82;28,87
22/09/2011 09:00;29,08;29,08;28,8;28,89
21/09/2011 16:00;29,16;29,27;29,16;29,27
21/09/2011 13:00;29,14;29,17;29,06;29,16
21/09/2011 09:00;28,96;29,18;28,96;29,1
20/09/2011 16:00;28,95;28,95;28,94;28,95
20/09/2011 13:00;28,94;28,94;28,91;28,92
20/09/2011 09:00;28,96;28,99;28,89;28,94
19/09/2011 16:00;28,94;29;28,92;29
19/09/2011 13:00;28,9;28,92;28,84;28,88
19/09/2011 09:00;28,96;29;28,73;28,87
16/09/2011 16:00;28,82;28,96;28,8;28,96
16/09/2011 13:00;28,84;28,87;28,78;28,87
16/09/2011 09:00;28,87;28,93;28,82;28,84
15/09/2011 16:00;28,83;28,87;28,82;28,87
15/09/2011 13:00;28,91;28,91;28,82;28,85
15/09/2011 09:00;28,87;29,05;28,84;28,88
14/09/2011 16:00;28,91;28,91;28,91;28,91
14/09/2011 13:00;28,94;28,94;28,91;28,91
14/09/2011 09:00;29,05;29,05;28,91;28,94
13/09/2011 16:00;29,18;29,18;29,18;29,18
13/09/2011 13:00;29,1;29,1;29,08;29,1
13/09/2011 09:00;29;29,08;29;29,01
12/09/2011 16:00;29,14;29,14;29,05;29,08
12/09/2011 13:00;29,08;29,1;29,06;29,1
12/09/2011 09:00;29,1;29,1;29,05;29,05
09/09/2011 16:00;29,14;29,18;28,96;29,14
09/09/2011 13:00;29,14;29,14;29,1;29,1
09/09/2011 09:00;29,19;29,19;29,1;29,16
08/09/2011 16:00;29,16;29,21;29,16;29,21
08/09/2011 13:00;29,1;29,2;29,1;29,19
08/09/2011 09:00;29,05;29,14;29,05;29,1
06/09/2011 16:00;28,95;29;28,95;28,96
06/09/2011 13:00;28,87;29,05;28,87;29,05