;;;;;
;;;;;
;;;;;
;;;;;
;;;;;
;;;;;
;;;;;
;;;;;
;;;;;
;;;;;
;;;;;
;;;;;
;;;;;
;;;;;
;;;;;
;;;;;
;;;;;
;;;;;
;;;;;
;;;;;
;;;;;
;;;;;
;;;;;
;;;;;
;;;;;
;;;;;
;;;;;
;;;;;
;;;;;
;;;;;
;;;;;
;;;;;
;;;;;
;;;;;
;;;;;
;;;;;
;;;;;
;;;;;
;;;;;
;;;;;
;;;;;
;;;;;
;;;;;
;;;;;
;;;;;
;;;;;
;;;;;
;;;;;
;;;;;
;;;;;
;;;;;
;;;;;
;;;;;
;;;;;
;;;;;
;;;;;
;;;;;
;;;;;
;;;;;
;;;;;
;;;;;
;;;;;
;;;;;
;;;;;
;;;;;
;;;;;
;;;;;
;;;;;
;;;;;
;;;;;
;;;;;
;;;;;
;;;;;
;;;;;
;;;;;
;;;;;
;;;;;
;;;;;
;;;;;
;;;;;
;;;;;
;;;;;
;;;;;
;;;;;
;;;;;
;;;;;
;;;;;
;;;;;
;;;;;
;;;;;
;;;;;
;;;;;
;;;;;
;;;;;
;;;;;
;;;;;
;;;;;
;;;;;
;;;;;
;;;;;
;;;;;
;;;;;
;;;;;
;;;;;
;;;;;
;;;;;
;;;;;
;;;;;
;;;;;
;;;;;
;;;;;
;;;;;
;;;;;
;;;;;
;;;;;
;;;;;
;;;;;
;;;;;
;;;;;
;;;;;
;;;;;
;;;;;
;;;;;
;;;;;
;;;;;
;;;;;
;;;;;
;;;;;
;;;;;
;;;;;
;;;;;
;;;;;
;;;;;
;;;;;
;;;;;
;;;;;
;;;;;
;;;;;
;;;;;
;;;;;
;;;;;
;;;;;
;;;;;
;;;;;
;;;;;
;;;;;
;;;;;
;;;;;
;;;;;
;;;;;
;;;;;
;;;;;
;;;;;
;;;;;
;;;;;
;;;;;
;;;;;
;;;;;
;;;;;
;;;;;
;;;;;
;;;;;
;;;;;
;;;;;
;;;;;
;;;;;
;;;;;
;;;;;
;;;;;
;;;;;
;;;;;
;;;;;
;;;;;
;;;;;
;;;;;
;;;;;
;;;;;
;;;;;
;;;;;
;;;;;
;;;;;
;;;;;
;;;;;
;;;;;
;;;;;
;;;;;
;;;;;
;;;;;
;;;;;
;;;;;
;;;;;
;;;;;
;;;;;
;;;;;
;;;;;
;;;;;
;;;;;
;;;;;
;;;;;
;;;;;
;;;;;
;;;;;
;;;;;
;;;;;
;;;;;
;;;;;
;;;;;
;;;;;
;;;;;
;;;;;
;;;;;
;;;;;
;;;;;
;;;;;
;;;;;
;;;;;
;;;;;
;;;;;
;;;;;
;;;;;
;;;;;
;;;;;
;;;;;
;;;;;
;;;;;
;;;;;
;;;;;
;;;;;
;;;;;
;;;;;
;;;;;
;;;;;
;;;;;
;;;;;
;;;;;
;;;;;
;;;;;
;;;;;
;;;;;
;;;;;
;;;;;
;;;;;
;;;;;
;;;;;
;;;;;
;;;;;
;;;;;
;;;;;
;;;;;
;;;;;
;;;;;
;;;;;
;;;;;
;;;;;
;;;;;
;;;;;
;;;;;
;;;;;
;;;;;
;;;;;
;;;;;
;;;;;
;;;;;
;;;;;
;;;;;
;;;;;
;;;;;
;;;;;
;;;;;
;;;;;
;;;;;
;;;;;
;;;;;
;;;;;
;;;;;
;;;;;
;;;;;
;;;;;
;;;;;
;;;;;
;;;;;
;;;;;
;;;;;
;;;;;
;;;;;
;;;;;
;;;;;
;;;;;
;;;;;
;;;;;
;;;;;
;;;;;
;;;;;
;;;;;
;;;;;
;;;;;
;;;;;
;;;;;
;;;;;
;;;;;
;;;;;
;;;;;
;;;;;
;;;;;
;;;;;
;;;;;
;;;;;
;;;;;
;;;;;
;;;;;
;;;;;
;;;;;
;;;;;
;;;;;
;;;;;
;;;;;
;;;;;
;;;;;
;;;;;
;;;;;
;;;;;
;;;;;
;;;;;
;;;;;
;;;;;
;;;;;
;;;;;
;;;;;
;;;;;
;;;;;
;;;;;
;;;;;
;;;;;
;;;;;
;;;;;
;;;;;
;;;;;
;;;;;
;;;;;
;;;;;
;;;;;
;;;;;
;;;;;
;;;;;
;;;;;
;;;;;
;;;;;
;;;;;
;;;;;
;;;;;
;;;;;
;;;;;
;;;;;
;;;;;
;;;;;
;;;;;
;;;;;
;;;;;
;;;;;
;;;;;
;;;;;
;;;;;
;;;;;
;;;;;
;;;;;
;;;;;
;;;;;
;;;;;
;;;;;
;;;;;
;;;;;
;;;;;
;;;;;
;;;;;
;;;;;
;;;;;
;;;;;
;;;;;
;;;;;
;;;;;
;;;;;
;;;;;
;;;;;
;;;;;
;;;;;
;;;;;
;;;;;
;;;;;
;;;;;
;;;;;
;;;;;
;;;;;
;;;;;
;;;;;
;;;;;
;;;;;
;;;;;
;;;;;
;;;;;
;;;;;
;;;;;
;;;;;
;;;;;
;;;;;
;;;;;
;;;;;
;;;;;
;;;;;
;;;;;
;;;;;
;;;;;
;;;;;
;;;;;
;;;;;
;;;;;
;;;;;
;;;;;
;;;;;
;;;;;
;;;;;
;;;;;
;;;;;
;;;;;
;;;;;
;;;;;
;;;;;
;;;;;
;;;;;
;;;;;
;;;;;
;;;;;
;;;;;
;;;;;
;;;;;
;;;;;
;;;;;
;;;;;
;;;;;
;;;;;
;;;;;
;;;;;
;;;;;
;;;;;
;;;;;
;;;;;
;;;;;
;;;;;
;;;;;
;;;;;
;;;;;
;;;;;
;;;;;
;;;;;
;;;;;
;;;;;
;;;;;
;;;;;
;;;;;
;;;;;
;;;;;
;;;;;
;;;;;
;;;;;
;;;;;
;;;;;
;;;;;
;;;;;
;;;;;
;;;;;
;;;;;
;;;;;
;;;;;
;;;;;
;;;;;
;;;;;
;;;;;
;;;;;
;;;;;
;;;;;
;;;;;
;;;;;
;;;;;
;;;;;
;;;;;
;;;;;
;;;;;
;;;;;
;;;;;
;;;;;
;;;;;
;;;;;
;;;;;
;;;;;
;;;;;
;;;;;
;;;;;
;;;;;
;;;;;
;;;;;
;;;;;
;;;;;
;;;;;
;;;;;
;;;;;
;;;;;
;;;;;
;;;;;
;;;;;
;;;;;
;;;;;
;;;;;
;;;;;
;;;;;
;;;;;
;;;;;
;;;;;
;;;;;
;;;;;
;;;;;
;;;;;
;;;;;
;;;;;
;;;;;
;;;;;
;;;;;
;;;;;
;;;;;
;;;;;
;;;;;
;;;;;
;;;;;
;;;;;
;;;;;
;;;;;
;;;;;
;;;;;
;;;;;
;;;;;
;;;;;
;;;;;
;;;;;
;;;;;
;;;;;
;;;;;
;;;;;
;;;;;
;;;;;
;;;;;
;;;;;
;;;;;
;;;;;
;;;;;
;;;;;
;;;;;
;;;;;
;;;;;
;;;;;
;;;;;
;;;;;
;;;;;
;;;;;
;;;;;
;;;;;
;;;;;
;;;;;
;;;;;
;;;;;
;;;;;
;;;;;
;;;;;
;;;;;
;;;;;
;;;;;
;;;;;
;;;;;
;;;;;
;;;;;
;;;;;
;;;;;
;;;;;
;;;;;
;;;;;
;;;;;
;;;;;
;;;;;
;;;;;
;;;;;
;;;;;
;;;;;
;;;;;
;;;;;
;;;;;
;;;;;
;;;;;
;;;;;
;;;;;
;;;;;
;;;;;
;;;;;
;;;;;
;;;;;
;;;;;
;;;;;
;;;;;
;;;;;
;;;;;
;;;;;
;;;;;
;;;;;
;;;;;
;;;;;
;;;;;
;;;;;
;;;;;
;;;;;
;;;;;
;;;;;
;;;;;
;;;;;
;;;;;
;;;;;
;;;;;
;;;;;
;;;;;
;;;;;
;;;;;
;;;;;
;;;;;
;;;;;
;;;;;
;;;;;
;;;;;
;;;;;
;;;;;
;;;;;
;;;;;
;;;;;
;;;;;
;;;;;
;;;;;
;;;;;
;;;;;
;;;;;
;;;;;
;;;;;
;;;;;
;;;;;
;;;;;
;;;;;
;;;;;
;;;;;
;;;;;
;;;;;
;;;;;
;;;;;
;;;;;
;;;;;
;;;;;
;;;;;
;;;;;
;;;;;
;;;;;
;;;;;
;;;;;
;;;;;
;;;;;
;;;;;
;;;;;
;;;;;
;;;;;
;;;;;
;;;;;
;;;;;
;;;;;
;;;;;
;;;;;
;;;;;
;;;;;
;;;;;
;;;;;
;;;;;
;;;;;
;;;;;
;;;;;
;;;;;
;;;;;
;;;;;
;;;;;
;;;;;
;;;;;
;;;;;
;;;;;
;;;;;
;;;;;
;;;;;
;;;;;
;;;;;
;;;;;
;;;;;
;;;;;
;;;;;
;;;;;
;;;;;
;;;;;
;;;;;
;;;;;
;;;;;
;;;;;
;;;;;
;;;;;
;;;;;
;;;;;
;;;;;
;;;;;
;;;;;
;;;;;
;;;;;
;;;;;
;;;;;
;;;;;
;;;;;
;;;;;
;;;;;
;;;;;
;;;;;
;;;;;
;;;;;
;;;;;
;;;;;
;;;;;
;;;;;
;;;;;
;;;;;
;;;;;
;;;;;
;;;;;
;;;;;
;;;;;
;;;;;
;;;;;
;;;;;
;;;;;
;;;;;
;;;;;
;;;;;
;;;;;
;;;;;
;;;;;
;;;;;
;;;;;
;;;;;
;;;;;
;;;;;
;;;;;
;;;;;
;;;;;
;;;;;
;;;;;
;;;;;
;;;;;
;;;;;
;;;;;
;;;;;
;;;;;
;;;;;
;;;;;
;;;;;
;;;;;
;;;;;
;;;;;
;;;;;
;;;;;
;;;;;
;;;;;
;;;;;
;;;;;
;;;;;
;;;;;
;;;;;
;;;;;
;;;;;
;;;;;
;;;;;
;;;;;
;;;;;
;;;;;
;;;;;
;;;;;
;;;;;
;;;;;
;;;;;
;;;;;
;;;;;
;;;;;
;;;;;
;;;;;
;;;;;
;;;;;
;;;;;
;;;;;
;;;;;
;;;;;
;;;;;
;;;;;
;;;;;
;;;;;
;;;;;
;;;;;
;;;;;
;;;;;
;;;;;
;;;;;
;;;;;
;;;;;
;;;;;
;;;;;
;;;;;
;;;;;
;;;;;
;;;;;
;;;;;
;;;;;
;;;;;
;;;;;
;;;;;
;;;;;
;;;;;
;;;;;
;;;;;
;;;;;
;;;;;
;;;;;
;;;;;
;;;;;
;;;;;
;;;;;
;;;;;
;;;;;
;;;;;
;;;;;
;;;;;
;;;;;
;;;;;
;;;;;
;;;;;
;;;;;
;;;;;
;;;;;
;;;;;
;;;;;
;;;;;
;;;;;
;;;;;
;;;;;
;;;;;
;;;;;
;;;;;
;;;;;
;;;;;
;;;;;
;;;;;
;;;;;
;;;;;
;;;;;
;;;;;
;;;;;
;;;;;
;;;;;
;;;;;
;;;;;
;;;;;
;;;;;
;;;;;
;;;;;
;;;;;
;;;;;
;;;;;
;;;;;
;;;;;
;;;;;
;;;;;
;;;;;
;;;;;
;;;;;
;;;;;
;;;;;
;;;;;
;;;;;
;;;;;
;;;;;
;;;;;
;;;;;
;;;;;
;;;;;
;;;;;
;;;;;
;;;;;
;;;;;
;;;;;
;;;;;
;;;;;
;;;;;
;;;;;
;;;;;
;;;;;
;;;;;
;;;;;
;;;;;
;;;;;
;;;;;
;;;;;
;;;;;
;;;;;
;;;;;
;;;;;
;;;;;
;;;;;
;;;;;
;;;;;
;;;;;
;;;;;
;;;;;
;;;;;
;;;;;
;;;;;
;;;;;
;;;;;
;;;;;
;;;;;
;;;;;
;;;;;
;;;;;
;;;;;
;;;;;
;;;;;
;;;;;
;;;;;
;;;;;
;;;;;
;;;;;
;;;;;
;;;;;
;;;;;
;;;;;
;;;;;
;;;;;
;;;;;
;;;;;
;;;;;
;;;;;
;;;;;
;;;;;
;;;;;
;;;;;
;;;;;
;;;;;
;;;;;
;;;;;
;;;;;
;;;;;
;;;;;
;;;;;
;;;;;
;;;;;
;;;;;
;;;;;
;;;;;
;;;;;
;;;;;
;;;;;
;;;;;
;;;;;
;;;;;
;;;;;
;;;;;
;;;;;
;;;;;
;;;;;
;;;;;
;;;;;
;;;;;
;;;;;
;;;;;
;;;;;
;;;;;
;;;;;
;;;;;
;;;;;
;;;;;
;;;;;
;;;;;
;;;;;
;;;;;
;;;;;
;;;;;
;;;;;
;;;;;
;;;;;
;;;;;
;;;;;
;;;;;
;;;;;
;;;;;
;;;;;
;;;;;
;;;;;
;;;;;
;;;;;
;;;;;
;;;;;
;;;;;
;;;;;
;;;;;
;;;;;
;;;;;
;;;;;
;;;;;
;;;;;
;;;;;
;;;;;
;;;;;
;;;;;
;;;;;
;;;;;
;;;;;
;;;;;
;;;;;
;;;;;
;;;;;
;;;;;
;;;;;
;;;;;
;;;;;
;;;;;
;;;;;
;;;;;
;;;;;
;;;;;
;;;;;
;;;;;
;;;;;
;;;;;
;;;;;
;;;;;
;;;;;
;;;;;
;;;;;
;;;;;
;;;;;
;;;;;
;;;;;
;;;;;
;;;;;
;;;;;
;;;;;
;;;;;
;;;;;
;;;;;
;;;;;
;;;;;
;;;;;
;;;;;
;;;;;
;;;;;
;;;;;
;;;;;
;;;;;
;;;;;
;;;;;
;;;;;
;;;;;
;;;;;
;;;;;
;;;;;
;;;;;
;;;;;
;;;;;
;;;;;
;;;;;
;;;;;
;;;;;
;;;;;
;;;;;
;;;;;
;;;;;
;;;;;
;;;;;
;;;;;
;;;;;
;;;;;
;;;;;
;;;;;
;;;;;
;;;;;
;;;;;
;;;;;
;;;;;
;;;;;
;;;;;
;;;;;
;;;;;
;;;;;
;;;;;
;;;;;
;;;;;
;;;;;
;;;;;
;;;;;
;;;;;
;;;;;
;;;;;
;;;;;
;;;;;
;;;;;
;;;;;
;;;;;
;;;;;
;;;;;
;;;;;
;;;;;
;;;;;
;;;;;
;;;;;
;;;;;
;;;;;
;;;;;
;;;;;
;;;;;
;;;;;
;;;;;
;;;;;
;;;;;
;;;;;
;;;;;
;;;;;
;;;;;
;;;;;
;;;;;
;;;;;
;;;;;
;;;;;
;;;;;
;;;;;
;;;;;
;;;;;
;;;;;
;;;;;
;;;;;
;;;;;
;;;;;
;;;;;
;;;;;
;;;;;
;;;;;
;;;;;
;;;;;
;;;;;
;;;;;
;;;;;
;;;;;
;;;;;
;;;;;
;;;;;
;;;;;
;;;;;
;;;;;
;;;;;
;;;;;
;;;;;
;;;;;
;;;;;
;;;;;
;;;;;
;;;;;
;;;;;
;;;;;
;;;;;
;;;;;
;;;;;
;;;;;
;;;;;
;;;;;
;;;;;
;;;;;
;;;;;
;;;;;
;;;;;
;;;;;
;;;;;
;;;;;
;;;;;
;;;;;
;;;;;
;;;;;
;;;;;
;;;;;
;;;;;
;;;;;
;;;;;
;;;;;
;;;;;
;;;;;
;;;;;
;;;;;
;;;;;
;;;;;
;;;;;
;;;;;
;;;;;
;;;;;
;;;;;
;;;;;
;;;;;
;;;;;
;;;;;
;;;;;
;;;;;
;;;;;
;;;;;
;;;;;
;;;;;
;;;;;
;;;;;
;;;;;
;;;;;
;;;;;
;;;;;
;;;;;
;;;;;
;;;;;
;;;;;
;;;;;
;;;;;
;;;;;
;;;;;
;;;;;
;;;;;
;;;;;
;;;;;
;;;;;
;;;;;
;;;;;
;;;;;
;;;;;
;;;;;
;;;;;
;;;;;
;;;;;
;;;;;
;;;;;
;;;;;
;;;;;
;;;;;
;;;;;
;;;;;
;;;;;
;;;;;
;;;;;
;;;;;
;;;;;
;;;;;
;;;;;
;;;;;
;;;;;
;;;;;
;;;;;
;;;;;
;;;;;
;;;;;
;;;;;
;;;;;
;;;;;
;;;;;
;;;;;
;;;;;
;;;;;
;;;;;
;;;;;
;;;;;
;;;;;
;;;;;
;;;;;
;;;;;
;;;;;
;;;;;
;;;;;
;;;;;
;;;;;
;;;;;
;;;;;
;;;;;
;;;;;
;;;;;
;;;;;
;;;;;
;;;;;
;;;;;
;;;;;
;;;;;
;;;;;
;;;;;
;;;;;
;;;;;
;;;;;
;;;;;
;;;;;
;;;;;
;;;;;
;;;;;
;;;;;
;;;;;
;;;;;
;;;;;
;;;;;
;;;;;
;;;;;
;;;;;
;;;;;
;;;;;
;;;;;
;;;;;
;;;;;
;;;;;
;;;;;
;;;;;
;;;;;
;;;;;
;;;;;
;;;;;
;;;;;
;;;;;
;;;;;
;;;;;
;;;;;
;;;;;
;;;;;
;;;;;
;;;;;
;;;;;
;;;;;
;;;;;
;;;;;
;;;;;
;;;;;
;;;;;
;;;;;
;;;;;
;;;;;
;;;;;
;;;;;
;;;;;
;;;;;
;;;;;
;;;;;
;;;;;
;;;;;
;;;;;
;;;;;
;;;;;
;;;;;
;;;;;
;;;;;
;;;;;
;;;;;
;;;;;
;;;;;
;;;;;
;;;;;
;;;;;
;;;;;
;;;;;
;;;;;
;;;;;
;;;;;
;;;;;
;;;;;
;;;;;
;;;;;
;;;;;
;;;;;
;;;;;
;;;;;
;;;;;
;;;;;
;;;;;
;;;;;
;;;;;
;;;;;
;;;;;
;;;;;
;;;;;
;;;;;
;;;;;
;;;;;
;;;;;
;;;;;
;;;;;
;;;;;
;;;;;
;;;;;
;;;;;
;;;;;
;;;;;
;;;;;
;;;;;
;;;;;
;;;;;
;;;;;
;;;;;
;;;;;
;;;;;
;;;;;
;;;;;
;;;;;
;;;;;
;;;;;
;;;;;
;;;;;
;;;;;
;;;;;
;;;;;
;;;;;
;;;;;
;;;;;
;;;;;
;;;;;
;;;;;
;;;;;
;;;;;
;;;;;
;;;;;
;;;;;
;;;;;
;;;;;
;;;;;
;;;;;
;;;;;
;;;;;
;;;;;
;;;;;
;;;;;
;;;;;
;;;;;
;;;;;
;;;;;
;;;;;
;;;;;
;;;;;
;;;;;
;;;;;
;;;;;
;;;;;
;;;;;
;;;;;
;;;;;
;;;;;
;;;;;
;;;;;
;;;;;
;;;;;
;;;;;
;;;;;
;;;;;
;;;;;
;;;;;
;;;;;
;;;;;
;;;;;
;;;;;
;;;;;
;;;;;
;;;;;
;;;;;
;;;;;
;;;;;
;;;;;
;;;;;
;;;;;
;;;;;
;;;;;
;;;;;
;;;;;
;;;;;
;;;;;
;;;;;
;;;;;
;;;;;
;;;;;
;;;;;
;;;;;
;;;;;
;;;;;
;;;;;
;;;;;
;;;;;
;;;;;
;;;;;
;;;;;
;;;;;
;;;;;
;;;;;
;;;;;
;;;;;
;;;;;
;;;;;
;;;;;
;;;;;
;;;;;
;;;;;
;;;;;
;;;;;
;;;;;
;;;;;
;;;;;
;;;;;
;;;;;
;;;;;
;;;;;
;;;;;
;;;;;
Data;Abertura;M‡xima;M’nima;Fechamento;HiLo Activator [30]
12/03/2025 16:00;79,56;79,56;79,31;79,5;79,88
12/03/2025 15:00;79,65;79,96;79,31;79,6;79,47
12/03/2025 14:00;80,15;80,15;79,26;79,65;79,44
12/03/2025 13:00;80,39;80,62;80,01;80,15;79,37
12/03/2025 12:00;80,06;80,64;79,93;80,4;79,33
12/03/2025 11:00;80,23;80,48;79,8;80,15;79,29
12/03/2025 10:00;80,47;80,5;79,83;80,2;79,26
12/03/2025 09:00;80,43;81,04;80,26;80,47;79,21
11/03/2025 17:05;79,66;79,95;79,66;79,94;79,19
11/03/2025 16:00;79,55;79,72;79,49;79,72;79,18
11/03/2025 15:00;80,11;80,14;79,55;79,55;79,15
11/03/2025 14:00;80,02;80,24;80,01;80,11;79,13
11/03/2025 13:00;79,88;80,08;79,77;80,07;79,11
11/03/2025 12:00;79,86;80,01;79,69;79,91;79,08
11/03/2025 11:00;79,9;80,02;79,83;79,89;79,04
11/03/2025 10:00;80,01;80,04;79,82;79,95;78,99
11/03/2025 09:00;79,99;80,07;79,76;79,99;78,95
10/03/2025 17:05;80,09;80,16;79,99;80,13;78,9
10/03/2025 16:00;80,12;80,16;79,87;79,99;78,84
10/03/2025 15:00;80,07;80,15;79,97;80,12;78,8
10/03/2025 14:00;80,01;80,08;79,95;80,07;78,77
10/03/2025 13:00;79,82;80,04;79,82;80;78,74
10/03/2025 12:00;79,77;79,86;79,75;79,83;78,71
10/03/2025 11:00;79,67;79,85;79,67;79,75;78,69
10/03/2025 10:00;79,54;79,71;79,46;79,67;78,68
10/03/2025 09:00;79,7;79,89;79,49;79,54;78,66
07/03/2025 17:05;78,43;78,69;78,35;78,66;79,05
07/03/2025 16:00;78,5;78,53;78,31;78,32;79,08
07/03/2025 15:00;78,28;78,72;78,27;78,5;79,1
07/03/2025 14:00;78,15;78,31;78,13;78,26;79,12
07/03/2025 13:00;78,52;78,53;78,08;78,19;79,15
07/03/2025 12:00;78,66;78,85;78,39;78,5;79,15
07/03/2025 11:00;78,42;78,67;78,38;78,65;79,14
07/03/2025 10:00;78,76;78,81;77,82;78,44;79,13
07/03/2025 09:00;79,15;79,15;78,69;78,77;79,11
06/03/2025 17:05;78,87;79,09;78,78;79,08;78,77
06/03/2025 16:00;78,86;78,96;78,76;78,88;78,73
06/03/2025 15:00;79,26;79,31;78,86;78,86;78,72
06/03/2025 14:00;79,4;79,42;79,04;79,23;78,7
06/03/2025 13:00;79,31;79,47;79,28;79,4;78,68
06/03/2025 12:00;79,37;79,45;78,63;79,36;78,68
06/03/2025 11:00;79,24;79,38;79,23;79,37;78,66
06/03/2025 10:00;79,34;79,43;79,17;79,25;78,64
06/03/2025 09:00;78,83;79,48;78,83;79,31;78,63
05/03/2025 17:05;78,7;78,9;78,54;78,84;78,95
05/03/2025 16:00;78,66;78,71;78,54;78,59;78,96
05/03/2025 15:00;78,52;78,79;78,46;78,66;78,92
05/03/2025 14:00;78,56;78,71;78,41;78,53;78,88
05/03/2025 13:00;78,76;78,98;78,25;78,56;78,47
28/02/2025 17:05;79,06;79,08;78,83;78,93;78,38
28/02/2025 16:00;78,96;78,99;78,83;78,86;78,3
28/02/2025 15:00;79,1;79,35;78,86;78,96;78,21
28/02/2025 14:00;79,08;79,27;79,06;79,11;78,11
28/02/2025 13:00;79,17;79,21;78,99;79,08;78,03
28/02/2025 12:00;79,17;79,26;79,05;79,17;77,94
28/02/2025 11:00;79,28;79,31;79,16;79,2;77,84
28/02/2025 10:00;79,24;79,38;79,24;79,26;77,72
28/02/2025 09:00;79,18;79,4;79,11;79,24;77,63
27/02/2025 17:05;79,13;79,17;78,83;78,99;77,57
27/02/2025 16:00;79,1;79,16;78,95;78,95;77,52
27/02/2025 15:00;78,65;79,26;78,65;79,1;77,48
27/02/2025 14:00;78,43;78,78;78,4;78,67;77,43
27/02/2025 13:00;78,36;78,54;78,35;78,41;77,39
27/02/2025 12:00;78,37;78,43;78,28;78,36;77,35
27/02/2025 11:00;78,45;78,5;78,27;78,37;77,31
27/02/2025 10:00;78,32;78,52;78,17;78,46;77,28
27/02/2025 09:00;78,86;78,86;77,81;78,35;77,26
26/02/2025 17:05;78,76;78,79;78,4;78,4;77,22
26/02/2025 16:00;78,65;78,68;78,47;78,63;77,17
26/02/2025 15:00;78,92;79,08;78,54;78,65;77,1
26/02/2025 14:00;78,81;78,97;78,76;78,91;77,03
26/02/2025 13:00;78,65;78,81;78,54;78,81;76,97
26/02/2025 12:00;78,69;78,71;78,57;78,64;76,9
26/02/2025 11:00;78,73;78,79;78,52;78,68;76,79
26/02/2025 10:00;78,75;78,99;78,56;78,74;76,67
26/02/2025 09:00;78,6;78,94;78,4;78,76;76,56
25/02/2025 17:05;77,51;77,79;77,35;77,7;76,48
25/02/2025 16:00;77,09;77,22;77,09;77,22;76,4
25/02/2025 15:00;76,2;77,12;76,1;77,12;76,35
25/02/2025 14:00;76,35;76,44;76,19;76,19;76,7
25/02/2025 13:00;76,35;76,53;76,3;76,35;76,23
25/02/2025 12:00;76,33;76,62;76,14;76,34;76,17
25/02/2025 11:00;76,68;76,81;76,11;76,38;76,09
25/02/2025 10:00;76,61;76,74;76,53;76,7;75,99
25/02/2025 09:00;76,94;76,99;76,49;76,63;75,88
24/02/2025 17:05;76,13;76,72;76;76,72;75,79
24/02/2025 16:00;76,4;76,4;75,83;76,17;75,71
24/02/2025 15:00;77,22;77,24;76,23;76,41;75,6
24/02/2025 14:00;77,4;77,4;77,13;77,24;75,46
24/02/2025 13:00;77,4;77,67;77,4;77,42;75,31
24/02/2025 12:00;77,44;77,69;77,36;77,41;75,17
24/02/2025 11:00;77,24;77,5;77,12;77,43;75,04
24/02/2025 10:00;77,2;77,34;77,14;77,24;74,92
24/02/2025 09:00;77,36;77,52;76,92;77,21;74,79
21/02/2025 17:05;77,41;77,53;77,04;77,22;74,67
21/02/2025 16:00;77,52;77,55;77,28;77,44;74,54
21/02/2025 15:00;77,6;77,75;77,41;77,5;74,41
21/02/2025 14:00;77,17;77,67;77,11;77,59;74,29
21/02/2025 13:00;77,08;77,26;77,02;77,17;74,17
21/02/2025 12:00;76,65;77,09;76,5;77,04;74,05
21/02/2025 11:00;76,7;76,81;76,63;76,65;73,93
21/02/2025 10:00;76,73;76,84;76,58;76,7;73,82
21/02/2025 09:00;76,44;76,98;76,44;76,71;73,71
20/02/2025 17:05;75,22;75,72;75,22;75,63;73,66
20/02/2025 16:00;75,31;75,37;75,18;75,35;73,62
20/02/2025 15:00;75,09;75,4;75,09;75,32;73,58
20/02/2025 14:00;75;75,17;74,97;75,09;73,55
20/02/2025 13:00;74,71;75,07;74,67;75;73,52
20/02/2025 12:00;74,71;74,88;74,62;74,7;73,49
20/02/2025 11:00;74,71;74,77;74,57;74,71;73,45
20/02/2025 10:00;74,39;74,75;74,31;74,71;73,41
20/02/2025 09:00;74,44;74,62;74,3;74,39;73,38
19/02/2025 17:05;73,56;73,74;73,53;73,65;73,71
19/02/2025 16:00;73,53;73,62;73,5;73,53;73,7
19/02/2025 15:00;73,44;73,59;73,35;73,53;73,69
19/02/2025 14:00;73,5;73,58;73,3;73,44;73,68
19/02/2025 13:00;73,62;73,7;73,44;73,48;73,65
19/02/2025 12:00;73,09;73,62;72,94;73,62;73,63
19/02/2025 11:00;73,12;73,2;73;73,08;73,61
19/02/2025 10:00;73,13;73,35;72,8;73,15;73,59
19/02/2025 09:00;72,99;73,26;72,99;73,12;73,57
18/02/2025 17:05;73,58;73,76;73,5;73,71;73,21
18/02/2025 16:00;73,4;73,67;73,29;73,49;73,18
18/02/2025 15:00;73,31;73,62;73,27;73,41;73,16
18/02/2025 14:00;73,55;73,66;73,17;73,32;73,13
18/02/2025 13:00;73,72;73,77;73,39;73,55;73,1
18/02/2025 12:00;73,71;73,86;73,49;73,71;73,05
18/02/2025 11:00;73,8;73,88;73,57;73,67;72,98
18/02/2025 10:00;73,44;73,9;73,4;73,79;72,91
18/02/2025 09:00;73,03;73,66;72,9;73,42;72,86
17/02/2025 17:05;73,26;73,6;73,23;73,58;72,79
17/02/2025 16:00;73,32;73,46;73,15;73,17;72,74
17/02/2025 15:00;73,85;73,98;73,3;73,36;72,66
17/02/2025 14:00;73,99;74;73,51;73,84;72,58
17/02/2025 13:00;74,06;74,08;73,96;73,99;72,49
17/02/2025 12:00;74,04;74,12;73,97;74,04;72,4
17/02/2025 11:00;74,13;74,15;74,01;74,05;72,31
17/02/2025 10:00;73,95;74,15;73,93;74,15;72,22
17/02/2025 09:00;73,6;74,08;73,6;73,99;72,16
14/02/2025 17:05;73,36;73,52;73,26;73,5;72,11
14/02/2025 16:00;73,47;73,53;73,39;73,42;72,07
14/02/2025 15:00;73,31;73,53;73,31;73,46;72,03
14/02/2025 14:00;73,35;73,51;73,13;73,31;71,99
14/02/2025 13:00;73,22;73,34;73,19;73,3;71,96
14/02/2025 12:00;73,13;73,24;73,09;73,21;71,91
14/02/2025 11:00;72,79;73,15;72,76;73,12;71,89
14/02/2025 10:00;72,79;72,91;72,71;72,79;71,86
14/02/2025 09:00;72,6;72,8;72,46;72,78;71,85
13/02/2025 17:05;72,59;72,79;72,53;72,67;71,83
13/02/2025 16:00;72,69;72,72;72,5;72,59;71,81
13/02/2025 15:00;72,53;72,79;72,52;72,67;71,78
13/02/2025 14:00;72,69;72,7;72,29;72,53;71,77
13/02/2025 13:00;72,57;72,71;72,53;72,69;71,74
13/02/2025 12:00;72,61;72,66;72,49;72,57;71,7
13/02/2025 11:00;72,46;72,67;72,46;72,59;71,66
13/02/2025 10:00;72,21;72,53;72,21;72,43;71,62
13/02/2025 09:00;72,21;72,45;72,17;72,2;71,58
12/02/2025 17:05;71,58;71,98;71,47;71,85;71,91
12/02/2025 16:00;71,43;71,68;71,36;71,45;71,89
12/02/2025 15:00;71,31;71,58;71,19;71,41;71,89
12/02/2025 14:00;71,52;71,55;71,3;71,31;71,89
12/02/2025 13:00;71,46;71,62;71,46;71,54;71,87
12/02/2025 12:00;71,39;71,66;71,16;71,46;71,86
12/02/2025 11:00;71,22;71,45;71,13;71,38;71,86
12/02/2025 10:00;71,78;71,81;71,1;71,19;71,84
12/02/2025 09:00;71,87;71,87;71,41;71,8;71,82
11/02/2025 17:05;71,26;71,71;71,26;71,61;71,81
11/02/2025 16:00;71,8;71,81;71,26;71,26;71,79
11/02/2025 15:00;71,97;72,03;71,71;71,8;71,46
11/02/2025 14:00;72,3;72,35;71,83;71,97;71,4
11/02/2025 13:00;72,28;72,47;72,18;72,33;71,33
11/02/2025 12:00;72,2;72,34;72,18;72,32;71,27
11/02/2025 11:00;72,12;72,18;71,94;72,18;71,23
11/02/2025 10:00;72,17;72,3;72,1;72,12;71,19
11/02/2025 09:00;71,77;72,28;71,68;72,16;71,15
10/02/2025 17:05;72,12;72,17;72;72,04;71,1
10/02/2025 16:00;72,23;72,28;72,03;72,03;71,04
10/02/2025 15:00;72,08;72,29;72,03;72,23;70,99
10/02/2025 14:00;72,08;72,15;71,95;72,1;70,93
10/02/2025 13:00;71,92;72,15;71,92;72,08;70,88
10/02/2025 12:00;71,89;71,93;71,75;71,93;70,82
10/02/2025 11:00;71,96;72,07;71,8;71,89;70,75
10/02/2025 10:00;71,84;72,03;71,68;71,98;70,68
10/02/2025 09:00;71,62;71,89;71,44;71,83;70,61
07/02/2025 17:05;71,17;71,27;71,07;71,21;70,56
07/02/2025 16:00;71,41;71,44;71,07;71,07;70,5
07/02/2025 15:00;71,22;71,44;71,08;71,41;70,44
07/02/2025 14:00;71,31;71,4;71,23;71,27;70,37
07/02/2025 13:00;71,23;71,31;71;71,3;70,32
07/02/2025 12:00;71,26;71,36;71,1;71,23;70,25
07/02/2025 11:00;71,07;71,52;71,04;71,27;70,17
07/02/2025 10:00;71,12;71,25;71,07;71,08;70,1
07/02/2025 09:00;71,17;71,3;70,87;71,08;70,02
06/02/2025 17:05;71,17;71,31;71,17;71,31;69,93
06/02/2025 16:00;71,26;71,3;70,99;71,05;69,84
06/02/2025 15:00;71,35;71,4;71,21;71,3;69,75
06/02/2025 14:00;71,13;71,35;71,07;71,34;69,67
06/02/2025 13:00;70,81;71,15;70,67;71,15;69,6
06/02/2025 12:00;70,72;70,95;70,62;70,82;69,52
06/02/2025 11:00;70,44;70,72;70,16;70,7;69,46
06/02/2025 10:00;70,67;70,67;69,92;70,43;69,42
06/02/2025 09:00;70,97;71,24;70,36;70,68;69,36
05/02/2025 17:05;70,97;70,97;70,77;70,85;69,3
05/02/2025 16:00;70,88;70,97;70,86;70,9;69,23
05/02/2025 15:00;70,63;70,89;70,61;70,88;69,17
05/02/2025 14:00;70,57;70,76;70,46;70,63;69,1
05/02/2025 13:00;70,36;70,7;70,35;70,59;69,04
05/02/2025 12:00;70,3;70,44;70,27;70,36;69
05/02/2025 11:00;70,66;70,68;70,25;70,32;68,96
05/02/2025 10:00;70,44;70,73;70,36;70,67;68,92
05/02/2025 09:00;70,03;70,46;69,96;70,42;68,89
04/02/2025 17:05;69,8;69,93;69,72;69,86;68,86
04/02/2025 16:00;69,66;69,82;69,64;69,78;68,84
04/02/2025 15:00;69,45;69,7;69,42;69,65;68,82
04/02/2025 14:00;69,53;69,62;69,41;69,47;68,79
04/02/2025 13:00;69,35;69,57;69,34;69,52;68,78
04/02/2025 12:00;69,47;69,57;69,17;69,36;68,77
04/02/2025 11:00;69,45;69,55;69,31;69,52;68,75
04/02/2025 10:00;69,52;69,6;69,39;69,47;68,73
04/02/2025 09:00;69,04;69,52;69,03;69,52;68,72
03/02/2025 17:05;68,84;68,97;68,77;68,79;69
03/02/2025 16:00;68,86;68,89;68,75;68,84;68,99
03/02/2025 15:00;68,71;68,89;68,64;68,84;68,98
03/02/2025 14:00;68,66;68,71;68,41;68,66;68,97
03/02/2025 13:00;68,53;68,73;68,35;68,64;68,96
03/02/2025 12:00;68,92;68,96;68,5;68,57;68,95
03/02/2025 11:00;68,96;69,03;68,73;68,93;68,64
03/02/2025 10:00;68,59;69,04;68,49;68,96;68,62
03/02/2025 09:00;68,44;68,62;68,07;68,6;68,88
31/01/2025 17:05;68,72;68,81;68,44;68,53;68,86
31/01/2025 16:00;68,82;68,89;68,71;68,71;68,59
31/01/2025 15:00;68,83;68,98;68,75;68,8;68,56
31/01/2025 14:00;68,87;68,96;68,73;68,82;68,54
31/01/2025 13:00;68,9;68,98;68,84;68,84;68,51
31/01/2025 12:00;68,74;68,93;68,71;68,92;68,48
31/01/2025 11:00;68,65;68,78;68,53;68,75;68,46
31/01/2025 10:00;69,09;69,14;68,44;68,64;68,44
31/01/2025 09:00;69,25;69,33;69;69,11;68,4
30/01/2025 17:05;69,24;69,41;69,23;69,39;68,35
30/01/2025 16:00;69,14;69,25;69,14;69,19;68,31
30/01/2025 15:00;69,03;69,21;69,03;69,13;68,27
30/01/2025 14:00;69,06;69,11;68,94;69,02;68,24
30/01/2025 13:00;68,96;69,16;68,9;69,06;68,2
30/01/2025 12:00;68,8;68,98;68,72;68,96;68,17
30/01/2025 11:00;68,95;69,07;68,72;68,81;68,16
30/01/2025 10:00;69,05;69,07;68,88;68,95;68,14
30/01/2025 09:00;69,07;69,35;68,99;69,05;68,11
29/01/2025 17:05;69,03;69,09;68,8;68,8;68,08
29/01/2025 16:00;68,84;68,99;68,81;68,91;68,07
29/01/2025 15:00;68,53;68,89;68,53;68,87;68,06
29/01/2025 14:00;68,64;68,7;68,46;68,52;68,06
29/01/2025 13:00;68,42;68,66;68,32;68,63;68,05
29/01/2025 12:00;68,26;68,43;68,24;68,42;68,06
29/01/2025 11:00;68,5;68,56;68,21;68,24;68,11
29/01/2025 10:00;68,26;68,52;68,26;68,49;68,14
29/01/2025 09:00;68,44;68,58;68,25;68,25;68,5
28/01/2025 17:05;68,1;68,32;68,08;68,22;68,56
28/01/2025 16:00;68,07;68,17;67,99;68,12;68,62
28/01/2025 15:00;68,07;68,14;68,03;68,04;68,68
28/01/2025 14:00;68,14;68,17;68,01;68,08;68,75
28/01/2025 13:00;68,06;68,23;68,06;68,14;68,8
28/01/2025 12:00;68,07;68,16;68,04;68,08;68,85
28/01/2025 11:00;68,08;68,25;68,03;68,07;68,89
28/01/2025 10:00;68,07;68,19;67,91;68,07;68,93
28/01/2025 09:00;68,37;68,69;68;68,09;68,95
27/01/2025 17:05;68,14;68,28;67,89;68,01;68,99
27/01/2025 16:00;67,95;68,37;67,83;68,3;69,03
27/01/2025 15:00;68,01;68,03;67,8;67,93;69,09
27/01/2025 14:00;67,94;68,07;67,8;67,98;69,16
27/01/2025 13:00;68,03;68,04;67,89;67,95;69,22
27/01/2025 12:00;67,92;68,06;67,87;68,03;69,3
27/01/2025 11:00;67,95;68,42;67,83;67,92;69,37
27/01/2025 10:00;67,83;68,05;67,71;67,96;69,46
27/01/2025 09:00;68,3;68,3;67,83;67,83;69,55
24/01/2025 17:05;68,35;68,55;68,35;68,46;69,63
24/01/2025 16:00;68,74;68,89;68,35;68,39;69,69
24/01/2025 15:00;68,19;68,89;68,11;68,8;69,76
24/01/2025 14:00;68,34;68,34;68,04;68,21;69,84
24/01/2025 13:00;68,41;68,43;68,3;68,35;69,93
24/01/2025 12:00;68,46;68,59;68,36;68,39;70,02
24/01/2025 11:00;68,33;68,52;68,3;68,44;70,11
24/01/2025 10:00;68,63;68,66;68,25;68,32;70,19
24/01/2025 09:00;69,16;69,28;68,53;68,64;70,25
23/01/2025 17:05;69,46;69,76;69,46;69,48;70,3
23/01/2025 16:00;69,5;69,55;69,37;69,55;70,34
23/01/2025 15:00;69,52;69,54;69,35;69,47;70,38
23/01/2025 14:00;69,87;70,03;69,26;69,52;70,4
23/01/2025 13:00;69,92;70,07;69,76;69,92;70,42
23/01/2025 12:00;69,67;70,06;69,67;69,9;70,45
23/01/2025 11:00;69,78;70,06;69,62;69,65;70,45
23/01/2025 10:00;69,16;69,98;68,95;69,82;70,46
23/01/2025 09:00;69,34;69,64;68,98;69,16;70,48
22/01/2025 17:05;69,22;69,25;69,04;69,11;70,52
22/01/2025 16:00;69,16;69,35;69,07;69,26;70,57
22/01/2025 15:00;69,35;69,35;69,08;69,14;70,59
22/01/2025 14:00;69,51;69,66;69,21;69,31;70,6
22/01/2025 13:00;69,54;69,6;69,46;69,51;70,62
22/01/2025 12:00;69,48;69,66;69,39;69,55;70,61
22/01/2025 11:00;69,89;70,07;69,35;69,49;70,58
22/01/2025 10:00;69,82;70,03;69,67;69,89;70,57
22/01/2025 09:00;70,49;70,49;69,55;69,79;70,56
21/01/2025 17:05;70,49;70,49;70,26;70,32;70,06
21/01/2025 16:00;70,75;70,8;70,44;70,49;70,03
21/01/2025 15:00;70,77;70,86;70,62;70,76;70,01
21/01/2025 14:00;70,84;70,88;70,74;70,77;69,99
21/01/2025 13:00;70,61;70,93;70,58;70,77;69,98
21/01/2025 12:00;70,64;70,75;70,36;70,61;69,96
21/01/2025 11:00;70,94;70,99;70,46;70,57;69,97
21/01/2025 10:00;70,44;71,06;70,35;70,89;69,99
21/01/2025 09:00;71;71,17;70,17;70,47;70,01
20/01/2025 17:05;71,21;71,25;70,98;71,21;70,02
20/01/2025 16:00;71,08;71,17;70,98;71,14;70,04
20/01/2025 15:00;70,87;71,12;70,71;71,05;70,06
20/01/2025 14:00;70,61;71,23;70,61;70,87;70,09
20/01/2025 13:00;70,61;70,62;70,52;70,6;70,11
20/01/2025 12:00;70,45;70,76;70,45;70,61;70,14
20/01/2025 11:00;70,45;70,56;70,36;70,44;70,19
20/01/2025 10:00;70,77;70,83;70,35;70,41;70,24
20/01/2025 09:00;69,98;70,96;69,31;70,79;70,33
17/01/2025 17:05;69,66;69,94;69,26;69,89;70,88
17/01/2025 16:00;70,16;70,21;69,71;69,8;70,97
17/01/2025 15:00;70,29;70,35;70,07;70,14;71,06
17/01/2025 14:00;70,42;70,62;69,91;70,27;71,12
17/01/2025 13:00;69,97;70,69;69,81;70,41;71,16
17/01/2025 12:00;69,76;69,97;69,66;69,94;71,25
17/01/2025 11:00;69,92;70,07;69,63;69,75;71,33
17/01/2025 10:00;69,11;70,07;69,11;69,9;71,42
17/01/2025 09:00;68,98;69,25;68,7;69,07;71,54
16/01/2025 17:05;69,3;69,38;69,14;69,25;71,66
16/01/2025 16:00;69,65;69,66;69,26;69,33;71,77
16/01/2025 15:00;70,03;70,16;69,64;69,65;71,84
16/01/2025 14:00;69,91;70,21;69,9;70,03;71,92
16/01/2025 13:00;70,06;70,06;69,69;69,9;71,99
16/01/2025 12:00;70,14;70,16;70;70,06;72,07
16/01/2025 11:00;70,19;70,4;70,14;70,15;72,09
16/01/2025 10:00;70,06;70,35;70,05;70,21;72,11
16/01/2025 09:00;70,75;70,85;69,89;70,06;72,11
15/01/2025 17:05;70,96;70,97;70,81;70,89;72,11
15/01/2025 16:00;70,94;70,98;70,87;70,98;72,1
15/01/2025 15:00;71,57;71,59;70,75;70,94;72,06
15/01/2025 14:00;71,53;71,68;71,34;71,59;71,58
15/01/2025 13:00;71,54;71,66;71,48;71,53;71,52
15/01/2025 12:00;71,68;71,7;71,4;71,52;71,46
15/01/2025 11:00;71,44;71,83;71,4;71,68;71,41
15/01/2025 10:00;71,68;71,68;71,37;71,42;71,36
15/01/2025 09:00;71,44;71,77;71,14;71,67;71,3
14/01/2025 17:05;72,08;72,14;71,94;72,08;71,22
14/01/2025 16:00;72;72,15;71,9;72,04;71,12
14/01/2025 15:00;72,69;72,71;71,96;72,04;71,03
14/01/2025 14:00;72,93;72,99;72,44;72,69;70,91
14/01/2025 13:00;72,59;72,99;72,59;72,93;70,79
14/01/2025 12:00;72,33;72,94;72,3;72,59;70,67
14/01/2025 11:00;72,05;72,39;72,03;72,32;70,58
14/01/2025 10:00;71,78;72,07;71,67;72,04;70,49
14/01/2025 09:00;72,52;72,52;71,63;71,8;70,41
13/01/2025 17:05;72,7;72,71;72,58;72,7;70,3
13/01/2025 16:00;72,71;72,73;72,58;72,73;70,19
13/01/2025 15:00;72,82;72,85;72,49;72,75;70,07
13/01/2025 14:00;72,71;72,99;72,64;72,81;69,95
13/01/2025 13:00;72,49;72,75;72,44;72,7;69,84
13/01/2025 12:00;72,39;72,49;72,29;72,49;69,73
13/01/2025 11:00;71,98;72,41;71,78;72,39;69,64
13/01/2025 10:00;71,94;72,23;71,75;71,98;69,54
13/01/2025 09:00;71,19;72,52;71,19;71,94;69,45
10/01/2025 17:05;70,94;71,02;70,67;70,88;69,38
10/01/2025 16:00;70,88;70,98;70,84;70,94;69,3
10/01/2025 15:00;70,7;70,89;70,46;70,87;69,25
10/01/2025 14:00;70,35;71,07;70,32;70,7;69,19
10/01/2025 13:00;70,44;70,47;70,32;70,33;69,14
10/01/2025 12:00;69,97;70,44;69,97;70,42;69,1
10/01/2025 11:00;70,43;70,65;69,96;69,97;69,07
10/01/2025 10:00;69,73;70,51;69,61;70,43;69,05
10/01/2025 09:00;70,07;70,08;69,66;69,73;69,02
09/01/2025 17:05;69,89;69,99;69,86;69,89;68,97
09/01/2025 16:00;69,82;69,88;69,73;69,84;68,92
09/01/2025 15:00;69,6;69,96;69,53;69,8;68,88
09/01/2025 14:00;69,3;69,74;69,3;69,59;68,85
09/01/2025 13:00;69,31;69,53;68,99;69,3;68,82
09/01/2025 12:00;69,32;69,42;69,23;69,34;68,77
09/01/2025 11:00;68,96;69,38;68,95;69,3;68,74
09/01/2025 10:00;69,05;69,11;68,84;68,96;68,71
09/01/2025 09:00;68,99;69,23;68,83;69,04;68,68
08/01/2025 17:05;69,27;69,35;69,2;69,25;68,65
08/01/2025 16:00;69,23;69,34;69,18;69,19;68,63
08/01/2025 15:00;69,21;69,29;69,2;69,24;68,6
08/01/2025 14:00;69,26;69,41;69,2;69,21;68,57
08/01/2025 13:00;69,16;69,44;69,14;69,24;68,55
08/01/2025 12:00;69,08;69,16;69,04;69,16;68,53
08/01/2025 11:00;69,15;69,2;69,02;69,08;68,51
08/01/2025 10:00;69,24;69,27;69,13;69,16;68,48
08/01/2025 09:00;69,28;69,35;69,13;69,23;68,46
07/01/2025 17:05;68,84;68,98;68,84;68,98;68,46
07/01/2025 16:00;68,84;68,9;68,73;68,81;68,47
07/01/2025 15:00;68,56;68,87;68,54;68,83;68,49
07/01/2025 14:00;68,65;68,76;68,56;68,56;68,51
07/01/2025 13:00;68,83;68,85;68,62;68,66;68,53
07/01/2025 12:00;68,85;68,96;68,73;68,82;68,53
07/01/2025 11:00;68,76;68,99;68,72;68,84;68,54
07/01/2025 10:00;69,07;69,22;68,71;68,71;68,54
07/01/2025 09:00;69,23;69,23;68,84;69,08;68,54
06/01/2025 17:05;69,18;69,36;69,13;69,31;68,52
06/01/2025 16:00;69,04;69,15;69,03;69,13;68,51
06/01/2025 15:00;68,86;69,11;68,76;69,09;68,51
06/01/2025 14:00;68,21;68,93;68,16;68,84;68,52
06/01/2025 13:00;68,43;68,47;68,17;68,21;68,82
06/01/2025 12:00;68,5;68,6;68,37;68,44;68,83
06/01/2025 11:00;68,36;68,6;68,36;68,5;68,83
06/01/2025 10:00;68,23;68,56;68,1;68,41;68,83
06/01/2025 09:00;68,07;68,37;67,95;68,24;68,84
03/01/2025 17:05;68;68,14;67,97;68,06;68,85
03/01/2025 16:00;67,98;68,06;67,9;68,01;68,86
03/01/2025 15:00;68,37;68,4;67,98;67,98;68,86
03/01/2025 14:00;68,45;68,5;68,37;68,38;68,86
03/01/2025 13:00;68,39;68,51;68,38;68,45;68,86
03/01/2025 12:00;68,42;68,49;68,29;68,38;68,86
03/01/2025 11:00;68,51;68,56;68,4;68,44;68,85
03/01/2025 10:00;68,5;68,67;68,44;68,51;68,85
03/01/2025 09:00;68,5;68,78;68,5;68,53;68,85
02/01/2025 17:05;68,39;68,53;68,35;68,45;68,85
02/01/2025 16:00;68,56;68,56;68,4;68,49;68,85
02/01/2025 15:00;68,82;68,83;68,39;68,56;68,84
02/01/2025 14:00;69,12;69,15;68,81;68,84;68,56
02/01/2025 13:00;69,33;69,36;69,05;69,12;68,54
02/01/2025 12:00;69,33;69,41;69,18;69,26;68,52
02/01/2025 11:00;69,34;69,36;69,25;69,29;68,5
02/01/2025 10:00;69,31;69,56;69,18;69,32;68,48
02/01/2025 09:00;69,23;69,51;68,82;69,34;68,47
30/12/2024 17:05;69,13;69,13;68,92;68,99;68,45
30/12/2024 16:00;68,91;69,13;68,9;68,9;68,44
30/12/2024 15:00;68,81;69,15;68,75;68,95;68,44
30/12/2024 14:00;68,76;68,84;68,53;68,75;68,45
30/12/2024 13:00;68,86;69,18;68,76;68,76;68,44
30/12/2024 12:00;68,63;68,89;68,62;68,88;68,45
30/12/2024 11:00;68,7;68,87;68,62;68,62;68,44
30/12/2024 10:00;68,8;68,95;68,56;68,66;68,43
30/12/2024 09:00;68,81;68,87;68,53;68,8;68,43
27/12/2024 17:05;68,56;68,62;68,44;68,61;68,65
27/12/2024 16:00;68,43;68,64;68,43;68,44;68,65
27/12/2024 15:00;68,34;68,54;68,28;68,45;68,66
27/12/2024 14:00;68,42;68,48;68,35;68,37;68,68
27/12/2024 13:00;68,37;68,43;68,3;68,41;68,7
27/12/2024 12:00;68,27;68,41;68,2;68,38;68,72
27/12/2024 11:00;68,29;68,32;68,23;68,26;68,75
27/12/2024 10:00;68,45;68,47;68,3;68,3;68,77
27/12/2024 09:00;68,16;68,48;68,15;68,45;68,8
26/12/2024 17:05;68,41;68,5;68,34;68,43;68,83
26/12/2024 16:00;68,6;68,62;68,25;68,43;68,87
26/12/2024 15:00;68,58;68,66;68,53;68,62;68,91
26/12/2024 14:00;68,51;68,62;68,49;68,56;68,96
26/12/2024 13:00;68,38;68,52;68,28;68,52;69,01
26/12/2024 12:00;68,53;68,56;68,15;68,42;69,06
26/12/2024 11:00;68,65;68,66;68,47;68,49;69,12
26/12/2024 10:00;68,61;68,76;68,47;68,62;69,15
26/12/2024 09:00;68,69;68,91;68,49;68,63;69,18
23/12/2024 17:05;68,71;68,79;68,64;68,69;69,2
23/12/2024 16:00;68,56;68,68;68,53;68,67;69,23
23/12/2024 15:00;68,56;68,7;68,49;68,58;69,26
23/12/2024 14:00;68,62;68,67;68,53;68,59;69,28
23/12/2024 13:00;68,77;68,81;68,48;68,62;69,31
23/12/2024 12:00;68,89;68,99;68,79;68,79;69,33
23/12/2024 11:00;68,84;68,94;68,7;68,87;69,36
23/12/2024 10:00;68,78;68,84;68,69;68,83;69,39
23/12/2024 09:00;68,63;68,9;68,63;68,76;69,41
20/12/2024 17:05;68,45;68,51;68,43;68,44;69,46
20/12/2024 16:00;68,52;68,58;68,44;68,57;69,51
20/12/2024 15:00;68,56;68,7;68,48;68,49;69,56
20/12/2024 14:00;68,68;68,7;68,46;68,55;69,61
20/12/2024 13:00;68,55;68,82;68,47;68,68;69,65
20/12/2024 12:00;68,78;68,83;68,35;68,56;69,69
20/12/2024 11:00;68,82;68,96;68,71;68,78;69,7
20/12/2024 10:00;68,84;69,06;68,71;68,81;69,71
20/12/2024 09:00;68,84;69;68,61;68,83;69,73
19/12/2024 17:05;69,18;69,18;68,91;68,91;69,75
19/12/2024 16:00;69,24;69,24;68,99;69,13;69,75
19/12/2024 15:00;69,4;69,4;69,21;69,23;69,73
19/12/2024 14:00;69,37;69,43;69,29;69,42;69,34
19/12/2024 13:00;69,71;69,8;69,32;69,37;69,32
19/12/2024 12:00;69,75;69,82;69,38;69,7;69,3
19/12/2024 11:00;69,74;69,99;69,65;69,77;69,3
19/12/2024 10:00;69,77;70,01;69,7;69,74;69,29
19/12/2024 09:00;69,7;70,16;69,68;69,74;69,29
18/12/2024 17:05;70,11;70,28;69,93;70,02;69,27
18/12/2024 16:00;69,72;69,92;69,6;69,91;69,27
18/12/2024 15:00;69,37;69,74;69,32;69,72;69,28
18/12/2024 14:00;69,39;69,42;69,28;69,38;69,65
18/12/2024 13:00;69,43;69,54;69,34;69,4;69,67
18/12/2024 12:00;69,32;69,51;69,32;69,42;69,69
18/12/2024 11:00;69,16;69,39;69,06;69,32;69,73
18/12/2024 10:00;69,53;69,54;68,9;69,18;69,77
18/12/2024 09:00;69,44;69,65;69,1;69,54;69,83
17/12/2024 17:05;69,77;69,84;69,56;69,7;69,88
17/12/2024 16:00;69,48;69,74;69,35;69,74;69,93
17/12/2024 15:00;69,42;69,56;69,19;69,48;69,98
17/12/2024 14:00;69,74;69,92;69,37;69,4;70,01
17/12/2024 13:00;70,09;70,1;69,73;69,74;69,57
17/12/2024 12:00;70,1;70,35;70,02;70,1;69,58
17/12/2024 11:00;69,86;70,21;69,84;70,1;69,63
17/12/2024 10:00;69,66;69,91;69,62;69,85;70,14
17/12/2024 09:00;69,18;69,89;69,18;69,69;70,21
16/12/2024 17:05;69,01;69,32;68,97;69,13;70,3
16/12/2024 16:00;69,44;69,49;69,06;69,18;70,35
16/12/2024 15:00;69,49;69,63;69,4;69,48;70,4
16/12/2024 14:00;69,23;69,58;69,13;69,48;70,44
16/12/2024 13:00;68,74;69,23;68,71;69,21;70,48
16/12/2024 12:00;68,85;68,9;68,57;68,74;70,55
16/12/2024 11:00;68,86;69,07;68,82;68,85;70,62
16/12/2024 10:00;68,95;68,98;68,75;68,89;70,69
16/12/2024 09:00;69,46;69,49;68,87;68,95;70,74
13/12/2024 17:05;69,58;69,65;69,54;69,54;70,78
13/12/2024 16:00;69,72;69,77;69,51;69,64;70,8
13/12/2024 15:00;69,8;69,84;69,51;69,72;70,81
13/12/2024 14:00;69,74;69,93;69,61;69,82;70,81
13/12/2024 13:00;69,56;70,01;69,56;69,74;70,82
13/12/2024 12:00;69,59;69,7;69,46;69,56;70,84
13/12/2024 11:00;69,89;69,93;69,56;69,6;70,84
13/12/2024 10:00;70,09;70,09;69,86;69,89;70,84
13/12/2024 09:00;69,88;70,12;69,66;70,12;70,84
12/12/2024 17:05;70,17;70,49;69,99;70,38;70,82
12/12/2024 16:00;70,86;70,87;70,16;70,3;70,79
12/12/2024 15:00;71,16;71,21;70,72;70,86;70,26
12/12/2024 14:00;70,58;71,39;70,54;71,19;70,21
12/12/2024 13:00;71,14;71,33;70,6;70,61;70,15
12/12/2024 12:00;70,3;71,14;70,24;71,14;70,1
12/12/2024 11:00;70,31;70,57;70,05;70,33;70,06
12/12/2024 10:00;70,28;70,51;69,7;70,33;70,04
12/12/2024 09:00;70,8;70,93;70,3;70,3;69,99
11/12/2024 17:05;71,5;71,5;71,24;71,24;69,9
11/12/2024 16:00;71,57;71,67;71,36;71,47;69,8
11/12/2024 15:00;71,93;72,01;71,52;71,57;69,69
11/12/2024 14:00;70,97;71,98;70,92;71,93;69,58
11/12/2024 13:00;70,94;71,04;70,85;70,97;69,46
11/12/2024 12:00;70,81;71;70,71;70,95;69,36
11/12/2024 11:00;70,19;70,89;70,12;70,81;69,28
11/12/2024 10:00;70,42;70,43;69,85;70,16;69,2
11/12/2024 09:00;70,58;71,05;70,26;70,44;69,09
10/12/2024 17:05;70,9;71,02;70,77;70,86;68,96
10/12/2024 16:00;71;71,05;70,88;70,9;68,82
10/12/2024 15:00;70,85;71,07;70,72;71;68,69
10/12/2024 14:00;70,23;70,85;70,14;70,84;68,55
10/12/2024 13:00;70,14;70,29;70;70,23;68,42
10/12/2024 12:00;69,98;70,2;69,95;70,12;68,28
10/12/2024 11:00;69,99;70,07;69,9;69,93;68,16
10/12/2024 10:00;70,11;70,14;69,89;70;68,04
10/12/2024 09:00;70,13;70,35;69,7;70,1;67,94
09/12/2024 17:05;69,93;70,02;69,83;70,02;67,83
09/12/2024 16:00;70,06;70,07;69,94;69,98;67,72
09/12/2024 15:00;69,88;70,06;69,72;70,06;67,62
09/12/2024 14:00;69,83;69,92;69,59;69,88;67,52
09/12/2024 13:00;69,5;69,93;69,5;69,83;67,42
09/12/2024 12:00;69,17;69,5;69,11;69,45;67,33
09/12/2024 11:00;68,98;69,17;68,85;69,16;67,28
09/12/2024 10:00;69,18;69,18;68,86;68,96;67,23
09/12/2024 09:00;69,32;69,58;68,65;69,16;67,19
06/12/2024 17:05;69,18;69,18;69,06;69,07;67,14
06/12/2024 16:00;69,17;69,27;69,04;69,13;67,09
06/12/2024 15:00;68,91;69,18;68,75;69,16;67,05
06/12/2024 14:00;68,6;69,02;68,6;68,93;67,01
06/12/2024 13:00;68,29;68,67;68,21;68,59;66,99
06/12/2024 12:00;68,25;68,4;68,21;68,29;66,96
06/12/2024 11:00;67,68;68,25;67,62;68,25;66,95
06/12/2024 10:00;68,24;68,29;67,41;67,66;66,96
06/12/2024 09:00;67,76;68,41;67,73;68,23;66,95
05/12/2024 17:05;67,75;67,75;67,61;67,73;66,94
05/12/2024 16:00;67,52;67,69;67,46;67,64;66,94
05/12/2024 15:00;67,08;67,57;67,08;67,52;66,94
05/12/2024 14:00;66,95;67,4;66,87;67,07;67,3
05/12/2024 13:00;66,83;67,03;66,68;66,93;67,32
05/12/2024 12:00;66,83;67,19;66,62;66,81;67,34
05/12/2024 11:00;66,21;67,07;65,99;66,82;67,34
05/12/2024 10:00;66,31;66,35;66,13;66,23;67,36
05/12/2024 09:00;66,2;66,3;65,88;66,3;67,37
04/12/2024 17:05;66,58;66,58;66,17;66,24;67,37
04/12/2024 16:00;66,63;66,66;66,43;66,52;67,38
04/12/2024 15:00;66,7;66,77;66,53;66,64;67,38
04/12/2024 14:00;66,65;66,79;66,59;66,7;67,39
04/12/2024 13:00;66,78;66,84;66,61;66,61;67,4
04/12/2024 12:00;66,77;66,83;66,59;66,76;67,38
04/12/2024 11:00;66,9;66,91;66,69;66,8;67,35
04/12/2024 10:00;66,66;66,98;66,54;66,89;67,33
04/12/2024 09:00;67,4;67,4;66,5;66,67;67,29
03/12/2024 17:05;67,61;67,66;67,36;67,44;66,86
03/12/2024 16:00;67,47;67,69;67,43;67,59;66,8
03/12/2024 15:00;67,7;67,73;67,32;67,46;66,75
03/12/2024 14:00;67,61;67,78;67,59;67,69;66,67
03/12/2024 13:00;67,52;67,67;67,46;67,6;66,59
03/12/2024 12:00;67,66;67,71;67,52;67,52;66,52
03/12/2024 11:00;67,52;67,75;67,49;67,66;66,47
03/12/2024 10:00;67,62;67,84;67,5;67,51;66,41
03/12/2024 09:00;67,59;67,81;67,38;67,59;66,35
02/12/2024 17:05;67,9;67,9;67,47;67,55;66,29
02/12/2024 16:00;67,63;67,83;67,59;67,82;66,25
02/12/2024 15:00;67,53;67,66;67,5;67,63;66,21
02/12/2024 14:00;67,38;67,57;67,38;67,53;66,16
02/12/2024 13:00;67,36;67,45;67,28;67,4;66,1
02/12/2024 12:00;67,36;67,47;67,25;67,35;66,04
02/12/2024 11:00;67,57;67,69;67,26;67,33;66
02/12/2024 10:00;67,39;67,63;67,31;67,57;65,94
02/12/2024 09:00;67,12;67,86;67,1;67,38;65,89
29/11/2024 17:05;67,09;67,09;66,89;67,07;65,84
29/11/2024 16:00;66,63;67;66,48;66,98;65,82
29/11/2024 15:00;66,46;66,68;66,42;66,6;65,81
29/11/2024 14:00;66,47;66,53;66,39;66,47;65,81
29/11/2024 13:00;66,64;66,76;66,35;66,47;65,8
29/11/2024 12:00;66,76;66,97;66,53;66,64;65,81
29/11/2024 11:00;66,72;66,91;66,58;66,78;65,81
29/11/2024 10:00;66,01;67,12;66,01;66,72;65,82
29/11/2024 09:00;66,17;66,34;65,68;66,05;66,3
28/11/2024 17:05;66,12;66,14;65,77;65,87;66,32
28/11/2024 16:00;66,16;66,24;65,82;65,97;66,36
28/11/2024 15:00;65,68;66,26;65,57;66,14;66,39
28/11/2024 14:00;65,86;66,02;65,61;65,68;66,44
28/11/2024 13:00;65,78;66,19;65,57;65,84;66,49
28/11/2024 12:00;65,9;65,97;65,67;65,76;66,56
28/11/2024 11:00;65,44;65,89;65,35;65,89;66,62
28/11/2024 10:00;65,7;65,88;64,93;65,4;66,67
28/11/2024 09:00;66,35;66,36;65,54;65,7;66,71
27/11/2024 17:05;66,17;66,26;65,89;66,13;66,75
27/11/2024 16:00;65,83;66,28;65,77;66,17;66,8
27/11/2024 15:00;65,88;65,89;65,58;65,83;66,86
27/11/2024 14:00;66,4;66,45;65,72;65,9;66,9
27/11/2024 13:00;66,43;66,55;66,37;66,38;66,93
27/11/2024 12:00;66,55;66,65;66,11;66,41;66,97
27/11/2024 11:00;65,95;66,83;65,95;66,53;67,01
27/11/2024 10:00;65,71;65,97;65,57;65,96;67,07
27/11/2024 09:00;65,83;66,11;65,57;65,73;67,12
26/11/2024 17:05;65,84;65,99;65,83;65,91;67,18
26/11/2024 16:00;65,56;65,92;65,51;65,92;67,24
26/11/2024 15:00;65,68;65,77;65,54;65,57;67,32
26/11/2024 14:00;65,93;66;65,59;65,68;67,38
26/11/2024 13:00;66,33;66,34;65,91;65,93;67,45
26/11/2024 12:00;66,26;66,4;66,12;66,34;67,52
26/11/2024 11:00;66,5;66,51;66,19;66,26;67,58
26/11/2024 10:00;66,83;66,84;66,28;66,53;67,62
26/11/2024 09:00;66,98;67,36;66,71;66,84;67,66
25/11/2024 17:05;66,64;66,68;66,52;66,66;67,72
25/11/2024 16:00;66,4;66,75;66,38;66,67;67,77
25/11/2024 15:00;66,52;66,53;66,33;66,39;67,82
25/11/2024 14:00;66,81;66,82;66,31;66,5;67,87
25/11/2024 13:00;67,18;67,31;66,7;66,79;67,91
25/11/2024 12:00;67,13;67,29;67,08;67,22;67,97
25/11/2024 11:00;67,35;67,36;66,89;67,12;68,03
25/11/2024 10:00;67,64;67,74;67,13;67,35;68,08
25/11/2024 09:00;67,39;68,19;67,11;67,66;68,12
22/11/2024 17:05;67,41;67,57;67,3;67,31;68,18
22/11/2024 16:00;67,23;67,44;67,15;67,42;68,26
22/11/2024 15:00;67,41;67,43;67,03;67,23;68,33
22/11/2024 14:00;67,45;67,54;67,35;67,41;68,41
22/11/2024 13:00;67,59;67,76;67,41;67,45;68,49
22/11/2024 12:00;67,54;67,66;67,5;67,6;68,57
22/11/2024 11:00;67,46;67,64;67,4;67,52;68,65
22/11/2024 10:00;67,45;67,55;67,38;67,43;68,73
22/11/2024 09:00;67,75;67,92;67,28;67,44;68,8
21/11/2024 17:05;67,79;67,82;67,6;67,72;68,89
21/11/2024 16:00;67,61;67,77;67,59;67,66;68,97
21/11/2024 15:00;67,67;67,68;67,59;67,6;69,07
21/11/2024 14:00;67,81;67,83;67,69;67,69;69,17
21/11/2024 13:00;67,78;67,85;67,69;67,81;69,28
21/11/2024 12:00;67,92;67,95;67,74;67,78;69,39
21/11/2024 11:00;67,97;67,98;67,87;67,94;69,48
21/11/2024 10:00;68,13;68,27;67,46;67,97;69,56
21/11/2024 09:00;67,97;68,53;67,92;68,13;69,64
19/11/2024 17:05;68,23;68,28;68,11;68,15;69,72
19/11/2024 16:00;68,17;68,23;68,13;68,23;69,8
19/11/2024 15:00;68,2;68,29;68,06;68,19;69,88
19/11/2024 14:00;68,2;68,49;68,14;68,2;69,96
19/11/2024 13:00;68,13;68,27;68,06;68,26;70,04
19/11/2024 12:00;68,15;68,27;68,07;68,13;70,12
19/11/2024 11:00;68,2;68,21;68,08;68,15;70,2
19/11/2024 10:00;68,2;68,43;68,18;68,22;70,29
19/11/2024 09:00;68,98;69,17;68,04;68,15;70,34
18/11/2024 17:05;68,93;69,13;68,93;69,09;70,39
18/11/2024 16:00;69,23;69,27;68,85;68,93;70,45
18/11/2024 15:00;68,98;69,27;68,9;69,23;70,5
18/11/2024 14:00;69,45;69,5;68,84;68,96;70,55
18/11/2024 13:00;69,59;69,81;69,42;69,42;70,59
18/11/2024 12:00;69,37;69,64;69,27;69,56;70,63
18/11/2024 11:00;69,91;69,92;69,34;69,37;70,66
18/11/2024 10:00;69,92;69,99;69,89;69,91;70,7
18/11/2024 09:00;69,68;70,12;69,49;69,92;70,73
14/11/2024 17:05;69,69;70,07;69,62;69,66;70,76
14/11/2024 16:00;70,01;70,04;69,62;69,68;70,78
14/11/2024 15:00;69,74;70,04;69,65;70,04;70,81
14/11/2024 14:00;70,12;70,3;69,66;69,74;70,82
14/11/2024 13:00;70,04;70,15;69,75;70,12;70,84
14/11/2024 12:00;70,63;70,65;69,56;70,07;70,84
14/11/2024 11:00;70,95;71,05;70,58;70,61;70,82
14/11/2024 10:00;71,02;71,14;70,91;70,96;70,64
14/11/2024 09:00;70,61;71,22;70,61;71,03;70,63
13/11/2024 17:05;70,6;70,71;70,6;70,69;70,62
13/11/2024 16:00;70,62;70,71;70,57;70,63;70,61
13/11/2024 15:00;70,61;70,73;70,59;70,62;70,59
13/11/2024 14:00;70,57;70,64;70,55;70,62;70,58
13/11/2024 13:00;70,69;70,73;70,51;70,58;70,57
13/11/2024 12:00;70,73;70,76;70,69;70,7;70,55
13/11/2024 11:00;70,7;70,74;70,63;70,74;70,53
13/11/2024 10:00;70,58;70,69;70,54;70,69;70,51
13/11/2024 09:00;70,56;70,67;70,47;70,61;70,49
12/11/2024 17:05;70,74;70,83;70,74;70,82;70,46
12/11/2024 16:00;70,59;70,87;70,58;70,77;70,44
12/11/2024 15:00;70,72;70,74;70,56;70,61;70,41
12/11/2024 14:00;70,69;70,76;70,68;70,72;70,38
12/11/2024 13:00;70,78;70,89;70,64;70,69;70,35
12/11/2024 12:00;70,74;70,95;70,72;70,78;70,32
12/11/2024 11:00;70,86;70,89;70,73;70,76;70,26
12/11/2024 10:00;70,79;70,95;70,74;70,86;70,2
12/11/2024 09:00;70,75;70,82;70,69;70,77;70,14
11/11/2024 17:05;70,99;71,06;70,96;71,04;70,07
11/11/2024 16:00;70,95;71;70,92;70,93;70
11/11/2024 15:00;70,95;70,97;70,92;70,95;69,93
11/11/2024 14:00;70,9;70,95;70,77;70,94;69,87
11/11/2024 13:00;70,74;70,88;70,73;70,88;69,81
11/11/2024 12:00;70,74;70,81;70,73;70,74;69,75
11/11/2024 11:00;70,66;70,76;70,64;70,73;69,68
11/11/2024 10:00;70,68;70,71;70,63;70,66;69,62
11/11/2024 09:00;70,55;70,73;70,5;70,68;69,56
08/11/2024 17:05;70,39;70,41;70,32;70,4;69,51
08/11/2024 16:00;70,32;70,41;70,28;70,41;69,46
08/11/2024 15:00;70,4;70,43;70,27;70,32;69,42
08/11/2024 14:00;70,29;70,43;70,23;70,39;69,38
08/11/2024 13:00;70,26;70,37;70,24;70,25;69,34
08/11/2024 12:00;70,31;70,38;70,09;70,24;69,29
08/11/2024 11:00;70,28;70,39;70,25;70,34;69,26
08/11/2024 10:00;70,37;70,41;70,09;70,29;69,24
08/11/2024 09:00;70,44;70,49;70,15;70,41;69,21
07/11/2024 17:05;70,2;70,3;70,15;70,15;69,19
07/11/2024 16:00;69,99;70,2;69,97;70,08;69,17
07/11/2024 15:00;69,97;70,01;69,92;70,01;69,16
07/11/2024 14:00;69,83;70,04;69,8;69,99;69,15
07/11/2024 13:00;69,99;70,2;69,82;69,83;69,14
07/11/2024 12:00;69,89;69,97;69,82;69,96;69,13
07/11/2024 11:00;69,89;69,97;69,77;69,91;69,13
07/11/2024 10:00;69,89;70,02;69,73;69,91;69,12
07/11/2024 09:00;69,95;70,11;69,7;69,89;69,11
06/11/2024 17:05;69,1;69,28;69,02;69,28;69,35
06/11/2024 16:00;68,95;69,11;68,91;69,1;69,36
06/11/2024 15:00;68,98;69,11;68,94;68,94;69,38
06/11/2024 14:00;68,87;69,03;68,85;68,96;69,39
06/11/2024 13:00;68,94;68,97;68,82;68,87;69,41
06/11/2024 12:00;69,01;69,05;68,77;68,95;69,44
06/11/2024 11:00;69,08;69,09;68,82;69,01;69,46
06/11/2024 10:00;69,07;69,21;68,97;69,09;69,47
06/11/2024 09:00;69,27;69,31;68,96;69,09;69,48
05/11/2024 17:05;68,77;68,91;68,69;68,77;69,5
05/11/2024 16:00;68,88;68,91;68,75;68,77;69,53
05/11/2024 15:00;68,86;68,93;68,64;68,85;69,55
05/11/2024 14:00;68,91;68,98;68,82;68,85;69,58
05/11/2024 13:00;69,06;69,14;68,91;68,91;69,59
05/11/2024 12:00;69,22;69,28;69,05;69,06;69,61
05/11/2024 11:00;69,01;69,25;68,92;69,2;69,63
05/11/2024 10:00;69,11;69,2;68,96;69,02;69,66
05/11/2024 09:00;69,19;69,3;68,82;69,13;69,69
04/11/2024 17:05;69,45;69,46;69,3;69,31;69,72
04/11/2024 16:00;69,43;69,51;69,4;69,48;69,75
04/11/2024 15:00;69,48;69,55;69,4;69,42;69,77
04/11/2024 14:00;69,55;69,61;69,39;69,5;69,79
04/11/2024 13:00;69,55;69,58;69,44;69,56;69,83
04/11/2024 12:00;69,73;69,8;69,54;69,55;69,85
04/11/2024 11:00;69,65;69,76;69,49;69,72;69,85
04/11/2024 10:00;69,84;69,98;69,58;69,65;69,85
04/11/2024 09:00;69,65;69,88;69,65;69,82;69,85
01/11/2024 17:05;69,72;69,74;69,58;69,58;69,86
01/11/2024 16:00;69,58;69,63;69,51;69,63;69,86
01/11/2024 15:00;69,47;69,62;69,44;69,57;69,85
01/11/2024 14:00;69,44;69,52;69,4;69,47;69,84
01/11/2024 13:00;69,4;69,49;69,39;69,44;69,83
01/11/2024 12:00;69,53;69,56;69,38;69,38;69,82
01/11/2024 11:00;69,45;69,6;69,44;69,53;69,8
01/11/2024 10:00;69,42;69,52;69,34;69,44;69,78
01/11/2024 09:00;69,85;69,92;69,3;69,41;69,75
31/10/2024 17:05;69,54;69,65;69,44;69,56;69,41
31/10/2024 16:00;69,53;69,58;69,48;69,5;69,39
31/10/2024 15:00;69,42;69,58;69,34;69,56;69,38
31/10/2024 14:00;69,52;69,53;69,34;69,44;69,36
31/10/2024 13:00;69,65;69,65;69,44;69,51;69,34
31/10/2024 12:00;69,57;69,68;69,53;69,65;69,3
31/10/2024 11:00;69,3;69,69;69,2;69,6;69,3
31/10/2024 10:00;69,4;69,47;69,13;69,3;69,29
31/10/2024 09:00;69,72;69,98;69,22;69,4;69,28
30/10/2024 17:05;69,73;69,81;69,64;69,81;69,26
30/10/2024 16:00;70,07;70,11;69,63;69,72;69,24
30/10/2024 15:00;70,19;70,22;69,91;70,11;69,21
30/10/2024 14:00;70,36;70,44;70,01;70,21;69,17
30/10/2024 13:00;70,13;70,4;70,1;70,34;69,14
30/10/2024 12:00;70,18;70,18;69,89;70,13;69,1
30/10/2024 11:00;70,1;70,25;70,07;70,15;69,05
30/10/2024 10:00;70,31;70,56;70,11;70,11;69
30/10/2024 09:00;69,6;70,34;69,51;70,32;68,98
29/10/2024 17:05;69,79;69,96;69,73;69,92;68,95
29/10/2024 16:00;69,81;69,92;69,77;69,82;68,91
29/10/2024 15:00;69,68;69,95;69,54;69,83;68,87
29/10/2024 14:00;69,75;69,87;69,53;69,68;68,85
29/10/2024 13:00;69,27;69,77;69,27;69,74;68,83
29/10/2024 12:00;69,03;69,3;69;69,28;68,81
29/10/2024 11:00;69,09;69,14;68,96;69,01;68,78
29/10/2024 10:00;68,98;69,11;68,89;69,1;68,75
29/10/2024 09:00;69,24;69,3;68,75;68,98;68,73
28/10/2024 17:05;68,91;69,03;68,91;69,03;68,7
28/10/2024 16:00;68,87;69;68,84;68,91;68,67
28/10/2024 15:00;68,89;68,96;68,78;68,85;68,63
28/10/2024 14:00;68,92;68,99;68,84;68,89;68,59
28/10/2024 13:00;68,96;69,02;68,91;68,94;68,53
28/10/2024 12:00;69;69;68,91;68,97;68,49
28/10/2024 11:00;68,91;69,09;68,91;69;68,44
28/10/2024 10:00;68,82;69,09;68,7;68,93;68,39
28/10/2024 09:00;69,11;69,11;68,41;68,83;68,36
25/10/2024 17:05;69,15;69,26;69,06;69,12;68,3
25/10/2024 16:00;69,02;69,27;69;69,15;68,24
25/10/2024 15:00;69,02;69,06;68,96;69,02;68,19
25/10/2024 14:00;69,09;69,12;68,99;69,02;68,14
25/10/2024 13:00;68,98;69,17;68,92;69,08;68,07
25/10/2024 12:00;68,96;69,02;68,92;68,98;68,01
25/10/2024 11:00;69,25;69,26;68,91;68,97;67,93
25/10/2024 10:00;69,15;69,34;69,08;69,25;67,85
25/10/2024 09:00;68,81;69,33;68,66;69,14;67,78
24/10/2024 17:05;68,81;68,82;68,66;68,82;67,71
24/10/2024 16:00;68,87;69,01;68,72;68,81;67,63
24/10/2024 15:00;68,99;69,08;68,83;68,85;67,55
24/10/2024 14:00;68,88;69,01;68,76;68,98;67,46
24/10/2024 13:00;68,57;68,91;68,57;68,86;67,38
24/10/2024 12:00;68,8;68,81;68,5;68,58;67,3
24/10/2024 11:00;68,88;68,91;68,73;68,81;67,2
24/10/2024 10:00;68,86;68,96;68,71;68,89;67,11
24/10/2024 09:00;68,35;68,9;68,35;68,87;67,03
23/10/2024 17:05;68,25;68,3;68,16;68,26;66,96
23/10/2024 16:00;68,15;68,33;68,15;68,25;66,88
23/10/2024 15:00;68,07;68,22;68,01;68,17;66,81
23/10/2024 14:00;68,18;68,4;68,02;68,09;66,73
23/10/2024 13:00;67,92;68,2;67,82;68,16;66,66
23/10/2024 12:00;67,98;68,02;67,73;67,97;66,6
23/10/2024 11:00;67,59;68;67,49;68;66,54
23/10/2024 10:00;67,76;67,77;67,34;67,59;66,48
23/10/2024 09:00;67,62;67,87;67,49;67,77;66,42
22/10/2024 17:05;67,63;67,66;67,43;67,63;66,36
22/10/2024 16:00;67,47;67,62;67,44;67,62;66,3
22/10/2024 15:00;67,5;67,71;67,4;67,45;66,23
22/10/2024 14:00;67,31;67,53;67,29;67,53;66,17
22/10/2024 13:00;67,58;67,86;67,17;67,3;66,11
22/10/2024 12:00;67,57;67,64;67,49;67,6;66,04
22/10/2024 11:00;67,38;67,69;67,33;67,58;65,97
22/10/2024 10:00;67,1;67,44;67,05;67,36;65,91
22/10/2024 09:00;66,9;67,36;66,9;67,1;65,85
21/10/2024 17:05;66,87;66,87;66,63;66,67;65,81
21/10/2024 16:00;66,63;66,89;66,62;66,77;65,77
21/10/2024 15:00;66,71;66,84;66,6;66,65;65,73
21/10/2024 14:00;66,81;66,85;66,67;66,72;65,69
21/10/2024 13:00;66,45;66,84;66,36;66,79;65,66
21/10/2024 12:00;66,3;66,47;66,28;66,46;65,62
21/10/2024 11:00;66,4;66,45;66,21;66,33;65,59
21/10/2024 10:00;66,26;66,49;66,16;66,39;65,56
21/10/2024 09:00;66,16;66,37;65,97;66,28;65,52
18/10/2024 17:05;66,01;66,06;65,83;65,96;65,48
18/10/2024 16:00;66,13;66,15;65,91;66,01;65,43
18/10/2024 15:00;66,14;66,27;66,08;66,13;65,38
18/10/2024 14:00;66,11;66,2;65,97;66,14;65,32
18/10/2024 13:00;65,88;66,15;65,82;66,1;65,27
18/10/2024 12:00;65,9;65,95;65,82;65,89;65,2
18/10/2024 11:00;65,84;65,91;65,67;65,9;65,15
18/10/2024 10:00;65,88;65,9;65,79;65,84;65,1
18/10/2024 09:00;65,74;65,9;65,71;65,84;65,05
17/10/2024 17:05;65,79;65,93;65,7;65,87;64,99
17/10/2024 16:00;65,74;65,81;65,68;65,79;64,95
17/10/2024 15:00;65,69;65,8;65,61;65,75;64,92
17/10/2024 14:00;65,72;65,78;65,54;65,69;64,88
17/10/2024 13:00;65,66;65,88;65,62;65,73;64,84
17/10/2024 12:00;65,56;65,71;65,48;65,67;64,82
17/10/2024 11:00;65,57;65,63;65,44;65,53;64,8
17/10/2024 10:00;65,67;65,72;65,47;65,61;64,79
17/10/2024 09:00;65,53;65,96;65,36;65,67;64,79
16/10/2024 17:05;65,3;65,34;65,12;65,33;64,8
16/10/2024 16:00;65,56;65,62;65,21;65,25;64,8
16/10/2024 15:00;65,48;65,63;65,29;65,6;64,8
16/10/2024 14:00;65,6;65,86;65,41;65,48;64,8
16/10/2024 13:00;65,37;65,59;65,35;65,59;64,8
16/10/2024 12:00;65,48;65,49;65,34;65,37;64,81
16/10/2024 11:00;65,62;65,65;65,45;65,47;64,82
16/10/2024 10:00;65,54;65,65;65,41;65,63;64,82
16/10/2024 09:00;65,47;65,58;65,16;65,53;64,83
15/10/2024 17:05;65,42;65,69;65,36;65,37;64,83
15/10/2024 16:00;65,13;65,48;65,13;65,39;64,83
15/10/2024 15:00;65,01;65,2;65,01;65,11;65,15
15/10/2024 14:00;64,56;65,07;64,53;65,04;65,15
15/10/2024 13:00;64,45;64,66;64,45;64,58;65,18
15/10/2024 12:00;64,67;64,67;64,43;64,45;65,2
15/10/2024 11:00;64,66;64,71;64,39;64,65;65,22
15/10/2024 10:00;64,04;64,82;64,03;64,65;65,23
15/10/2024 09:00;64,09;64,23;63,92;64,05;65,27
14/10/2024 17:05;64,2;64,31;64,2;64,22;65,3
14/10/2024 16:00;64,22;64,28;64,19;64,23;65,32
14/10/2024 15:00;64,29;64,42;64,15;64,21;65,33
14/10/2024 14:00;64,58;64,64;64,02;64,27;65,33
14/10/2024 13:00;64,63;64,67;64,55;64,59;65,34
14/10/2024 12:00;64,66;64,7;64,54;64,65;65,36
14/10/2024 11:00;64,54;64,84;64,46;64,67;65,36
14/10/2024 10:00;65,08;65,13;64,45;64,54;65,35
14/10/2024 09:00;64,88;65,29;64,88;65,06;65,04
11/10/2024 17:05;65,28;65,28;64,83;65,14;65,02
11/10/2024 16:00;65,32;65,41;65,22;65,29;64,98
11/10/2024 15:00;65,34;65,43;65,25;65,29;64,94
11/10/2024 14:00;65,52;65,61;65,3;65,34;64,9
11/10/2024 13:00;65,45;65,62;65,22;65,48;64,86
11/10/2024 12:00;65,63;65,63;65,34;65,45;64,8
11/10/2024 11:00;65,55;65,66;65,53;65,62;64,73
11/10/2024 10:00;65,77;65,77;65,36;65,58;64,68
11/10/2024 09:00;65,78;66,04;65,6;65,77;64,62
10/10/2024 17:05;65,66;65,72;65,55;65,66;64,58
10/10/2024 16:00;65,7;65,77;65,51;65,6;64,54
10/10/2024 15:00;65,53;65,73;65,5;65,71;64,5
10/10/2024 14:00;65,33;65,53;65,33;65,51;64,47
10/10/2024 13:00;65,31;65,33;65,25;65,33;64,43
10/10/2024 12:00;65,33;65,38;65,25;65,31;64,38
10/10/2024 11:00;65,2;65,35;65,02;65,33;64,38
10/10/2024 10:00;65,38;65,39;65,2;65,25;64,36
10/10/2024 09:00;65,2;65,39;65,17;65,35;64,35
09/10/2024 17:05;65,1;65,2;65,05;65,17;64,35
09/10/2024 16:00;65,1;65,17;64,96;65,05;64,37
09/10/2024 15:00;65,2;65,39;65,03;65,11;64,38
09/10/2024 14:00;64,89;65,25;64,82;65,19;64,4
09/10/2024 13:00;64,72;64,88;64,67;64,86;64,44
09/10/2024 12:00;64,48;64,77;64,44;64,7;64,9
09/10/2024 11:00;64,41;64,63;64,1;64,5;64,96
09/10/2024 10:00;64,86;64,88;64,19;64,43;65,01
09/10/2024 09:00;64,93;65,25;64,76;64,91;65,05
08/10/2024 17:05;64,68;64,85;64,63;64,79;65,11
08/10/2024 16:00;64,79;64,9;64,49;64,59;65,16
08/10/2024 15:00;65,01;65,01;64,77;64,79;65,21
08/10/2024 14:00;64,17;65,15;64,11;64,99;65,25
08/10/2024 13:00;64,08;64,26;63,97;64,19;65,33
08/10/2024 12:00;64,34;64,43;64,03;64,03;65,4
08/10/2024 11:00;64,14;64,48;64,14;64,33;65,47
08/10/2024 10:00;63,97;64,27;63,93;64,09;65,54
08/10/2024 09:00;63,66;64,13;63,58;63,97;65,62
07/10/2024 17:05;63,86;63,86;63,61;63,69;65,71
07/10/2024 16:00;64;64,05;63,73;63,86;65,79
07/10/2024 15:00;64,2;64,21;63,86;64,02;65,86
07/10/2024 14:00;64,4;64,47;64,2;64,2;65,93
07/10/2024 13:00;64,49;64,57;64,35;64,41;66
07/10/2024 12:00;64,46;64,77;64,46;64,48;66,06
07/10/2024 11:00;64,37;64,47;64,23;64,46;66,1
07/10/2024 10:00;64,18;64,39;64,12;64,36;66,15
07/10/2024 09:00;65,13;65,29;63,89;64,19;66,17
04/10/2024 17:05;64,83;64,99;64,82;64,91;66,19
04/10/2024 16:00;64,91;64,99;64,82;64,83;66,22
04/10/2024 15:00;65,22;65,25;64,82;64,91;66,23
04/10/2024 14:00;65,56;65,61;65,12;65,22;66,24
04/10/2024 13:00;65,42;65,69;65,4;65,57;66,23
04/10/2024 12:00;65,68;65,71;65,4;65,43;66,24
04/10/2024 11:00;66,06;66,08;65,5;65,66;66,22
04/10/2024 10:00;65,91;66,2;65,8;66,06;66,21
04/10/2024 09:00;66,1;66,26;65,91;65,92;66,19
03/10/2024 17:05;66,34;66,34;66,25;66,25;65,95
03/10/2024 16:00;66,29;66,42;66,13;66,26;65,93
03/10/2024 15:00;66,25;66,4;66,21;66,3;65,9
03/10/2024 14:00;66,41;66,63;66,06;66,26;65,88
03/10/2024 13:00;66,38;66,44;66,28;66,44;65,85
03/10/2024 12:00;66,43;66,44;66,34;66,4;65,82
03/10/2024 11:00;66,53;66,55;66,4;66,4;65,78
03/10/2024 10:00;66,27;66,57;66,25;66,53;65,75
03/10/2024 09:00;66,36;66,46;66,22;66,29;65,71
02/10/2024 17:05;66,35;66,51;66,34;66,48;65,67
02/10/2024 16:00;66,49;66,49;66,29;66,39;65,62
02/10/2024 15:00;66,56;66,58;66,44;66,51;65,56
02/10/2024 14:00;66,4;66,57;66,37;66,56;65,5
02/10/2024 13:00;66,22;66,42;66,19;66,41;65,45
02/10/2024 12:00;66,35;66,4;66,17;66,2;65,4
02/10/2024 11:00;66,45;66,47;66,26;66,36;65,35
02/10/2024 10:00;66,42;66,61;66,29;66,39;65,31
02/10/2024 09:00;65,86;66,53;65,77;66,42;65,27
01/10/2024 17:05;65,72;65,86;65,72;65,82;65,24
01/10/2024 16:00;65,72;65,77;65,6;65,77;65,22
01/10/2024 15:00;65,72;65,77;65,67;65,72;65,2
01/10/2024 14:00;65,73;65,77;65,64;65,69;65,17
01/10/2024 13:00;65,73;65,74;65,64;65,7;65,14
01/10/2024 12:00;65,74;65,74;65,65;65,72;65,09
01/10/2024 11:00;65,51;65,74;65,46;65,74;65,06
01/10/2024 10:00;65,44;65,56;65,32;65,45;65,03
01/10/2024 09:00;65,74;65,74;65,4;65,42;65
30/09/2024 17:05;65,66;65,66;65,48;65,48;64,96
30/09/2024 16:00;65,68;65,73;65,62;65,67;64,93
30/09/2024 15:00;65,67;65,74;65,64;65,69;64,9
30/09/2024 14:00;65,69;65,74;65,65;65,66;64,88
30/09/2024 13:00;65,56;65,74;65,56;65,71;64,86
30/09/2024 12:00;65,56;65,67;65,4;65,59;64,84
30/09/2024 11:00;65,65;65,73;65,49;65,57;64,82
30/09/2024 10:00;65,31;65,67;65,31;65,64;64,8
30/09/2024 09:00;65,48;65,57;65,23;65,31;64,79
27/09/2024 17:05;65,5;65,73;65,47;65,5;64,77
27/09/2024 16:00;65,17;65,49;65,14;65,48;64,75
27/09/2024 15:00;65,27;65,29;65,06;65,14;64,73
27/09/2024 14:00;65,15;65,34;65,12;65,27;64,71
27/09/2024 13:00;64,9;65,24;64,85;65,14;64,71
27/09/2024 12:00;64,72;64,96;64,67;64,9;64,97
27/09/2024 11:00;64,64;64,89;64,63;64,73;64,98
27/09/2024 10:00;64,65;64,78;64,57;64,64;64,98
27/09/2024 09:00;65,05;65,26;64,63;64,64;64,97
26/09/2024 17:05;64,92;65;64,86;64,96;64,72
26/09/2024 16:00;65,04;65,05;64,91;65;64,71
26/09/2024 15:00;65,09;65,11;64,71;65,02;64,71
26/09/2024 14:00;65,09;65,25;64,88;65,09;64,71
26/09/2024 13:00;65,29;65,55;65,05;65,09;64,7
26/09/2024 12:00;65,01;65,42;64,98;65,29;64,69
26/09/2024 11:00;64,86;65,01;64,77;65,01;64,67
26/09/2024 10:00;64,64;64,89;64,61;64,84;64,91
26/09/2024 09:00;64,52;64,65;64,36;64,6;64,92
25/09/2024 17:05;64,58;64,7;64,53;64,58;64,91
25/09/2024 16:00;64,44;64,65;64,43;64,57;64,89
25/09/2024 15:00;64,43;64,59;64,28;64,43;64,86
25/09/2024 14:00;64,87;64,89;64,27;64,43;64,84
25/09/2024 13:00;64,91;64,99;64,84;64,9;64,54
25/09/2024 12:00;64,97;64,98;64,77;64,9;64,5
25/09/2024 11:00;65,03;65,1;64,95;64,98;64,45
25/09/2024 10:00;65,01;65,08;64,93;65,03;64,4
25/09/2024 09:00;64,86;65,05;64,77;65,01;64,36
24/09/2024 17:05;64,96;65,09;64,91;65,07;64,31
24/09/2024 16:00;64,86;65,01;64,84;65,01;64,26
24/09/2024 15:00;64,96;65,04;64,85;64,87;64,2
24/09/2024 14:00;64,8;65,01;64,79;64,96;64,15
24/09/2024 13:00;64,64;64,94;64,63;64,77;64,1
24/09/2024 12:00;64,68;64,71;64,58;64,64;64,04
24/09/2024 11:00;64,73;64,77;64,58;64,69;63,99
24/09/2024 10:00;64,65;64,77;64,6;64,72;63,94
24/09/2024 09:00;64,82;64,98;64,44;64,67;63,9
23/09/2024 17:05;64,97;65,01;64,92;65,01;63,85
23/09/2024 16:00;64,91;64,96;64,85;64,92;63,8
23/09/2024 15:00;64,84;64,94;64,64;64,91;63,76
23/09/2024 14:00;64,87;64,96;64,79;64,82;63,72
23/09/2024 13:00;64,9;64,98;64,86;64,86;63,67
23/09/2024 12:00;64,82;64,91;64,73;64,91;63,64
23/09/2024 11:00;64,82;65,01;64,81;64,82;63,61
23/09/2024 10:00;64,91;65,01;64,74;64,81;63,59
23/09/2024 09:00;64,53;65,1;64,53;64,89;63,56
20/09/2024 17:05;64,66;64,66;64,34;64,35;63,55
20/09/2024 16:00;64,7;64,82;64,61;64,67;63,53
20/09/2024 15:00;64,42;64,75;64,24;64,68;63,52
20/09/2024 14:00;63,82;64,53;63,82;64,41;63,52
20/09/2024 13:00;63,82;63,94;63,77;63,81;63,52
20/09/2024 12:00;63,88;63,92;63,71;63,81;63,52
20/09/2024 11:00;64;64,05;63,81;63,9;63,54
20/09/2024 10:00;63,57;64,14;63,54;63,98;63,56
20/09/2024 09:00;63,72;63,72;63,29;63,56;63,87
19/09/2024 17:05;63,79;63,82;63,51;63,71;63,89
19/09/2024 16:00;63,84;64,02;63,63;63,8;63,91
19/09/2024 15:00;63,62;64,02;63,59;63,85;63,92
19/09/2024 14:00;63,37;63,74;63,37;63,62;63,95
19/09/2024 13:00;63,23;63,39;63,23;63,38;63,98
19/09/2024 12:00;63,14;63,36;63,13;63,26;64,02
19/09/2024 11:00;63,17;63,31;63,14;63,15;64,06
19/09/2024 10:00;63,21;63,34;63,07;63,19;64,11
19/09/2024 09:00;63,05;63,37;62,77;63,2;64,15
18/09/2024 17:05;63,29;63,39;63,15;63,19;64,2
18/09/2024 16:00;63,24;63,34;63,2;63,2;64,25
18/09/2024 15:00;63,49;63,54;63,11;63,23;64,27
18/09/2024 14:00;63,6;63,61;63,42;63,52;64,28
18/09/2024 13:00;63,62;63,64;63,48;63,58;64,3
18/09/2024 12:00;63,53;63,65;63,5;63,64;64,31
18/09/2024 11:00;63,68;63,69;63,5;63,54;64,31
18/09/2024 10:00;63,84;63,86;63,51;63,68;64,3
18/09/2024 09:00;63,77;64,05;63,67;63,84;64,31
17/09/2024 17:05;64,11;64,11;63,99;64,01;64,31
17/09/2024 16:00;64,04;64,43;64,02;64,1;64,31
17/09/2024 15:00;63,91;64,09;63,81;64,02;64,32
17/09/2024 14:00;64,15;64,15;63,78;63,9;64,34
17/09/2024 13:00;64,12;64,33;64,1;64,17;64,34
17/09/2024 12:00;63,96;64,22;63,88;64,12;64,34
17/09/2024 11:00;63,86;64,05;63,85;63,95;64,34
17/09/2024 10:00;64,08;64,12;63,77;63,9;64,35
17/09/2024 09:00;64,07;64,25;63,93;64,1;64,04
16/09/2024 17:05;64,29;64,37;64,26;64,33;64,04
16/09/2024 16:00;64,39;64,39;64,27;64,3;64,03
16/09/2024 15:00;64,39;64,43;64,23;64,39;64,03
16/09/2024 14:00;64,41;64,43;64,36;64,39;64,02
16/09/2024 13:00;64,42;64,53;64,34;64,41;64,01
16/09/2024 12:00;64,43;64,49;64,36;64,41;64,01
16/09/2024 11:00;64,33;64,5;64,32;64,43;63,99
16/09/2024 10:00;64,28;64,44;64,21;64,34;63,99
16/09/2024 09:00;64,04;64,32;63,82;64,31;64
13/09/2024 17:05;64,64;64,71;64,58;64,65;63,98
13/09/2024 16:00;64,72;64,74;64,51;64,63;63,98
13/09/2024 15:00;64,64;64,74;64,58;64,72;63,97
13/09/2024 14:00;64,67;64,77;64,5;64,64;63,98
13/09/2024 13:00;64,27;64,7;64,23;64,67;64
13/09/2024 12:00;63,89;64,28;63,89;64,26;64,4
13/09/2024 11:00;63,98;64,01;63,72;63,87;64,42
13/09/2024 10:00;63,65;64,23;63,63;63,98;64,42
13/09/2024 09:00;63,89;63,89;63,48;63,63;64,45
12/09/2024 17:05;63,5;63,67;63,49;63,67;64,48
12/09/2024 16:00;63,59;63,62;63,31;63,58;64,51
12/09/2024 15:00;63,98;64,15;63,5;63,58;64,5
12/09/2024 14:00;63,86;64,09;63,62;63,97;64,48
12/09/2024 13:00;64,48;64,55;63,5;63,86;64,45
12/09/2024 12:00;64,48;64,55;64,41;64,54;64,06
12/09/2024 11:00;64,28;64,57;64,23;64,47;64,02
12/09/2024 10:00;64,28;64,29;64,22;64,29;64,33
12/09/2024 09:00;64,3;64,43;64,07;64,25;64,29
11/09/2024 17:05;63,86;64,01;63,76;63,99;64,27
11/09/2024 16:00;64,2;64,23;63,7;63,86;64,24
11/09/2024 15:00;64,21;64,24;64,16;64,2;63,83
11/09/2024 14:00;64,23;64,24;64,18;64,21;63,79
11/09/2024 13:00;64,16;64,29;64,1;64,23;63,75
11/09/2024 12:00;64,17;64,29;64,1;64,16;63,71
11/09/2024 11:00;64,25;64,28;64,1;64,16;63,65
11/09/2024 10:00;64,55;64,58;64,1;64,23;63,6
11/09/2024 09:00;64,29;64,88;64,16;64,55;63,55
10/09/2024 17:05;64,15;64,2;63,93;64,13;63,51
10/09/2024 16:00;64,23;64,33;64,05;64,09;63,48
10/09/2024 15:00;64,24;64,32;64,18;64,24;63,43
10/09/2024 14:00;64,34;64,41;64,1;64,24;63,39
10/09/2024 13:00;64,69;64,76;64,25;64,37;63,33
10/09/2024 12:00;65,04;65,05;64,53;64,69;63,26
10/09/2024 11:00;65,01;65,06;64,72;64,99;63,2
10/09/2024 10:00;65,03;65,24;64,85;64,97;63,13
10/09/2024 09:00;64,39;65,43;63,86;64,99;63,1
09/09/2024 17:05;64,23;64,58;64,17;64,54;63,05
09/09/2024 16:00;64,45;64,51;64,26;64,3;62,99
09/09/2024 15:00;64,48;64,6;64,34;64,45;62,92
09/09/2024 14:00;64,28;64,57;64,25;64,48;62,85
09/09/2024 13:00;63,83;64,43;63,78;64,26;62,79
09/09/2024 12:00;63,57;63,84;63,56;63,83;62,75
09/09/2024 11:00;63,56;63,62;63,45;63,57;62,69
09/09/2024 10:00;63,51;63,57;63,39;63,57;62,65
09/09/2024 09:00;63,11;63,76;63,11;63,52;62,61
06/09/2024 17:05;63,02;63,15;63,02;63,07;62,57
06/09/2024 16:00;63,11;63,11;62,82;62,98;62,54
06/09/2024 15:00;63,01;63,14;62,8;63,13;62,51
06/09/2024 14:00;63,37;63,39;62,86;62,99;62,47
06/09/2024 13:00;63,28;63,37;63,05;63,37;62,42
06/09/2024 12:00;62,95;63,27;62,92;63,27;62,36
06/09/2024 11:00;63,15;63,35;62,76;62,94;62,32
06/09/2024 10:00;63,17;63,6;63,1;63,16;62,28
06/09/2024 09:00;62,75;63,26;62,72;63,15;62,24
05/09/2024 17:05;62,53;62,63;62,34;62,56;62,21
05/09/2024 16:00;62,85;62,85;62,55;62,55;62,19
05/09/2024 15:00;62,96;62,99;62,75;62,83;62,15
05/09/2024 14:00;63,08;63,08;62,85;62,95;62,11
05/09/2024 13:00;62,94;63,13;62,94;63,07;62,06
05/09/2024 12:00;62,99;63,1;62,9;62,92;62,02
05/09/2024 11:00;62,81;63,2;62,75;62,98;61,99
05/09/2024 10:00;62,65;62,84;62,44;62,78;61,95
05/09/2024 09:00;62,91;62,96;62,51;62,64;61,92
04/09/2024 17:05;63,14;63,22;62,81;62,99;61,87
04/09/2024 16:00;62,96;63,23;62,92;63,14;61,82
04/09/2024 15:00;62,89;62,99;62,85;62,96;61,77
04/09/2024 14:00;62,76;63,03;62,71;62,89;61,73
04/09/2024 13:00;62,39;62,77;62,36;62,76;61,69
04/09/2024 12:00;62,38;62,43;62,3;62,39;61,65
04/09/2024 11:00;62,32;62,49;62,13;62,38;61,6
04/09/2024 10:00;62,21;62,36;62,2;62,33;61,56
04/09/2024 09:00;62,21;62,39;62,1;62,23;61,53
03/09/2024 17:05;62,06;62,36;61,87;61,97;61,49
03/09/2024 16:00;62,11;62,19;61,99;62,14;61,45
03/09/2024 15:00;62,18;62,25;62,04;62,11;61,41
03/09/2024 14:00;61,99;62,25;61,92;62,18;61,37
03/09/2024 13:00;61,89;61,99;61,83;61,99;61,32
03/09/2024 12:00;61,84;61,89;61,78;61,87;61,27
03/09/2024 11:00;61,88;61,89;61,8;61,84;61,23
03/09/2024 10:00;61,59;61,89;61,59;61,87;61,19
03/09/2024 09:00;61,81;61,81;61,08;61,59;61,16
02/09/2024 17:05;61,6;61,69;61,59;61,63;61,12
02/09/2024 16:00;61,75;61,79;61,72;61,73;61,07
02/09/2024 15:00;61,72;61,79;61,59;61,75;61,03
02/09/2024 14:00;61,74;61,76;61,62;61,73;60,99
02/09/2024 13:00;61,77;61,79;61,71;61,74;60,94
02/09/2024 12:00;61,72;61,79;61,71;61,77;60,89
02/09/2024 11:00;61,6;61,79;61,55;61,71;60,85
02/09/2024 10:00;61,73;61,82;61,54;61,63;60,81
02/09/2024 09:00;61,78;61,94;61,72;61,73;60,76
30/08/2024 17:05;61,7;61,78;61,65;61,76;60,71
30/08/2024 16:00;61,63;61,69;61,53;61,69;60,67
30/08/2024 15:00;61,62;61,64;61,49;61,63;60,62
30/08/2024 14:00;61,58;61,64;61,38;61,62;60,58
30/08/2024 13:00;61,44;61,64;61,41;61,58;60,53
30/08/2024 12:00;61,42;61,44;61,39;61,42;60,47
30/08/2024 11:00;61,44;61,45;61,35;61,43;60,43
30/08/2024 10:00;61,26;61,68;61,26;61,41;60,39
30/08/2024 09:00;61,02;61,37;60,93;61,24;60,36
29/08/2024 17:05;60,98;61,07;60,74;61,03;60,33
29/08/2024 16:00;61,14;61,16;60,98;60,98;60,31
29/08/2024 15:00;61,08;61,19;61,06;61,14;60,27
29/08/2024 14:00;60,89;61,09;60,85;61,09;60,25
29/08/2024 13:00;60,97;60,99;60,81;60,9;60,23
29/08/2024 12:00;60,82;61,02;60,77;60,98;60,2
29/08/2024 11:00;60,96;61,06;60,77;60,82;60,17
29/08/2024 10:00;60,46;61,05;60,44;60,98;60,17
29/08/2024 09:00;60,23;60,58;60,23;60,45;60,17
28/08/2024 17:05;60,44;60,44;60,38;60,42;60,16
28/08/2024 16:00;60,42;60,49;60,41;60,44;60,15
28/08/2024 15:00;60,39;60,44;60,35;60,41;60,14
28/08/2024 14:00;60,4;60,43;60,3;60,39;60,14
28/08/2024 13:00;60,43;60,45;60,37;60,42;60,14
28/08/2024 12:00;60,39;60,44;60,35;60,43;60,15
28/08/2024 11:00;60,39;60,42;60,34;60,39;60,15
28/08/2024 10:00;60,28;60,41;60,27;60,39;60,15
28/08/2024 09:00;60,37;60,46;60,18;60,29;60,15
27/08/2024 17:05;60,39;60,47;60,36;60,42;60,15
27/08/2024 16:00;60,41;60,44;60,36;60,44;60,15
27/08/2024 15:00;60,24;60,41;60,22;60,41;60,16
27/08/2024 14:00;60,38;60,43;60,09;60,24;60,16
27/08/2024 13:00;60,4;60,49;60,28;60,38;60,16
27/08/2024 12:00;60,18;60,43;60,17;60,39;60,16
27/08/2024 11:00;60,08;60,27;60;60,17;60,34
27/08/2024 10:00;60;60,09;59,96;60,08;60,35
27/08/2024 09:00;59,84;60,11;59,72;60;60,35
26/08/2024 17:05;60,08;60,08;59,95;59,99;60,36
26/08/2024 16:00;60,2;60,27;60,04;60,08;60,35
26/08/2024 15:00;60,19;60,28;60,1;60,2;60,35
26/08/2024 14:00;60,17;60,22;59,94;60,19;60,35
26/08/2024 13:00;60,28;60,3;60,15;60,18;60,35
26/08/2024 12:00;60,15;60,29;60,13;60,28;60,35
26/08/2024 11:00;60,22;60,25;60,11;60,14;60,36
26/08/2024 10:00;60,15;60,25;60,13;60,2;60,37
26/08/2024 09:00;60,05;60,16;59,88;60,16;60,39
23/08/2024 17:05;60,13;60,27;60,06;60,2;60,39
23/08/2024 16:00;60,24;60,37;60,2;60,22;60,21
23/08/2024 15:00;60,32;60,35;60,21;60,23;60,2
23/08/2024 14:00;60,21;60,32;60,19;60,32;60,19
23/08/2024 13:00;60,22;60,3;60,19;60,22;60,18
23/08/2024 12:00;60,26;60,26;60,14;60,23;60,18
23/08/2024 11:00;60,46;60,51;60,22;60,27;60,17
23/08/2024 10:00;60,53;60,57;60,44;60,46;60,16
23/08/2024 09:00;60,49;60,59;60,43;60,52;60,13
22/08/2024 17:05;60,42;60,49;60,37;60,49;60,11
22/08/2024 16:00;60,38;60,49;60,37;60,47;60,08
22/08/2024 15:00;60,34;60,41;60,29;60,38;60,06
22/08/2024 14:00;60,43;60,48;60,33;60,34;60,04
22/08/2024 13:00;60,4;60,49;60,37;60,43;60,02
22/08/2024 12:00;60,31;60,46;60,31;60,4;60
22/08/2024 11:00;60,39;60,48;60,28;60,32;59,97
22/08/2024 10:00;60,36;60,44;60,26;60,39;59,94
22/08/2024 09:00;60,1;60,42;60,05;60,34;59,92
21/08/2024 17:05;60,27;60,27;60,04;60,09;59,9
21/08/2024 16:00;60,14;60,26;60,09;60,18;59,88
21/08/2024 15:00;60,08;60,18;60,05;60,13;59,87
21/08/2024 14:00;60,11;60,29;60,07;60,09;59,85
21/08/2024 13:00;60,1;60,13;60,04;60,12;59,83
21/08/2024 12:00;60,07;60,14;60,02;60,11;59,82
21/08/2024 11:00;60,24;60,28;60,07;60,07;59,82
21/08/2024 10:00;60,25;60,38;60,23;60,25;59,82
21/08/2024 09:00;60,22;60,39;60,17;60,24;59,81
20/08/2024 17:05;60,58;60,58;60,36;60,44;59,8
20/08/2024 16:00;60,48;60,53;60,46;60,46;59,79
20/08/2024 15:00;60,19;60,59;60,16;60,48;59,78
20/08/2024 14:00;60,1;60,29;60,09;60,18;59,78
20/08/2024 13:00;60,01;60,21;59,94;60,13;59,78
20/08/2024 12:00;60,01;60,05;59,89;59,99;59,78
20/08/2024 11:00;60,11;60,14;59,99;60;59,76
20/08/2024 10:00;60,17;60,26;60,07;60,11;59,75
20/08/2024 09:00;60,11;60,44;59,99;60,19;59,74
19/08/2024 17:05;60,18;60,24;60,01;60,01;59,73
19/08/2024 16:00;59,99;60,14;59,94;60,13;59,73
19/08/2024 15:00;59,8;60,01;59,72;59,99;59,74
19/08/2024 14:00;59,67;59,91;59,64;59,8;59,94
19/08/2024 13:00;59,65;59,75;59,52;59,68;59,95
19/08/2024 12:00;59,87;60,12;59,64;59,65;59,95
19/08/2024 11:00;59,82;59,89;59,81;59,86;59,95
19/08/2024 10:00;59,81;59,85;59,77;59,84;59,96
19/08/2024 09:00;59,93;59,99;59,68;59,82;59,96
16/08/2024 17:05;59,54;59,59;59,5;59,52;59,97
16/08/2024 16:00;59,42;59,55;59,32;59,55;59,98
16/08/2024 15:00;59,5;59,52;59,35;59,39;60
16/08/2024 14:00;59,55;59,57;59,49;59,5;60,02
16/08/2024 13:00;59,65;59,68;59,54;59,55;60,04
16/08/2024 12:00;59,56;59,72;59,53;59,65;60,06
16/08/2024 11:00;59,66;59,67;59,49;59,55;60,1
16/08/2024 10:00;59,75;59,75;59,63;59,65;60,12
16/08/2024 09:00;59,97;59,99;59,64;59,77;60,13
15/08/2024 17:05;60,29;60,29;60,14;60,26;59,9
15/08/2024 16:00;60,1;60,27;60,04;60,26;59,88
15/08/2024 15:00;60,09;60,14;60,04;60,09;59,87
15/08/2024 14:00;60,04;60,14;59,99;60,09;59,85
15/08/2024 13:00;60,17;60,22;60,05;60,09;59,84
15/08/2024 12:00;60,19;60,29;60,11;60,16;59,82
15/08/2024 11:00;60,11;60,29;60,04;60,19;59,82
15/08/2024 10:00;59,82;60,31;59,8;60,13;59,83
15/08/2024 09:00;59,98;60,02;59,83;59,85;60,09
14/08/2024 17:05;59,71;59,85;59,64;59,7;60,1
14/08/2024 16:00;59,82;59,82;59,67;59,71;60,11
14/08/2024 15:00;59,84;59,89;59,7;59,81;60,11
14/08/2024 14:00;59,86;59,89;59,8;59,84;60,11
14/08/2024 13:00;60,06;60,14;59,8;59,86;60,11
14/08/2024 12:00;59,94;60,16;59,92;60,05;60,1
14/08/2024 11:00;59,93;59,94;59,76;59,94;60,11
14/08/2024 10:00;59,89;59,98;59,71;59,92;60,11
14/08/2024 09:00;59,97;60,12;59,85;59,89;60,12
13/08/2024 17:05;59,94;59,98;59,81;59,83;60,13
13/08/2024 16:00;59,88;60,02;59,79;59,94;60,14
13/08/2024 15:00;59,9;59,95;59,84;59,85;60,17
13/08/2024 14:00;59,84;59,93;59,8;59,88;60,2
13/08/2024 13:00;59,81;59,87;59,79;59,84;60,24
13/08/2024 12:00;60,03;60,03;59,76;59,82;60,26
13/08/2024 11:00;60,25;60,25;59,89;60,01;59,99
13/08/2024 10:00;60,31;60,32;60,19;60,26;59,98
13/08/2024 09:00;60,12;60,42;60,03;60,32;59,98
12/08/2024 17:05;60,48;60,68;60,23;60,27;59,98
12/08/2024 16:00;60,28;60,49;60,26;60,46;59,97
12/08/2024 15:00;60,16;60,29;60,06;60,27;59,96
12/08/2024 14:00;59,84;60,39;59,8;60,18;60,21
12/08/2024 13:00;59,63;60,06;59,49;59,84;60,23
12/08/2024 12:00;59,74;59,84;59,63;59,65;60,25
12/08/2024 11:00;59,74;59,81;59,59;59,75;60,28
12/08/2024 10:00;59,76;59,85;59,62;59,72;60,3
12/08/2024 09:00;59,89;60,05;59,59;59,76;60,32
09/08/2024 17:05;60,22;60,39;60,14;60,14;60,34
09/08/2024 16:00;60,18;60,26;60,01;60,22;60,36
09/08/2024 15:00;60,01;60,19;59,9;60,16;60,38
09/08/2024 14:00;59,96;60,07;59,89;60,01;60,41
09/08/2024 13:00;59,9;59,97;59,89;59,95;60,45
09/08/2024 12:00;59,95;59,98;59,86;59,9;60,5
09/08/2024 11:00;59,92;59,98;59,84;59,96;60,56
09/08/2024 10:00;59,9;60,07;59,88;59,94;60,62
09/08/2024 09:00;59,86;59,97;59,67;59,91;60,68
08/08/2024 17:05;60,03;60,04;59,99;59,99;60,75
08/08/2024 16:00;60,05;60,13;59,99;60,08;60,82
08/08/2024 15:00;60,27;60,36;59,93;60,04;60,87
08/08/2024 14:00;60,29;60,31;60,09;60,3;60,93
08/08/2024 13:00;60,41;60,45;60,29;60,29;60,98
08/08/2024 12:00;60,54;60,67;60,39;60,43;61,01
08/08/2024 11:00;60,83;60,84;60,54;60,54;61,05
08/08/2024 10:00;60,74;61,06;60,7;60,81;61,08
08/08/2024 09:00;60,41;60,75;60,24;60,74;61,11
07/08/2024 17:05;60,1;60,19;60,02;60,18;61,16
07/08/2024 16:00;60,2;60,26;60,04;60,1;61,2
07/08/2024 15:00;60,04;60,31;60,02;60,18;61,24
07/08/2024 14:00;60,01;60,09;59,99;60,04;61,27
07/08/2024 13:00;60,01;60,09;59,97;60,02;61,31
07/08/2024 12:00;60,04;60,04;59,9;60;61,35
07/08/2024 11:00;60,28;60,38;59,99;60,03;61,36
07/08/2024 10:00;60,38;60,41;60,24;60,29;61,37
07/08/2024 09:00;60,31;60,59;59,99;60,35;61,37
06/08/2024 17:05;60,31;60,63;60,23;60,62;61,37
06/08/2024 16:00;60,41;60,47;60,31;60,31;61,37
06/08/2024 15:00;60,64;60,73;60,39;60,42;61,35
06/08/2024 14:00;60,84;60,84;60,6;60,61;61,32
06/08/2024 13:00;60,71;60,87;60,6;60,83;61,29
06/08/2024 12:00;60,54;60,85;60,44;60,71;61,27
06/08/2024 11:00;60,83;60,92;60,5;60,53;61,23
06/08/2024 10:00;61,35;61,35;60,72;60,82;61,17
06/08/2024 09:00;61,44;61,44;61,2;61,34;60,77
05/08/2024 17:05;61,49;61,62;61,41;61,58;60,7
05/08/2024 16:00;61,86;61,95;61,62;61,69;60,63
05/08/2024 15:00;61,86;61,89;61,56;61,86;60,56
05/08/2024 14:00;62,09;62,13;61,55;61,87;60,5
05/08/2024 13:00;61,78;62,21;61,68;62,07;60,42
05/08/2024 12:00;61,75;61,88;61,61;61,79;60,36
05/08/2024 11:00;61,86;61,94;61,52;61,76;60,31
05/08/2024 10:00;61,67;61,96;61,1;61,89;60,27
05/08/2024 09:00;61,36;61,69;61,23;61,69;60,24
02/08/2024 17:05;61,72;62,09;61,72;62,09;60,2
02/08/2024 16:00;61,55;61,89;61,53;61,82;60,16
02/08/2024 15:00;61,55;61,76;61,4;61,55;60,13
02/08/2024 14:00;61,34;61,59;61,25;61,55;60,1
02/08/2024 13:00;61,28;61,47;61,24;61,34;60,07
02/08/2024 12:00;61,14;61,41;61,09;61,28;60,05
02/08/2024 11:00;60,82;61,16;60,75;61,14;60,05
02/08/2024 10:00;61,07;61,19;60,67;60,79;60,06
02/08/2024 09:00;60,81;61,26;60,8;61,05;60,07
01/08/2024 17:05;60,79;60,79;60,56;60,56;60,08
01/08/2024 16:00;60,5;60,67;60,49;60,59;60,08
01/08/2024 15:00;60,34;60,54;60,31;60,5;60,09
01/08/2024 14:00;60,38;60,59;60,26;60,34;60,39
01/08/2024 13:00;60,14;60,49;60,13;60,36;60,4
01/08/2024 12:00;59,86;60,15;59,85;60,15;60,43
01/08/2024 11:00;59,93;59,96;59,7;59,86;60,47
01/08/2024 10:00;59,95;59,99;59,77;59,91;60,51
01/08/2024 09:00;59,8;60,2;59,76;59,94;60,55
31/07/2024 17:05;59,62;59,69;59,59;59,68;60,61
31/07/2024 16:00;59,56;59,67;59,5;59,62;60,67
31/07/2024 15:00;59,56;59,64;59,47;59,57;60,71
31/07/2024 14:00;59,74;59,75;59,5;59,55;60,75
31/07/2024 13:00;59,59;59,83;59,42;59,73;60,8
31/07/2024 12:00;59,59;59,63;59,46;59,59;60,86
31/07/2024 11:00;59,8;59,8;59,59;59,62;60,91
31/07/2024 10:00;59,99;60,06;59,44;59,77;60,96
31/07/2024 09:00;60,09;60,24;59,9;59,98;61,02
30/07/2024 17:05;59,97;60,13;59,85;60,09;61,09
30/07/2024 16:00;60,37;60,39;59,97;60,02;61,16
30/07/2024 15:00;60,48;60,53;60,32;60,39;61,22
30/07/2024 14:00;60,56;60,56;60,38;60,47;61,29
30/07/2024 13:00;60,54;60,59;60,53;60,56;61,34
30/07/2024 12:00;60,5;60,57;60,44;60,55;61,4
30/07/2024 11:00;60,55;60,62;60,46;60,52;61,44
30/07/2024 10:00;60,51;60,62;60,29;60,54;61,47
30/07/2024 09:00;60,49;60,79;60,34;60,51;61,51
29/07/2024 17:05;60,98;61,03;60,76;60,99;61,54
29/07/2024 16:00;61,15;61,29;61,04;61,06;61,56
29/07/2024 15:00;61,1;61,49;60,99;61,15;61,57
29/07/2024 14:00;60,83;61,26;60,83;61,11;61,58
29/07/2024 13:00;60,73;60,87;60,6;60,84;61,59
29/07/2024 12:00;60,69;60,89;60,59;60,72;61,6
29/07/2024 11:00;60,94;60,98;60,62;60,69;61,6
29/07/2024 10:00;60,67;60,99;60,59;60,93;61,6
29/07/2024 09:00;60,92;60,92;60,64;60,68;61,6
26/07/2024 17:05;61,1;61,19;61,09;61,19;61,6
26/07/2024 16:00;61,01;61,19;60,99;61,07;61,61
26/07/2024 15:00;61,27;61,37;60,97;61;61,6
26/07/2024 14:00;61,36;61,39;61,1;61,29;61,59
26/07/2024 13:00;60,95;61,43;60,93;61,34;61,59
26/07/2024 12:00;60,71;61,09;60,65;60,92;61,6
26/07/2024 11:00;60,91;60,96;60,62;60,74;61,58
26/07/2024 10:00;61,13;61,18;60,86;60,91;61,56
26/07/2024 09:00;61,33;61,33;60,99;61,13;61,54
25/07/2024 17:05;61,48;61,49;61,24;61,4;61,09
25/07/2024 16:00;61,56;61,56;61,23;61,38;61,05
25/07/2024 15:00;61,98;61,99;61,1;61,55;61,01
25/07/2024 14:00;62,18;62,18;61,78;61,99;60,95
25/07/2024 13:00;62,42;62,46;61,89;62,18;60,88
25/07/2024 12:00;62,37;62,49;62,3;62,44;60,78
25/07/2024 11:00;62,29;62,43;62,22;62,37;60,68
25/07/2024 10:00;62,01;62,34;61,79;62,29;60,58
25/07/2024 09:00;61,45;62,26;61,29;62,01;60,5
24/07/2024 17:05;61,73;61,73;61,6;61,6;60,41
24/07/2024 16:00;61,71;61,73;61,62;61,67;60,32
24/07/2024 15:00;61,55;61,77;61,44;61,72;60,24
24/07/2024 14:00;61,93;61,94;61,54;61,57;60,14
24/07/2024 13:00;61,69;61,99;61,64;61,94;60,04
24/07/2024 12:00;61,37;61,77;61,37;61,69;59,93
24/07/2024 11:00;60,99;61,49;60,9;61,36;59,83
24/07/2024 10:00;61,05;61,18;60,91;60,97;59,74
24/07/2024 09:00;61,11;61,24;60,54;61,02;59,67
23/07/2024 17:05;60,89;60,98;60,81;60,94;59,59
23/07/2024 16:00;60,91;61,07;60,84;60,88;59,51
23/07/2024 15:00;60,91;60,94;60,86;60,9;59,43
23/07/2024 14:00;61,24;61,24;60,8;60,92;59,35
23/07/2024 13:00;60,88;61,29;60,88;61,24;59,27
23/07/2024 12:00;60,91;61,09;60,86;60,89;59,2
23/07/2024 11:00;61,04;61,09;60,67;60,89;59,14
23/07/2024 10:00;61,34;61,34;60,85;61,04;59,08
23/07/2024 09:00;60,28;61,39;60,02;61,33;59,04
22/07/2024 17:05;60,46;60,57;60,4;60,41;58,98
22/07/2024 16:00;60,47;60,59;60,36;60,42;58,93
22/07/2024 15:00;60,29;60,49;60,23;60,48;58,88
22/07/2024 14:00;60,02;60,29;60,02;60,28;58,84
22/07/2024 13:00;60,06;60,06;59,9;60,01;58,8
22/07/2024 12:00;60,12;60,15;60;60,05;58,75
22/07/2024 11:00;60,23;60,39;60,05;60,11;58,69
22/07/2024 10:00;59,77;60,37;59,75;60,22;58,65
22/07/2024 09:00;59,73;60,17;59,39;59,75;58,61
19/07/2024 17:05;59,13;59,48;59,1;59,26;58,58
19/07/2024 16:00;58,92;59,14;58,89;59,13;58,55
19/07/2024 15:00;59,04;59,09;58,83;58,9;58,52
19/07/2024 14:00;59,17;59,2;58,89;59,04;58,49
19/07/2024 13:00;59,21;59,42;59,05;59,18;58,46
19/07/2024 12:00;58,88;59,3;58,81;59,22;58,42
19/07/2024 11:00;58,77;59,09;58,74;58,87;58,39
19/07/2024 10:00;58,44;58,79;58,43;58,76;58,36
19/07/2024 09:00;58,29;58,59;58,09;58,44;58,64
18/07/2024 17:05;58,23;58,44;57,99;58,12;58,62
18/07/2024 16:00;58,32;58,34;58,2;58,24;58,6
18/07/2024 15:00;58,55;58,84;58,32;58,32;58,27
18/07/2024 14:00;58,56;58,72;58,45;58,56;58,24
18/07/2024 13:00;58,48;58,59;58,45;58,56;58,21
18/07/2024 12:00;58,64;58,67;58,43;58,48;58,19
18/07/2024 11:00;58,74;58,82;58,54;58,64;58,18
18/07/2024 10:00;58,86;58,96;58,59;58,73;58,17
18/07/2024 09:00;58,87;58,94;58,62;58,87;58,16
17/07/2024 17:05;59,13;59,14;58,92;58,99;58,12
17/07/2024 16:00;59,12;59,15;58,97;59;58,07
17/07/2024 15:00;58,96;59,19;58,76;59,1;58,03
17/07/2024 14:00;58,87;58,99;58,74;58,96;57,99
17/07/2024 13:00;58,87;58,89;58,76;58,87;57,95
17/07/2024 12:00;58,89;58,89;58,78;58,87;57,91
17/07/2024 11:00;58,74;58,96;58,69;58,88;57,87
17/07/2024 10:00;58,93;58,94;58,69;58,74;57,83
17/07/2024 09:00;58,53;58,99;58,49;58,87;57,8
16/07/2024 17:05;58,56;58,62;58,39;58,49;57,79
16/07/2024 16:00;58,48;58,82;58,48;58,54;57,77
16/07/2024 15:00;58,38;58,54;58,33;58,48;57,76
16/07/2024 14:00;58,13;58,54;58,11;58,36;57,76
16/07/2024 13:00;58,24;58,31;58,04;58,18;57,75
16/07/2024 12:00;58,06;58,28;58,04;58,25;57,75
16/07/2024 11:00;58,11;58,19;57,99;58,04;57,75
16/07/2024 10:00;58,17;58,39;57,95;58,09;57,75
16/07/2024 09:00;57,95;58,22;57,75;58,15;57,75
15/07/2024 17:05;57,72;57,89;57,64;57,89;58,03
15/07/2024 16:00;57,88;58,2;57,74;57,74;58,02
15/07/2024 15:00;57,56;57,93;57,55;57,88;58,03
15/07/2024 14:00;57,69;57,73;57,49;57,59;58,03
15/07/2024 13:00;57,47;57,74;57,42;57,69;58,04
15/07/2024 12:00;57,51;57,59;57,42;57,44;58,06
15/07/2024 11:00;57,7;57,7;57,34;57,5;58,07
15/07/2024 10:00;57,83;57,94;57,65;57,72;58,08
15/07/2024 09:00;58,44;58,44;57,8;57,83;57,82
12/07/2024 17:05;58,4;58,49;58,31;58,31;57,8
12/07/2024 16:00;58,37;58,48;58,27;58,29;57,78
12/07/2024 15:00;58,34;58,54;58,2;58,39;57,76
12/07/2024 14:00;57,83;58,65;57,83;58,34;57,75
12/07/2024 13:00;57,58;57,98;57,54;57,81;57,97
12/07/2024 12:00;57,57;57,6;57,53;57,57;57,98
12/07/2024 11:00;57,67;57,74;57,54;57,57;57,99
12/07/2024 10:00;57,62;57,76;57,56;57,67;58
12/07/2024 09:00;57,64;58,02;57,52;57,63;57,98
11/07/2024 17:05;57,54;57,55;57,4;57,54;57,96
11/07/2024 16:00;57,85;57,86;57,5;57,5;57,95
11/07/2024 15:00;57,95;57,99;57,77;57,85;57,66
11/07/2024 14:00;57,92;57,98;57,89;57,94;57,63
11/07/2024 13:00;58,06;58,08;57,9;57,93;57,61
11/07/2024 12:00;58,12;58,14;58,06;58,07;57,59
11/07/2024 11:00;58,16;58,18;58,09;58,11;57,57
11/07/2024 10:00;58,14;58,2;57,89;58,15;57,57
11/07/2024 09:00;58,18;58,38;58,03;58,15;57,57
10/07/2024 17:05;57,89;57,99;57,89;57,94;57,57
10/07/2024 16:00;57,93;58,04;57,89;57,94;57,58
10/07/2024 15:00;57,94;57,98;57,89;57,89;57,58
10/07/2024 14:00;57,96;58,02;57,89;57,95;57,58
10/07/2024 13:00;58,02;58,03;57,91;57,96;57,57
10/07/2024 12:00;57,8;58,09;57,78;58,01;57,57
10/07/2024 11:00;57,77;57,88;57,74;57,8;57,57
10/07/2024 10:00;57,81;57,84;57,61;57,74;57,57
10/07/2024 09:00;58,16;58,16;57,63;57,82;57,58
09/07/2024 17:05;58,04;58,16;57,87;57,89;57,57
09/07/2024 16:00;57,95;58,17;57,84;58,03;57,57
09/07/2024 15:00;57,79;57,98;57,77;57,96;57,57
09/07/2024 14:00;57,73;57,97;57,72;57,78;57,87
09/07/2024 13:00;57,85;57,93;57,66;57,73;57,87
09/07/2024 12:00;57,69;57,98;57,64;57,84;57,88
09/07/2024 11:00;57,67;57,79;57,49;57,67;57,91
09/07/2024 10:00;57,63;57,68;57,38;57,67;57,95
09/07/2024 09:00;58;58,02;57,37;57,63;57,96
08/07/2024 17:05;57,73;57,93;57,42;57,67;57,98
08/07/2024 16:00;57,41;57,88;57,38;57,88;58,01
08/07/2024 15:00;57,17;57,44;57,14;57,41;58,05
08/07/2024 14:00;56,9;57,18;56,82;57,14;58,09
08/07/2024 13:00;57,34;57,37;56,86;56,91;58,14
08/07/2024 12:00;57,4;57,44;57,29;57,34;58,21
08/07/2024 11:00;57,24;57,43;57,22;57,41;58,29
08/07/2024 10:00;57,65;57,83;57,09;57,25;58,35
08/07/2024 09:00;57,68;57,73;57,52;57,65;58,41
05/07/2024 17:05;57,84;57,99;57,64;57,99;58,45
05/07/2024 16:00;58,03;58,03;57,84;57,84;58,5
05/07/2024 15:00;58,01;58,15;57,99;58;58,53
05/07/2024 14:00;58,09;58,16;57,99;58,03;58,57
05/07/2024 13:00;58,08;58,16;58,04;58,11;58,61
05/07/2024 12:00;57,98;58,1;57,96;58,07;58,66
05/07/2024 11:00;58,09;58,16;57,9;57,97;58,68
05/07/2024 10:00;57,94;58,18;57,69;58,13;58,71
05/07/2024 09:00;57,63;58,17;57,54;57,93;58,74
04/07/2024 17:05;57,87;57,87;57,77;57,77;58,77
04/07/2024 16:00;57,83;57,89;57,75;57,87;58,8
04/07/2024 15:00;57,88;57,91;57,78;57,83;58,83
04/07/2024 14:00;57,94;57,98;57,62;57,86;58,85
04/07/2024 13:00;57,9;58,04;57,87;57,94;58,88
04/07/2024 12:00;57,83;57,94;57,81;57,87;58,93
04/07/2024 11:00;57,79;57,86;57,75;57,83;58,99
04/07/2024 10:00;57,92;57,94;57,51;57,77;59,05
04/07/2024 09:00;58,29;58,34;57,87;57,91;59,11
03/07/2024 17:05;58,54;58,59;58,49;58,59;59,17
03/07/2024 16:00;58,45;58,71;58,44;58,58;59,26
03/07/2024 15:00;58,46;58,49;58,39;58,44;59,36
03/07/2024 14:00;58,51;58,54;58,44;58,46;59,46
03/07/2024 13:00;58,59;58,64;58,49;58,53;59,55
03/07/2024 12:00;58,53;58,65;58,49;58,57;59,64
03/07/2024 11:00;58,59;58,59;58,39;58,51;59,71
03/07/2024 10:00;58,84;58,84;58,54;58,59;59,79
03/07/2024 09:00;59,29;59,42;58,77;58,82;59,83
02/07/2024 17:05;59,49;59,7;59,49;59,49;59,85
02/07/2024 16:00;59,64;59,74;59,49;59,55;59,87
02/07/2024 15:00;59,1;59,66;59,1;59,63;59,89
02/07/2024 14:00;59,23;59,23;58,99;59,1;59,92
02/07/2024 13:00;59,26;59,27;59,14;59,24;59,95
02/07/2024 12:00;59,24;59,29;59,24;59,25;59,98
02/07/2024 11:00;59,13;59,29;59,13;59,24;60,01
02/07/2024 10:00;59,27;59,4;59,1;59,12;60,03
02/07/2024 09:00;59,16;59,43;59,04;59,29;60,04
01/07/2024 17:05;58,87;58,97;58,79;58,91;60,08
01/07/2024 16:00;58,9;58,99;58,85;58,86;60,11
01/07/2024 15:00;58,79;58,98;58,78;58,9;60,14
01/07/2024 14:00;58,75;58,84;58,69;58,8;60,18
01/07/2024 13:00;58,67;58,76;58,58;58,76;60,22
01/07/2024 12:00;58,63;58,83;58,57;58,67;60,26
01/07/2024 11:00;58,45;58,73;58,39;58,59;60,3
01/07/2024 10:00;58,62;58,81;58,29;58,46;60,34
01/07/2024 09:00;59,47;59,47;58,49;58,64;60,35
28/06/2024 17:05;59,32;59,51;59,11;59,49;60,36
28/06/2024 16:00;59,75;59,88;59,25;59,26;60,37
28/06/2024 15:00;59,89;60,11;59,72;59,75;60,37
28/06/2024 14:00;60,25;60,42;59,89;59,89;60,36
28/06/2024 13:00;61,35;61,39;59,75;60,2;60,06
28/06/2024 12:00;61,41;61,52;61,3;61,38;60,01
28/06/2024 11:00;61,16;61,61;61,14;61,43;59,99
28/06/2024 10:00;60,97;61,17;60,92;61,17;59,99
28/06/2024 09:00;61,18;61,3;60,9;60,96;59,98
27/06/2024 17:05;60,82;60,89;60,62;60,72;59,97
27/06/2024 16:00;60,54;61,01;60,52;60,65;59,97
27/06/2024 15:00;60,36;60,61;60,26;60,5;59,97
27/06/2024 14:00;60,15;60,53;60,13;60,35;59,96
27/06/2024 13:00;60,1;60,17;60,06;60,14;60,22
27/06/2024 12:00;60,1;60,24;60,08;60,1;60,23
27/06/2024 11:00;60,09;60,13;60,04;60,09;60,25
27/06/2024 10:00;60,15;60,26;60,04;60,08;60,26
27/06/2024 09:00;60;60,32;59,82;60,14;60,27
26/06/2024 17:05;59,94;60,04;59,8;59,85;60,29
26/06/2024 16:00;59,74;60,01;59,7;59,94;60,33
26/06/2024 15:00;59,86;59,88;59,7;59,78;60,35
26/06/2024 14:00;59,89;59,99;59,84;59,86;60,37
26/06/2024 13:00;59,84;59,92;59,81;59,9;60,39
26/06/2024 12:00;59,84;59,99;59,84;59,85;60,42
26/06/2024 11:00;59,8;59,92;59,75;59,86;60,44
26/06/2024 10:00;59,88;60,02;59,74;59,85;60,46
26/06/2024 09:00;59,98;60,09;59,59;59,84;60,48
25/06/2024 17:05;59,75;59,87;59,7;59,7;60,5
25/06/2024 16:00;59,75;59,86;59,7;59,75;60,53
25/06/2024 15:00;59,77;59,89;59,7;59,76;60,57
25/06/2024 14:00;59,93;59,96;59,77;59,78;60,61
25/06/2024 13:00;60,03;60,03;59,77;59,94;60,66
25/06/2024 12:00;59,99;60,08;59,93;60,03;60,7
25/06/2024 11:00;59,96;60,04;59,75;60,01;60,76
25/06/2024 10:00;60,2;60,2;59,81;59,93;60,81
25/06/2024 09:00;60,1;60,39;59,99;60,18;60,85
24/06/2024 17:05;60,85;60,85;60,56;60,59;60,86
24/06/2024 16:00;60,78;60,85;60,7;60,75;60,86
24/06/2024 15:00;60,79;60,89;60,66;60,76;60,86
24/06/2024 14:00;60,61;60,82;60,53;60,79;60,86
24/06/2024 13:00;60,37;60,62;60,24;60,6;60,86
24/06/2024 12:00;60,29;60,48;60,29;60,38;60,87
24/06/2024 11:00;60,14;60,39;59,9;60,3;60,88
24/06/2024 10:00;60,55;60,73;60,11;60,13;60,88
24/06/2024 09:00;60,29;60,57;60,1;60,57;60,88
21/06/2024 17:05;60,56;60,63;60,29;60,37;60,89
21/06/2024 16:00;60,3;60,56;60,19;60,49;60,9
21/06/2024 15:00;60,45;60,56;60,11;60,29;60,91
21/06/2024 14:00;60,5;60,63;60,41;60,43;60,93
21/06/2024 13:00;60,45;61,19;60,35;60,51;60,91
21/06/2024 12:00;60,39;60,58;60,39;60,46;60,92
21/06/2024 11:00;60,54;60,54;60,33;60,41;60,92
21/06/2024 10:00;60,62;60,67;60,31;60,56;60,92
21/06/2024 09:00;60,64;60,74;60,47;60,62;60,92
20/06/2024 17:05;60,34;60,62;60,34;60,49;60,93
20/06/2024 16:00;60,33;60,54;60,31;60,49;60,93
20/06/2024 15:00;60,49;60,58;60,33;60,33;60,95
20/06/2024 14:00;60,65;60,67;60,26;60,49;60,96
20/06/2024 13:00;60,79;60,79;60,59;60,66;60,98
20/06/2024 12:00;61,09;61,1;60,79;60,79;60,66
20/06/2024 11:00;61,09;61,17;60,94;61,14;60,67
20/06/2024 10:00;61,21;61,33;60,97;61,11;60,68
20/06/2024 09:00;61,15;61,41;60,94;61,21;60,7
19/06/2024 17:05;61,53;61,64;61,39;61,39;60,71
19/06/2024 16:00;61,63;61,77;61,49;61,49;60,71
19/06/2024 15:00;61,14;61,66;61,14;61,6;60,74
19/06/2024 14:00;60,66;61,28;60,66;61,13;60,77
19/06/2024 13:00;60,66;60,73;60,54;60,66;61,14
19/06/2024 12:00;60,71;60,79;60,53;60,66;61,2
19/06/2024 11:00;60,6;60,82;60,49;60,69;61,26
19/06/2024 10:00;60,37;60,64;60,28;60,64;61,33
19/06/2024 09:00;60,6;60,86;60,33;60,37;61,39
18/06/2024 17:05;60,64;60,74;60,59;60,62;61,46
18/06/2024 16:00;60,5;60,6;60,48;60,59;61,54
18/06/2024 15:00;60,55;60,62;60,46;60,49;61,62
18/06/2024 14:00;60,65;60,79;60,52;60,57;61,7
18/06/2024 13:00;60,84;60,87;60,65;60,65;61,78
18/06/2024 12:00;60,84;60,98;60,74;60,85;61,84
18/06/2024 11:00;60,66;61,13;60,66;60,84;61,89
18/06/2024 10:00;60,69;60,76;60,55;60,65;61,96
18/06/2024 09:00;60,66;60,8;60,45;60,7;62,03
17/06/2024 17:05;60,48;60,69;60,45;60,69;62,1
17/06/2024 16:00;60,67;60,69;60,42;60,48;62,18
17/06/2024 15:00;60,52;60,69;60,48;60,67;62,26
17/06/2024 14:00;60,51;60,68;60,44;60,52;62,33
17/06/2024 13:00;60,7;60,81;60,4;60,5;62,4
17/06/2024 12:00;60,94;60,99;60,61;60,7;62,46
17/06/2024 11:00;61,07;61,11;60,8;60,96;62,52
17/06/2024 10:00;60,95;61,25;60,9;61,07;62,57
17/06/2024 09:00;60,99;61,18;60,66;60,94;62,63
14/06/2024 17:05;61,24;61,35;61,19;61,29;62,69
14/06/2024 16:00;61,63;61,66;61,11;61,13;62,73
14/06/2024 15:00;61,99;62;61,61;61,64;62,75
14/06/2024 14:00;61,75;62,01;61,64;61,95;62,76
14/06/2024 13:00;61,91;62,02;61,7;61,75;62,78
14/06/2024 12:00;61,94;62,07;61,79;61,89;62,8
14/06/2024 11:00;62,31;62,33;61,75;61,92;62,8
14/06/2024 10:00;62,12;62,35;62,05;62,29;62,8
14/06/2024 09:00;62,28;62,63;62,03;62,13;62,8
13/06/2024 17:05;62,44;62,68;62,22;62,68;62,42
13/06/2024 16:00;62,55;62,59;62,48;62,48;62,41
13/06/2024 15:00;62,51;62,62;62,5;62,53;62,38
13/06/2024 14:00;62,94;62,94;62,39;62,51;62,36
13/06/2024 13:00;62,77;62,99;62,54;62,94;62,32
13/06/2024 12:00;62,96;62,99;62,75;62,76;62,25
13/06/2024 11:00;63,06;63,06;62,89;62,98;62,19
13/06/2024 10:00;62,57;63,33;62,57;63,04;62,13
13/06/2024 09:00;62,63;62,73;62,38;62,55;62,08
12/06/2024 17:05;62,69;62,76;62,59;62,62;62,02
12/06/2024 16:00;62,87;62,9;62,67;62,69;61,95
12/06/2024 15:00;62,78;62,91;62,59;62,85;61,89
12/06/2024 14:00;62,73;62,89;62,49;62,78;61,82
12/06/2024 13:00;62,97;62,99;62;62,72;61,78
12/06/2024 12:00;62,85;62,99;62,74;62,98;61,71
12/06/2024 11:00;62,8;62,97;62,77;62,83;61,65
12/06/2024 10:00;62,66;62,83;62,19;62,78;61,62
12/06/2024 09:00;62,69;62,85;62,59;62,62;61,58
11/06/2024 17:05;62,68;62,78;62,6;62,64;61,53
11/06/2024 16:00;62,84;62,87;62,6;62,65;61,49
11/06/2024 15:00;62,8;62,94;62,69;62,83;61,45
11/06/2024 14:00;62,72;63,15;62,64;62,82;61,39
11/06/2024 13:00;62,37;62,84;62,17;62,73;61,34
11/06/2024 12:00;62,21;62,47;62,17;62,36;61,28
11/06/2024 11:00;62,37;62,53;62,11;62,2;61,21
11/06/2024 10:00;62,15;62,36;61,98;62,36;61,15
11/06/2024 09:00;62,31;62,7;62,07;62,17;61,08
10/06/2024 17:05;62,44;62,44;62,21;62,37;61,02
10/06/2024 16:00;62,43;62,49;62,27;62,44;60,95
10/06/2024 15:00;62,22;62,43;62,11;62,43;60,88
10/06/2024 14:00;62,26;62,28;62,05;62,21;60,82
10/06/2024 13:00;62,34;62,63;61,98;62,26;60,76
10/06/2024 12:00;61,68;62,49;61,68;62,39;60,7
10/06/2024 11:00;61,82;61,95;61,67;61,67;60,66
10/06/2024 10:00;61,45;61,88;61,44;61,8;60,61
10/06/2024 09:00;61,09;61,56;60,7;61,42;60,6
07/06/2024 17:05;61,17;61,32;61,09;61,09;60,56
07/06/2024 16:00;60,96;61,26;60,84;61,12;60,54
07/06/2024 15:00;60,94;61,03;60,84;60,96;60,52
07/06/2024 14:00;60,65;61,09;60,6;60,96;60,51
07/06/2024 13:00;60,74;60,74;60,64;60,64;60,49
07/06/2024 12:00;60,97;60,98;60,69;60,76;60,47
07/06/2024 11:00;60,7;61,04;60,65;60,96;60,47
07/06/2024 10:00;61,07;61,07;60,59;60,69;60,46
07/06/2024 09:00;60,99;61,19;60,69;61,07;60,46
06/06/2024 17:05;61,28;61,37;61,11;61,29;60,44
06/06/2024 16:00;61,32;61,45;61,31;61,33;60,41
06/06/2024 15:00;61,26;61,53;61,26;61,32;60,39
06/06/2024 14:00;61,44;61,6;61,2;61,32;60,38
06/06/2024 13:00;61,53;61,61;61,29;61,47;60,38
06/06/2024 12:00;61,73;61,88;61,5;61,52;60,37
06/06/2024 11:00;61;61,98;60,94;61,71;60,39
06/06/2024 10:00;60,58;61,04;60,45;60,99;60,42
06/06/2024 09:00;60,77;61,13;60,43;60,56;60,72
05/06/2024 17:05;60,14;60,55;60,11;60,31;60,76
05/06/2024 16:00;60,19;60,24;60,09;60,19;60,82
05/06/2024 15:00;60,24;60,48;60,14;60,19;60,86
05/06/2024 14:00;60,2;60,47;60,19;60,24;60,91
05/06/2024 13:00;60,19;60,24;60,14;60,2;60,98
05/06/2024 12:00;60,29;60,29;60,16;60,19;61,04
05/06/2024 11:00;60,18;60,43;60,14;60,28;61,1
05/06/2024 10:00;60,19;60,26;60,14;60,17;61,15
05/06/2024 09:00;60,15;60,34;60,14;60,2;61,2
04/06/2024 17:05;60,33;60,38;60,23;60,34;61,26
04/06/2024 16:00;60,29;60,36;60,14;60,34;61,32
04/06/2024 15:00;60,37;60,49;60,26;60,3;61,38
04/06/2024 14:00;60,06;60,56;60,03;60,36;61,45
04/06/2024 13:00;60,26;60,36;60,04;60,06;61,54
04/06/2024 12:00;60,61;60,79;60,25;60,26;61,58
04/06/2024 11:00;60,36;60,65;60,31;60,61;61,63
04/06/2024 10:00;60,19;60,37;60,18;60,36;61,7
04/06/2024 09:00;60,44;60,51;60,16;60,21;61,78
03/06/2024 17:05;60,59;60,79;60,54;60,63;61,85
03/06/2024 16:00;60,52;60,57;60,42;60,49;61,94
03/06/2024 15:00;60,65;60,68;60,49;60,51;62,02
03/06/2024 14:00;60,64;60,67;60,49;60,62;62,11
03/06/2024 13:00;60,71;60,86;60,58;60,64;62,19
03/06/2024 12:00;61;61;60,66;60,7;62,27
03/06/2024 11:00;61,37;61,41;60,89;61;62,35
03/06/2024 10:00;61,32;61,47;61,24;61,36;62,41
03/06/2024 09:00;61,5;61,72;61,21;61,32;62,46
31/05/2024 17:05;61,54;61,65;61,46;61,46;62,51
31/05/2024 16:00;61,49;61,53;61,39;61,45;62,56
31/05/2024 15:00;61,65;61,68;61,49;61,49;62,6
31/05/2024 14:00;61,74;61,74;61,59;61,64;62,65
31/05/2024 13:00;61,8;61,82;61,69;61,74;62,68
31/05/2024 12:00;61,79;61,86;61,59;61,8;62,73
31/05/2024 11:00;61,89;62,03;61,79;61,79;62,76
31/05/2024 10:00;62,09;62,19;61,75;61,89;62,78
31/05/2024 09:00;61,87;62,22;61,56;62,07;62,8
29/05/2024 17:05;61,82;62,03;61,8;61,86;62,83
29/05/2024 16:00;61,76;61,85;61,72;61,8;62,86
29/05/2024 15:00;61,73;61,87;61,71;61,77;62,89
29/05/2024 14:00;61,91;62,17;61,69;61,74;62,91
29/05/2024 13:00;62,05;62,11;61,85;61,93;62,94
29/05/2024 12:00;62,26;62,34;62,01;62,05;62,96
29/05/2024 11:00;62,3;62,72;62,14;62,28;62,96
29/05/2024 10:00;62,02;62,86;61,82;62,32;62,96
29/05/2024 09:00;61,99;62,09;61,8;62,02;62,99
28/05/2024 17:05;62,21;62,24;62,01;62,04;63,02
28/05/2024 16:00;62,32;62,32;62,12;62,19;63,05
28/05/2024 15:00;62,9;62,91;62,3;62,35;63,06
28/05/2024 14:00;62,92;63,03;62,82;62,91;62,86
28/05/2024 13:00;63,05;63,09;62,89;62,92;62,85
28/05/2024 12:00;63,18;63,18;62,99;63,05;62,85
28/05/2024 11:00;63,14;63,25;63,05;63,17;62,85
28/05/2024 10:00;63,27;63,29;62,92;63,13;62,85
28/05/2024 09:00;63,44;63,61;63,22;63,26;62,84
27/05/2024 17:05;63,61;63,61;63,39;63,46;62,83
27/05/2024 16:00;63,15;63,47;63,15;63,44;62,81
27/05/2024 15:00;63,01;63,17;63;63,14;62,8
27/05/2024 14:00;63;63,03;62,95;62,97;63,02
27/05/2024 13:00;62,99;63,09;62,93;63;63,03
27/05/2024 12:00;62,97;62,99;62,95;62,99;63,04
27/05/2024 11:00;62,94;62,99;62,92;62,94;63,05
27/05/2024 10:00;62,97;62,99;62,87;62,94;63,05
27/05/2024 09:00;62,73;63,16;62,62;62,96;63,05
24/05/2024 17:05;62,81;62,98;62,71;62,91;63,05
24/05/2024 16:00;62,69;62,81;62,59;62,81;63,05
24/05/2024 15:00;62,7;62,76;62,62;62,69;63,05
24/05/2024 14:00;62,75;62,95;62,69;62,69;63,05
24/05/2024 13:00;62,76;62,81;62,72;62,77;63,05
24/05/2024 12:00;62,69;62,79;62,66;62,77;63,06
24/05/2024 11:00;62,72;62,78;62,63;62,69;63,07
24/05/2024 10:00;62,87;62,88;62,63;62,73;63,08
24/05/2024 09:00;62,71;62,89;62,69;62,88;63,08
23/05/2024 17:05;62,74;62,79;62,56;62,61;63,09
23/05/2024 16:00;62,95;62,98;62,71;62,71;63,09
23/05/2024 15:00;63,07;63,08;62,93;62,95;62,77
23/05/2024 14:00;63,08;63,09;63,02;63,08;62,75
23/05/2024 13:00;63,06;63,12;62,95;63,06;62,72
23/05/2024 12:00;62,96;63,14;62,93;63,06;62,69
23/05/2024 11:00;62,94;63,13;62,91;62,96;62,64
23/05/2024 10:00;62,84;62,94;62,71;62,92;62,6
23/05/2024 09:00;62,9;63,22;62,8;62,8;62,56
22/05/2024 17:05;63,1;63,19;63,05;63,16;62,51
22/05/2024 16:00;63,14;63,18;63,04;63,12;62,47
22/05/2024 15:00;63,01;63,16;62,99;63,14;62,43
22/05/2024 14:00;63,02;63,13;62,99;63,01;62,38
22/05/2024 13:00;63,06;63,08;62,47;63,02;62,35
22/05/2024 12:00;63,19;63,23;62,92;63,06;62,3
22/05/2024 11:00;63,15;63,25;63,08;63,16;62,26
22/05/2024 10:00;63,31;63,48;63,15;63,18;62,22
22/05/2024 09:00;62,74;63,39;62,65;63,31;62,2
21/05/2024 17:05;62,94;63,06;62,94;62,97;62,17
21/05/2024 16:00;63,07;63,12;62,83;62,89;62,14
21/05/2024 15:00;62,79;63,09;62,74;63,09;62,13
21/05/2024 14:00;62,69;62,99;62,65;62,77;62,13
21/05/2024 13:00;62,46;62,95;62,39;62,66;62,14
21/05/2024 12:00;62,43;62,67;62,36;62,48;62,17
21/05/2024 11:00;62,75;62,84;62,43;62,43;62,19
21/05/2024 10:00;62,83;62,89;62,54;62,76;62,21
21/05/2024 09:00;62,99;63,06;62,7;62,81;62,23
20/05/2024 17:05;63,07;63,12;62,89;62,94;62,24
20/05/2024 16:00;62,89;63,15;62,86;63,07;62,25
20/05/2024 15:00;63;63,05;62,81;62,88;62,25
20/05/2024 14:00;62,69;63,11;62,64;63;62,26
20/05/2024 13:00;62,43;62,89;62,38;62,67;62,29
20/05/2024 12:00;62,37;62,48;62,34;62,43;62,63
20/05/2024 11:00;62,39;62,49;62,33;62,34;62,65
20/05/2024 10:00;62,24;62,65;62,24;62,39;62,67
20/05/2024 09:00;61,93;62,35;61,84;62,22;62,7
17/05/2024 17:05;61,49;61,79;61,49;61,62;62,75
17/05/2024 16:00;61,61;61,69;61,59;61,65;62,8
17/05/2024 15:00;61,76;61,77;61,59;61,6;62,86
17/05/2024 14:00;61,75;61,79;61,6;61,74;62,9
17/05/2024 13:00;61,84;61,89;61,74;61,74;62,95
17/05/2024 12:00;61,75;61,91;61,65;61,84;63,02
17/05/2024 11:00;61,92;61,93;61,59;61,76;63,07
17/05/2024 10:00;61,7;62,11;61,64;61,94;63,11
17/05/2024 09:00;62,19;62,19;61,29;61,69;63,15
16/05/2024 17:05;62;62,14;61,91;62,14;63,2
16/05/2024 16:00;62,31;62,39;62,07;62,09;63,24
16/05/2024 15:00;62,31;62,39;62,13;62,28;63,26
16/05/2024 14:00;62,19;62,43;62,05;62,32;63,28
16/05/2024 13:00;62,44;62,45;61,89;62,19;63,29
16/05/2024 12:00;62,62;62,65;62,4;62,49;63,29
16/05/2024 11:00;62,96;63,12;62,53;62,64;63,28
16/05/2024 10:00;63,34;63,44;62,9;62,98;62,97
16/05/2024 09:00;63,38;63,55;63,15;63,34;62,94
15/05/2024 17:05;63,11;63,19;63,11;63,17;62,92
15/05/2024 16:00;63,29;63,32;63,07;63,19;62,89
15/05/2024 15:00;63,31;63,33;63,22;63,29;62,85
15/05/2024 14:00;63,24;63,36;63,16;63,29;62,82
15/05/2024 13:00;63,23;63,24;63,14;63,24;62,79
15/05/2024 12:00;63,11;63,26;62,99;63,24;62,76
15/05/2024 11:00;63,28;63,31;62,91;63,09;62,74
15/05/2024 10:00;63,22;63,38;63,17;63,27;62,7
15/05/2024 09:00;63,08;63,35;63,01;63,22;62,67
14/05/2024 17:05;62,96;63,11;62,73;63,04;62,65
14/05/2024 16:00;63,19;63,29;63;63,08;62,63
14/05/2024 15:00;63,24;63,24;63,08;63,19;62,59
14/05/2024 14:00;63,27;63,29;63,19;63,23;62,56
14/05/2024 13:00;63,33;63,38;63,17;63,27;62,52
14/05/2024 12:00;62,93;63,38;62,83;63,35;62,49
14/05/2024 11:00;63,11;63,15;62,89;62,94;62,44
14/05/2024 10:00;63,2;63,35;63,11;63,13;62,38
14/05/2024 09:00;63,47;63,83;63,05;63,2;62,33
13/05/2024 17:05;63,41;63,49;63,29;63,49;62,28
13/05/2024 16:00;63,35;63,49;63,26;63,44;62,23
13/05/2024 15:00;63,33;63,37;63,28;63,34;62,16
13/05/2024 14:00;63,34;63,44;63,25;63,36;62,09
13/05/2024 13:00;62,99;63,61;62,97;63,35;62,04
13/05/2024 12:00;62,85;62,99;62,83;62,99;61,99
13/05/2024 11:00;62,82;62,99;62,82;62,83;61,96
13/05/2024 10:00;62,72;62,83;62,67;62,81;61,93
13/05/2024 09:00;62,79;62,84;62,35;62,71;61,92
10/05/2024 17:05;62,55;62,55;62,19;62,19;61,91
10/05/2024 16:00;62,47;62,57;62,14;62,34;61,92
10/05/2024 15:00;62,55;62,62;62,33;62,47;61,91
10/05/2024 14:00;62,71;62,78;62,55;62,56;61,9
10/05/2024 13:00;62,24;62,8;62,19;62,71;61,89
10/05/2024 12:00;62,27;62,33;62,16;62,23;61,86
10/05/2024 11:00;62,37;62,38;62;62,25;61,84
10/05/2024 10:00;62,46;62,52;62,29;62,35;61,82
10/05/2024 09:00;62,34;62,75;62,11;62,46;61,79
09/05/2024 17:05;62,36;62,38;62,23;62,34;61,75
09/05/2024 16:00;62,18;62,34;62,05;62,33;61,72
09/05/2024 15:00;62,31;62,36;62,16;62,18;61,68
09/05/2024 14:00;62,38;62,44;62,26;62,31;61,63
09/05/2024 13:00;62,19;62,41;62,18;62,38;61,57
09/05/2024 12:00;62,14;62,19;62,08;62,19;61,51
09/05/2024 11:00;62,22;62,31;62,07;62,14;61,44
09/05/2024 10:00;62,23;62,49;62,14;62,22;61,36
09/05/2024 09:00;61,94;62,44;61,75;62,22;61,3
08/05/2024 17:05;61,69;61,69;61,39;61,59;61,26
08/05/2024 16:00;61,62;61,99;61,56;61,69;61,21
08/05/2024 15:00;61,99;61,99;61,46;61,62;61,15
08/05/2024 14:00;62,13;62,14;61,74;61,99;61,1
08/05/2024 13:00;61,82;62,88;61,81;62,13;61,04
08/05/2024 12:00;61,37;61,89;61,23;61,81;60,99
08/05/2024 11:00;61,56;61,68;61,2;61,34;60,96
08/05/2024 10:00;61,7;61,7;61,31;61,57;60,92
08/05/2024 09:00;61,7;61,87;61,42;61,71;60,86
07/05/2024 17:05;61,89;62,04;61,75;61,93;60,79
07/05/2024 16:00;62;62,14;61,81;61,99;60,72
07/05/2024 15:00;62,31;62,37;62;62;60,64
07/05/2024 14:00;62,48;62,49;62,1;62,31;60,55
07/05/2024 13:00;62,28;62,56;62,27;62,48;60,45
07/05/2024 12:00;62,18;62,29;62,16;62,27;60,37
07/05/2024 11:00;62,18;62,28;62,15;62,18;60,28
07/05/2024 10:00;62,18;62,22;61,93;62,17;60,2
07/05/2024 09:00;61,66;62,36;61,23;62,19;60,15
06/05/2024 17:05;61,56;61,88;61,56;61,84;60,09
06/05/2024 16:00;61,67;61,69;61,43;61,56;60,02
06/05/2024 15:00;61,21;61,71;61,19;61,66;59,97
06/05/2024 14:00;61,2;61,26;61,14;61,2;59,93
06/05/2024 13:00;61,14;61,33;61,11;61,22;59,88
06/05/2024 12:00;61,07;61,23;60,95;61,16;59,83
06/05/2024 11:00;61,11;61,67;60,99;61,08;59,78
06/05/2024 10:00;60,34;61,14;60,34;61,1;59,74
06/05/2024 09:00;60,59;60,59;60,24;60,35;59,71
03/05/2024 17:05;60,04;60,09;59,82;60,09;59,69
03/05/2024 16:00;59,99;60,09;59,95;60,03;59,67
03/05/2024 15:00;60,05;60,08;59,9;60;59,64
03/05/2024 14:00;60,08;60,22;60,06;60,06;59,61
03/05/2024 13:00;60,04;60,14;59,97;60,08;59,58
03/05/2024 12:00;60,1;60,14;59,95;60,05;59,55
03/05/2024 11:00;60,18;60,23;60,04;60,08;59,52
03/05/2024 10:00;60,05;60,29;59,99;60,13;59,48
03/05/2024 09:00;60,58;60,59;59,94;60,06;59,45
02/05/2024 17:05;60,21;60,52;60,14;60,29;59,41
02/05/2024 16:00;60,41;60,58;59,99;60,09;59,38
02/05/2024 15:00;59,84;60,4;59,84;60,4;59,35
02/05/2024 14:00;59,75;59,88;59,69;59,82;59,32
02/05/2024 13:00;59,57;59,75;59,56;59,74;59,3
02/05/2024 12:00;59,67;59,73;59,55;59,59;59,28
02/05/2024 11:00;59,54;59,79;59,49;59,66;59,28
02/05/2024 10:00;59,86;59,92;59,39;59,54;59,28
02/05/2024 09:00;59,79;59,99;59,5;59,89;59,28
30/04/2024 17:05;59,54;59,63;59,54;59,55;59,27
30/04/2024 16:00;59,88;59,93;59,49;59,49;59,26
30/04/2024 15:00;59,78;59,89;59,77;59,89;59,23
30/04/2024 14:00;59,72;59,78;59,7;59,78;59,21
30/04/2024 13:00;59,8;59,82;59,54;59,74;59,2
30/04/2024 12:00;59,81;59,85;59,71;59,79;59,17
30/04/2024 11:00;59,87;59,95;59,78;59,82;59,15
30/04/2024 10:00;59,65;59,92;59,65;59,87;59,12
30/04/2024 09:00;59,59;59,9;59,5;59,68;59,11
29/04/2024 17:05;59,59;59,73;59,44;59,59;59,1
29/04/2024 16:00;59,38;59,49;59,22;59,49;59,1
29/04/2024 15:00;59,31;59,38;59,29;59,38;59,09
29/04/2024 14:00;59,24;59,35;59,24;59,29;59,09
29/04/2024 13:00;59,28;59,34;59,19;59,24;59,09
29/04/2024 12:00;59,25;59,37;59,19;59,32;59,08
29/04/2024 11:00;59,23;59,46;59,11;59,29;59,06
29/04/2024 10:00;59,24;59,38;59,1;59,19;59,26
29/04/2024 09:00;59,07;59,34;59,02;59,24;59,26
26/04/2024 17:05;59;59,07;58,96;59,01;59,27
26/04/2024 16:00;59,01;59,2;58,94;59,07;59,26
26/04/2024 15:00;59,02;59,09;58,99;59,02;59,27
26/04/2024 14:00;59,01;59,11;58,99;59,02;59,27
26/04/2024 13:00;59,02;59,04;58,96;58,99;59,27
26/04/2024 12:00;58,97;59,04;58,93;59,02;59,28
26/04/2024 11:00;59,04;59,08;58,89;58,98;59,28
26/04/2024 10:00;59,12;59,17;59;59,04;59,29
26/04/2024 09:00;59,74;59,74;58,94;59,12;59,07
25/04/2024 17:05;59,58;59,84;59,54;59,69;59,05
25/04/2024 16:00;59,56;59,64;59,46;59,58;59,03
25/04/2024 15:00;59,45;59,76;59,4;59,55;59,02
25/04/2024 14:00;59,16;59,47;59,16;59,44;59,02
25/04/2024 13:00;59,13;59,19;59,11;59,14;59,22
25/04/2024 12:00;59,13;59,19;59,11;59,14;59,23
25/04/2024 11:00;59,21;59,46;59,11;59,11;59,23
25/04/2024 10:00;59,06;59,23;59,04;59,22;59,23
25/04/2024 09:00;58,98;59,12;58,98;59,06;59,24
24/04/2024 17:05;58,97;59,09;58,97;59,07;59,24
24/04/2024 16:00;59,17;59,17;58,97;59,07;59,25
24/04/2024 15:00;59,2;59,22;59,08;59,15;59,25
24/04/2024 14:00;59,22;59,26;59,18;59,19;59,26
24/04/2024 13:00;59,21;59,24;59,16;59,22;59,27
24/04/2024 12:00;59,21;59,31;59,18;59,21;59,29
24/04/2024 11:00;59,18;59,27;59,17;59,2;59,29
24/04/2024 10:00;59,05;59,22;59,05;59,18;59,29
24/04/2024 09:00;58,85;59,09;58,83;59,09;59,29
23/04/2024 17:05;58,88;59,01;58,76;58,97;59,31
23/04/2024 16:00;59,11;59,19;58,91;58,95;59,31
23/04/2024 15:00;59,12;59,22;59,09;59,11;59,32
23/04/2024 14:00;59,16;59,31;59,1;59,13;59,32
23/04/2024 13:00;59,06;59,19;58,94;59,16;59,32
23/04/2024 12:00;59,07;59,16;59;59,07;59,33
23/04/2024 11:00;58,99;59,11;58,94;59,08;59,35
23/04/2024 10:00;58,93;59,22;58,91;58,99;59,36
23/04/2024 09:00;59,27;59,27;58,82;58,95;59,39
22/04/2024 17:05;59,02;59,14;59,02;59,1;59,42
22/04/2024 16:00;59,25;59,31;59,03;59,03;59,45
22/04/2024 15:00;59,05;59,29;59,03;59,26;59,46
22/04/2024 14:00;59,03;59,03;58,97;59,02;59,48
22/04/2024 13:00;59,09;59,11;58,91;59,02;59,5
22/04/2024 12:00;59,25;59,26;58,97;59,07;59,55
22/04/2024 11:00;59,34;59,51;59,17;59,22;59,57
22/04/2024 10:00;59,27;59,38;59,07;59,35;59,61
22/04/2024 09:00;59,29;59,54;59,04;59,26;59,64
19/04/2024 17:05;59,17;59,3;59,07;59,3;59,68
19/04/2024 16:00;59,14;59,45;59,13;59,23;59,73
19/04/2024 15:00;59,13;59,3;59,05;59,12;59,78
19/04/2024 14:00;59,19;59,19;58,95;59,12;59,84
19/04/2024 13:00;59,22;59,27;59,04;59,19;59,9
19/04/2024 12:00;59,25;59,36;59,22;59,22;59,95
19/04/2024 11:00;59,38;59,41;59,14;59,23;59,96
19/04/2024 10:00;59,18;59,57;59,14;59,34;59,98
19/04/2024 09:00;59,67;59,91;59,12;59,19;59,97
18/04/2024 17:05;59,11;59,29;59,07;59,29;59,98
18/04/2024 16:00;59,15;59,18;59,03;59,15;59,98
18/04/2024 15:00;59,17;59,27;59,02;59,15;59,98
18/04/2024 14:00;59,31;59,54;59,12;59,17;59,98
18/04/2024 13:00;59,26;59,32;59,19;59,3;59,99
18/04/2024 12:00;59,23;59,32;59,22;59,24;60
18/04/2024 11:00;59,24;59,32;59,19;59,25;59,98
18/04/2024 10:00;59,31;59,31;59,07;59,27;59,96
18/04/2024 09:00;59,32;59,43;58,93;59,33;59,95
17/04/2024 17:05;59,42;59,63;59,19;59,63;59,94
17/04/2024 16:00;59,51;59,61;59,32;59,43;59,94
17/04/2024 15:00;60,04;60,04;59,22;59,48;59,44
17/04/2024 14:00;59,98;60,19;59,85;60,04;59,42
17/04/2024 13:00;59,54;60,04;59,48;60;59,39
17/04/2024 12:00;59,64;59,64;59,46;59,53;59,34
17/04/2024 11:00;59,54;59,72;59,45;59,66;59,29
17/04/2024 10:00;59,53;59,76;59,33;59,54;59,25
17/04/2024 09:00;60,37;60,57;59,12;59,52;59,23
16/04/2024 17:05;60,18;60,26;60,05;60,18;59,16
16/04/2024 16:00;60,32;60,39;59,96;60,22;59,11
16/04/2024 15:00;60,44;60,47;60,07;60,34;59,06
16/04/2024 14:00;60,25;60,67;60,24;60,46;59,02
16/04/2024 13:00;60,79;60,85;60,14;60,29;58,98
16/04/2024 12:00;60,62;60,85;60,59;60,78;58,92
16/04/2024 11:00;60,84;60,86;60,6;60,6;58,86
16/04/2024 10:00;60,69;61,12;60,5;60,86;58,81
16/04/2024 09:00;59,73;60,86;59,73;60,66;58,79
15/04/2024 17:05;59,88;59,88;59,63;59,86;58,75
15/04/2024 16:00;59,52;59,93;59,48;59,78;58,7
15/04/2024 15:00;59,43;59,61;59,38;59,55;58,66
15/04/2024 14:00;59,16;59,61;59,11;59,43;58,63
15/04/2024 13:00;59,22;59,34;59,07;59,14;58,6
15/04/2024 12:00;59,2;59,36;59,18;59,22;58,55
15/04/2024 11:00;59,29;59,38;59,18;59,18;58,52
15/04/2024 10:00;59,4;59,53;59,17;59,34;58,48
15/04/2024 09:00;58,51;59,63;58,31;59,4;58,47
12/04/2024 17:05;58,71;58,81;58,52;58,81;58,46
12/04/2024 16:00;58,57;58,71;58,41;58,7;58,46
12/04/2024 15:00;58,95;59,11;58,39;58,56;58,46
12/04/2024 14:00;59,25;59,38;58,88;58,94;58,44
12/04/2024 13:00;59,45;59,66;58,82;59,22;58,42
12/04/2024 12:00;59,87;60,35;58,95;59,48;58,41
12/04/2024 11:00;59,28;60,97;59,26;59,94;58,41
12/04/2024 10:00;58,71;59,32;58,65;59,29;58,42
12/04/2024 09:00;58,16;59,13;58;58,78;58,91
11/04/2024 17:05;58,35;58,35;57,96;58,16;58,97
11/04/2024 16:00;58,45;58,47;58,26;58,38;59,03
11/04/2024 15:00;58,34;58,51;58,25;58,43;59,1
11/04/2024 14:00;58,71;58,74;58,1;58,33;59,15
11/04/2024 13:00;58,74;59,07;58,51;58,64;59,19
11/04/2024 12:00;59;59;58,6;58,74;59,23
11/04/2024 11:00;59,39;59,43;58,82;58,98;58,89
11/04/2024 10:00;59,16;59,42;59;59,38;58,93
11/04/2024 09:00;58,89;59,27;58,88;59,11;59,34
10/04/2024 17:05;58,88;59,12;58,88;59,11;59,38
10/04/2024 16:00;59,27;59,34;58,89;59,02;59,42
10/04/2024 15:00;59,19;59,47;59,04;59,25;59,47
10/04/2024 14:00;58,45;59,53;58,45;59,19;59,51
10/04/2024 13:00;58,24;58,8;58,16;58,42;59,59
10/04/2024 12:00;58,21;58,33;58,2;58,23;59,68
10/04/2024 11:00;58,2;58,3;58,19;58,2;59,76
10/04/2024 10:00;58,23;58,49;58,05;58,21;59,84
10/04/2024 09:00;58,26;58,29;57,79;58,19;59,92
09/04/2024 17:05;58,24;58,35;58,1;58,15;60,01
09/04/2024 16:00;58,27;58,33;58,12;58,29;60,09
09/04/2024 15:00;58,12;58,3;58,07;58,28;60,18
09/04/2024 14:00;58,67;58,67;57,99;58,11;60,24
09/04/2024 13:00;58,61;58,75;58,51;58,64;60,3
09/04/2024 12:00;58,42;58,77;58,4;58,61;60,36
09/04/2024 11:00;58,37;58,66;58,25;58,41;60,42
09/04/2024 10:00;58,72;58,86;58,17;58,36;60,47
09/04/2024 09:00;59,11;59,12;58,65;58,76;60,51
08/04/2024 17:05;59,22;59,4;59,22;59,26;60,54
08/04/2024 16:00;59,93;59,93;59,11;59,29;60,56
08/04/2024 15:00;60,22;60,22;59,89;59,9;60,56
08/04/2024 14:00;60,22;60,26;60,09;60,19;60,57
08/04/2024 13:00;60,25;60,32;60,18;60,24;60,58
08/04/2024 12:00;60,25;60,34;60,19;60,25;60,59
08/04/2024 11:00;60,2;60,3;60,08;60,24;60,6
08/04/2024 10:00;60,2;60,35;60,14;60,23;60,6
08/04/2024 09:00;60,09;60,26;59,85;60,24;60,6
05/04/2024 17:05;60,31;60,47;60,19;60,47;60,61
05/04/2024 16:00;60,25;60,42;60,19;60,35;60,61
05/04/2024 15:00;60,05;60,43;60,04;60,25;60,62
05/04/2024 14:00;60,4;60,42;59,9;60,06;60,63
05/04/2024 13:00;60,45;60,58;60,25;60,45;60,31
05/04/2024 12:00;60,74;60,8;60,41;60,45;60,31
05/04/2024 11:00;60,79;60,9;60,7;60,76;60,32
05/04/2024 10:00;60,79;60,94;60,69;60,76;60,32
05/04/2024 09:00;60,58;61,06;60,51;60,78;60,34
04/04/2024 17:05;60,7;60,79;60,25;60,45;60,36
04/04/2024 16:00;60,79;60,85;60,68;60,76;60,38
04/04/2024 15:00;60,75;60,8;60,59;60,76;60,4
04/04/2024 14:00;60,85;60,96;60,56;60,74;60,42
04/04/2024 13:00;60,75;60,9;60,65;60,85;60,42
04/04/2024 12:00;60,41;60,93;60,41;60,77;60,86
04/04/2024 11:00;60,42;60,47;60,31;60,4;60,9
04/04/2024 10:00;60,34;60,65;60,24;60,42;60,94
04/04/2024 09:00;60,49;60,55;60,14;60,35;60,99
03/04/2024 17:05;60,17;60,4;60,09;60,31;61,05
03/04/2024 16:00;60,08;60,35;60,06;60,24;61,11
03/04/2024 15:00;60,12;60,18;60,05;60,08;61,14
03/04/2024 14:00;60,35;60,4;60,04;60,08;61,17
03/04/2024 13:00;60,24;60,37;60,04;60,37;61,2
03/04/2024 12:00;60,41;60,5;60,23;60,3;61,23
03/04/2024 11:00;60,5;60,55;60,32;60,43;61,25
03/04/2024 10:00;59,87;60,5;59,78;60,5;61,27
03/04/2024 09:00;60,76;60,76;59,73;59,94;61,29
02/04/2024 17:05;60,32;60,43;60,24;60,3;61,32
02/04/2024 16:00;60,19;60,35;60,16;60,3;61,36
02/04/2024 15:00;60,24;60,4;60,06;60,18;61,4
02/04/2024 14:00;60,52;60,55;60,18;60,24;61,44
02/04/2024 13:00;60,46;60,62;60,38;60,52;61,48
02/04/2024 12:00;60,5;60,59;60,44;60,47;61,5
02/04/2024 11:00;60,8;60,8;60,48;60,51;61,52
02/04/2024 10:00;60,98;61,04;60,7;60,76;61,53
02/04/2024 09:00;61,22;61,22;60,66;60,93;61,55
01/04/2024 17:05;61,01;61,04;60,86;60,94;61,6
01/04/2024 16:00;61,07;61,11;60,86;60,86;61,65
01/04/2024 15:00;61,26;61,3;60,87;61,07;61,69
01/04/2024 14:00;61,29;61,42;61,07;61,32;61,22
01/04/2024 13:00;61,43;61,54;61,06;61,3;61,26
01/04/2024 12:00;61,44;61,55;61,38;61,43;61,28
01/04/2024 11:00;61,46;61,83;61,2;61,43;61,32
01/04/2024 10:00;61,99;62,03;60,45;61,5;61,39
01/04/2024 09:00;61,68;62,32;61,41;62,07;61,42
28/03/2024 17:05;61,56;61,74;61,56;61,68;61,91
28/03/2024 16:00;61,63;61,85;61,57;61,68;61,94
28/03/2024 15:00;61,68;61,94;61,46;61,6;61,95
28/03/2024 14:00;61,91;62,18;61,26;61,68;61,96
28/03/2024 13:00;61,11;62,14;61,11;61,92;61,95
28/03/2024 12:00;61,04;61,21;60,96;60,99;61,97
28/03/2024 11:00;60,96;61,15;60,93;61,01;61,99
28/03/2024 10:00;61,23;61,3;60,92;60,96;62
28/03/2024 09:00;61,05;61,37;60,78;61,23;62,01
27/03/2024 17:05;61,02;61,32;60,88;61,06;62,02
27/03/2024 16:00;61,07;61,14;60,86;61,06;62,03
27/03/2024 15:00;61,23;61,24;60,81;61,07;62,03
27/03/2024 14:00;61,25;61,35;61,21;61,25;62,04
27/03/2024 13:00;61,31;61,36;61,19;61,27;62,05
27/03/2024 12:00;61,65;61,7;61,26;61,33;62,04
27/03/2024 11:00;61,59;61,88;61,47;61,6;62,04
27/03/2024 10:00;60,66;61,75;60,58;61,62;62,05
27/03/2024 09:00;60,86;61,09;60,35;60,71;62,08
26/03/2024 17:05;61,19;61,46;61,09;61,18;62,1
26/03/2024 16:00;61,42;61,51;61,17;61,19;62,11
26/03/2024 15:00;61,7;61,75;61,22;61,42;62,12
26/03/2024 14:00;62,45;62,48;61,37;61,7;62,11
26/03/2024 13:00;62,45;62,52;62,32;62,5;61,76
26/03/2024 12:00;62,52;62,65;62,46;62,49;61,74
26/03/2024 11:00;62,46;62,65;62,44;62,56;61,71
26/03/2024 10:00;62,24;62,63;62,11;62,46;61,71
26/03/2024 09:00;62,56;63;61,99;62,29;61,7
25/03/2024 17:05;62,7;62,85;62,55;62,84;61,67
25/03/2024 16:00;62,71;62,8;62,54;62,7;61,64
25/03/2024 15:00;62,3;62,75;62,29;62,67;61,64
25/03/2024 14:00;62,34;62,4;62,07;62,35;61,66
25/03/2024 13:00;62,29;62,6;62,23;62,34;61,66
25/03/2024 12:00;62,16;62,34;62,07;62,29;61,66
25/03/2024 11:00;61,66;62,38;61,65;62,15;61,69
25/03/2024 10:00;61,63;61,75;61,27;61,67;62,15
25/03/2024 09:00;61,6;61,98;61,38;61,65;62,19
22/03/2024 17:05;61,56;61,67;61,52;61,6;62,24
22/03/2024 16:00;61,45;61,57;61,37;61,51;62,3
22/03/2024 15:00;61,5;61,59;61,3;61,51;62,35
22/03/2024 14:00;61,33;61,72;61,32;61,48;62,38
22/03/2024 13:00;61,26;61,39;61,26;61,34;62,42
22/03/2024 12:00;61,43;61,43;61,11;61,27;62,44
22/03/2024 11:00;61,42;61,52;61,32;61,39;62,47
22/03/2024 10:00;61,38;61,57;61,32;61,38;62,52
22/03/2024 09:00;61,26;61,57;61,1;61,38;62,51
21/03/2024 17:05;61,72;61,87;61,72;61,8;62,47
21/03/2024 16:00;61,96;62;61,78;61,83;62,43
21/03/2024 15:00;61,93;62;61,86;61,95;62,41
21/03/2024 14:00;61,91;61,94;61,68;61,92;62,39
21/03/2024 13:00;61,87;62,03;61,83;61,92;62,35
21/03/2024 12:00;61,92;62,07;61,88;61,88;62,36
21/03/2024 11:00;61,94;62;61,86;61,91;62,38
21/03/2024 10:00;62;62,19;61,63;61,97;62,39
21/03/2024 09:00;61,93;62,38;61,69;62,02;62,43
20/03/2024 17:05;61,88;62,07;61,76;61,93;62,48
20/03/2024 16:00;62,27;62,54;61,93;62,01;62,51
20/03/2024 15:00;61,9;62,35;61,78;62,24;62,56
20/03/2024 14:00;61,79;62,26;61,57;61,9;62,62
20/03/2024 13:00;62,39;62,56;61,6;61,73;62,67
20/03/2024 12:00;62,62;62,68;62,39;62,39;61,98
20/03/2024 11:00;62,65;62,78;62,5;62,65;62,04
20/03/2024 10:00;62,47;62,89;62,34;62,62;62,11
20/03/2024 09:00;62,65;63,52;62,13;62,47;62,19
19/03/2024 17:05;62,7;63,19;62,65;63,08;62,24
19/03/2024 16:00;63,01;63,25;62,78;63,06;62,28
19/03/2024 15:00;62,47;63,21;62,47;62,98;63,05
19/03/2024 14:00;63,11;63,11;62,39;62,47;63,11
19/03/2024 13:00;62,8;63,19;62,8;63,1;63,16
19/03/2024 12:00;62,49;63,27;62,47;62,8;63,21
19/03/2024 11:00;62,28;62,49;62,16;62,48;63,3
19/03/2024 10:00;61,45;62,6;61,39;62,35;63,39
19/03/2024 09:00;61,98;62,09;61,09;61,38;63,5
18/03/2024 17:05;62,25;62,37;61,63;61,98;63,6
18/03/2024 16:00;61,37;63,11;61,36;62,29;63,64
18/03/2024 15:00;60,62;61,37;60,5;61,37;63,74
18/03/2024 14:00;60,64;60,68;60,36;60,63;63,85
18/03/2024 13:00;60,84;60,84;60,41;60,66;63,94
18/03/2024 12:00;61,31;61,31;60,53;60,87;64,04
18/03/2024 11:00;60,2;61,37;60,15;61,21;64,14
18/03/2024 10:00;60,86;60,89;59,94;60,23;64,25
18/03/2024 09:00;62,33;62,38;60,48;60,86;64,32
15/03/2024 17:05;62,14;62,47;62,1;62,39;64,38
15/03/2024 16:00;62,23;62,6;62,09;62,14;64,43
15/03/2024 15:00;63,36;63,37;61,94;62,24;64,46
15/03/2024 14:00;63,42;63,57;63,24;63,45;64,49
15/03/2024 13:00;63,34;63,57;63,15;63,43;64,51
15/03/2024 12:00;63,48;63,73;63,33;63,38;64,54
15/03/2024 11:00;63,99;63,99;63,12;63,5;64,52
15/03/2024 10:00;64,18;64,2;63,75;63,99;63,94
15/03/2024 09:00;64,18;64,68;64,06;64,18;63,9
14/03/2024 17:05;64,54;64,54;64,25;64,29;63,87
14/03/2024 16:00;64,84;64,95;64,49;64,5;63,82
14/03/2024 15:00;64,52;64,89;64,49;64,87;63,76
14/03/2024 14:00;64,56;64,63;64,23;64,46;63,66
14/03/2024 13:00;64,26;64,6;64,1;64,56;63,56
14/03/2024 12:00;64,38;64,51;64,03;64,26;63,46
14/03/2024 11:00;64,68;64,95;64,29;64,34;63,38
14/03/2024 10:00;64,39;64,7;64,2;64,69;63,3
14/03/2024 09:00;64,85;64,93;63,96;64,37;63,21
13/03/2024 17:05;65,01;65,05;64,5;65,05;63,09
13/03/2024 16:00;65,05;65,36;64,98;65,1;62,98
13/03/2024 15:00;65,05;65,31;64,87;65,06;62,86
13/03/2024 14:00;64,44;65,4;64,38;65,05;62,75
13/03/2024 13:00;64,09;64,44;63,9;64,44;62,67
13/03/2024 12:00;64,01;64,17;63,89;64,11;62,56
13/03/2024 11:00;63,51;64,13;63,46;64,09;62,52
13/03/2024 10:00;63,36;63,6;63,24;63,49;62,48
13/03/2024 09:00;63,83;64,07;63,08;63,39;62,41
12/03/2024 17:05;64,32;64,43;63,9;63,98;62,32
12/03/2024 16:00;64,23;64,34;64,09;64,27;62,19
12/03/2024 15:00;64,26;64,34;64,2;64,2;62,07
12/03/2024 14:00;64,15;64,34;64,08;64,26;61,97
12/03/2024 13:00;63,89;64,21;63,67;64,09;61,86
12/03/2024 12:00;64,23;64,26;63,72;63,88;61,74
12/03/2024 11:00;63,95;64,34;63,9;64,2;61,6
12/03/2024 10:00;63,94;64,18;63,75;63,94;61,46
12/03/2024 09:00;62,91;64,52;62,91;63,93;61,34
11/03/2024 17:05;62,88;63,41;62,85;63,41;61,23
11/03/2024 16:00;62,88;63,33;62,83;63,01;61,11
11/03/2024 15:00;63,31;63,36;62,9;62,9;60,98
11/03/2024 14:00;63,24;63,33;63,17;63,28;60,85
11/03/2024 13:00;63,42;63,52;63,01;63,24;60,71
11/03/2024 12:00;62,68;63,8;62,6;63,36;60,58
11/03/2024 11:00;61,33;62,76;61,23;62,65;60,52
11/03/2024 10:00;61,43;61,46;61,19;61,33;60,45
11/03/2024 09:00;61,47;62,01;60,99;61,43;60,39
08/03/2024 17:05;61,89;62,03;61,88;62,01;60,3
08/03/2024 16:00;62;62,14;61,83;62,05;60,21
08/03/2024 15:00;61,51;62,14;61,32;62;60,14
08/03/2024 14:00;61,5;61,63;60,96;61,49;60,06
08/03/2024 13:00;61,59;61,63;61,51;61,54;59,96
08/03/2024 12:00;61,48;61,81;61,39;61,56;59,89
08/03/2024 11:00;61,63;61,88;61,11;61,37;59,82
08/03/2024 10:00;61,49;61,68;61,42;61,63;59,74
08/03/2024 09:00;61,59;62,33;60,76;61,54;59,67
07/03/2024 17:05;62,29;62,34;62,09;62,09;59,58
07/03/2024 16:00;62,07;62,39;61,95;62,32;59,48
07/03/2024 15:00;61,14;62,25;61,14;62,07;59,41
07/03/2024 14:00;61,17;61,37;61,03;61,15;59,33
07/03/2024 13:00;60,55;61,22;60,41;61,12;59,28
07/03/2024 12:00;61,2;61,32;60,55;60,55;59,21
07/03/2024 11:00;61,04;61,24;60,91;61,2;59,09
07/03/2024 10:00;60,61;61,37;60,52;61,02;59
07/03/2024 09:00;60,35;60,7;60,18;60,61;58,9
06/03/2024 17:05;59,7;59,83;59,62;59,79;58,82
06/03/2024 16:00;59,48;59,73;59,44;59,73;58,74
06/03/2024 15:00;59,59;59,59;59,39;59,53;58,67
06/03/2024 14:00;59,58;59,63;59,44;59,59;58,59
06/03/2024 13:00;59,39;59,73;59,3;59,57;58,54
06/03/2024 12:00;59,18;59,53;59,15;59,39;58,49
06/03/2024 11:00;59,28;59,73;59,12;59,2;58,43
06/03/2024 10:00;58,77;59,32;58,76;59,24;58,39
06/03/2024 09:00;59,08;59,25;58,67;58,82;58,35
05/03/2024 17:05;59,48;59,53;59,47;59,47;58,29
05/03/2024 16:00;59,27;59,48;59,18;59,48;58,24
05/03/2024 15:00;59,51;59,63;59,14;59,3;58,19
05/03/2024 14:00;59,4;59,53;59,34;59,52;58,13
05/03/2024 13:00;59,22;59,53;59,17;59,38;58,07
05/03/2024 12:00;59,41;59,41;59,08;59,2;58,01
05/03/2024 11:00;58,73;59,48;58,58;59,44;57,98
05/03/2024 10:00;59,64;59,64;58,51;58,73;57,95
05/03/2024 09:00;59,73;59,99;59,34;59,64;57,89
04/03/2024 17:05;59,06;59,28;58,87;59,19;57,85
04/03/2024 16:00;59,14;59,24;58,97;59,01;57,82
04/03/2024 15:00;59,26;59,38;58,9;59,19;57,78
04/03/2024 14:00;59,26;59,3;59,13;59,26;57,74
04/03/2024 13:00;59,24;59,34;59,03;59,27;57,69
04/03/2024 12:00;59,27;59,41;59,11;59,25;57,65
04/03/2024 11:00;58,73;59,41;58,73;59,28;57,63
04/03/2024 10:00;59,01;59,06;58,71;58,74;57,61
04/03/2024 09:00;58,51;59,11;58,43;59,03;57,6
01/03/2024 17:05;57,69;57,79;57,54;57,74;58,01
01/03/2024 16:00;57,74;57,89;57,64;57,73;58,03
01/03/2024 15:00;57,56;57,89;57,39;57,72;58,05
01/03/2024 14:00;57,14;57,69;57,11;57,56;58,09
01/03/2024 13:00;57,24;57,33;57,09;57,16;58,12
01/03/2024 12:00;57,33;57,33;57,04;57,23;58,18
01/03/2024 11:00;57,77;57,87;57,28;57,35;58,19
01/03/2024 10:00;57,94;57,99;57,7;57,76;58,21
01/03/2024 09:00;57,62;58,34;57,62;57,88;58,22
29/02/2024 17:05;57,64;57,65;57,49;57,51;58,24
29/02/2024 16:00;57,5;57,7;57,46;57,59;58,25
29/02/2024 15:00;57,65;57,71;57,41;57,54;58,27
29/02/2024 14:00;57,79;57,87;57,59;57,67;58,29
29/02/2024 13:00;57,76;57,92;57,71;57,79;58,31
29/02/2024 12:00;57,65;57,78;57,65;57,71;58,38
29/02/2024 11:00;57,65;57,86;57,54;57,69;58,43
29/02/2024 10:00;57,61;57,72;57,42;57,65;58,48
29/02/2024 09:00;57,78;58,14;57,41;57,63;58,53
28/02/2024 17:05;57,68;57,77;57,59;57,63;58,59
28/02/2024 16:00;57,62;57,75;57,59;57,59;58,64
28/02/2024 15:00;57,97;58,06;57,39;57,62;58,68
28/02/2024 14:00;58,21;58,24;57,92;57,98;58,75
28/02/2024 13:00;57,95;58,33;57,84;58,19;58,84
28/02/2024 12:00;57,99;58,13;57,91;57,95;58,95
28/02/2024 11:00;57,78;58,21;57,75;58,01;59,05
28/02/2024 10:00;57,96;57,96;57,63;57,74;59,17
28/02/2024 09:00;58,54;58,54;57,81;58;59,27
27/02/2024 17:05;58,58;58,72;58,25;58,31;59,36
27/02/2024 16:00;58,26;58,52;58,21;58,43;59,46
27/02/2024 15:00;58,63;58,73;58,11;58,29;59,57
27/02/2024 14:00;58,3;58,63;58,3;58,63;59,68
27/02/2024 13:00;58,42;58,49;58,21;58,32;59,79
27/02/2024 12:00;58,54;58,61;58,42;58,46;59,9
27/02/2024 11:00;58,21;58,67;58,19;58,51;60
27/02/2024 10:00;58,16;58,43;58,15;58,25;60,11
27/02/2024 09:00;58,54;59,02;58,03;58,13;60,2
26/02/2024 17:05;58,34;58,35;57,98;58,3;60,32
26/02/2024 16:00;58,16;58,48;58,11;58,35;60,43
26/02/2024 15:00;58,2;58,54;58,01;58,22;60,54
26/02/2024 14:00;57,93;58,24;57,87;58,22;60,66
26/02/2024 13:00;58,06;58,12;57,9;57,9;60,78
26/02/2024 12:00;58,06;58,35;57,83;58,01;60,9
26/02/2024 11:00;57,64;58,35;57,58;58,03;61,02
26/02/2024 10:00;58,31;58,43;57,33;57,67;61,15
26/02/2024 09:00;59,32;59,98;58,21;58,31;61,21
23/02/2024 17:05;59,25;59,35;59,19;59,21;61,3
23/02/2024 16:00;59,31;59,37;59,18;59,31;61,39
23/02/2024 15:00;59,29;59,62;59,08;59,28;61,47
23/02/2024 14:00;59,08;59,54;59;59,26;61,55
23/02/2024 13:00;59,05;59,18;58,78;59,08;61,65
23/02/2024 12:00;59,06;59,24;58,95;59,05;61,76
23/02/2024 11:00;60,51;60,51;58,92;59,12;61,82
23/02/2024 10:00;60,84;60,88;60,5;60,51;61,86
23/02/2024 09:00;61,22;61,31;60,47;60,78;61,89
22/02/2024 17:05;61,27;61,37;61,16;61,18;61,91
22/02/2024 16:00;61,35;61,41;61,13;61,37;61,93
22/02/2024 15:00;61,33;61,55;61,32;61,33;61,95
22/02/2024 14:00;61,5;61,5;61,27;61,34;61,97
22/02/2024 13:00;61,46;61,66;61,41;61,47;61,98
22/02/2024 12:00;61,7;61,8;61,25;61,46;62
22/02/2024 11:00;61,72;61,92;61,65;61,7;61,99
22/02/2024 10:00;61,84;61,93;61,66;61,74;61,99
22/02/2024 09:00;61,75;61,86;61,68;61,81;61,99
21/02/2024 17:05;61,79;61,79;61,61;61,65;61,99
21/02/2024 16:00;61,67;61,69;61,55;61,59;61,99
21/02/2024 15:00;61,77;61,77;61,61;61,65;61,99
21/02/2024 14:00;61,67;61,81;61,63;61,77;61,99
21/02/2024 13:00;61,67;61,77;61,62;61,68;61,99
21/02/2024 12:00;61,75;61,79;61,62;61,68;61,99
21/02/2024 11:00;61,82;61,89;61,7;61,74;61,99
21/02/2024 10:00;61,67;61,86;61,52;61,82;61,99
21/02/2024 09:00;61,96;61,97;61,51;61,67;61,98
20/02/2024 17:05;61,87;61,95;61,8;61,9;61,75
20/02/2024 16:00;61,89;62,08;61,84;61,96;61,74
20/02/2024 15:00;61,89;61,99;61,7;61,89;61,74
20/02/2024 14:00;62,01;62,06;61,86;61,89;61,74
20/02/2024 13:00;61,87;62,06;61,84;62;61,73
20/02/2024 12:00;61,91;61,99;61,83;61,86;61,73
20/02/2024 11:00;61,86;62,03;61,79;61,9;61,72
20/02/2024 10:00;62,19;62,19;61,63;61,89;61,72
20/02/2024 09:00;62,13;62,31;62,02;62,19;61,7
19/02/2024 17:05;62,13;62,27;62,11;62,11;61,69
19/02/2024 16:00;62,15;62,29;62,13;62,13;61,66
19/02/2024 15:00;61,87;62,21;61,86;62,15;61,67
19/02/2024 14:00;61,84;61,92;61,84;61,88;61,67
19/02/2024 13:00;61,96;61,99;61,82;61,84;61,67
19/02/2024 12:00;62,01;62,11;61,9;61,93;61,66
19/02/2024 11:00;61,95;62,01;61,86;61,99;61,66
19/02/2024 10:00;62,03;62,12;61,9;61,97;61,65
19/02/2024 09:00;61,83;62,23;61,62;62,05;61,65
16/02/2024 17:05;61,73;61,87;61,73;61,87;61,9
16/02/2024 16:00;61,68;61,78;61,6;61,75;61,92
16/02/2024 15:00;61,65;61,79;61,56;61,7;61,94
16/02/2024 14:00;61,72;61,8;61,65;61,68;61,97
16/02/2024 13:00;61,77;61,81;61,61;61,71;61,98
16/02/2024 12:00;61,71;61,84;61,7;61,77;61,98
16/02/2024 11:00;61,71;61,77;61,68;61,7;61,97
16/02/2024 10:00;61,62;61,84;61,6;61,7;61,97
16/02/2024 09:00;61,7;61,78;61,54;61,63;61,97
15/02/2024 17:05;61,7;61,72;61,61;61,7;61,99
15/02/2024 16:00;61,64;61,84;61,58;61,71;62
15/02/2024 15:00;61,69;61,73;61,55;61,64;62
15/02/2024 14:00;61,75;61,81;61,6;61,69;62
15/02/2024 13:00;61,69;61,95;61,55;61,74;61,99
15/02/2024 12:00;61,87;61,98;61,64;61,7;61,99
15/02/2024 11:00;61,78;61,89;61,74;61,87;61,99
15/02/2024 10:00;61,74;61,82;61,68;61,77;62
15/02/2024 09:00;61,71;62,07;61,62;61,75;61,99
14/02/2024 17:05;61,6;61,79;61,53;61,7;62
14/02/2024 16:00;61,75;61,84;61,61;61,66;62,02
14/02/2024 15:00;61,73;61,78;61,67;61,77;62,05
14/02/2024 14:00;61,71;61,78;61,61;61,7;62,07
14/02/2024 13:00;61,69;61,9;61,46;61,73;62,09
09/02/2024 17:05;62,09;62,1;61,91;62,05;62,11
09/02/2024 16:00;62,18;62,31;62,03;62,04;62,12
09/02/2024 15:00;61,76;62,23;61,75;62,11;62,13
09/02/2024 14:00;61,8;61,89;61,7;61,75;62,17
09/02/2024 13:00;61,72;61,97;61,7;61,87;62,2
09/02/2024 12:00;62,08;62,18;61,72;61,72;62,23
09/02/2024 11:00;61,79;62,31;61,65;62,05;62,25
09/02/2024 10:00;61,8;61,8;61,57;61,78;62,28
09/02/2024 09:00;61,82;62,16;61,7;61,85;62,29
08/02/2024 17:05;62,46;62,59;62,24;62,24;61,88
08/02/2024 16:00;62,1;62,46;62,1;62,42;61,87
08/02/2024 15:00;61,76;62,13;61,41;62,12;62,25
08/02/2024 14:00;61,55;61,98;61,44;61,76;62,25
08/02/2024 13:00;61,46;61,6;61,41;61,56;62,25
08/02/2024 12:00;61,72;61,74;61,32;61,46;62,25
08/02/2024 11:00;61,89;61,89;61,52;61,7;62,24
08/02/2024 10:00;61,94;62,04;61,8;61,89;62,22
08/02/2024 09:00;61,99;62,25;61,84;61,96;62,19
07/02/2024 17:05;61,75;61,79;61,45;61,46;62,18
07/02/2024 16:00;61,69;61,76;61,46;61,74;62,16
07/02/2024 15:00;61,7;61,79;61,67;61,7;62,14
07/02/2024 14:00;61,8;61,8;61,55;61,68;62,12
07/02/2024 13:00;61,96;62,02;61,71;61,85;61,73
07/02/2024 12:00;61,75;61,99;61,65;61,99;61,7
07/02/2024 11:00;61,81;61,87;61,7;61,76;61,68
07/02/2024 10:00;61,9;61,98;61,73;61,82;61,67
07/02/2024 09:00;62,45;62,45;61,52;61,91;61,66
06/02/2024 17:05;62,43;62,61;62,42;62,61;61,63
06/02/2024 16:00;62,33;62,56;62,33;62,51;61,59
06/02/2024 15:00;62,13;62,46;61,99;62,33;61,57
06/02/2024 14:00;62,3;62,65;62,1;62,17;61,54
06/02/2024 13:00;62,51;62,51;62,27;62,3;61,5
06/02/2024 12:00;62,64;62,7;62,38;62,51;61,47
06/02/2024 11:00;62,84;62,94;62,51;62,65;61,45
06/02/2024 10:00;62,68;62,89;62,45;62,85;61,44
06/02/2024 09:00;62,85;63,3;62,54;62,65;61,42
05/02/2024 17:05;62,46;62,75;62,37;62,75;61,4
05/02/2024 16:00;62,31;62,74;62,3;62,65;61,39
05/02/2024 15:00;61,87;62,3;61,87;62,3;61,39
05/02/2024 14:00;61,89;61,97;61,7;61,83;61,4
05/02/2024 13:00;61,89;61,99;61,76;61,89;61,41
05/02/2024 12:00;61,86;62,07;61,8;61,89;61,41
05/02/2024 11:00;61,63;61,96;61,43;61,87;61,42
05/02/2024 10:00;61,51;61,7;61,51;61,61;61,74
05/02/2024 09:00;61,49;61,79;61,38;61,51;61,74
02/02/2024 17:05;61,42;61,49;61,11;61,23;61,75
02/02/2024 16:00;61,41;61,46;61,23;61,38;61,77
02/02/2024 15:00;61,32;61,51;61,22;61,4;61,78
02/02/2024 14:00;61,04;61,36;61,04;61,31;61,79
02/02/2024 13:00;61,06;61,11;60,95;61,05;61,81
02/02/2024 12:00;61,02;61,16;60,88;61,06;61,83
02/02/2024 11:00;61,19;61,27;60,89;60,99;61,84
02/02/2024 10:00;61,04;61,3;60,97;61,17;61,85
02/02/2024 09:00;60,79;61,37;60,79;61,06;61,85
01/02/2024 17:05;61,2;61,22;61,03;61,1;61,87
01/02/2024 16:00;61,51;61,62;61,22;61,27;61,87
01/02/2024 15:00;61,41;61,55;61,41;61,52;61,88
01/02/2024 14:00;61,37;61,51;61,34;61,41;61,89
01/02/2024 13:00;61,5;61,51;61,29;61,36;61,9
01/02/2024 12:00;61,36;61,55;61,28;61,51;61,92
01/02/2024 11:00;61,36;61,58;61,27;61,36;61,96
01/02/2024 10:00;61,43;61,46;61,22;61,35;62,01
01/02/2024 09:00;61,41;61,76;61,31;61,43;62,04
31/01/2024 17:05;62,32;62,39;62,03;62,03;61,62
31/01/2024 16:00;62,12;62,41;62,08;62,25;61,63
31/01/2024 15:00;62,14;62,16;61,79;62,08;61,66
31/01/2024 14:00;62,1;62,24;62,02;62,13;61,68
31/01/2024 13:00;62,2;62,21;61,77;62,08;62,15
31/01/2024 12:00;62,24;62,38;62,07;62,17;62,2
31/01/2024 11:00;62,21;62,39;61,88;62,25;62,27
31/01/2024 10:00;62,19;62,35;61,99;62,21;62,34
31/01/2024 09:00;62,17;62,59;61,99;62,19;62,39
30/01/2024 17:05;61,66;61,96;61,55;61,68;62,46
30/01/2024 16:00;61,32;61,69;61,22;61,69;62,52
30/01/2024 15:00;61,55;61,61;61,22;61,32;62,6
30/01/2024 14:00;61,77;61,79;61,36;61,59;62,68
30/01/2024 13:00;61,85;61,99;61,76;61,77;62,77
30/01/2024 12:00;61,55;61,89;61,52;61,87;62,85
30/01/2024 11:00;61,65;61,7;61,27;61,57;62,92
30/01/2024 10:00;61,11;61,69;61,08;61,65;63
30/01/2024 09:00;61,3;61,84;60,89;61,08;63,06
29/01/2024 17:05;61,32;61,36;60,98;60,99;63,14
29/01/2024 16:00;61,39;61,75;61,23;61,34;63,17
29/01/2024 15:00;61,44;61,51;61,27;61,39;63,22
29/01/2024 14:00;61,43;61,56;61,28;61,43;63,26
29/01/2024 13:00;61,68;61,7;61,29;61,44;63,29
29/01/2024 12:00;61,73;61,75;61,55;61,69;63,34
29/01/2024 11:00;61,77;61,86;61,64;61,68;63,39
29/01/2024 10:00;61,92;61,98;61,54;61,77;63,44
29/01/2024 09:00;62,07;62,07;61,43;61,93;63,52
26/01/2024 17:05;62,56;62,81;62,27;62,32;63,55
26/01/2024 16:00;62,53;62,85;62,44;62,59;63,54
26/01/2024 15:00;62,39;62,67;62,28;62,51;63,52
26/01/2024 14:00;62,38;62,51;62,02;62,43;63,49
26/01/2024 13:00;62,87;62,87;62,27;62,39;63,45
26/01/2024 12:00;62,87;63,05;62,66;62,88;62,78
26/01/2024 11:00;62,7;63,01;62,56;62,85;62,75
26/01/2024 10:00;63,4;63,4;62,34;62,73;62,73
26/01/2024 09:00;63,46;63,94;63,05;63,36;62,69
25/01/2024 17:05;64,27;64,42;63,99;64,19;62,61
25/01/2024 16:00;64,12;64,47;63,98;64,44;62,53
25/01/2024 15:00;63,56;64,14;63,55;64,14;62,48
25/01/2024 14:00;63,35;63,92;63,32;63,55;62,42
25/01/2024 13:00;63,53;63,53;62,94;63,37;62,38
25/01/2024 12:00;63,98;64,04;63,32;63,53;62,32
25/01/2024 11:00;63,86;64,22;63,71;64,02;62,27
25/01/2024 10:00;64,17;64,54;63,8;63,84;62,23
25/01/2024 09:00;63,37;64,28;63,37;64,14;62,2
24/01/2024 17:05;63,84;63,85;63,51;63,51;62,15
24/01/2024 16:00;63,44;64,04;63,37;64;62,11
24/01/2024 15:00;63,32;63,58;62,94;63,39;62,09
24/01/2024 14:00;62,7;63,9;62,65;63,32;62,07
24/01/2024 13:00;62,52;62,75;62,41;62,69;62,08
24/01/2024 12:00;62,41;62,91;62,37;62,55;62,09
24/01/2024 11:00;62,61;62,65;62,18;62,39;62,14
24/01/2024 10:00;62,43;62,65;62,37;62,63;62,19
24/01/2024 09:00;62,85;63,31;62,29;62,44;62,24
23/01/2024 17:05;63,37;63,47;63,2;63,29;62,26
23/01/2024 16:00;63,14;63,47;63,02;63,41;62,29
23/01/2024 15:00;63,57;64,36;62,99;63,15;62,32
23/01/2024 14:00;62,34;63,57;62,34;63,54;62,37
23/01/2024 13:00;61,97;62,56;61,93;62,34;62,78
23/01/2024 12:00;61,73;62,13;61,7;61,99;62,86
23/01/2024 11:00;61,58;61,76;61,53;61,71;62,96
23/01/2024 10:00;61,55;61,7;61,37;61,59;63,07
23/01/2024 09:00;61,47;61,6;61,17;61,55;63,19
22/01/2024 17:05;61,81;61,87;61,75;61,78;63,32
22/01/2024 16:00;61,83;61,88;61,75;61,87;63,45
22/01/2024 15:00;61,82;61,94;61,74;61,81;63,56
22/01/2024 14:00;61,8;61,91;61,65;61,79;63,67
22/01/2024 13:00;61,99;61,99;61,77;61,79;63,78
22/01/2024 12:00;61,9;62,17;61,87;62,02;63,87
22/01/2024 11:00;61,89;62,05;61,64;61,86;63,94
22/01/2024 10:00;61,77;62,62;61,74;61,89;64
22/01/2024 09:00;61,86;62,05;61,41;61,78;64,07
19/01/2024 17:05;62,55;62,65;62,42;62,43;64,12
19/01/2024 16:00;62,51;62,67;62,48;62,56;64,18
19/01/2024 15:00;62,49;62,84;62,42;62,49;64,25
19/01/2024 14:00;62,22;62,59;62,19;62,47;64,31
19/01/2024 13:00;62,37;62,38;61,97;62,21;64,38
19/01/2024 12:00;62,51;62,61;62,27;62,37;64,4
19/01/2024 11:00;62,78;62,79;62,22;62,55;64,43
19/01/2024 10:00;62,97;63,04;62,65;62,78;64,45
19/01/2024 09:00;63,34;63,51;62,66;62,97;64,47
18/01/2024 17:05;63,88;63,97;63,8;63,85;64,47
18/01/2024 16:00;63,82;63,89;63,76;63,8;64,48
18/01/2024 15:00;64,02;64,04;63,71;63,8;64,49
18/01/2024 14:00;64,04;64,13;63,93;64;64,51
18/01/2024 13:00;63,98;64,21;63,93;64,08;64,52
18/01/2024 12:00;63,94;64,06;63,75;63,99;64,56
18/01/2024 11:00;64,03;64,23;63,81;63,94;64,61
18/01/2024 10:00;64,12;64,18;63,86;63,99;64,66
18/01/2024 09:00;64;64,36;63,66;64,18;64,16
17/01/2024 17:05;64,82;64,82;64,59;64,66;64,16
17/01/2024 16:00;64,95;65,17;64,86;64,95;64,2
17/01/2024 15:00;65,21;65,22;64,79;64,91;64,24
17/01/2024 14:00;65,44;65,52;65,07;65,23;64,28
17/01/2024 13:00;65,43;65,81;65,34;65,47;64,31
17/01/2024 12:00;64,92;65,47;64,8;65,43;64,35
17/01/2024 11:00;64,76;64,99;64,57;64,95;65,09
17/01/2024 10:00;64,77;65,26;64,75;64,79;65,19
17/01/2024 09:00;64,19;64,86;63,54;64,84;65,29
16/01/2024 17:05;64,22;64,37;64,05;64,36;65,4
16/01/2024 16:00;63,9;64,28;63,88;63,97;65,52
16/01/2024 15:00;63,95;64,08;63,85;63,88;65,66
16/01/2024 14:00;64,16;64,23;63,57;63,97;65,79
16/01/2024 13:00;64,45;64,64;63,61;64,15;65,9
16/01/2024 12:00;64,27;64,74;64,25;64,5;66,03
16/01/2024 11:00;63,95;64,38;63,89;64,24;66,18
16/01/2024 10:00;63,1;64,61;63,09;63,95;66,32
16/01/2024 09:00;63,05;63,14;62,54;63,13;66,52
15/01/2024 17:05;63,57;63,65;63,49;63,49;66,69
15/01/2024 16:00;63,67;63,8;63,54;63,58;66,88
15/01/2024 15:00;63,62;63,89;63,52;63,62;67,06
15/01/2024 14:00;63,76;63,96;63,5;63,62;67,24
15/01/2024 13:00;64,19;64,2;63,75;63,8;67,44
15/01/2024 12:00;64,49;64,49;63,95;64,22;67,66
15/01/2024 11:00;64,47;64,6;64,38;64,46;67,87
15/01/2024 10:00;64,62;64,71;64,38;64,52;68,09
15/01/2024 09:00;64,85;65,3;64,22;64,61;68,3
12/01/2024 17:05;65,19;65,67;65,18;65,5;68,49
12/01/2024 16:00;65,63;65,71;65,14;65,19;68,69
12/01/2024 15:00;64,77;65,9;64,64;65,62;68,88
12/01/2024 14:00;66,29;66,32;64,64;64,73;69,07
12/01/2024 13:00;66,13;66,62;66,01;66,4;69,25
12/01/2024 12:00;66,32;66,46;66;66,16;69,44
12/01/2024 11:00;66,47;66,5;66,19;66,34;69,65
12/01/2024 10:00;66,84;66,84;66,43;66,48;69,84
12/01/2024 09:00;67,52;67,52;65,84;66,89;70,02
11/01/2024 17:05;68,01;68,09;67,74;67,87;70,18
11/01/2024 16:00;67,53;68,2;67,53;68,11;70,34
11/01/2024 15:00;67,71;67,73;67,54;67,54;70,51
11/01/2024 14:00;67,71;67,74;67,44;67,68;70,67
11/01/2024 13:00;67,82;67,83;67,64;67,71;70,85
11/01/2024 12:00;68,03;68,28;67,77;67,82;71,03
11/01/2024 11:00;67,73;68,08;67,72;68,04;71,22
11/01/2024 10:00;67,77;67,92;67,54;67,76;71,42
11/01/2024 09:00;68,75;68,75;67,4;67,8;71,6
10/01/2024 17:05;68,96;68,97;68,69;68,78;71,76
10/01/2024 16:00;68,34;68,87;68,2;68,87;71,94
10/01/2024 15:00;68,84;68,94;68,32;68,36;72,1
10/01/2024 14:00;68,81;68,93;68,57;68,86;72,27
10/01/2024 13:00;69,29;69,31;68,42;68,83;72,42
10/01/2024 12:00;69,21;69,4;69,06;69,28;72,59
10/01/2024 11:00;68,6;69,17;67,78;69,16;72,74
10/01/2024 10:00;70,23;70,25;68,49;68,63;72,85
10/01/2024 09:00;70,88;71,06;69,96;70,25;72,94
09/01/2024 17:05;71,07;71,08;70,89;70,89;73,04
09/01/2024 16:00;71,22;71,31;70,98;71,01;73,12
09/01/2024 15:00;71,41;71,49;71,12;71,18;73,18
09/01/2024 14:00;71,33;71,44;71,17;71,41;73,25
09/01/2024 13:00;71,58;71,74;71,22;71,3;73,31
09/01/2024 12:00;71,37;71,57;71,26;71,55;73,37
09/01/2024 11:00;71,84;71,86;71,26;71,37;73,44
09/01/2024 10:00;72,12;72,13;71,46;71,82;73,49
09/01/2024 09:00;71,94;72,33;71,83;72,13;73,53
08/01/2024 17:05;72,23;72,56;72,22;72,41;73,56
08/01/2024 16:00;72,46;72,69;72,22;72,23;73,59
08/01/2024 15:00;72,7;72,79;72,36;72,5;73,6
08/01/2024 14:00;72,77;73,11;72,6;72,7;73,59
08/01/2024 13:00;72,62;72,99;72,58;72,83;73,59
08/01/2024 12:00;72,26;72,6;72,07;72,6;73,61
08/01/2024 11:00;72,09;72,63;71,68;72,3;73,63
08/01/2024 10:00;73,21;73,21;72,07;72,11;73,62
08/01/2024 09:00;73,47;73,63;73,08;73,23;73,6
05/01/2024 17:05;73,93;73,93;73,73;73,88;73,26
05/01/2024 16:00;73,78;73,94;73,72;73,94;73,21
05/01/2024 15:00;73,93;73,93;73,78;73,79;73,16
05/01/2024 14:00;73,87;73,96;73,78;73,9;73,12
05/01/2024 13:00;73,7;74,13;73,7;73,86;73,09
05/01/2024 12:00;73,72;73,81;73,67;73,74;73,06
05/01/2024 11:00;73,85;73,95;73,68;73,73;73,01
05/01/2024 10:00;73,85;74,04;73,79;73,85;72,96
05/01/2024 09:00;74,1;74,27;73,82;73,83;72,89
04/01/2024 17:05;73,62;73,66;73,46;73,61;72,82
04/01/2024 16:00;73,6;73,69;73,52;73,61;72,75
04/01/2024 15:00;73,7;73,82;73,56;73,6;72,68
04/01/2024 14:00;73,63;73,84;73,61;73,7;72,59
04/01/2024 13:00;73,41;73,74;73,28;73,57;72,51
04/01/2024 12:00;73,43;73,52;73,38;73,46;72,42
04/01/2024 11:00;73,5;73,56;73,34;73,38;72,33
04/01/2024 10:00;73,09;73,57;73,03;73,47;72,25
04/01/2024 09:00;73,16;73,36;73,01;73,15;72,16
03/01/2024 17:05;73,61;73,85;73,54;73,6;72,06
03/01/2024 16:00;73,46;73,59;73,36;73,51;71,96
03/01/2024 15:00;73,29;73,57;73,08;73,52;71,89
03/01/2024 14:00;73,38;73,54;73,15;73,29;71,82
03/01/2024 13:00;72,84;73,49;72,7;73,36;71,77
03/01/2024 12:00;72,96;72,97;72,75;72,82;71,71
03/01/2024 11:00;72,75;72,97;72,71;72,96;71,67
03/01/2024 10:00;72,91;72,93;72,6;72,75;71,62
03/01/2024 09:00;73,02;73,2;72,87;72,92;71,57
02/01/2024 17:05;73,13;73,16;73,06;73,06;71,51
02/01/2024 16:00;72,92;73,06;72,89;73,05;71,46
02/01/2024 15:00;72,67;72,96;72,63;72,91;71,43
02/01/2024 14:00;72,38;72,68;72,34;72,68;71,4
02/01/2024 13:00;72,51;72,75;72,35;72,35;71,37
02/01/2024 12:00;72,52;72,61;72,29;72,55;71,33
02/01/2024 11:00;72,95;72,96;72,51;72,53;71,29
02/01/2024 10:00;72,92;73,04;72,82;72,95;71,25
02/01/2024 09:00;72,75;73,34;72,69;72,93;71,2
28/12/2023 17:05;72,36;72,45;72,26;72,27;71,18
28/12/2023 16:00;72,14;72,35;72,11;72,3;71,16
28/12/2023 15:00;71,71;72,25;71,71;72,18;71,16
28/12/2023 14:00;71,59;71,78;71,56;71,74;71,17
28/12/2023 13:00;71,41;71,7;71,4;71,56;71,18
28/12/2023 12:00;71,3;71,53;71,26;71,39;71,59
28/12/2023 11:00;71,27;71,5;71,14;71,23;71,63
28/12/2023 10:00;70,82;71,35;70,82;71,27;71,68
28/12/2023 09:00;70,68;71,01;70,68;70,82;71,74
27/12/2023 17:05;70,77;70,91;70,68;70,85;71,8
27/12/2023 16:00;70,49;70,77;70,47;70,67;71,86
27/12/2023 15:00;70,52;70,7;70,37;70,51;71,93
27/12/2023 14:00;70,65;70,76;70,47;70,52;71,99
27/12/2023 13:00;71,01;71,05;70,46;70,63;72,04
27/12/2023 12:00;71,18;71,18;70,92;70,96;72,1
27/12/2023 11:00;71,33;71,33;70,99;71,19;72,16
27/12/2023 10:00;71,5;71,57;71,23;71,33;72,19
27/12/2023 09:00;71,52;71,81;71,17;71,48;72,21
26/12/2023 17:05;71,37;71,51;71,23;71,33;72,25
26/12/2023 16:00;71,76;71,79;71,13;71,43;72,28
26/12/2023 15:00;71,74;71,92;71,59;71,78;72,29
26/12/2023 14:00;71,47;71,77;71,3;71,74;72,31
26/12/2023 13:00;71,73;71,82;71,38;71,48;72,33
26/12/2023 12:00;71,79;71,93;71,64;71,78;72,35
26/12/2023 11:00;71,54;71,89;71,4;71,75;72,35
26/12/2023 10:00;71,73;72,01;71,48;71,56;72,35
26/12/2023 09:00;71,14;71,78;71,13;71,69;72,38
22/12/2023 17:05;71,53;71,64;71,33;71,53;72,41
22/12/2023 16:00;71,48;71,63;71,38;71,53;72,45
22/12/2023 15:00;71,56;71,59;71,43;71,44;72,49
22/12/2023 14:00;71,7;71,82;71,42;71,52;72,52
22/12/2023 13:00;71,85;71,92;71,68;71,69;72,56
22/12/2023 12:00;72,08;72,14;71,77;71,8;72,6
22/12/2023 11:00;72;72,09;71,64;72,09;72,66
22/12/2023 10:00;72,14;72,14;71,71;71,99;72,71
22/12/2023 09:00;72,05;72,49;72,04;72,2;72,76
21/12/2023 17:05;72,47;72,63;72,45;72,63;72,8
21/12/2023 16:00;72,63;72,72;72,4;72,4;72,84
21/12/2023 15:00;72,45;72,73;72,36;72,59;72,88
21/12/2023 14:00;72,64;72,84;72,43;72,45;72,92
21/12/2023 13:00;72,58;72,65;72,52;72,62;72,97
21/12/2023 12:00;72,51;72,7;72,42;72,57;73,02
21/12/2023 11:00;72,3;72,55;72,09;72,47;73,09
21/12/2023 10:00;72,45;72,6;72,25;72,35;73,15
21/12/2023 09:00;72,66;72,98;72,2;72,45;73,21
20/12/2023 17:05;72,65;73,07;72,65;72,9;73,25
20/12/2023 16:00;72,25;72,65;72,25;72,65;73,31
20/12/2023 15:00;72,36;72,43;72,11;72,28;73,37
20/12/2023 14:00;72,42;72,65;72,3;72,36;73,43
20/12/2023 13:00;72,12;72,52;72,08;72,45;73,5
20/12/2023 12:00;72,29;72,3;72,05;72,12;73,57
20/12/2023 11:00;72,08;72,45;71,92;72,25;73,61
20/12/2023 10:00;72,08;72,3;71,89;72,07;73,65
20/12/2023 09:00;71,62;72,64;71,38;72,06;73,69
19/12/2023 17:05;71,34;71,83;71,33;71,83;73,78
19/12/2023 16:00;72,07;72,08;71,39;71,47;73,86
19/12/2023 15:00;72,4;72,5;72,07;72,08;73,93
19/12/2023 14:00;72,63;72,69;72,38;72,41;73,99
19/12/2023 13:00;72,67;72,72;72,53;72,63;74,05
19/12/2023 12:00;72,77;72,78;72,67;72,68;74,12
19/12/2023 11:00;72,89;72,91;72,75;72,77;74,17
19/12/2023 10:00;72,91;72,91;72,7;72,89;74,23
19/12/2023 09:00;73,16;73,41;72,67;72,92;74,27
18/12/2023 17:05;73,83;73,92;73,5;73,65;74,3
18/12/2023 16:00;73,64;73,77;73,57;73,62;74,33
18/12/2023 15:00;73,65;73,82;73,59;73,62;74,34
18/12/2023 14:00;73,78;73,82;73,47;73,62;74,36
18/12/2023 13:00;73,72;73,92;73,72;73,81;74,38
18/12/2023 12:00;73,86;73,9;73,72;73,74;74,4
18/12/2023 11:00;73,82;74,05;73,57;73,86;74,41
18/12/2023 10:00;74,17;74,21;73,67;73,77;74,42
18/12/2023 09:00;73,82;74,23;73,7;74,19;74
15/12/2023 17:05;74,52;74,61;74,23;74,53;74
15/12/2023 16:00;74,4;74,51;74,04;74,47;74,01
15/12/2023 15:00;74,28;74,64;74,25;74,4;74,44
15/12/2023 14:00;74,19;74,32;74,01;74,25;74,45
15/12/2023 13:00;74,24;74,35;74,01;74,24;74,47
15/12/2023 12:00;74,31;74,42;74,12;74,23;74,46
15/12/2023 11:00;74,15;74,43;74,13;74,29;74,4
15/12/2023 10:00;74,18;74,56;74,01;74,13;74,34
15/12/2023 09:00;73,1;74,26;72,9;74,2;74,29
14/12/2023 17:05;73,59;73,66;73,36;73,36;74,25
14/12/2023 16:00;73,57;73,63;73,31;73,38;74,22
14/12/2023 15:00;73,69;73,8;73,34;73,52;74,18
14/12/2023 14:00;74,51;74,52;73,52;73,72;73,67
14/12/2023 13:00;74,33;74,53;74,29;74,5;73,61
14/12/2023 12:00;74,41;74,51;74,33;74,33;73,54
14/12/2023 11:00;74,4;74,55;74,24;74,38;73,48
14/12/2023 10:00;74,33;74,48;73,97;74,4;73,43
14/12/2023 09:00;74,73;74,84;74,3;74,31;73,36
13/12/2023 17:05;74,27;74,48;74,18;74,48;73,29
13/12/2023 16:00;74,63;74,68;74,23;74,34;73,23
13/12/2023 15:00;74,43;74,78;74,42;74,63;73,15
13/12/2023 14:00;74,45;74,66;74,34;74,44;73,07
13/12/2023 13:00;74,2;74,57;74,09;74,44;73
13/12/2023 12:00;74,25;74,33;74,13;74,18;72,93
13/12/2023 11:00;74,37;74,45;73,97;74,27;72,87
13/12/2023 10:00;74,27;74,47;74,22;74,38;72,79
13/12/2023 09:00;73,97;74,58;73,74;74,27;72,73
12/12/2023 17:05;74,27;74,33;74,05;74,29;72,64
12/12/2023 16:00;74,27;74,38;74,18;74,28;72,54
12/12/2023 15:00;74,58;74,6;74,1;74,3;72,43
12/12/2023 14:00;74,53;74,76;74,28;74,58;72,33
12/12/2023 13:00;74,5;74,68;74,33;74,55;72,22
12/12/2023 12:00;74,02;74,64;73,92;74,53;72,13
12/12/2023 11:00;74,38;74,48;73,9;74,03;72,03
12/12/2023 10:00;73,87;75,08;73,83;74,38;71,93
12/12/2023 09:00;72,88;73,97;72,74;73,88;71,88
11/12/2023 17:05;72,52;72,79;72,47;72,47;71,87
11/12/2023 16:00;72,55;72,83;72,28;72,5;71,86
11/12/2023 15:00;72,34;72,6;72,26;72,54;71,84
11/12/2023 14:00;72,31;72,4;72,06;72,33;71,83
11/12/2023 13:00;72,74;72,81;72,07;72,31;71,83
11/12/2023 12:00;72,66;72,71;72,58;72,68;71,82
11/12/2023 11:00;72,84;72,9;72,65;72,67;71,79
11/12/2023 10:00;72,59;72,94;72,52;72,84;71,76
11/12/2023 09:00;72,31;72,69;72,25;72,55;71,73
08/12/2023 17:05;72,65;72,73;72,35;72,35;71,7
08/12/2023 16:00;72,41;72,65;72,38;72,59;71,68
08/12/2023 15:00;72,42;72,5;72,32;72,41;71,66
08/12/2023 14:00;72,5;72,64;72,1;72,43;71,64
08/12/2023 13:00;72,24;72,53;72,24;72,5;71,61
08/12/2023 12:00;72,33;72,35;72,15;72,24;71,57
08/12/2023 11:00;72,08;72,47;72,04;72,33;71,54
08/12/2023 10:00;72,1;72,4;72,04;72,11;71,5
08/12/2023 09:00;72,16;72,25;71,87;72,12;71,46
07/12/2023 17:05;72,28;72,67;72,14;72,19;71,4
07/12/2023 16:00;71,9;72,3;71,9;72,28;71,34
07/12/2023 15:00;72,05;72,14;71,84;71,9;71,28
07/12/2023 14:00;71,35;72,07;71,34;72,05;71,24
07/12/2023 13:00;71,33;71,4;71,18;71,34;71,19
07/12/2023 12:00;71,41;71,48;70,85;71,32;71,15
07/12/2023 11:00;71,28;71,52;71,2;71,4;71,14
07/12/2023 10:00;71,43;71,48;71,14;71,29;71,13
07/12/2023 09:00;71,42;71,87;71,23;71,45;71,12
06/12/2023 17:05;71,09;71,31;70,82;71,23;71,1
06/12/2023 16:00;71,67;71,77;71,03;71,09;71,08
06/12/2023 15:00;72,35;72,35;71,21;71,68;71,06
06/12/2023 14:00;72,38;72,44;72,08;72,35;71,01
06/12/2023 13:00;71,94;72,55;71,86;72,39;70,95
06/12/2023 12:00;72;72,13;71,75;71,94;70,9
06/12/2023 11:00;72,31;72,54;71,89;72,01;70,86
06/12/2023 10:00;72,55;72,72;72,03;72,32;70,82
06/12/2023 09:00;72,67;72,79;72,26;72,57;70,75
05/12/2023 17:05;71,92;72,13;71,74;71,87;70,68
05/12/2023 16:00;71,57;71,93;71,48;71,93;70,62
05/12/2023 15:00;71,59;71,7;71,46;71,54;70,56
05/12/2023 14:00;71,83;71,87;71,4;71,57;70,49
05/12/2023 13:00;72,07;72,14;71,69;71,82;70,4
05/12/2023 12:00;72,39;72,6;71,95;72,07;70,29
05/12/2023 11:00;71,57;72,45;71,33;72,41;70,21
05/12/2023 10:00;71,49;71,74;71,49;71,61;70,12
05/12/2023 09:00;71,14;71,91;70,96;71,5;70,05
04/12/2023 17:05;71,06;71,24;71,06;71,22;69,99
04/12/2023 16:00;70,81;71,18;70,81;71,07;69,95
04/12/2023 15:00;70,57;70,98;70,56;70,82;69,92
04/12/2023 14:00;70,53;70,72;70,48;70,56;69,89
04/12/2023 13:00;70,42;70,6;70,06;70,54;69,88
04/12/2023 12:00;70,23;70,42;70,06;70,4;69,84
04/12/2023 11:00;70,12;70,36;70,04;70,24;69,81
04/12/2023 10:00;70,09;70,44;69,87;70,12;69,79
04/12/2023 09:00;70,53;71,02;69,61;70,11;69,72
01/12/2023 17:05;71,08;71,08;70,83;71,03;69,6
01/12/2023 16:00;70,91;71,11;70,83;71,02;69,47
01/12/2023 15:00;71,18;71,21;70,83;70,89;69,34
01/12/2023 14:00;70,43;71,37;70,39;71,23;69,24
01/12/2023 13:00;70,78;71,03;70,34;70,43;69,13
01/12/2023 12:00;70,8;70,92;70,67;70,77;69,01
01/12/2023 11:00;70,5;70,86;70,45;70,81;68,89
01/12/2023 10:00;70,58;70,62;70,23;70,52;68,77
01/12/2023 09:00;70,88;71,04;70,23;70,54;68,65
30/11/2023 17:05;70,93;70,93;70,74;70,78;68,51
30/11/2023 16:00;70,72;71,12;70,6;70,93;68,38
30/11/2023 15:00;70,29;70,72;70,18;70,71;68,26
30/11/2023 14:00;69,91;70,65;69,77;70,27;68,16
30/11/2023 13:00;69,82;70,24;69,65;69,91;68,07
30/11/2023 12:00;69,65;69,93;69,55;69,81;68
30/11/2023 11:00;69,75;69,85;69,44;69,65;67,93
30/11/2023 10:00;68,9;69,96;68,87;69,75;67,89
30/11/2023 09:00;68,84;69,22;68,69;68,88;67,86
29/11/2023 17:05;68,9;69,22;68,89;69,2;67,8
29/11/2023 16:00;69,2;69,25;68,89;68,96;67,76
29/11/2023 15:00;69,65;69,65;68,83;69,2;67,74
29/11/2023 14:00;69,56;69,96;69,34;69,65;67,7
29/11/2023 13:00;69,96;70,18;69,5;69,55;67,67
29/11/2023 12:00;70,04;70,08;69,62;70,01;67,63
29/11/2023 11:00;70;70,28;69,82;70,04;67,59
29/11/2023 10:00;69,59;70,01;69,59;69,98;67,55
29/11/2023 09:00;69,42;70,06;69,02;69,58;67,55
28/11/2023 17:05;69,4;69,41;69,02;69,27;67,56
28/11/2023 16:00;69,31;69,52;69,1;69,4;67,57
28/11/2023 15:00;67,67;69,38;67,67;69,3;67,62
28/11/2023 14:00;67,28;67,77;67,23;67,67;68,1
28/11/2023 13:00;67,12;67,44;67,06;67,27;68,17
28/11/2023 12:00;67,47;67,66;66,87;67,15;68,24
28/11/2023 11:00;67,44;67,53;67,28;67,47;68,33
28/11/2023 10:00;67,3;67,47;67,21;67,42;68,41
28/11/2023 09:00;67,23;67,57;67,03;67,33;68,5
27/11/2023 17:05;66,67;67,15;66,66;67,04;68,59
27/11/2023 16:00;66,91;67,01;66,69;66,81;68,69
27/11/2023 15:00;67,06;67,07;66,64;66,91;68,79
27/11/2023 14:00;66,77;67,14;66,58;67,06;68,91
27/11/2023 13:00;66,93;66,93;66,71;66,76;69
27/11/2023 12:00;66,81;66,92;66,64;66,91;69,11
27/11/2023 11:00;67,04;67,16;66,7;66,81;69,21
27/11/2023 10:00;67,5;67,59;66,99;67,04;69,3
27/11/2023 09:00;67,67;67,74;67,31;67,51;69,38
24/11/2023 17:05;67,67;67,82;67,47;67,75;69,45
24/11/2023 16:00;67,78;67,93;67,73;67,86;69,5
24/11/2023 15:00;67,71;67,94;67,67;67,83;69,56
24/11/2023 14:00;67,97;68,03;67,27;67,71;69,61
24/11/2023 13:00;68,13;68,15;67,68;67,94;69,66
24/11/2023 12:00;68,39;68,39;68,08;68,14;69,69
24/11/2023 11:00;68,76;68,81;68,08;68,4;69,7
24/11/2023 10:00;68,72;68,89;68,69;68,76;69,7
24/11/2023 09:00;68,7;69,07;68,48;68,7;69,7
23/11/2023 17:05;68,46;68,74;68,42;68,54;69,7
23/11/2023 16:00;69,02;69,09;68,59;68,71;69,7
23/11/2023 15:00;69,36;69,36;68,94;69,01;69,67
23/11/2023 14:00;69,4;69,47;69,3;69,37;69,19
23/11/2023 13:00;69,55;69,62;69,36;69,38;69,14
23/11/2023 12:00;69,33;69,58;69,29;69,56;69,08
23/11/2023 11:00;69,4;69,58;69,22;69,35;69,02
23/11/2023 10:00;69,36;69,62;69,22;69,41;68,98
23/11/2023 09:00;69,6;69,9;69,01;69,31;68,95
22/11/2023 17:05;69,92;70,1;69,77;69,77;68,89
22/11/2023 16:00;69,92;70,01;69,83;69,93;68,83
22/11/2023 15:00;69,86;70,02;69,82;69,93;68,79
22/11/2023 14:00;69,83;70;69,7;69,86;68,74
22/11/2023 13:00;70;70,03;69,72;69,82;68,68
22/11/2023 12:00;69,97;70,16;69,64;69,96;68,62
22/11/2023 11:00;69,61;70,51;68,93;69,99;68,58
22/11/2023 10:00;69,39;69,74;69,28;69,65;68,55
22/11/2023 09:00;69,67;70,37;69,28;69,4;68,51
21/11/2023 17:05;69,89;70,01;69,79;69,9;68,46
21/11/2023 16:00;70,08;70,23;69,9;69,99;68,4
21/11/2023 15:00;69,84;70,27;69,71;70,13;68,32
21/11/2023 14:00;69,35;69,85;69,3;69,84;68,25
21/11/2023 13:00;69,28;69,5;69,17;69,35;68,21
21/11/2023 12:00;69,6;69,6;69,1;69,27;68,19
21/11/2023 11:00;69,45;69,75;69,3;69,6;68,18
21/11/2023 10:00;69,24;69,59;69,17;69,47;68,18
21/11/2023 09:00;68,93;69,31;68,47;69,24;68,21
20/11/2023 17:05;68,96;68,99;68,75;68,84;68,22
20/11/2023 16:00;68,79;68,95;68,76;68,95;68,23
20/11/2023 15:00;68,86;68,89;68,59;68,79;68,23
20/11/2023 14:00;68,78;68,88;68,69;68,88;68,21
20/11/2023 13:00;68,57;68,98;68,57;68,8;68,22
20/11/2023 12:00;68,24;68,58;68,2;68,56;68,81
20/11/2023 11:00;68,44;68,72;68,24;68,25;68,84
20/11/2023 10:00;67,83;68,46;67,79;68,39;68,86
20/11/2023 09:00;67,93;68,28;67,49;67,83;68,9
17/11/2023 17:05;68,06;68,18;67,57;67,65;68,93
17/11/2023 16:00;68,11;68,26;67,94;68,07;68,95
17/11/2023 15:00;68,13;68,38;68,01;68,14;68,93
17/11/2023 14:00;68,15;68,28;67,99;68,14;68,89
17/11/2023 13:00;68,67;68,69;68,1;68,17;68,84
17/11/2023 12:00;68,61;68,78;68,52;68,64;68,19
17/11/2023 11:00;68,35;68,71;68,29;68,59;68,1
17/11/2023 10:00;68,01;68,48;67,93;68,35;68,02
17/11/2023 09:00;67,88;68,59;67,77;68;67,95
16/11/2023 17:05;67,99;68,17;67,9;68,03;67,86
16/11/2023 16:00;68,18;68,32;68,1;68,17;67,77
16/11/2023 15:00;68,45;68,73;68,15;68,17;67,67
16/11/2023 14:00;68,59;68,61;68,33;68,44;67,56
16/11/2023 13:00;68,04;68,62;67,99;68,58;67,47
16/11/2023 12:00;67,43;68,15;67,32;68,03;67,39
16/11/2023 11:00;68,22;68,22;67,27;67,42;67,32
16/11/2023 10:00;68,84;68,84;68;68,23;67,21
16/11/2023 09:00;68,91;69,2;68,55;68,83;67,09
14/11/2023 17:05;69,1;69,27;68,87;69,14;66,94
14/11/2023 16:00;69,3;69,56;69,27;69,35;66,78
14/11/2023 15:00;69,44;69,79;69,3;69,3;66,63
14/11/2023 14:00;70,11;70,42;69,24;69,45;66,48
14/11/2023 13:00;68,99;70,14;68,98;70,14;66,34
14/11/2023 12:00;68,53;69,17;68,49;69,01;66,21
14/11/2023 11:00;68,96;69,04;68,28;68,64;66,1
14/11/2023 10:00;68,96;69,2;68,86;68,95;65,96
14/11/2023 09:00;68,99;68,99;68,38;68,95;65,84
13/11/2023 17:05;69,41;69,59;69,2;69,46;65,69
13/11/2023 16:00;69,27;69,27;69,14;69,27;65,56
13/11/2023 15:00;69,27;69,27;68,99;69,21;65,42
13/11/2023 14:00;68,53;69,27;68,53;69,27;65,29
13/11/2023 13:00;67,88;68,62;67,87;68,53;65,18
13/11/2023 12:00;67,16;67,88;67,03;67,83;65,08
13/11/2023 11:00;66,93;67,18;66,91;67,15;64,99
13/11/2023 10:00;66,91;67,22;66,71;66,95;64,91
13/11/2023 09:00;66,05;67;66,03;66,87;64,85
10/11/2023 17:05;65,84;65,95;65,64;65,84;64,8
10/11/2023 16:00;65,7;66,1;65,63;65,76;64,78
10/11/2023 15:00;65,53;65,74;65,51;65,67;64,78
10/11/2023 14:00;65,42;65,56;65,34;65,55;64,78
10/11/2023 13:00;65,27;65,46;65,23;65,42;64,77
10/11/2023 12:00;65,33;65,36;65,15;65,27;64,77
10/11/2023 11:00;65,61;65,77;65,15;65,31;64,77
10/11/2023 10:00;65,42;65,67;65,38;65,6;64,77
10/11/2023 09:00;64,96;65,47;64,83;65,41;64,78
09/11/2023 17:05;64,98;65,13;64,98;65,04;65,13
09/11/2023 16:00;64,87;64,98;64,85;64,95;65,15
09/11/2023 15:00;64,96;65,03;64,8;64,86;65,17
09/11/2023 14:00;64,7;65,03;64,44;64,97;65,19
09/11/2023 13:00;64,88;64,93;64,52;64,74;65,22
09/11/2023 12:00;64,83;64,99;64,8;64,88;65,25
09/11/2023 11:00;64,98;65,07;64,76;64,83;65,23
09/11/2023 10:00;64,87;65,14;64,83;64,98;65,21
09/11/2023 09:00;64,58;65,03;64,58;64,83;65,2
08/11/2023 17:05;65,03;65,03;64,83;64,93;64,83
08/11/2023 16:00;64,83;65,06;64,83;64,98;64,82
08/11/2023 15:00;64,86;64,92;64,75;64,83;64,81
08/11/2023 14:00;65,15;65,17;64,8;64,86;64,79
08/11/2023 13:00;65,01;65,23;65,01;65,13;64,77
08/11/2023 12:00;64,93;65,21;64,84;65,01;65,11
08/11/2023 11:00;64,62;65,01;64,61;64,93;65,1
08/11/2023 10:00;64,61;64,62;64,5;64,62;65,1
08/11/2023 09:00;64,41;64,97;64,23;64,62;65,1
07/11/2023 17:05;64,27;64,36;64,18;64,32;65,12
07/11/2023 16:00;64,42;64,52;64,27;64,29;65,15
07/11/2023 15:00;64,48;64,56;64,32;64,39;65,18
07/11/2023 14:00;65,12;65,19;64,09;64,49;65,18
07/11/2023 13:00;65,51;65,59;65,07;65,08;64,82
07/11/2023 12:00;65,64;65,74;65,51;65,54;64,81
07/11/2023 11:00;65,21;65,68;65,19;65,65;64,79
07/11/2023 10:00;65,16;65,3;65,1;65,19;64,79
07/11/2023 09:00;65,03;65,53;65,03;65,18;64,79
06/11/2023 17:05;65,39;65,54;65,3;65,54;64,79
06/11/2023 16:00;65,45;65,47;65,23;65,44;64,78
06/11/2023 15:00;65,45;65,59;65,24;65,45;64,78
06/11/2023 14:00;65,41;65,51;65,38;65,43;64,77
06/11/2023 13:00;65,52;65,54;65,35;65,38;64,76
06/11/2023 12:00;65,41;65,53;65,31;65,49;64,74
06/11/2023 11:00;65,4;65,74;65,35;65,4;64,73
06/11/2023 10:00;65,59;65,69;65,4;65,4;64,71
06/11/2023 09:00;64,44;65,83;64,44;65,58;64,71
03/11/2023 17:05;64,44;64,54;64,38;64,41;65,08
03/11/2023 16:00;64,56;64,63;64,41;64,44;65,07
03/11/2023 15:00;64,44;64,65;64,37;64,57;65,05
03/11/2023 14:00;64,76;64,86;64,44;64,44;65,03
03/11/2023 13:00;64,72;64,77;64,59;64,74;65,01
03/11/2023 12:00;64,38;64,81;64,37;64,7;65
03/11/2023 11:00;64,31;64,53;64,27;64,38;65,01
03/11/2023 10:00;64,42;64,45;64,24;64,31;65,02
03/11/2023 09:00;64,16;64,53;64,09;64,4;65,02
01/11/2023 17:05;64,51;64,63;64,51;64,62;65
01/11/2023 16:00;64,65;64,7;64,51;64,53;64,98
01/11/2023 15:00;64,91;64,98;64,51;64,65;64,57
01/11/2023 14:00;65,05;65,07;64,81;64,91;64,53
01/11/2023 13:00;65,27;65,36;65,02;65,05;64,48
01/11/2023 12:00;65,24;65,39;65,03;65,26;64,43
01/11/2023 11:00;64,75;65,27;64,66;65,24;64,4
01/11/2023 10:00;65,41;65,45;64,65;64,73;64,36
01/11/2023 09:00;65,28;65,61;65,15;65,42;64,31
31/10/2023 17:05;65,12;65,12;64,61;65,02;64,28
31/10/2023 16:00;65,35;65,38;65,02;65,03;64,23
31/10/2023 15:00;65,18;65,44;65,07;65,33;64,19
31/10/2023 14:00;65,27;65,39;65,18;65,18;64,15
31/10/2023 13:00;65,18;65,34;65,16;65,25;64,11
31/10/2023 12:00;65,31;65,54;65,15;65,19;64,06
31/10/2023 11:00;65,27;65,45;65,14;65,3;64,01
31/10/2023 10:00;64,97;65,29;64,92;65,25;63,96
31/10/2023 09:00;64,94;65,1;64,7;64,97;63,92
30/10/2023 17:05;65,25;65,29;65,02;65,13;63,86
30/10/2023 16:00;65,09;65,44;64,97;65,3;63,81
30/10/2023 15:00;64,54;65,39;64,48;65,13;63,77
30/10/2023 14:00;64,11;64,55;64,08;64,54;63,74
30/10/2023 13:00;64,12;64,25;63,99;64,1;63,71
30/10/2023 12:00;64,07;64,26;63,89;64,14;63,7
30/10/2023 11:00;64,04;64,16;64,02;64,04;63,68
30/10/2023 10:00;64,23;64,23;63,89;64,06;63,66
30/10/2023 09:00;64,42;64,51;64,17;64,22;63,64
27/10/2023 17:05;64,62;64,68;64,46;64,68;63,61
27/10/2023 16:00;64,42;64,7;64,38;64,63;63,59
27/10/2023 15:00;64;64,65;64;64,42;63,58
27/10/2023 14:00;63,84;64,06;63,84;63,99;63,57
27/10/2023 13:00;63,92;64,04;63,79;63,83;63,58
27/10/2023 12:00;63,7;64,08;63,69;63,92;63,59
27/10/2023 11:00;63,73;63,77;63,67;63,73;63,9
27/10/2023 10:00;63,72;63,8;63,63;63,73;63,92
27/10/2023 09:00;63,65;63,88;63,55;63,72;63,95
26/10/2023 17:05;63,74;63,82;63,63;63,73;63,98
26/10/2023 16:00;63,76;63,86;63,63;63,73;64,01
26/10/2023 15:00;63,64;63,78;63,63;63,73;64,04
26/10/2023 14:00;63,66;63,72;63,52;63,64;64,08
26/10/2023 13:00;64,01;64,07;63,63;63,67;64,11
26/10/2023 12:00;64,11;64,17;63,89;64,01;64,14
26/10/2023 11:00;64,18;64,21;63,96;64,12;64,17
26/10/2023 10:00;64,24;64,35;64,07;64,18;64,2
26/10/2023 09:00;63,63;64,38;63,55;64,23;64,24
25/10/2023 17:05;63,73;63,74;63,59;63,63;64,3
25/10/2023 16:00;63,57;63,81;63,52;63,78;64,36
25/10/2023 15:00;63,41;63,84;63,41;63,62;64,41
25/10/2023 14:00;63,35;63,47;63,32;63,42;64,49
25/10/2023 13:00;63,39;63,56;63,3;63,34;64,55
25/10/2023 12:00;63,39;63,6;63,36;63,39;64,63
25/10/2023 11:00;63,37;63,42;63,22;63,39;64,71
25/10/2023 10:00;63,51;63,53;63,15;63,35;64,8
25/10/2023 09:00;63,41;63,68;63,41;63,52;64,86
24/10/2023 17:05;63,52;63,81;63,47;63,58;64,93
24/10/2023 16:00;63,51;63,57;63,41;63,52;64,97
24/10/2023 15:00;63,67;63,69;63,41;63,52;65,01
24/10/2023 14:00;63,89;63,96;63,59;63,68;65,04
24/10/2023 13:00;63,91;64,02;63,87;63,89;65,07
24/10/2023 12:00;63,81;63,97;63,74;63,89;65,09
24/10/2023 11:00;64,12;64,16;63,6;63,81;65,12
24/10/2023 10:00;64,17;64,32;64,01;64,11;65,14
24/10/2023 09:00;64,14;64,27;64,08;64,21;65,17
23/10/2023 17:05;64,36;64,43;64,29;64,36;65,18
23/10/2023 16:00;64,6;64,61;64,25;64,25;65,19
23/10/2023 15:00;64,41;64,79;64,18;64,61;65,2
23/10/2023 14:00;64,57;64,59;64,16;64,38;65,22
23/10/2023 13:00;64,73;64,73;64,46;64,56;65,23
23/10/2023 12:00;64,7;64,84;64,63;64,72;65,24
23/10/2023 11:00;64,75;64,8;64,63;64,69;65,26
23/10/2023 10:00;64,98;64,98;64,59;64,74;65,27
23/10/2023 09:00;64,79;65,13;64,71;64,99;65,3
20/10/2023 17:05;64,95;65,06;64,82;64,97;65,33
20/10/2023 16:00;65,33;65,34;64,92;64,95;65,35
20/10/2023 15:00;65,23;65,34;65,13;65,31;64,98
20/10/2023 14:00;65,55;65,55;65,23;65,23;65
20/10/2023 13:00;65,39;65,72;65,33;65,58;65,01
20/10/2023 12:00;65,34;65,46;65,16;65,36;65,03
20/10/2023 11:00;65,44;65,63;65,33;65,34;65,06
20/10/2023 10:00;65,49;65,58;65,15;65,43;65,1
20/10/2023 09:00;65,92;65,95;65,45;65,51;65,13
19/10/2023 17:05;65,58;65,92;65,57;65,88;65,15
19/10/2023 16:00;65,59;66,05;65,49;65,68;65,18
19/10/2023 15:00;65,56;65,61;65,4;65,6;65,21
19/10/2023 14:00;64,81;65,85;64,75;65,55;65,59
19/10/2023 13:00;64,68;64,82;64,6;64,8;65,65
19/10/2023 12:00;64,74;64,82;64,66;64,71;65,71
19/10/2023 11:00;64,71;64,76;64,59;64,72;65,78
19/10/2023 10:00;64,54;64,91;64,48;64,7;65,85
19/10/2023 09:00;64,51;64,66;64,44;64,55;65,92
18/10/2023 17:05;64,87;65,07;64,82;65,07;65,98
18/10/2023 16:00;64,97;65;64,76;64,86;66,04
18/10/2023 15:00;64,77;65,03;64,67;64,96;66,11
18/10/2023 14:00;64,69;64,86;64,61;64,79;66,17
18/10/2023 13:00;64,92;64,94;64,59;64,68;66,25
18/10/2023 12:00;64,8;65,03;64,8;64,95;66,32
18/10/2023 11:00;65,01;65,11;64,72;64,81;66,35
18/10/2023 10:00;64,59;65,12;64,51;65;66,38
18/10/2023 09:00;64,86;65,2;64,38;64,59;66,4
17/10/2023 17:05;65,07;65,4;64,97;65,15;66,41
17/10/2023 16:00;64,84;65,29;64,74;64,95;66,42
17/10/2023 15:00;65,76;65,83;64,81;64,85;66,42
17/10/2023 14:00;65,94;65,97;65,66;65,74;66,41
17/10/2023 13:00;66,01;66,08;65,9;65,93;66,39
17/10/2023 12:00;65,94;66,02;65,88;66;66,37
17/10/2023 11:00;66,02;66,06;65,66;65,93;66,34
17/10/2023 10:00;65,86;66,07;65,79;66,05;66,31
17/10/2023 09:00;65,74;66,03;65,74;65,85;66,27
16/10/2023 17:05;66,3;66,31;66,15;66,18;65,9
16/10/2023 16:00;66,36;66,48;66,33;66,42;65,84
16/10/2023 15:00;66,5;66,5;66,28;66,36;65,78
16/10/2023 14:00;66,46;66,46;66,36;66,44;65,73
16/10/2023 13:00;66,54;66,67;66,43;66,46;65,67
16/10/2023 12:00;66,34;66,62;66,26;66,54;65,63
16/10/2023 11:00;66,43;66,48;66,26;66,36;65,6
16/10/2023 10:00;66,58;66,8;66,26;66,41;65,57
16/10/2023 09:00;66,39;66,68;66,09;66,58;65,55
13/10/2023 17:05;66,73;66,85;66,58;66,68;65,52
13/10/2023 16:00;66,78;66,85;66,6;66,68;65,49
13/10/2023 15:00;66,73;66,85;66,71;66,77;65,44
13/10/2023 14:00;66,81;66,85;66,66;66,74;65,4
13/10/2023 13:00;66,74;66,88;66,63;66,79;65,36
13/10/2023 12:00;66,71;66,92;66,63;66,73;65,32
13/10/2023 11:00;66,85;66,92;66,42;66,74;65,28
13/10/2023 10:00;66,98;67,05;66,63;66,86;65,22
13/10/2023 09:00;66,39;67,36;66,26;67,03;65,18
11/10/2023 17:05;65,77;65,91;65,71;65,88;65,16
11/10/2023 16:00;65,76;65,93;65,71;65,8;65,14
11/10/2023 15:00;65,71;65,8;65,55;65,77;65,13
11/10/2023 14:00;65,53;65,72;65,47;65,69;65,12
11/10/2023 13:00;65,62;65,75;65,46;65,53;65,11
11/10/2023 12:00;65,6;65,63;65,45;65,61;65,09
11/10/2023 11:00;65,49;65,7;65,39;65,58;65,09
11/10/2023 10:00;65,13;65,6;65,09;65,49;65,09
11/10/2023 09:00;65,45;65,45;65,02;65,12;65,46
10/10/2023 17:05;64,75;65,19;64,74;64,82;65,47
10/10/2023 16:00;64,76;64,95;64,74;64,89;65,47
10/10/2023 15:00;64,77;65,09;64,71;64,74;65,46
10/10/2023 14:00;64,77;64,89;64,67;64,79;65,45
10/10/2023 13:00;64,66;64,84;64,57;64,76;65,43
10/10/2023 12:00;64,86;65,01;64,48;64,6;65,42
10/10/2023 11:00;65,12;65,12;64,7;64,84;65,4
10/10/2023 10:00;65,11;65,15;64,6;65,1;64,99
10/10/2023 09:00;65,48;65,6;65,04;65,07;64,95
09/10/2023 17:05;65,74;65,77;65,5;65,56;64,9
09/10/2023 16:00;65,55;65,82;65,4;65,7;64,85
09/10/2023 15:00;65,72;65,75;65,45;65,53;64,79
09/10/2023 14:00;65,65;65,91;65,62;65,74;64,73
09/10/2023 13:00;65,75;65,76;65,6;65,63;64,66
09/10/2023 12:00;65,71;65,77;65,43;65,77;64,61
09/10/2023 11:00;65,47;65,74;65,42;65,69;64,56
09/10/2023 10:00;65,9;66,08;65,41;65,48;64,52
09/10/2023 09:00;65,56;66,02;65,36;65,9;64,47
06/10/2023 17:05;65,09;65,24;65,07;65,24;64,43
06/10/2023 16:00;65,24;65,24;65,04;65,1;64,4
06/10/2023 15:00;65,2;65,31;65;65,24;64,36
06/10/2023 14:00;65,34;65,44;65,18;65,21;64,3
06/10/2023 13:00;65,24;65,45;65,07;65,33;64,25
06/10/2023 12:00;65,3;65,4;65,13;65,24;64,2
06/10/2023 11:00;65,34;65,93;65,26;65,3;64,15
06/10/2023 10:00;65,42;65,54;65,27;65,35;64,09
06/10/2023 09:00;65,4;65,66;64,86;65,39;64,04
05/10/2023 17:05;65,26;65,4;65,18;65,24;63,98
05/10/2023 16:00;65,38;65,39;65,19;65,26;63,92
05/10/2023 15:00;65,11;65,45;65,05;65,4;63,85
05/10/2023 14:00;65;65,28;64,92;65,12;63,79
05/10/2023 13:00;64,74;65,12;64,59;65,01;63,73
05/10/2023 12:00;64,4;64,88;64,32;64,76;63,68
05/10/2023 11:00;64,12;64,43;64,12;64,43;63,62
05/10/2023 10:00;64,06;64,17;63,86;64,15;63,57
05/10/2023 09:00;64,38;64,76;63,99;64,06;63,51
04/10/2023 17:05;64,38;64,52;64,23;64,27;63,44
04/10/2023 16:00;64,04;64,38;63,98;64,38;63,38
04/10/2023 15:00;64,26;64,26;63,91;64,04;63,32
04/10/2023 14:00;64,13;64,37;64,11;64,27;63,27
04/10/2023 13:00;63,87;64,55;63,8;64,11;63,22
04/10/2023 12:00;63,92;63,92;63,76;63,86;63,17
04/10/2023 11:00;63,7;63,97;63,68;63,91;63,14
04/10/2023 10:00;63,83;63,87;63,64;63,71;63,11
04/10/2023 09:00;63,99;64,28;63,76;63,84;63,07
03/10/2023 17:05;64,27;64,57;64,18;64,54;63,02
03/10/2023 16:00;64,06;64,16;63,99;64,16;62,96
03/10/2023 15:00;64,03;64,16;63,97;64,1;62,9
03/10/2023 14:00;64,09;64,16;64;64,03;62,85
03/10/2023 13:00;63,99;64,1;63,87;64,09;62,79
03/10/2023 12:00;63,95;64,11;63,89;63,99;62,73
03/10/2023 11:00;63,59;64;63,53;63,97;62,7
03/10/2023 10:00;63,78;63,91;63,52;63,54;62,67
03/10/2023 09:00;63,71;64,16;63,65;63,79;62,64
02/10/2023 17:05;63,67;63,81;63,57;63,8;62,61
02/10/2023 16:00;63,6;63,76;63,51;63,68;62,57
02/10/2023 15:00;63,48;63,64;63,47;63,62;62,54
02/10/2023 14:00;63,41;63,58;63,36;63,5;62,5
02/10/2023 13:00;63,33;63,41;63,26;63,39;62,47
02/10/2023 12:00;63,19;63,41;63,11;63,35;62,43
02/10/2023 11:00;63,05;63,25;63,03;63,19;62,39
02/10/2023 10:00;62,92;63,07;62,81;63,04;62,36
02/10/2023 09:00;62,82;63,26;62,8;62,92;62,33
29/09/2023 17:05;62,62;62,66;62,39;62,55;62,65
29/09/2023 16:00;62,45;62,64;62,45;62,62;62,63
29/09/2023 15:00;62,23;62,6;62,19;62,44;62,61
29/09/2023 14:00;62,23;62,32;62,16;62,24;62,6
29/09/2023 13:00;62,4;62,61;62,07;62,22;62,58
29/09/2023 12:00;62,44;62,45;62,23;62,4;62,25
29/09/2023 11:00;62,52;62,61;62,35;62,42;62,24
29/09/2023 10:00;62,55;62,71;62,35;62,51;62,23
29/09/2023 09:00;62,77;62,81;62,46;62,54;62,21
28/09/2023 17:05;62,83;62,9;62,71;62,81;62,16
28/09/2023 16:00;62,82;62,94;62,77;62,84;62,12
28/09/2023 15:00;62,69;63,05;62,56;62,83;62,08
28/09/2023 14:00;62,51;62,69;62,46;62,66;62,04
28/09/2023 13:00;62,3;62,53;62,27;62,5;62,01
28/09/2023 12:00;62,51;62,55;62,23;62,32;61,97
28/09/2023 11:00;62,7;62,77;62,42;62,53;61,92
28/09/2023 10:00;62,32;62,79;62,2;62,71;61,87
28/09/2023 09:00;62,59;62,7;62,07;62,33;61,83
27/09/2023 17:05;62,81;62,85;62,68;62,76;61,77
27/09/2023 16:00;62,76;62,77;62,55;62,65;61,71
27/09/2023 15:00;62,85;63,01;62,56;62,76;61,66
27/09/2023 14:00;62,89;62,96;62,79;62,88;61,59
27/09/2023 13:00;62,46;63,01;62,42;62,89;61,54
27/09/2023 12:00;62,66;62,69;62,35;62,47;61,48
27/09/2023 11:00;62,39;62,65;62,37;62,65;61,42
27/09/2023 10:00;62,45;62,5;62,16;62,41;61,38
27/09/2023 09:00;62,03;62,74;62,01;62,39;61,35
26/09/2023 17:05;61,96;61,96;61,79;61,89;61,32
26/09/2023 16:00;62,09;62,12;61,94;61,95;61,29
26/09/2023 15:00;62,11;62,12;62;62,1;61,25
26/09/2023 14:00;61,94;62,3;61,93;62,11;61,22
26/09/2023 13:00;62;62,1;61,75;61,93;61,2
26/09/2023 12:00;61,8;62,02;61,73;62;61,17
26/09/2023 11:00;62;62;61,8;61,8;61,15
26/09/2023 10:00;62,01;62,12;61,83;61,97;61,13
26/09/2023 09:00;62,44;62,46;61,94;62;61,11
25/09/2023 17:05;62,22;62,23;62;62,12;61,08
25/09/2023 16:00;62,09;62,35;62,07;62,29;61,05
25/09/2023 15:00;61,98;62,26;61,8;62,12;61,03
25/09/2023 14:00;61,61;62,09;61,46;62;61,01
25/09/2023 13:00;61,45;61,68;61,42;61,61;61
25/09/2023 12:00;61,35;61,6;61,35;61,43;60,99
25/09/2023 11:00;61,45;61,46;61,21;61,36;60,98
25/09/2023 10:00;61,35;61,63;61,35;61,44;60,98
25/09/2023 09:00;61,17;61,47;61,12;61,36;60,98
22/09/2023 17:05;61,05;61,15;60,94;60,94;61,24
22/09/2023 16:00;60,87;61,16;60,84;61,05;61,24
22/09/2023 15:00;60,99;61,04;60,84;60,89;61,23
22/09/2023 14:00;60,85;61,08;60,79;60,97;61,23
22/09/2023 13:00;60,97;61,01;60,82;60,84;61,23
22/09/2023 12:00;60,9;60,98;60,86;60,95;61,25
22/09/2023 11:00;61,01;61,03;60,85;60,9;61,27
22/09/2023 10:00;60,93;61,04;60,86;61,02;61,29
22/09/2023 09:00;60,84;61,01;60,71;60,94;61,32
21/09/2023 17:05;60,84;60,88;60,57;60,87;61,35
21/09/2023 16:00;61,03;61,06;60,84;60,87;61,38
21/09/2023 15:00;61,08;61,13;61;61,01;61,4
21/09/2023 14:00;60,97;61,17;60,95;61,1;61,42
21/09/2023 13:00;61,07;61,09;60,94;60,98;61,47
21/09/2023 12:00;61,26;61,32;61,05;61,08;61,51
21/09/2023 11:00;61,09;61,26;61,06;61,26;61,55
21/09/2023 10:00;61,08;61,15;61,01;61,09;61,6
21/09/2023 09:00;61,27;61,42;60,85;61,08;61,63
20/09/2023 17:05;61,35;61,5;61,33;61,48;61,64
20/09/2023 16:00;61,17;61,42;61,16;61,32;61,65
20/09/2023 15:00;61,29;61,39;61,16;61,17;61,66
20/09/2023 14:00;61,24;61,34;61,21;61,27;61,68
20/09/2023 13:00;61,19;61,36;61,16;61,24;61,7
20/09/2023 12:00;61,22;61,26;61,1;61,19;61,72
20/09/2023 11:00;61,14;61,31;61,07;61,22;61,74
20/09/2023 10:00;61,27;61,33;61;61,16;61,75
20/09/2023 09:00;61,37;61,49;61,12;61,28;61,76
19/09/2023 17:05;61,26;61,34;61;61,05;61,76
19/09/2023 16:00;61,48;61,56;61,16;61,19;61,75
19/09/2023 15:00;61,32;61,74;61,12;61,46;61,73
19/09/2023 14:00;60,91;61,45;60,91;61,32;61,73
19/09/2023 13:00;60,91;60,95;60,85;60,91;61,75
19/09/2023 12:00;60,83;60,99;60,77;60,92;61,77
19/09/2023 11:00;60,9;60,91;60,62;60,83;61,79
19/09/2023 10:00;60,75;61,09;60,73;60,91;61,8
19/09/2023 09:00;61,35;61,58;60,49;60,78;61,79
18/09/2023 17:05;61,5;61,53;61,27;61,35;61,78
18/09/2023 16:00;61,77;61,81;61,53;61,59;61,49
18/09/2023 15:00;61,73;61,81;61,72;61,77;61,47
18/09/2023 14:00;61,76;61,86;61,72;61,73;61,45
18/09/2023 13:00;61,76;61,79;61,72;61,78;61,44
18/09/2023 12:00;61,8;61,83;61,72;61,77;61,41
18/09/2023 11:00;61,73;61,85;61,72;61,8;61,4
18/09/2023 10:00;62,1;62,34;61,6;61,73;61,39
18/09/2023 09:00;62,34;62,62;62,02;62,09;61,37
15/09/2023 17:05;62,44;62,55;62,34;62,5;61,33
15/09/2023 16:00;62,29;62,45;62,08;62,41;61,29
15/09/2023 15:00;61,86;62,5;61,86;62,26;61,26
15/09/2023 14:00;61,64;61,86;61,6;61,86;61,24
15/09/2023 13:00;61,49;61,73;61,49;61,63;61,22
15/09/2023 12:00;61,63;61,64;61,35;61,47;61,21
15/09/2023 11:00;61,74;61,81;61,6;61,63;61,22
15/09/2023 10:00;61,71;61,89;61,57;61,76;61,23
15/09/2023 09:00;61,83;62,09;61,48;61,72;61,24
14/09/2023 17:05;61,66;61,83;61,65;61,8;61,24
14/09/2023 16:00;61,6;61,61;61,41;61,59;61,25
14/09/2023 15:00;61,3;61,69;61,17;61,6;61,26
14/09/2023 14:00;61,22;61,32;61,21;61,28;61,54
14/09/2023 13:00;61,23;61,32;61,17;61,22;61,56
14/09/2023 12:00;61,23;61,27;61,21;61,24;61,57
14/09/2023 11:00;61,27;61,28;61,2;61,23;61,58
14/09/2023 10:00;61,27;61,52;61,24;61,28;61,59
14/09/2023 09:00;61,39;61,57;61,07;61,27;61,6
13/09/2023 17:05;61,22;61,69;61,05;61,57;61,61
13/09/2023 16:00;61,22;61,27;61,18;61,22;61,63
13/09/2023 15:00;61,21;61,39;61,16;61,21;61,64
13/09/2023 14:00;61,28;61,32;61,18;61,21;61,66
13/09/2023 13:00;61,22;61,37;61,21;61,28;61,67
13/09/2023 12:00;61,27;61,32;61,18;61,21;61,69
13/09/2023 11:00;61,41;61,41;61,16;61,24;61,71
13/09/2023 10:00;61,43;61,64;61,3;61,44;61,72
13/09/2023 09:00;61,24;61,58;61;61,46;61,74
12/09/2023 17:05;61,33;61,43;61,21;61,43;61,76
12/09/2023 16:00;61,43;61,52;61,33;61,43;61,75
12/09/2023 15:00;61,44;61,58;61,36;61,43;61,74
12/09/2023 14:00;61,13;61,7;61,08;61,44;61,73
12/09/2023 13:00;61,09;61,27;60,98;61,19;61,72
12/09/2023 12:00;61,11;61,31;61,03;61,24;61,72
12/09/2023 11:00;61,03;61,12;60,98;61,1;61,72
12/09/2023 10:00;61,24;61,3;60,83;61,04;61,7
12/09/2023 09:00;61,65;61,66;61,14;61,19;61,68
11/09/2023 17:05;61,99;62,25;61,76;62,1;61,37
11/09/2023 16:00;61,93;61,99;61,89;61,99;61,32
11/09/2023 15:00;61,96;61,98;61,82;61,93;61,26
11/09/2023 14:00;61,76;61,98;61,76;61,96;61,21
11/09/2023 13:00;61,65;61,76;61,63;61,76;61,16
11/09/2023 12:00;61,44;61,65;61,36;61,65;61,13
11/09/2023 11:00;61,74;61,75;61,28;61,43;61,09
11/09/2023 10:00;61,52;61,76;61,46;61,72;61,05
11/09/2023 09:00;61,74;61,86;61,44;61,54;61
08/09/2023 17:05;61,48;61,49;61,21;61,43;60,97
08/09/2023 16:00;61,81;61,81;61,48;61,48;60,92
08/09/2023 15:00;61,82;61,89;61,72;61,82;60,87
08/09/2023 14:00;61,82;61,82;61,67;61,82;60,82
08/09/2023 13:00;61,75;61,93;61,71;61,82;60,77
08/09/2023 12:00;61,7;61,86;61,64;61,75;60,72
08/09/2023 11:00;61,63;61,75;61,52;61,67;60,66
08/09/2023 10:00;61,62;61,75;61,4;61,63;60,61
08/09/2023 09:00;61,48;61,91;61,48;61,58;60,56
06/09/2023 17:05;61,8;62,05;61,76;61,96;60,5
06/09/2023 16:00;61,95;61,98;61,88;61,92;60,43
06/09/2023 15:00;61,92;61,97;61,8;61,95;60,36
06/09/2023 14:00;61,42;61,99;61,37;61,9;60,3
06/09/2023 13:00;61,19;61,42;61,19;61,4;60,25
06/09/2023 12:00;61,13;61,26;61,12;61,2;60,21
06/09/2023 11:00;61,19;61,26;61,05;61,13;60,18
06/09/2023 10:00;61,18;61,2;61,02;61,2;60,14
06/09/2023 09:00;61,14;61,31;61,04;61,18;60,1
05/09/2023 17:05;60,86;60,98;60,81;60,91;60,07
05/09/2023 16:00;60,83;60,86;60,75;60,86;60,04
05/09/2023 15:00;60,47;60,89;60,47;60,81;60,03
05/09/2023 14:00;60,4;60,47;60,3;60,47;60,01
05/09/2023 13:00;60,36;60,43;60,34;60,41;59,99
05/09/2023 12:00;60,28;60,38;60,23;60,33;59,98
05/09/2023 11:00;60,25;60,32;60,23;60,3;59,96
05/09/2023 10:00;60,2;60,34;60,15;60,25;59,95
05/09/2023 09:00;60,3;60,47;60,24;60,24;59,93
04/09/2023 17:05;60,27;60,34;60,15;60,15;59,92
04/09/2023 16:00;60,22;60,36;60,21;60,27;59,91
04/09/2023 15:00;60,19;60,29;60,1;60,23;59,9
04/09/2023 14:00;60,23;60,38;60,09;60,15;59,89
04/09/2023 13:00;60,28;60,33;60,21;60,23;59,88
04/09/2023 12:00;60,27;60,41;60,19;60,27;59,88
04/09/2023 11:00;60,18;60,38;60,18;60,25;59,88
04/09/2023 10:00;60,13;60,28;60,11;60,15;59,88
04/09/2023 09:00;60,33;60,53;60,09;60,09;60,11
01/09/2023 17:05;59,86;60,01;59,84;59,91;60,13
01/09/2023 16:00;60,02;60,03;59,87;59,96;60,16
01/09/2023 15:00;60,03;60,03;59,94;59,97;60,18
01/09/2023 14:00;60,02;60,05;59,96;60;60,21
01/09/2023 13:00;59,87;60,06;59,8;59,96;60,23
01/09/2023 12:00;59,84;59,93;59,74;59,88;60,26
01/09/2023 11:00;59,83;59,94;59,62;59,84;60,29
01/09/2023 10:00;60,04;60,07;59,79;59,81;60,33
01/09/2023 09:00;60,07;60,27;59,92;60,07;60,35
31/08/2023 17:05;59,95;60,07;59,91;60,05;60,38
31/08/2023 16:00;59,87;59,96;59,85;59,91;60,41
31/08/2023 15:00;59,96;60;59,85;59,91;60,43
31/08/2023 14:00;60,02;60,11;59,94;60,02;60,46
31/08/2023 13:00;60,13;60,22;60,02;60,04;60,48
31/08/2023 12:00;59,94;60,15;59,93;60,13;60,5
31/08/2023 11:00;59,8;59,96;59,79;59,94;60,53
31/08/2023 10:00;59,91;59,98;59,79;59,8;60,57
31/08/2023 09:00;60,28;60,33;59,79;59,89;60,59
30/08/2023 17:05;59,79;59,86;59,79;59,86;60,64
30/08/2023 16:00;59,83;59,85;59,78;59,79;60,68
30/08/2023 15:00;59,89;59,89;59,77;59,79;60,72
30/08/2023 14:00;59,89;59,93;59,83;59,88;60,75
30/08/2023 13:00;59,86;60,02;59,86;59,88;60,78
30/08/2023 12:00;59,81;60,01;59,8;59,86;60,8
30/08/2023 11:00;60,04;60,05;59,78;59,81;60,84
30/08/2023 10:00;60,37;60,39;59,88;60,04;60,86
30/08/2023 09:00;60,45;60,48;60,21;60,37;60,87
29/08/2023 17:05;60,23;60,41;60,16;60,3;60,89
29/08/2023 16:00;60,47;60,49;60,02;60,27;60,91
29/08/2023 15:00;60,69;60,69;60,41;60,49;60,93
29/08/2023 14:00;60,64;60,74;60,63;60,69;60,92
29/08/2023 13:00;60,65;60,74;60,59;60,66;60,92
29/08/2023 12:00;60,71;60,78;60,64;60,69;60,93
29/08/2023 11:00;60,71;60,81;60,64;60,71;60,91
29/08/2023 10:00;60,59;60,75;60,53;60,69;60,91
29/08/2023 09:00;60,75;60,8;60,48;60,57;60,91
28/08/2023 17:05;60,8;60,94;60,64;60,69;60,63
28/08/2023 16:00;60,92;61,09;60,77;60,81;60,61
28/08/2023 15:00;60,86;60,99;60,86;60,94;60,59
28/08/2023 14:00;60,59;61,04;60,55;60,86;60,58
28/08/2023 13:00;60,64;60,69;60,55;60,62;60,58
28/08/2023 12:00;60,68;60,71;60,58;60,66;60,57
28/08/2023 11:00;60,82;60,85;60,65;60,71;60,57
28/08/2023 10:00;60,72;60,85;60,56;60,85;60,57
28/08/2023 09:00;60,8;60,86;60,64;60,73;60,54
25/08/2023 17:05;60,86;60,86;60,73;60,86;60,52
25/08/2023 16:00;61,03;61,14;61,01;61,08;60,48
25/08/2023 15:00;60,95;61,09;60,86;61,08;60,45
25/08/2023 14:00;60,94;61,14;60,94;60,98;60,41
25/08/2023 13:00;61,03;61,1;60,93;60,95;60,38
25/08/2023 12:00;60,89;61,09;60,86;61,03;60,34
25/08/2023 11:00;60,75;60,98;60,75;60,86;60,32
25/08/2023 10:00;60,55;60,82;60,53;60,75;60,31
25/08/2023 09:00;60,59;60,65;60,24;60,6;60,31
24/08/2023 17:05;61;61,11;60,94;61,07;60,29
24/08/2023 16:00;60,81;61,03;60,78;60,92;60,28
24/08/2023 15:00;60,89;60,89;60,62;60,8;60,29
24/08/2023 14:00;60,95;61,02;60,84;60,89;60,31
24/08/2023 13:00;61,01;61,14;60,94;60,99;60,33
24/08/2023 12:00;60,59;61,1;60,59;61,01;60,36
24/08/2023 11:00;60,63;60,66;60,42;60,58;60,76
24/08/2023 10:00;60,5;60,68;60,31;60,63;60,78
24/08/2023 09:00;60,68;60,86;60,39;60,51;60,8
23/08/2023 17:05;60,3;60,49;60,19;60,24;60,83
23/08/2023 16:00;60,32;60,49;60,31;60,33;60,85
23/08/2023 15:00;60,58;60,78;60,3;60,33;60,87
23/08/2023 14:00;60,34;60,98;60,3;60,58;60,88
23/08/2023 13:00;60,3;60,48;60,22;60,34;60,9
23/08/2023 12:00;60,53;60,58;60,06;60,3;60,92
23/08/2023 11:00;60,62;60,65;60,48;60,51;60,93
23/08/2023 10:00;60,57;60,85;60,46;60,58;60,92
23/08/2023 09:00;60,62;60,98;60,36;60,59;60,9
22/08/2023 17:05;60,63;60,63;60,46;60,46;60,89
22/08/2023 16:00;60,6;60,73;60,53;60,69;60,88
22/08/2023 15:00;59,94;60,67;59,94;60,63;60,88
22/08/2023 14:00;59,96;60,02;59,92;59,92;60,89
22/08/2023 13:00;59,93;60,06;59,91;59,97;60,88
22/08/2023 12:00;59,98;59,98;59,84;59,93;60,88
22/08/2023 11:00;60,11;60,14;59,77;60;60,87
22/08/2023 10:00;60,37;60,46;60,11;60,11;60,85
22/08/2023 09:00;60,38;60,51;59,81;60,31;60,83
21/08/2023 17:05;60,51;60,51;60,07;60,29;60,82
21/08/2023 16:00;60,29;60,37;60,2;60,3;60,8
21/08/2023 15:00;60,49;60,51;60,22;60,3;60,78
21/08/2023 14:00;60,55;60,67;60,42;60,53;60,37
21/08/2023 13:00;60,95;61,04;60,47;60,53;60,34
21/08/2023 12:00;61,54;61,58;60,91;60,95;60,29
21/08/2023 11:00;61,74;61,79;61,47;61,53;60,22
21/08/2023 10:00;61,69;61,86;61,62;61,74;60,14
21/08/2023 09:00;61,57;61,93;61,25;61,65;60,08
18/08/2023 17:05;61,2;61,54;61,1;61,43;60,03
18/08/2023 16:00;61,18;61,34;61,04;61,25;59,97
18/08/2023 15:00;61,25;61,35;61;61,17;59,93
18/08/2023 14:00;61,03;61,28;60,94;61,25;59,89
18/08/2023 13:00;61,18;61,2;61;61,01;59,84
18/08/2023 12:00;60,98;61,3;60,93;61,19;59,78
18/08/2023 11:00;60,89;61,43;60,89;60,98;59,74
18/08/2023 10:00;60,67;60,98;60,55;60,87;59,71
18/08/2023 09:00;60,83;61,09;60,64;60,68;59,68
17/08/2023 17:05;60,41;61,1;60,28;60,74;59,66
17/08/2023 16:00;60,37;60,5;60,32;60,47;59,64
17/08/2023 15:00;60,09;60,54;59,91;60,33;59,64
17/08/2023 14:00;60,2;60,33;60,02;60,07;59,63
17/08/2023 13:00;60,27;60,37;60,11;60,21;59,63
17/08/2023 12:00;60,36;60,6;60,27;60,3;59,61
17/08/2023 11:00;59,71;60,47;59,7;60,34;59,63
17/08/2023 10:00;59,53;59,71;59,42;59,68;59,96
17/08/2023 09:00;59,57;59,77;59,4;59,61;59,99
16/08/2023 17:05;59,96;59,96;59,51;59,86;60,03
16/08/2023 16:00;59,85;59,95;59,79;59,88;60,09
16/08/2023 15:00;59,83;59,92;59,69;59,79;60,14
16/08/2023 14:00;59,81;60,14;59,79;59,79;60,2
16/08/2023 13:00;59,74;59,85;59,74;59,84;60,26
16/08/2023 12:00;59,74;59,79;59,71;59,75;60,33
16/08/2023 11:00;59,72;59,8;59,67;59,72;60,4
16/08/2023 10:00;59,72;59,83;59,45;59,72;60,48
16/08/2023 09:00;59,63;60,04;59,54;59,75;60,55
15/08/2023 17:05;59,38;59,51;59,34;59,35;60,64
15/08/2023 16:00;59,43;59,51;59,32;59,36;60,72
15/08/2023 15:00;59,49;59,54;59,38;59,42;60,79
15/08/2023 14:00;59,6;59,62;59,45;59,51;60,88
15/08/2023 13:00;59,68;59,75;59,48;59,6;60,95
15/08/2023 12:00;59,69;59,86;59,68;59,68;61,03
15/08/2023 11:00;59,77;59,95;59,59;59,71;61,11
15/08/2023 10:00;59,61;59,91;59,61;59,81;61,19
15/08/2023 09:00;59,74;59,8;59,3;59,6;61,28
14/08/2023 17:05;59,65;59,75;59,53;59,74;61,38
14/08/2023 16:00;59,88;59,96;59,75;59,81;61,47
14/08/2023 15:00;59,77;59,88;59,75;59,85;61,56
14/08/2023 14:00;59,71;60;59,65;59,77;61,66
14/08/2023 13:00;59,92;59,96;59,54;59,71;61,75
14/08/2023 12:00;60,09;60,12;59,87;59,92;61,84
14/08/2023 11:00;60,19;60,39;59,92;60,09;61,93
14/08/2023 10:00;60,19;60,22;59,92;60,12;62,02
14/08/2023 09:00;60,3;60,65;59,84;60,16;62,09
11/08/2023 17:05;60,42;60,63;60,36;60,6;62,17
11/08/2023 16:00;60,32;60,75;60,14;60,54;62,24
11/08/2023 15:00;60,55;60,55;59,92;60,33;62,32
11/08/2023 14:00;61,18;61,22;60,37;60,53;62,37
11/08/2023 13:00;61,38;61,65;60,48;61,18;62,4
11/08/2023 12:00;61,61;61,63;61,33;61,33;62,42
11/08/2023 11:00;61,71;61,74;61,54;61,62;62,44
11/08/2023 10:00;61,64;61,84;61,61;61,73;62,45
11/08/2023 09:00;61,88;61,88;61,56;61,67;62,46
10/08/2023 17:05;61,79;61,95;61,76;61,9;62,45
10/08/2023 16:00;61,98;62,06;61,76;61,76;62,44
10/08/2023 15:00;62,2;62,27;61,9;61,97;62,43
10/08/2023 14:00;61,66;62,25;61,65;62,25;62,4
10/08/2023 13:00;61,71;61,76;61,66;61,66;62,39
10/08/2023 12:00;61,73;61,79;61,67;61,71;62,39
10/08/2023 11:00;61,95;62,09;61,65;61,71;62,38
10/08/2023 10:00;61,96;61,99;61,76;61,95;62,39
10/08/2023 09:00;61,97;62,32;61,89;61,96;62,4
09/08/2023 17:05;62,02;62,22;61,84;62,09;62,07
09/08/2023 16:00;62,26;62,29;62,1;62,1;62,09
09/08/2023 15:00;62,41;62,51;62,16;62,23;62,1
09/08/2023 14:00;62,63;62,69;62,35;62,43;62,1
09/08/2023 13:00;62,64;62,67;62,55;62,63;62,1
09/08/2023 12:00;62,63;62,7;62,61;62,64;62,1
09/08/2023 11:00;62,68;62,89;62,6;62,61;62,09
09/08/2023 10:00;62,81;62,81;62,55;62,68;62,09
09/08/2023 09:00;62,73;62,84;62,49;62,81;62,08
08/08/2023 17:05;62,81;63,06;62,76;62,89;62,07
08/08/2023 16:00;62,72;62,89;62,64;62,84;62,05
08/08/2023 15:00;62,69;62,78;62,54;62,72;62,05
08/08/2023 14:00;62,59;62,89;62,59;62,7;62,04
08/08/2023 13:00;62,68;62,82;62,46;62,58;62,04
08/08/2023 12:00;62,41;63,12;62,4;62,7;62,03
08/08/2023 11:00;62,4;62,55;62,35;62,43;62,02
08/08/2023 10:00;62,17;62,55;62,07;62,44;62,03
08/08/2023 09:00;61,88;62,37;61,88;62,16;62,36
07/08/2023 17:05;62,1;62,32;61,91;62,32;62,36
07/08/2023 16:00;61,99;62,22;61,88;62,16;62,37
07/08/2023 15:00;61,76;62,08;61,71;61,97;62,37
07/08/2023 14:00;61,55;61,76;61,52;61,76;62,39
07/08/2023 13:00;61,57;61,62;61,43;61,55;62,42
07/08/2023 12:00;61,44;61,91;61,44;61,57;62,45
07/08/2023 11:00;61,39;61,48;61,34;61,45;62,49
07/08/2023 10:00;61,54;61,56;61,33;61,42;62,53
07/08/2023 09:00;61,64;61,64;61,26;61,54;62,56
04/08/2023 17:05;61,82;61,92;61,62;61,65;62,58
04/08/2023 16:00;62,08;62,23;61,54;61,83;62,58
04/08/2023 15:00;62,41;62,52;62,01;62,06;62,56
04/08/2023 14:00;62,58;62,63;62,11;62,44;62,25
04/08/2023 13:00;62,59;62,68;62,52;62,58;62,23
04/08/2023 12:00;62,71;62,84;62,44;62,6;62,2
04/08/2023 11:00;62,57;62,88;62,53;62,72;62,2
04/08/2023 10:00;62,59;62,66;62,53;62,61;62,19
04/08/2023 09:00;63,04;63,04;62,52;62,59;62,17
03/08/2023 17:05;62,52;62,76;62,44;62,62;62,15
03/08/2023 16:00;62,51;62,6;62,38;62,42;62,14
03/08/2023 15:00;62,38;62,59;62,33;62,55;62,12
03/08/2023 14:00;62,4;62,5;62,25;62,38;62,12
03/08/2023 13:00;62,43;62,44;62,28;62,38;62,12
03/08/2023 12:00;62,58;62,61;62,34;62,43;62,11
03/08/2023 11:00;62,42;62,62;62,42;62,58;62,12
03/08/2023 10:00;62,49;62,59;62,37;62,45;62,46
03/08/2023 09:00;62,1;62,47;62,07;62,46;62,48
02/08/2023 17:05;62,44;62,64;62,27;62,28;62,5
02/08/2023 16:00;62,35;62,7;62,22;62,45;62,52
02/08/2023 15:00;62,1;62,38;62,1;62,35;62,56
02/08/2023 14:00;62,22;62,31;62,06;62,1;62,59
02/08/2023 13:00;62,15;62,33;62,07;62,22;62,62
02/08/2023 12:00;62,08;62,22;62,05;62,15;62,69
02/08/2023 11:00;62,34;62,34;61,93;62,09;62,76
02/08/2023 10:00;62,37;62,55;62,27;62,34;62,83
02/08/2023 09:00;62,68;62,82;62,18;62,33;62,87
01/08/2023 17:05;62,58;62,71;62,33;62,47;62,91
01/08/2023 16:00;62,59;62,71;62,49;62,57;62,95
01/08/2023 15:00;62,35;62,64;62,26;62,59;62,99
01/08/2023 14:00;62,05;62,37;62,01;62,35;63,05
01/08/2023 13:00;62;62,18;61,96;62,05;63,11
01/08/2023 12:00;61,99;62,09;61,89;62;63,18
01/08/2023 11:00;62,07;62,15;61,93;61,98;63,24
01/08/2023 10:00;61,93;62,29;61,89;62,07;63,29
01/08/2023 09:00;61,92;62,22;61,7;61,93;63,35
31/07/2023 17:05;62,64;62,99;62,46;62,61;63,39
31/07/2023 16:00;62,11;62,55;62,1;62,44;63,44
31/07/2023 15:00;62,06;62,22;61,98;62,1;63,5
31/07/2023 14:00;62,06;62,17;61,88;62,05;63,57
31/07/2023 13:00;61,99;62,19;61,99;62,06;63,64
31/07/2023 12:00;62,27;62,35;61,99;61,99;63,71
31/07/2023 11:00;62,29;62,34;62,22;62,27;63,78
31/07/2023 10:00;62,23;62,45;62,22;62,28;63,86
31/07/2023 09:00;62,33;62,47;62,1;62,24;63,95
28/07/2023 17:05;62,73;62,89;62,67;62,69;64,02
28/07/2023 16:00;62,91;63,05;62,89;63;64,09
28/07/2023 15:00;63,09;63,11;62,79;62,91;64,16
28/07/2023 14:00;63,2;63,31;63,12;63,12;64,21
28/07/2023 13:00;63,31;63,31;63,06;63,19;64,28
28/07/2023 12:00;63,04;63,57;62,96;63,34;64,34
28/07/2023 11:00;62,97;63,17;62,93;63,03;64,42
28/07/2023 10:00;63,02;63,11;62,84;62,96;64,5
28/07/2023 09:00;63,9;64,22;62,94;63;64,56
27/07/2023 17:05;64,51;64,59;64,15;64,37;64,61
27/07/2023 16:00;63,94;64,58;63,84;64,36;64,64
27/07/2023 15:00;63,53;63,96;63,48;63,91;64,7
27/07/2023 14:00;63,85;63,91;63,46;63,53;64,77
27/07/2023 13:00;63,93;63,99;63,79;63,87;64,83
27/07/2023 12:00;63,86;64;63,84;63,93;64,92
27/07/2023 11:00;63,95;64,02;63,85;63,85;64,94
27/07/2023 10:00;63,85;64,1;63,83;63,96;64,96
27/07/2023 09:00;63,8;64,2;63,69;63,87;64,97
26/07/2023 17:05;63,58;63,79;63,51;63,68;64,97
26/07/2023 16:00;63,84;63,96;63,68;63,87;64,96
26/07/2023 15:00;63,95;63,96;63,62;63,91;64,96
26/07/2023 14:00;63,88;64,09;63,87;63,96;64,95
26/07/2023 13:00;63,71;64,02;63,7;63,94;64,96
26/07/2023 12:00;64,1;64,12;63,68;63,76;64,95
26/07/2023 11:00;64,23;64,33;64,03;64,08;64,98
26/07/2023 10:00;63,77;64,36;63,57;64,23;65
26/07/2023 09:00;64,24;64,24;63,7;63,79;65,02
25/07/2023 17:05;64,4;64,65;64,36;64,37;65,04
25/07/2023 16:00;64,77;64,79;64,53;64,64;64,59
25/07/2023 15:00;64,76;64,99;64,61;64,81;64,58
25/07/2023 14:00;64,95;65,02;64,64;64,74;64,57
25/07/2023 13:00;65,03;65,09;64,84;64,98;64,59
25/07/2023 12:00;64,95;65,26;64,81;65,08;64,61
25/07/2023 11:00;64,91;65,03;64,81;64,92;64,67
25/07/2023 10:00;64,81;65,15;64,64;64,92;64,74
25/07/2023 09:00;65,36;65,36;64,44;64,83;64,81
24/07/2023 17:05;65,7;65,71;65,2;65,43;64,86
24/07/2023 16:00;65,45;65,6;65,37;65,56;64,91
24/07/2023 15:00;65,84;65,94;65,09;65,44;64,96
24/07/2023 14:00;65,54;66,03;65,37;65,86;64,99
24/07/2023 13:00;65,56;65,6;65,45;65,54;65,04
24/07/2023 12:00;65,66;65,75;65,37;65,56;65,08
24/07/2023 11:00;65,72;65,87;65,63;65,65;65,06
24/07/2023 10:00;65,88;65,97;65,56;65,74;65,04
24/07/2023 09:00;66,49;66,49;65,44;65,87;65,02
21/07/2023 17:05;64,55;64,64;64,31;64,46;65,71
21/07/2023 16:00;64,35;64,77;64,24;64,45;65,72
21/07/2023 15:00;63,77;64,45;63,73;64,3;65,73
21/07/2023 14:00;63,69;63,85;63,51;63,79;65,77
21/07/2023 13:00;63,56;63,71;63,43;63,7;65,77
21/07/2023 12:00;63,79;64,02;63,51;63,58;65,77
21/07/2023 11:00;63,75;63,8;63,58;63,76;65,75
21/07/2023 10:00;63,46;64,22;63,34;63,71;65,72
21/07/2023 09:00;63,68;63,79;63,17;63,49;65,7
20/07/2023 17:05;65;65,24;64,93;65,07;65,65
20/07/2023 16:00;64,75;65,03;64,7;64,98;65,59
20/07/2023 15:00;64,72;64,93;64,58;64,79;65,55
20/07/2023 14:00;64,86;65,12;64,47;64,7;65,5
20/07/2023 13:00;65;65,46;64,8;64,88;64,76
20/07/2023 12:00;64,98;65,09;64,48;65;64,73
20/07/2023 11:00;65,29;65,35;64,42;64,92;64,69
20/07/2023 10:00;66,37;66,44;65,16;65,27;64,63
20/07/2023 09:00;66,4;66,86;65,54;66,35;64,56
19/07/2023 17:05;67,1;67,1;66,54;66,54;64,45
19/07/2023 16:00;67,27;67,29;66,76;66,94;64,33
19/07/2023 15:00;66,95;67,28;66,74;67,28;64,21
19/07/2023 14:00;67,36;67,43;66,51;66,95;64,09
19/07/2023 13:00;67,4;67,48;66,95;67,39;63,96
19/07/2023 12:00;66,62;67,85;66,57;67,4;63,84
19/07/2023 11:00;67,1;67,12;66,3;66,62;63,74
19/07/2023 10:00;67,63;67,91;66,86;67,1;63,61
19/07/2023 09:00;66,65;67,96;66,62;67,61;63,49
18/07/2023 17:05;65,35;65,36;65,15;65,15;63,41
18/07/2023 16:00;65,1;65,12;64,91;65,03;63,34
18/07/2023 15:00;65,43;65,54;64,83;65,13;63,27
18/07/2023 14:00;65,32;65,56;65,15;65,45;63,18
18/07/2023 13:00;64,62;65,33;64,54;65,32;63,11
18/07/2023 12:00;64,63;64,79;64,4;64,64;63,04
18/07/2023 11:00;63,82;64,81;63,82;64,64;62,99
18/07/2023 10:00;63,79;63,95;63,74;63,82;62,94
18/07/2023 09:00;63,47;64,02;63,22;63,79;62,91
17/07/2023 17:05;62,69;63,11;62,67;62,81;63,29
17/07/2023 16:00;62,35;63,21;62,33;62,96;63,29
17/07/2023 15:00;63,33;63,39;62,34;62,35;63,32
17/07/2023 14:00;63,4;63,49;63,23;63,31;62,91
17/07/2023 13:00;63,44;63,5;63,3;63,35;62,89
17/07/2023 12:00;63,33;63,57;63,15;63,43;62,9
17/07/2023 11:00;63,43;63,56;63,13;63,28;62,9
17/07/2023 10:00;63,97;64,08;63,42;63,43;62,89
17/07/2023 09:00;64,09;64,18;63,6;63,99;62,87
14/07/2023 17:05;63,51;63,57;63,37;63,57;62,85
14/07/2023 16:00;63,38;63,57;63,35;63,5;62,84
14/07/2023 15:00;63,51;63,57;63,34;63,4;62,82
14/07/2023 14:00;63,26;63,55;63,23;63,51;62,81
14/07/2023 13:00;63,21;63,3;63,13;63,26;62,8
14/07/2023 12:00;63,19;63,25;63,03;63,21;62,78
14/07/2023 11:00;63,2;63,31;63,12;63,23;62,75
14/07/2023 10:00;63,37;63,43;62,89;63,23;62,75
14/07/2023 09:00;63,59;63,77;63,19;63,4;62,73
13/07/2023 17:05;63,23;63,4;63,14;63,23;63,25
13/07/2023 16:00;63,24;63,34;63,12;63,25;63,27
13/07/2023 15:00;63;63,34;63;63,26;63,27
13/07/2023 14:00;63;63,12;62,7;63,07;63,28
13/07/2023 13:00;62,8;63,23;62,8;63;63,29
13/07/2023 12:00;62,76;62,97;62,71;62,8;63,31
13/07/2023 11:00;62,55;63,04;62,46;62,76;63,3
13/07/2023 10:00;62,51;62,87;62,44;62,6;63,29
13/07/2023 09:00;62,53;62,69;62,23;62,55;63,29
12/07/2023 17:05;62,41;62,89;62,23;62,25;63,28
12/07/2023 16:00;62,33;62,44;62,22;62,44;63,29
12/07/2023 15:00;62,33;62,44;62,31;62,33;63,3
12/07/2023 14:00;62,29;62,54;62,23;62,33;63,31
12/07/2023 13:00;63,31;63,34;62,1;62,31;63,3
12/07/2023 12:00;63,64;64,19;63,23;63,3;62,8
12/07/2023 11:00;63,09;63,64;63;63,62;62,83
12/07/2023 10:00;63,26;63,33;62,94;63,04;62,85
12/07/2023 09:00;63,67;63,67;63,22;63,26;62,86
11/07/2023 17:05;63,57;63,78;63,19;63,29;62,86
11/07/2023 16:00;63,33;63,46;63,3;63,43;62,86
11/07/2023 15:00;63,12;63,34;63,03;63,34;62,86
11/07/2023 14:00;63,13;63,26;62,63;63,13;62,87
11/07/2023 13:00;63,02;63,34;62,91;63,14;62,88
11/07/2023 12:00;62,94;63,21;62,79;63,04;62,88
11/07/2023 11:00;63,23;63,34;62,93;62,98;62,86
11/07/2023 10:00;63,46;63,48;63,06;63,23;62,84
11/07/2023 09:00;62,78;63,5;62,44;63,44;62,84
10/07/2023 17:05;62,95;62,95;61,99;62,05;63,26
10/07/2023 16:00;63,02;63,21;62,84;63,12;62,85
10/07/2023 15:00;63,49;63,49;62,79;62,98;62,83
10/07/2023 14:00;63,77;63,96;63,47;63,49;62,79
10/07/2023 13:00;63,34;63,91;63,33;63,79;62,76
10/07/2023 12:00;63,32;63,46;63,2;63,35;62,76
10/07/2023 11:00;63,19;63,41;63,07;63,35;62,77
10/07/2023 10:00;63,2;63,62;63,13;63,13;63,29
10/07/2023 09:00;63,34;63,55;62,72;63,22;63,32
07/07/2023 17:05;62,36;62,55;62,34;62,44;63,33
07/07/2023 16:00;62,55;62,67;62,44;62,45;63,32
07/07/2023 15:00;62,5;62,67;62,44;62,51;63,31
07/07/2023 14:00;62,46;62,64;62,44;62,46;63,31
07/07/2023 13:00;62,67;62,68;62,45;62,45;63,32
07/07/2023 12:00;62,69;62,84;62,55;62,69;63,32
07/07/2023 11:00;62,58;62,78;62,38;62,69;63,31
07/07/2023 10:00;63,02;63,03;62,44;62,6;63,29
07/07/2023 09:00;63,12;63,21;62,61;63,02;62,68
06/07/2023 17:05;63,8;64,19;63,79;63,79;62,6
06/07/2023 16:00;63,57;63,85;63,51;63,78;62,53
06/07/2023 15:00;63,57;63,61;63,5;63,57;62,46
06/07/2023 14:00;63,55;63,68;63,39;63,57;62,41
06/07/2023 13:00;63,28;63,57;63,21;63,56;62,35
06/07/2023 12:00;63,08;63,34;63,07;63,29;62,29
06/07/2023 11:00;63,15;63,16;62,95;63,07;62,26
06/07/2023 10:00;63,17;63,25;63,02;63,12;62,22
06/07/2023 09:00;63,17;63,42;62,91;63,17;62,19
05/07/2023 17:05;62,52;63,12;62,44;62,78;62,17
05/07/2023 16:00;62,5;62,55;62,28;62,49;62,15
05/07/2023 15:00;63;63;62,38;62,47;62,2
05/07/2023 14:00;62,97;63,41;62,61;63,07;62,24
05/07/2023 13:00;62,78;63,06;62,66;62,97;62,29
05/07/2023 12:00;62,37;62,86;62,22;62,82;62,33
05/07/2023 11:00;63,71;64;62,22;62,37;62,37
05/07/2023 10:00;63,44;64,11;62,43;63,74;62,41
05/07/2023 09:00;63,53;63,96;63,23;63,42;62,41
04/07/2023 17:05;63,41;63,68;63,26;63,68;62,41
04/07/2023 16:00;64,23;64,24;63,46;63,68;62,4
04/07/2023 15:00;62,88;64,36;62,84;64,23;62,42
04/07/2023 14:00;62,19;62,89;62,16;62,88;63,1
04/07/2023 13:00;62,31;62,33;61,88;62,22;63,16
04/07/2023 12:00;62,49;62,55;62,24;62,32;63,23
04/07/2023 11:00;62,5;62,7;62,45;62,49;63,29
04/07/2023 10:00;62,57;62,88;62,34;62,5;63,36
04/07/2023 09:00;62,5;62,77;62,11;62,57;63,42
03/07/2023 17:05;62,23;62,49;62,05;62,24;63,51
03/07/2023 16:00;62;62,33;61,92;62,33;63,61
03/07/2023 15:00;61,97;62,14;61,76;61,95;63,7
03/07/2023 14:00;61,55;62,53;61,48;62;63,79
03/07/2023 13:00;61,54;61,7;61,48;61,55;63,9
03/07/2023 12:00;61,8;61,88;61,49;61,55;64
03/07/2023 11:00;61,73;61,99;61,6;61,79;64,15
03/07/2023 10:00;61,91;62,22;61,58;61,72;64,27
03/07/2023 09:00;62,93;63,57;61,25;61,88;64,35
30/06/2023 17:05;61,99;62,51;61,99;62,5;64,45
30/06/2023 16:00;62,16;62,4;61,9;62,36;64,56
30/06/2023 15:00;62,33;62,53;62,01;62,2;64,67
30/06/2023 14:00;61,88;62,43;61,76;62,33;64,79
30/06/2023 13:00;64,2;64,36;61,62;61,88;64,83
30/06/2023 12:00;64,09;64,36;63,94;64,18;64,89
30/06/2023 11:00;64,39;64,51;63,86;64,12;65,06
30/06/2023 10:00;64,08;64,68;64,08;64,38;65,18
30/06/2023 09:00;63,58;64,22;63,48;64,06;65,3
29/06/2023 17:05;63,79;63,79;63,37;63,46;65,39
29/06/2023 16:00;63,77;63,85;63,57;63,77;65,49
29/06/2023 15:00;63,66;64,02;63,46;63,78;65,58
29/06/2023 14:00;63,2;63,95;63,19;63,65;65,69
29/06/2023 13:00;63,41;63,48;63,14;63,19;65,81
29/06/2023 12:00;63,85;63,87;63,34;63,41;65,95
29/06/2023 11:00;63,76;64,03;63,55;63,85;66,07
29/06/2023 10:00;63,71;64,05;63,57;63,76;66,2
29/06/2023 09:00;64,55;64,55;63,47;63,73;66,34
28/06/2023 17:05;64,62;64,68;64,47;64,58;66,47
28/06/2023 16:00;64,68;64,81;64,58;64,68;66,58
28/06/2023 15:00;64,66;64,81;64,53;64,7;66,7
28/06/2023 14:00;64,91;65,2;64,49;64,66;66,79
28/06/2023 13:00;64,89;65,15;64,63;64,91;66,93
28/06/2023 12:00;64,64;64,94;64,48;64,86;67,09
28/06/2023 11:00;64,53;65,08;64,37;64,68;67,29
28/06/2023 10:00;64,72;65,07;64,36;64,55;67,5
28/06/2023 09:00;64,84;64,98;64,18;64,73;67,71
27/06/2023 17:05;65,87;66,33;65,28;65,29;67,89
27/06/2023 16:00;65,61;65,94;65,39;65,88;68,07
27/06/2023 15:00;65,43;65,81;65,39;65,6;68,25
27/06/2023 14:00;65,52;65,72;65,26;65,42;68,45
27/06/2023 13:00;65,48;65,59;65,37;65,48;68,67
27/06/2023 12:00;65,79;65,79;65,44;65,5;68,86
27/06/2023 11:00;65,73;65,94;65,54;65,75;69,09
27/06/2023 10:00;65,62;65,73;65,13;65,72;69,32
27/06/2023 09:00;65,26;66,04;65;65,63;69,54
26/06/2023 17:05;68,31;69,71;68,31;69,09;69,64
26/06/2023 16:00;67,78;68,19;67,12;68,08;69,78
26/06/2023 15:00;66,61;67,77;66,54;67,77;69,92
26/06/2023 14:00;66,5;66,77;66,42;66,65;70,1
26/06/2023 13:00;66,54;66,62;66,28;66,44;70,29
26/06/2023 12:00;66,19;66,84;66,12;66,56;70,48
26/06/2023 11:00;67,03;67,1;66,05;66,18;70,62
26/06/2023 10:00;67,23;67,3;66,39;67,05;70,69
26/06/2023 09:00;67,4;68,12;66,94;67,24;70,73
23/06/2023 17:05;67,46;67,64;67,23;67,5;70,79
23/06/2023 16:00;67,73;67,9;67,51;67,52;70,82
23/06/2023 15:00;68,39;68,73;67,67;67,7;70,84
23/06/2023 14:00;67,77;68,55;67,72;68,36;70,86
23/06/2023 13:00;68,02;68,16;67,55;67,85;70,91
23/06/2023 12:00;67,83;68,19;67,79;68,04;70,95
23/06/2023 11:00;67,72;68,03;67,47;67,85;70,99
23/06/2023 10:00;69,28;69,28;67,66;67,72;70,99
23/06/2023 09:00;69,32;69,93;69,1;69,29;70,96
22/06/2023 17:05;70,89;70,89;69,78;70,31;70,18
22/06/2023 16:00;71,24;71,54;70,45;70,82;70,11
22/06/2023 15:00;71,06;71,32;70,97;71,28;70,01
22/06/2023 14:00;71,32;71,46;70,91;71,09;69,92
22/06/2023 13:00;71,12;71,35;71,06;71,33;69,79
22/06/2023 12:00;71,16;71,38;70,78;71,12;69,66
22/06/2023 11:00;71,5;71,78;70,96;71,12;69,61
22/06/2023 10:00;71,19;72,07;70,95;71,49;69,56
22/06/2023 09:00;71,01;71,45;70,67;71,14;69,51
21/06/2023 17:05;72,96;72,96;72,44;72,81;69,39
21/06/2023 16:00;72,66;72,66;72,64;72,66;69,26
21/06/2023 15:00;72,66;72,66;72,51;72,66;69,14
21/06/2023 14:00;72,13;72,66;72,03;72,66;69,02
21/06/2023 13:00;72,1;72,25;72,01;72,15;68,91
21/06/2023 12:00;71,75;72,09;71,72;72,09;68,77
21/06/2023 11:00;72,2;72,24;71,58;71,75;68,61
21/06/2023 10:00;71,71;72,25;71,5;72,2;68,44
21/06/2023 09:00;71,99;72,53;71,57;71,69;68,26
20/06/2023 17:05;69,37;71,4;69,26;71,22;68,15
20/06/2023 16:00;69,26;69,34;68,99;69,26;68,03
20/06/2023 15:00;69,03;69,29;69,03;69,26;67,92
20/06/2023 14:00;68,64;69,32;68,49;69,05;67,82
20/06/2023 13:00;68,53;68,84;68,26;68,64;67,73
20/06/2023 12:00;69;69,26;68,44;68,53;67,62
20/06/2023 11:00;68,08;69,19;67,98;69;67,5
20/06/2023 10:00;69,28;69,65;67,74;68,08;67,4
20/06/2023 09:00;67,99;69,53;67,85;69,26;67,29
19/06/2023 17:05;69,1;69,25;68,75;68,94;67,15
19/06/2023 16:00;68,78;69,06;68,64;69,06;67,02
19/06/2023 15:00;68,97;69,17;68,76;68,76;66,87
19/06/2023 14:00;69,12;69,38;68,53;68,97;66,73
19/06/2023 13:00;68,38;69,25;68,38;69,11;66,59
19/06/2023 12:00;68,23;68,49;67,87;68,37;66,47
19/06/2023 11:00;68,14;68,57;68,1;68,25;66,33
19/06/2023 10:00;67,48;68,37;67,14;68,13;66,26
19/06/2023 09:00;69,09;69,14;67,07;67,47;66,19
16/06/2023 17:05;69,49;69,89;69,37;69,88;66,05
16/06/2023 16:00;69,6;69,88;69,6;69,79;65,92
16/06/2023 15:00;69,15;69,81;69,11;69,56;65,8
16/06/2023 14:00;68,93;69,24;68,81;69,16;65,7
16/06/2023 13:00;69,06;69,2;68,83;68,88;65,59
16/06/2023 12:00;69,47;69,78;68,76;69,08;65,47
16/06/2023 11:00;68,81;69,56;68,46;69,46;65,36
16/06/2023 10:00;69,36;69,47;68,64;68,83;65,24
16/06/2023 09:00;67,63;69,6;67,55;69,38;65,16
15/06/2023 17:05;66,93;67,49;66,67;67,39;65,1
15/06/2023 16:00;66,75;67,03;66,54;66,77;65,05
15/06/2023 15:00;66,66;66,99;66,3;66,75;65,02
15/06/2023 14:00;65,92;66,94;65,8;66,63;65
15/06/2023 13:00;66,1;66,16;65,44;65,92;64,99
15/06/2023 12:00;66,07;66,44;65,71;66,1;64,97
15/06/2023 11:00;65,71;66,17;65,6;66,09;64,95
15/06/2023 10:00;65,32;65,77;65,32;65,71;64,92
15/06/2023 09:00;65,36;65,78;65,18;65,36;64,91
14/06/2023 17:05;64,93;65,19;64,51;64,55;65,35
14/06/2023 16:00;64,92;65,15;64,7;65,09;65,35
14/06/2023 15:00;64,68;65,37;64,64;64,9;65,34
14/06/2023 14:00;64,65;64,95;64,57;64,63;65,35
14/06/2023 13:00;64,54;64,7;64,53;64,64;65,39
14/06/2023 12:00;64,54;64,63;64,36;64,56;65,43
14/06/2023 11:00;64,31;64,79;64,3;64,57;65,44
14/06/2023 10:00;64,45;64,67;64,24;64,31;65,46
14/06/2023 09:00;64,24;64,55;64,24;64,41;65,47
13/06/2023 17:05;64,7;64,73;63,99;64,55;65,46
13/06/2023 16:00;65,19;65,2;64,82;64,82;65,45
13/06/2023 15:00;65,44;65,47;65,16;65,19;64,96
13/06/2023 14:00;65,62;65,74;65,26;65,48;64,94
13/06/2023 13:00;65,88;65,94;65,6;65,62;64,91
13/06/2023 12:00;65,82;65,94;65,59;65,9;64,87
13/06/2023 11:00;65,79;65,88;65,69;65,82;64,83
13/06/2023 10:00;65,64;65,91;65,54;65,77;64,79
13/06/2023 09:00;65,66;66,15;65,23;65,64;64,76
12/06/2023 17:05;65,19;65,24;65,04;65,18;64,72
12/06/2023 16:00;65,34;65,48;65,15;65,26;64,68
12/06/2023 15:00;65,15;65,47;65,04;65,35;64,66
12/06/2023 14:00;65,32;65,33;64,81;65,16;64,66
12/06/2023 13:00;65,39;65,39;65,29;65,29;64,64
12/06/2023 12:00;65,43;65,6;65,37;65,43;64,61
12/06/2023 11:00;65,39;65,5;65,1;65,39;64,59
12/06/2023 10:00;65,38;65,6;65,26;65,44;64,55
12/06/2023 09:00;65,61;66,22;65,06;65,38;64,53
09/06/2023 17:05;64,82;65,15;64,79;65,07;64,51
09/06/2023 16:00;65,08;65,12;64,7;64,81;64,5
09/06/2023 15:00;65,2;65,27;64,7;65,13;64,48
09/06/2023 14:00;65,01;65,35;64,94;65,2;64,48
09/06/2023 13:00;64,81;65,03;64,48;65;64,49
09/06/2023 12:00;65,06;65,13;64,72;64,81;64,49
09/06/2023 11:00;65,36;65,44;64,98;65,13;64,49
09/06/2023 10:00;65,32;65,65;64,97;65,41;64,49
09/06/2023 09:00;64,86;65,99;64,64;65,34;64,49
07/06/2023 17:05;65;65,15;64,86;64,86;65,08
07/06/2023 16:00;64,82;65,08;64,64;64,92;65,12
07/06/2023 15:00;64,51;64,86;64,38;64,83;65,15
07/06/2023 14:00;64,41;64,56;64,31;64,49;65,18
07/06/2023 13:00;64,67;64,74;64,32;64,41;65,21
07/06/2023 12:00;64,66;64,76;64,3;64,67;65,26
07/06/2023 11:00;64,9;64,9;64,64;64,64;65,31
07/06/2023 10:00;64,83;65,15;64,66;64,85;65,35
07/06/2023 09:00;64,86;65,25;64,64;64,81;65,39
06/06/2023 17:05;64,49;64,56;64,39;64,53;65,43
06/06/2023 16:00;64,39;64,54;64,24;64,46;65,45
06/06/2023 15:00;64,29;64,51;64,24;64,42;65,48
06/06/2023 14:00;64,17;64,39;63,96;64,29;65,51
06/06/2023 13:00;64,68;64,7;63,86;64,18;65,54
06/06/2023 12:00;65;65,12;64,46;64,64;65,55
06/06/2023 11:00;64,92;65,12;64,88;65,03;65,55
06/06/2023 10:00;65,09;65,3;64,8;64,89;65,52
06/06/2023 09:00;64,84;65,35;64,54;65,11;65,49
05/06/2023 17:05;64,27;64,53;64,26;64,42;65,48
05/06/2023 16:00;64,44;64,49;64,24;64,36;65,48
05/06/2023 15:00;64,41;64,58;64,3;64,46;65,48
05/06/2023 14:00;64,32;64,63;64,29;64,45;65,5
05/06/2023 13:00;64,46;64,99;64,3;64,33;65,49
05/06/2023 12:00;65,11;65,13;64,2;64,48;65,45
05/06/2023 11:00;65,23;65,23;64,82;65,13;64,73
05/06/2023 10:00;65,37;65,39;64,81;65,29;64,78
05/06/2023 09:00;65,07;65,81;64,72;65,37;64,83
02/06/2023 17:05;65,33;65,71;65,09;65,15;64,88
02/06/2023 16:00;65,77;65,77;65,03;65,32;64,92
02/06/2023 15:00;66,39;66,61;64,65;65,87;64,98
02/06/2023 14:00;66,23;66,63;66,23;66,37;65,03
02/06/2023 13:00;65,51;66,35;65,51;66,23;65,1
02/06/2023 12:00;65,23;65,59;65,15;65,52;65,87
02/06/2023 11:00;65,26;65,6;65,18;65,26;66,01
02/06/2023 10:00;65,53;65,63;64,86;65,3;66,15
02/06/2023 09:00;65,41;66,25;65,41;65,56;66,27
01/06/2023 17:05;66,24;66,24;65,84;66,05;66,38
01/06/2023 16:00;66,16;66,44;66,15;66,27;66,48
01/06/2023 15:00;65,51;66,35;65,41;66,16;66,58
01/06/2023 14:00;65,08;65,83;64,99;65,5;66,71
01/06/2023 13:00;65,12;65,16;64,81;65,08;66,86
01/06/2023 12:00;65,2;65,44;64,89;65,13;67,02
01/06/2023 11:00;65,13;65,43;65,04;65,21;67,14
01/06/2023 10:00;64,63;65,56;64,54;65,19;67,27
01/06/2023 09:00;64,58;65,33;64,41;64,58;67,4
31/05/2023 17:05;64,79;65;64,08;64,08;67,55
31/05/2023 16:00;64,36;64,62;64,08;64,58;67,7
31/05/2023 15:00;64,02;64,47;63,9;64,36;67,83
31/05/2023 14:00;64,08;64,11;63,69;64,01;67,94
31/05/2023 13:00;64,13;64,5;64,05;64,08;68,04
31/05/2023 12:00;64,62;64,7;63,87;64,11;68,14
31/05/2023 11:00;64,32;65,15;64,04;64,62;68,18
31/05/2023 10:00;63,91;64,56;63,68;64,29;68,25
31/05/2023 09:00;63,13;64,01;63,13;63,9;68,35
30/05/2023 17:05;65,37;65,91;64,73;64,93;68,35
30/05/2023 16:00;66,25;66,27;66,25;66,25;68,35
30/05/2023 15:00;66,46;66,56;66,25;66,25;68,35
30/05/2023 14:00;66,69;66,77;66,44;66,45;68,35
30/05/2023 13:00;66,79;66,81;66,4;66,72;68,35
30/05/2023 12:00;67,83;67,84;66,5;66,79;68,3
30/05/2023 11:00;67,82;67,95;67,73;67,85;67,47
30/05/2023 10:00;68,21;68,21;67,63;67,74;67,42
30/05/2023 09:00;69,37;69,37;67,41;68,21;67,39
29/05/2023 17:05;69,65;69,77;69,52;69,71;67,28
29/05/2023 16:00;69,63;69,81;69,55;69,71;67,17
29/05/2023 15:00;69,4;69,87;69,28;69,63;67,07
29/05/2023 14:00;69,19;69,51;68,98;69,4;66,95
29/05/2023 13:00;69,2;69,4;68,79;69,27;66,83
29/05/2023 12:00;69,4;69,53;68,96;69,2;66,7
29/05/2023 11:00;68,97;69,8;68,64;69,33;66,61
29/05/2023 10:00;69,43;69,45;68;68,96;66,54
29/05/2023 09:00;68,97;70,2;68,5;69,49;66,41
26/05/2023 17:05;69,07;69,29;68,89;68,9;66,26
26/05/2023 16:00;68,92;69,27;68,91;69,09;66,09
26/05/2023 15:00;67,95;69,25;67,9;68,93;65,95
26/05/2023 14:00;68,99;69,49;67,74;67,95;65,82
26/05/2023 13:00;68,1;69,23;68,1;68,98;65,67
26/05/2023 12:00;67,33;68,18;67,33;68,08;65,53
26/05/2023 11:00;67,36;67,45;67,17;67,33;65,4
26/05/2023 10:00;67,24;67,59;67,17;67,38;65,3
26/05/2023 09:00;67,29;67,75;66,99;67,21;65,22
25/05/2023 17:05;66,41;66,41;66;66,34;65,16
25/05/2023 16:00;66,56;66,7;66,1;66,27;65,09
25/05/2023 15:00;66,07;66,74;66,01;66,59;65,03
25/05/2023 14:00;65,8;66,16;65,6;66,07;64,96
25/05/2023 13:00;66,08;66,13;65,72;65,74;64,91
25/05/2023 12:00;66,31;66,5;65,99;66,09;64,87
25/05/2023 11:00;66,63;66,86;66,16;66,31;64,81
25/05/2023 10:00;65,96;66,88;65,94;66,61;64,76
25/05/2023 09:00;65,81;66,15;65,16;65,94;64,71
24/05/2023 17:05;66,45;66,61;65,83;66,05;64,65
24/05/2023 16:00;66,8;67,29;66,39;66,39;64,56
24/05/2023 15:00;66,53;66,84;66,27;66,78;64,47
24/05/2023 14:00;66,52;66,6;66,17;66,49;64,38
24/05/2023 13:00;66,66;67,29;66,41;66,54;64,27
24/05/2023 12:00;66,48;67,63;66,23;66,65;64,15
24/05/2023 11:00;65,52;66,6;65,45;66,45;64,06
24/05/2023 10:00;65,74;65,77;65,26;65,5;63,99
24/05/2023 09:00;66,05;66,15;64,93;65,74;63,92
23/05/2023 17:05;66,77;66,78;65,96;66,37;63,81
23/05/2023 16:00;65,79;66,84;65,79;66,61;63,7
23/05/2023 15:00;64,67;66,77;64,67;65,79;63,62
23/05/2023 14:00;64,29;64,81;64,29;64,67;63,55
23/05/2023 13:00;63,99;64,4;63,91;64,35;63,48
23/05/2023 12:00;63,94;64,04;63,76;64,02;63,4
23/05/2023 11:00;63,87;64,02;63,79;63,94;63,42
23/05/2023 10:00;63,84;63,93;63,68;63,91;63,45
23/05/2023 09:00;63,48;63,94;63,14;63,82;63,5
22/05/2023 17:05;64,28;64,28;63,3;63,55;63,54
22/05/2023 16:00;64,48;64,51;64,22;64,3;63,57
22/05/2023 15:00;64,55;65,01;64,46;64,48;63,58
22/05/2023 14:00;64,32;64,77;64,29;64,56;63,6
22/05/2023 13:00;64,24;64,45;63,99;64,24;63,63
22/05/2023 12:00;64,17;64,58;64,03;64,24;63,66
22/05/2023 11:00;64,15;64,15;63,74;64,14;63,73
22/05/2023 10:00;65,03;65,23;64,03;64,13;63,78
22/05/2023 09:00;65,1;65,54;64,81;65,03;63,81
19/05/2023 17:05;64,72;65,25;64,53;64,94;63,84
19/05/2023 16:00;64,27;64,9;64,24;64,54;64,62
19/05/2023 15:00;64,42;64,72;63,83;64,23;64,67
19/05/2023 14:00;64,02;65,06;64;64,37;64,71
19/05/2023 13:00;64,06;64,1;63,69;64,02;64,81
19/05/2023 12:00;63,99;64,41;63,57;64,04;64,88
19/05/2023 11:00;63,75;65,12;63,57;63,96;64,94
19/05/2023 10:00;63,06;64,12;62,89;63,79;65,01
19/05/2023 09:00;62,67;63,61;62,67;63,06;65,15
18/05/2023 17:05;63,55;63,55;62,75;62,84;65,3
18/05/2023 16:00;63,59;63,75;63,26;63,46;65,45
18/05/2023 15:00;62,89;63,68;62,88;63,6;65,61
18/05/2023 14:00;62,62;62,94;62,55;62,89;65,79
18/05/2023 13:00;62,76;63,06;62,55;62,55;65,98
18/05/2023 12:00;62,33;63,03;62,13;62,67;66,17
18/05/2023 11:00;62,62;63,11;62,25;62,36;66,32
18/05/2023 10:00;62,63;62,67;61,75;62,67;66,49
18/05/2023 09:00;63,97;64,17;61,47;62,6;66,61
17/05/2023 17:05;64,59;64,68;64,44;64,44;66,73
17/05/2023 16:00;64,64;64,81;64,57;64,7;66,83
17/05/2023 15:00;64,65;64,66;64,53;64,64;66,94
17/05/2023 14:00;64,9;64,95;64,64;64,66;67,04
17/05/2023 13:00;65,03;65,06;64,89;64,92;67,16
17/05/2023 12:00;65,08;65,46;64,83;65,04;67,27
17/05/2023 11:00;65,09;65,18;64,84;65,1;67,4
17/05/2023 10:00;65,24;65,26;64,98;65,08;67,53
17/05/2023 09:00;65,6;65,84;65,03;65,25;67,64
16/05/2023 17:05;65,8;66,05;65,8;66,05;67,73
16/05/2023 16:00;65,65;66,06;65,62;65,92;67,83
16/05/2023 15:00;66,07;66,07;65,52;65,64;67,94
16/05/2023 14:00;66,5;66,58;65,61;66,05;68,04
16/05/2023 13:00;66,28;66,72;66,27;66,5;68,13
16/05/2023 12:00;65,94;66,35;65,84;66,27;68,24
16/05/2023 11:00;66,17;66,27;65,82;65,9;68,33
16/05/2023 10:00;66,51;66,98;66,05;66,18;68,4
16/05/2023 09:00;65,94;66,61;65,48;66,5;68,49
15/05/2023 17:05;66,48;66,81;66,44;66,6;68,55
15/05/2023 16:00;66,12;66,43;66;66,3;68,63
15/05/2023 15:00;67,4;67,61;65,97;66,21;68,67
15/05/2023 14:00;68,11;68,13;67,28;67,38;68,7
15/05/2023 13:00;68,2;68,38;67,98;68,08;68,73
15/05/2023 12:00;68,21;68,41;67,93;68,2;68,76
15/05/2023 11:00;68,08;68,4;68,08;68,2;68,83
15/05/2023 10:00;68,37;68,64;68,02;68,03;68,89
15/05/2023 09:00;68,01;68,75;67,55;68,4;68,98
12/05/2023 17:05;67,5;67,59;67,34;67,51;69,11
12/05/2023 16:00;67,63;67,72;67,51;67,51;69,26
12/05/2023 15:00;67,23;67,91;67,23;67,7;69,41
12/05/2023 14:00;67,51;68,08;67,19;67,23;69,58
12/05/2023 13:00;67,42;67,91;66,95;67,59;69,77
12/05/2023 12:00;67,84;67,84;67,36;67,51;69,95
12/05/2023 11:00;68,17;68,17;67,74;67,88;70,15
12/05/2023 10:00;68,5;68,6;68,12;68,19;70,33
12/05/2023 09:00;68,25;68,81;67,73;68,52;70,5
11/05/2023 17:05;68,74;69,05;68,66;69,05;70,66
11/05/2023 16:00;69,05;69,07;68,87;68,87;70,8
11/05/2023 15:00;68,73;69,18;68,38;69,01;70,94
11/05/2023 14:00;68,83;68,84;68,27;68,74;71,09
11/05/2023 13:00;68,81;69,05;68,75;68,85;71,21
11/05/2023 12:00;69,12;69,4;68,81;68,81;71,33
11/05/2023 11:00;69,08;69,54;68,98;69,14;71,43
11/05/2023 10:00;68,79;69,25;68,61;69,09;71,52
11/05/2023 09:00;68,92;69,74;68,38;68,81;71,6
10/05/2023 17:05;68,97;69,01;68,64;68,92;71,7
10/05/2023 16:00;68,89;69,06;68,76;68,98;71,8
10/05/2023 15:00;68,55;69,31;68,34;68,89;71,89
10/05/2023 14:00;68,3;68,64;68,22;68,53;72,01
10/05/2023 13:00;68,74;68,74;67,87;68,3;72,13
10/05/2023 12:00;68,98;68,98;68,43;68,72;72,24
10/05/2023 11:00;68,89;69,09;68,75;68,98;72,34
10/05/2023 10:00;68,82;69,17;68,75;68,87;72,44
10/05/2023 09:00;69,32;69,32;68,43;68,75;72,54
09/05/2023 17:05;70,13;70,42;69,74;69,94;72,59
09/05/2023 16:00;70,57;70,64;70,09;70,14;72,63
09/05/2023 15:00;70,89;71,22;70,5;70,51;72,65
09/05/2023 14:00;71,3;71,45;70,67;70,86;72,65
09/05/2023 13:00;72,19;72,28;71,26;71,35;72,64
09/05/2023 12:00;72,37;72,42;71,94;72,19;72,1
09/05/2023 11:00;72,81;73,15;72,18;72,36;72,06
09/05/2023 10:00;73,39;73,55;72,77;72,81;72,02
09/05/2023 09:00;72,83;73,46;72,7;73,37;71,96
08/05/2023 17:05;73,76;73,97;73,5;73,63;71,9
08/05/2023 16:00;74,01;74,01;73,66;73,8;71,81
08/05/2023 15:00;73,71;74,11;73,68;74,03;71,72
08/05/2023 14:00;73,18;73,82;73,18;73,71;71,64
08/05/2023 13:00;73,06;73,22;72,97;73,2;71,57
08/05/2023 12:00;73,2;73,33;72,89;73,04;71,48
08/05/2023 11:00;72,64;73,44;72,6;73,25;71,45
08/05/2023 10:00;72,58;72,7;72,46;72,58;71,44
08/05/2023 09:00;72,11;73;71,81;72,64;71,44
05/05/2023 17:05;72,03;72,28;71,83;72,11;71,45
05/05/2023 16:00;72,03;72,07;72;72,02;71,45
05/05/2023 15:00;71,95;72,12;71,9;72,01;71,46
05/05/2023 14:00;72,02;72,12;71,91;71,94;71,47
05/05/2023 13:00;72,02;72,02;71,91;72,02;71,47
05/05/2023 12:00;71,97;72,06;71,93;72;71,45
05/05/2023 11:00;72,08;72,18;71,85;71,97;71,48
05/05/2023 10:00;71,91;72,34;71,84;72,08;71,52
05/05/2023 09:00;71,47;72,13;71,46;71,92;72,1
04/05/2023 17:05;71,85;72,26;71,81;72,13;72,13
04/05/2023 16:00;72;72,18;71,81;72,02;72,19
04/05/2023 15:00;71,57;72,19;71,51;71,92;72,26
04/05/2023 14:00;71,4;72;71,21;71,51;72,28
04/05/2023 13:00;71,69;71,8;71,02;71,36;72,32
04/05/2023 12:00;71,45;71,78;71,31;71,67;72,37
04/05/2023 11:00;71,49;71,63;71,15;71,46;72,44
04/05/2023 10:00;71,53;71,89;71,27;71,46;72,5
04/05/2023 09:00;71,02;72,13;71,02;71,51;72,55
03/05/2023 17:05;71,56;71,56;70,98;71,01;72,62
03/05/2023 16:00;71,67;71,8;71,39;71,46;72,69
03/05/2023 15:00;72,13;72,25;71,04;71,63;72,75
03/05/2023 14:00;71,72;72,36;71,6;72,21;72,8
03/05/2023 13:00;71,57;71,8;71,07;71,75;72,88
03/05/2023 12:00;70,89;71,68;70,87;71,57;72,97
03/05/2023 11:00;70,83;71,01;70,78;70,89;73,11
03/05/2023 10:00;70,78;71,01;70,73;70,83;73,25
03/05/2023 09:00;71,28;71,32;70,36;70,78;73,4
02/05/2023 17:05;71,91;72,25;71,74;72,02;73,53
02/05/2023 16:00;72,04;72,12;71,97;72,08;73,68
02/05/2023 15:00;72,3;72,34;71,93;72,02;73,83
02/05/2023 14:00;72,17;72,3;72,13;72,3;74
02/05/2023 13:00;72,1;72,19;72,09;72,16;74,16
02/05/2023 12:00;72,15;72,22;72,08;72,11;74,35
02/05/2023 11:00;72,25;72,42;72,13;72,15;74,48
02/05/2023 10:00;71,92;72,35;71,91;72,25;74,6
02/05/2023 09:00;71,78;72,36;71,37;71,93;74,71
28/04/2023 17:05;72,7;73,1;72,7;72,81;74,79
28/04/2023 16:00;73,19;73,26;73,01;73,05;74,87
28/04/2023 15:00;73,04;73,52;72,87;73,18;74,91
28/04/2023 14:00;73,15;73,24;72,89;73,07;74,97
28/04/2023 13:00;73,8;73,82;72,64;73,11;75,02
28/04/2023 12:00;72,69;74,16;72,56;73,81;75,08
28/04/2023 11:00;72,47;72,75;72,47;72,63;75,11
28/04/2023 10:00;72,97;73,09;72,3;72,48;75,13
28/04/2023 09:00;73,26;73,32;72,48;72,93;75,15
27/04/2023 17:05;73,27;73,66;73,27;73,64;75,15
27/04/2023 16:00;73,4;73,71;73,37;73,61;75,16
27/04/2023 15:00;73,46;73,58;73,37;73,37;75,17
27/04/2023 14:00;73,35;73,54;73,33;73,4;75,19
27/04/2023 13:00;73,88;73,89;73,32;73,35;75,19
27/04/2023 12:00;73,93;74,05;73,88;73,88;75,22
27/04/2023 11:00;73,88;74,05;73,88;73,94;75,3
27/04/2023 10:00;73,99;74,14;73,82;73,94;75,37
27/04/2023 09:00;74,28;74,28;73,37;73,99;75,45
26/04/2023 17:05;75,02;75,12;74,5;75,04;74,62
26/04/2023 16:00;75,1;75,4;75;75,4;74,65
26/04/2023 15:00;75,55;75,68;74,99;75,17;74,71
26/04/2023 14:00;76,09;76,15;75,19;75,55;74,77
26/04/2023 13:00;76,23;76,64;76,08;76,08;74,82
26/04/2023 12:00;76,83;76,87;75,83;76,24;74,89
26/04/2023 11:00;76,43;77,51;76,38;76,79;74,98
26/04/2023 10:00;76,96;77,04;75,52;76,44;75,08
26/04/2023 09:00;75,71;77,87;75,52;76,94;75,18
25/04/2023 17:05;75,91;76,25;75,52;75,66;76,01
25/04/2023 16:00;75,59;75,91;75,59;75,91;76,12
25/04/2023 15:00;75,32;75,63;75,3;75,63;76,24
25/04/2023 14:00;75,13;75,71;75,12;75,32;76,34
25/04/2023 13:00;74,5;75,44;74,25;75,29;76,46
25/04/2023 12:00;74,5;74,93;74,16;74,42;76,63
25/04/2023 11:00;74,2;74,76;73,98;74,51;76,83
25/04/2023 10:00;75,23;75,35;74,11;74,26;77,01
25/04/2023 09:00;73,09;76,07;73,09;75,22;77,17
24/04/2023 17:05;73,48;73,6;72,86;72,92;77,4
24/04/2023 16:00;73,55;73,71;73,54;73,6;77,64
24/04/2023 15:00;73,67;73,86;73,49;73,49;77,9
24/04/2023 14:00;73,37;73,7;73,32;73,7;78,18
24/04/2023 13:00;73,72;74,03;73,36;73,37;78,47
24/04/2023 12:00;73,99;73,99;73,6;73,71;78,77
24/04/2023 11:00;73,45;74,16;73,42;74,02;79,06
24/04/2023 10:00;73,68;73,76;73,04;73,41;79,36
24/04/2023 09:00;74,95;75,04;73,1;73,68;79,63
20/04/2023 17:05;76,14;76,35;76,14;76,19;79,86
20/04/2023 16:00;76,3;76,32;75,94;76,2;80,09
20/04/2023 15:00;76,63;76,76;76,09;76,33;80,3
20/04/2023 14:00;75,88;76,74;75,18;76,64;80,52
20/04/2023 13:00;76,85;76,85;75,67;75,81;80,75
20/04/2023 12:00;77,21;77,24;76,83;76,87;80,99
20/04/2023 11:00;77,66;77,68;77,09;77,26;81,24
20/04/2023 10:00;78;78,11;77,6;77,66;81,47
20/04/2023 09:00;78,41;78,56;77,97;78;81,69
19/04/2023 17:05;78,91;79,09;78,91;79,01;81,89
19/04/2023 16:00;78,74;79;78,68;78,91;82,09
19/04/2023 15:00;78,65;78,87;78,57;78,73;82,3
19/04/2023 14:00;78,94;79,23;78,45;78,61;82,5
19/04/2023 13:00;78,94;79,11;78,84;78,94;82,71
19/04/2023 12:00;78,68;79,12;78,67;78,91;82,89
19/04/2023 11:00;78,68;78,89;78,57;78,68;83,08
19/04/2023 10:00;78,84;79;78,61;78,67;83,27
19/04/2023 09:00;79,9;80,07;78,78;78,84;83,43
18/04/2023 17:05;80,5;80,73;80,45;80,53;83,53
18/04/2023 16:00;80,59;80,62;80,42;80,58;83,64
18/04/2023 15:00;80,58;80,78;80,32;80,59;83,74
18/04/2023 14:00;80,44;80,66;80,21;80,66;83,87
18/04/2023 13:00;80,9;80,9;80,14;80,44;83,99
18/04/2023 12:00;81,39;81,57;80,77;80,77;84,13
18/04/2023 11:00;82,22;82,26;81,38;81,42;84,26
18/04/2023 10:00;82,52;82,52;82,13;82,26;84,38
18/04/2023 09:00;82,45;83,21;82,34;82,59;84,48
17/04/2023 17:05;82,65;82,73;82,22;82,22;84,58
17/04/2023 16:00;82,76;82,85;82,58;82,8;84,68
17/04/2023 15:00;83,03;83,08;82,74;82,76;84,78
17/04/2023 14:00;82,96;83,14;82,84;83,06;84,89
17/04/2023 13:00;83,2;83,21;82,62;82,8;84,98
17/04/2023 12:00;83,14;83,2;82,66;83,19;85,11
17/04/2023 11:00;83,13;83,37;82,99;83,2;85,26
17/04/2023 10:00;83,35;83,58;82,99;83,13;85,4
17/04/2023 09:00;84,46;84,46;82,91;83,28;85,52
14/04/2023 17:05;85,06;85,28;84,75;84,87;85,62
14/04/2023 16:00;84,68;85,06;84,64;85,06;85,74
14/04/2023 15:00;84,73;85,1;84,52;84,61;85,86
14/04/2023 14:00;84,98;85,08;84,7;84,76;85,98
14/04/2023 13:00;84,99;85,1;84,46;84,98;86,12
14/04/2023 12:00;84,61;85,03;83,95;85,03;86,3
14/04/2023 11:00;84,68;85,23;84,53;84,68;86,47
14/04/2023 10:00;84,23;85,56;84,15;84,69;86,64
14/04/2023 09:00;83,83;84,45;83,53;84,21;86,84
13/04/2023 17:05;84,21;84,49;84,07;84,45;87,05
13/04/2023 16:00;84,72;84,87;83,75;84,08;87,26
13/04/2023 15:00;83,77;84,75;83,77;84,73;87,47
13/04/2023 14:00;83,72;83,93;83,66;83,77;87,71
13/04/2023 13:00;83,66;83,75;83,53;83,66;87,97
13/04/2023 12:00;83,91;83,95;83,39;83,62;88,22
13/04/2023 11:00;84,23;84,34;83,68;83,92;88,46
13/04/2023 10:00;84,35;84,61;84,05;84,35;88,71
13/04/2023 09:00;85,77;85,81;84,18;84,35;88,9
12/04/2023 17:05;85,93;86,02;85,83;85,83;89,09
12/04/2023 16:00;85,96;86,12;85,79;85,95;89,28
12/04/2023 15:00;85,67;86,19;85,29;85,96;89,46
12/04/2023 14:00;85,79;85,9;85,65;85,67;89,66
12/04/2023 13:00;85,81;85,9;85,46;85,72;89,87
12/04/2023 12:00;85,97;86,02;85,79;85,79;90,08
12/04/2023 11:00;85,81;86,25;85,74;85,97;90,28
12/04/2023 10:00;86,02;86,1;85,79;85,81;90,48
12/04/2023 09:00;87,17;87,18;85,64;86,02;90,63
11/04/2023 17:05;87,67;87,67;87,48;87,49;90,77
11/04/2023 16:00;87,48;87,84;87,48;87,67;90,91
11/04/2023 15:00;88,09;88,09;87,4;87,45;91,05
11/04/2023 14:00;88,22;88,37;88,03;88,09;91,18
11/04/2023 13:00;88,45;88,45;87,79;88,2;91,29
11/04/2023 12:00;88,3;88,75;88,3;88,49;91,39
11/04/2023 11:00;88,41;88,66;88,14;88,26;91,5
11/04/2023 10:00;89,41;89,41;88;88,42;91,59
11/04/2023 09:00;90,04;90,22;89,37;89,41;91,65
10/04/2023 17:05;90,44;90,5;90,37;90,37;91,73
10/04/2023 16:00;90,51;90,56;90,4;90,44;91,83
10/04/2023 15:00;90,51;90,62;90,33;90,42;91,94
10/04/2023 14:00;90,75;90,8;90,5;90,56;92,02
10/04/2023 13:00;90,94;91,02;90,76;90,78;92,09
10/04/2023 12:00;90,9;91,02;90,86;90,94;92,15
10/04/2023 11:00;91,24;91,27;90,88;90,93;92,21
10/04/2023 10:00;91,2;91,37;91,17;91,19;92,26
10/04/2023 09:00;91,36;91,42;91,09;91,21;92,3
06/04/2023 17:05;91,59;91,82;91,48;91,74;92,31
06/04/2023 16:00;91,6;91,94;91,55;91,65;92,31
06/04/2023 15:00;91,48;91,65;91,48;91,57;92,34
06/04/2023 14:00;91,62;91,62;91,47;91,48;92,38
06/04/2023 13:00;91,65;91,71;91,57;91,57;92,4
06/04/2023 12:00;91,53;91,76;91,53;91,66;92,43
06/04/2023 11:00;91,88;91,95;91,48;91,58;92,43
06/04/2023 10:00;92,06;92,1;91,78;91,88;92,43
06/04/2023 09:00;92,01;92,41;91,82;92,01;92,44
05/04/2023 17:05;92,05;92,11;91,81;91,99;92,46
05/04/2023 16:00;91,56;92,19;91,56;92,19;92,5
05/04/2023 15:00;91,35;91,65;91,34;91,59;92,55
05/04/2023 14:00;91,88;91,94;91,31;91,36;92,59
05/04/2023 13:00;91,99;92,02;91,65;91,86;92,62
05/04/2023 12:00;91,8;92,22;91,8;91,97;92,66
05/04/2023 11:00;91,96;92,11;91,74;91,83;92,7
05/04/2023 10:00;91,68;91,97;91,55;91,97;92,76
05/04/2023 09:00;91,08;91,76;90,67;91,73;92,83
04/04/2023 17:05;91,59;91,8;91,42;91,44;92,91
04/04/2023 16:00;91,82;92,11;91,76;91,76;92,98
04/04/2023 15:00;91,93;92,17;91,76;91,8;93,06
04/04/2023 14:00;92,68;92,85;91,89;91,91;93,12
04/04/2023 13:00;93,56;93,59;92,64;92,68;92,63
04/04/2023 12:00;93,18;93,72;93,16;93,57;92,66
04/04/2023 11:00;92,98;93,44;92,97;93,21;93,25
04/04/2023 10:00;92,5;93,02;92,44;92,97;93,31
04/04/2023 09:00;92,62;92,87;92,13;92,47;93,36
03/04/2023 17:05;92,9;93,1;92,7;92,9;93,4
03/04/2023 16:00;92,27;92,9;92,24;92,85;93,44
03/04/2023 15:00;91,88;92,45;91,78;92,31;93,5
03/04/2023 14:00;91,79;92,17;91,76;91,89;93,57
03/04/2023 13:00;91,73;91,86;91,62;91,79;93,66
03/04/2023 12:00;92,39;92,56;91,65;91,78;93,74
03/04/2023 11:00;92,34;92,8;92,28;92,47;93,82
03/04/2023 10:00;92,04;92,34;91,85;92,34;93,91
03/04/2023 09:00;91,76;92,63;91,76;92,03;94
31/03/2023 17:05;91,75;92,04;91,75;91,88;94,11
31/03/2023 16:00;91,88;92,19;91,28;91,52;94,22
31/03/2023 15:00;92,56;92,62;91,45;91,88;94,32
31/03/2023 14:00;92,83;92,85;92,44;92,56;94,43
31/03/2023 13:00;92,98;93,2;92,57;92,83;94,53
31/03/2023 12:00;93,03;93,06;92,89;92,98;94,65
31/03/2023 11:00;92,82;93,25;92,74;93,03;94,76
31/03/2023 10:00;93,01;93,03;92,73;92,77;94,88
31/03/2023 09:00;92,97;93,48;92,8;92,98;95
30/03/2023 17:05;93,12;93,21;92,91;93,03;95,13
30/03/2023 16:00;93,65;93,7;92,98;93,14;95,24
30/03/2023 15:00;93,95;93,95;93,36;93,6;95,36
30/03/2023 14:00;94,1;94,18;93,95;93,95;95,46
30/03/2023 13:00;94,24;94,24;94,05;94,13;95,58
30/03/2023 12:00;94,04;94,38;94,01;94,24;95,69
30/03/2023 11:00;94,52;94,66;93,97;94,03;95,75
30/03/2023 10:00;94,63;95,02;94,52;94,52;95,81
30/03/2023 09:00;94,8;94,84;94,18;94,52;95,87
29/03/2023 17:05;94,75;94,78;94,52;94,62;95,93
29/03/2023 16:00;94,44;94,86;94,32;94,64;96
29/03/2023 15:00;94,13;94,52;94,11;94,47;96,08
29/03/2023 14:00;94,11;94,2;93,86;94,15;96,16
29/03/2023 13:00;94,1;94,24;94,06;94,12;96,25
29/03/2023 12:00;94,15;94,24;94,06;94,06;96,33
29/03/2023 11:00;94,15;94,32;94,06;94,15;96,41
29/03/2023 10:00;94,49;94,5;94,13;94,17;96,48
29/03/2023 09:00;94,87;95,01;94,41;94,47;96,54
28/03/2023 17:05;94,87;94,98;94,87;94,98;96,6
28/03/2023 16:00;95;95,21;94,87;94,87;96,66
28/03/2023 15:00;95,11;95,26;94,98;94,98;96,71
28/03/2023 14:00;95,27;95,32;95,09;95,1;96,77
28/03/2023 13:00;95,34;95,47;95,21;95,25;96,82
28/03/2023 12:00;95,71;95,71;95,27;95,34;96,86
28/03/2023 11:00;95,89;96;95,66;95,67;96,89
28/03/2023 10:00;96,11;96,22;95,74;95,87;96,9
28/03/2023 09:00;96,36;96,64;96,13;96,13;96,91
27/03/2023 17:05;96,32;96,5;96,25;96,49;96,93
27/03/2023 16:00;96,71;96,71;96,25;96,25;96,96
27/03/2023 15:00;97,04;97,09;96,71;96,72;96,6
27/03/2023 14:00;97,08;97,11;97,01;97,05;96,61
27/03/2023 13:00;97,16;97,19;96,97;97,05;96,62
27/03/2023 12:00;97,2;97,28;97,17;97,18;96,63
27/03/2023 11:00;97,17;97,24;97,01;97,17;96,66
27/03/2023 10:00;97,61;97,89;97,12;97,24;96,69
27/03/2023 09:00;96,78;97,61;96,78;97,57;96,72
24/03/2023 17:05;96,45;96,54;96,43;96,48;97,12
24/03/2023 16:00;96,55;96,76;96,45;96,59;97,16
24/03/2023 15:00;96,56;96,59;96,36;96,57;97,21
24/03/2023 14:00;96,73;96,73;96,43;96,54;97,27
24/03/2023 13:00;96,88;96,88;96,56;96,69;97,31
24/03/2023 12:00;96,63;96,88;96,59;96,87;97,37
24/03/2023 11:00;96,64;96,8;96,58;96,68;97,44
24/03/2023 10:00;96,3;96,91;96,25;96,72;97,5
24/03/2023 09:00;96,39;96,5;96,03;96,26;97,57
23/03/2023 17:05;96,65;96,66;96,48;96,53;97,64
23/03/2023 16:00;96,25;96,8;96,19;96,66;97,71
23/03/2023 15:00;96,38;96,57;96,16;96,25;97,78
23/03/2023 14:00;96,88;96,91;96,33;96,36;97,84
23/03/2023 13:00;96,71;96,94;96,71;96,89;97,91
23/03/2023 12:00;96,81;96,85;96,59;96,71;97,98
23/03/2023 11:00;97;97,04;96,55;96,86;98,06
23/03/2023 10:00;96,61;97,04;96,49;96,99;98,14
23/03/2023 09:00;96,71;96,92;96,39;96,63;98,22
22/03/2023 17:05;96,49;96,82;96,49;96,71;98,32
22/03/2023 16:00;96,59;96,65;96,26;96,48;98,41
22/03/2023 15:00;96,8;96,94;96,36;96,59;98,5
22/03/2023 14:00;97,07;97,11;96,79;96,79;98,58
22/03/2023 13:00;97,43;97,43;97,05;97,08;98,65
22/03/2023 12:00;97,38;97,49;97,35;97,46;98,73
22/03/2023 11:00;97,34;97,51;97,28;97,4;98,81
22/03/2023 10:00;97,63;97,64;97,34;97,38;98,88
22/03/2023 09:00;97,55;97,85;97,55;97,63;98,94
21/03/2023 17:05;98,03;98,03;97,86;97,88;99,01
21/03/2023 16:00;97,92;98,03;97,86;98,03;99,09
21/03/2023 15:00;98;98,03;97,8;97,88;99,15
21/03/2023 14:00;98,04;98,12;97,88;97,96;99,22
21/03/2023 13:00;98,09;98,09;98,04;98,04;99,29
21/03/2023 12:00;98,11;98,15;97,97;98,11;99,36
21/03/2023 11:00;98,29;98,33;98,06;98,15;99,43
21/03/2023 10:00;98,29;98,38;98,26;98,31;99,5
21/03/2023 09:00;98,32;98,5;98,22;98,3;99,58
20/03/2023 17:05;98,79;98,79;98,61;98,61;99,65
20/03/2023 16:00;98,75;98,81;98,68;98,76;99,71
20/03/2023 15:00;98,69;98,77;98,66;98,72;99,77
20/03/2023 14:00;98,65;98,72;98,55;98,66;99,84
20/03/2023 13:00;98,71;98,72;98,61;98,65;99,91
20/03/2023 12:00;98,6;98,83;98,58;98,64;99,99
20/03/2023 11:00;98,63;98,72;98,6;98,64;100,07
20/03/2023 10:00;98,84;98,88;98,6;98,6;100,14
20/03/2023 09:00;98,79;99,11;98,66;98,85;100,21
17/03/2023 17:05;99,26;99,37;99,24;99,24;100,26
17/03/2023 16:00;99,32;99,41;99,3;99,34;100,32
17/03/2023 15:00;99,42;99,45;99,3;99,34;100,37
17/03/2023 14:00;99,38;99,58;99,26;99,4;100,42
17/03/2023 13:00;99,52;99,56;99,33;99,35;100,47
17/03/2023 12:00;99,35;99,67;99,32;99,57;100,52
17/03/2023 11:00;99,44;99,46;99,35;99,37;100,58
17/03/2023 10:00;99,37;99,49;99,31;99,44;100,63
17/03/2023 09:00;99,78;99,91;99,3;99,39;100,67
16/03/2023 17:05;99,73;99,77;99,5;99,76;100,7
16/03/2023 16:00;99,78;99,81;99,71;99,76;100,72
16/03/2023 15:00;99,72;99,81;99,7;99,77;100,74
16/03/2023 14:00;100,1;100,13;99,7;99,75;100,75
16/03/2023 13:00;100;100,21;99,94;100,1;100,76
16/03/2023 12:00;100,04;100,04;99,93;100;100,77
16/03/2023 11:00;99,86;100,09;99,7;100,04;100,79
16/03/2023 10:00;100,03;100,1;99,81;99,83;100,8
16/03/2023 09:00;100,15;100,36;99,71;99,99;100,8
15/03/2023 17:05;100,27;100,42;100,06;100,3;100,8
15/03/2023 16:00;100,45;100,47;100,25;100,3;100,8
15/03/2023 15:00;100,84;100,85;100,39;100,46;100,78
15/03/2023 14:00;100,7;100,91;100,67;100,85;100,53
15/03/2023 13:00;100,56;100,7;100,55;100,68;100,75
15/03/2023 12:00;100,42;100,62;100,37;100,55;100,74
15/03/2023 11:00;100,79;100,79;100,36;100,45;100,73
15/03/2023 10:00;100,62;100,9;100,56;100,81;100,49
15/03/2023 09:00;100,85;101;100,54;100,62;100,48
14/03/2023 17:05;101,02;101,13;100,95;101,07;100,48
14/03/2023 16:00;101,01;101,14;100,93;101,02;100,47
14/03/2023 15:00;101,04;101,06;100,93;101,02;100,46
14/03/2023 14:00;100,98;101,11;100,96;101,04;100,45
14/03/2023 13:00;100,93;101,02;100,85;100,99;100,44
14/03/2023 12:00;100,98;101,01;100,9;100,94;100,42
14/03/2023 11:00;100,91;101,07;100,79;100,98;100,4
14/03/2023 10:00;100,8;100,95;100,7;100,91;100,38
14/03/2023 09:00;101,19;101,25;100,7;100,8;100,37
13/03/2023 17:05;101,02;101,18;100,85;101,08;100,34
13/03/2023 16:00;100,85;101,14;100,85;101,08;100,33
13/03/2023 15:00;100,64;100,95;100,63;100,9;100,32
13/03/2023 14:00;100,46;100,7;100,42;100,62;100,31
13/03/2023 13:00;100,39;100,5;100,34;100,45;100,59
13/03/2023 12:00;100,4;100,46;100,34;100,39;100,59
13/03/2023 11:00;100,45;100,5;100,36;100,45;100,59
13/03/2023 10:00;100,36;100,45;100,17;100,45;100,59
13/03/2023 09:00;100,06;100,38;99,95;100,33;100,59
10/03/2023 17:05;100,27;100,45;100,27;100,33;100,58
10/03/2023 16:00;100,38;100,42;100,32;100,34;100,58
10/03/2023 15:00;100,31;100,45;100,3;100,39;100,58
10/03/2023 14:00;100,45;100,47;100,27;100,32;100,58
10/03/2023 13:00;100,27;100,46;100,27;100,46;100,56
10/03/2023 12:00;100,29;100,3;100,21;100,3;100,56
10/03/2023 11:00;100,22;100,37;100,19;100,26;100,55
10/03/2023 10:00;100,11;100,29;100,08;100,24;100,55
10/03/2023 09:00;100,04;100,25;99,9;100,13;100,55
09/03/2023 17:05;100,39;100,59;100,36;100,41;100,25
09/03/2023 16:00;100,56;100,57;100,3;100,4;100,25
09/03/2023 15:00;100,8;100,83;100,45;100,56;100,25
09/03/2023 14:00;101,02;101,04;100,75;100,77;100,23
09/03/2023 13:00;100,77;101,07;100,73;100,98;100,21
09/03/2023 12:00;100,81;100,94;100,62;100,81;100,19
09/03/2023 11:00;101,37;101,39;100,73;100,81;100,17
09/03/2023 10:00;100,56;101,49;100,53;101,42;100,16
09/03/2023 09:00;100,29;100,57;100,26;100,57;100,16
08/03/2023 17:05;100,27;100,31;100,13;100,16;100,39
08/03/2023 16:00;100,4;100,45;100,19;100,27;100,17
08/03/2023 15:00;100,48;100,48;100,25;100,4;100,18
08/03/2023 14:00;100,47;100,6;100,07;100,46;100,19
08/03/2023 13:00;100,55;100,59;100,46;100,52;100,18
08/03/2023 12:00;100,34;100,62;100,34;100,56;100,18
08/03/2023 11:00;100,32;100,49;100,24;100,36;100,4
08/03/2023 10:00;100,16;100,31;100,13;100,31;100,4
08/03/2023 09:00;100,33;100,45;100,1;100,14;100,4
07/03/2023 17:05;100,4;100,61;100,4;100,49;100,18
07/03/2023 16:00;100,19;100,61;100,19;100,59;100,17
07/03/2023 15:00;100,09;100,25;100,03;100,23;100,38
07/03/2023 14:00;100,19;100,19;100,04;100,1;100,39
07/03/2023 13:00;100,39;100,5;100,13;100,17;100,39
07/03/2023 12:00;100,18;100,41;100,16;100,39;100,17
07/03/2023 11:00;100,06;100,26;100,02;100,19;100,39
07/03/2023 10:00;100,01;100,08;99,99;100,07;100,39
07/03/2023 09:00;100,02;100,1;99,92;100,03;100,4
06/03/2023 17:05;100,13;100,16;100,09;100,09;100,4
06/03/2023 16:00;100,15;100,22;100,1;100,13;100,39
06/03/2023 15:00;100,1;100,17;100,06;100,15;100,37
06/03/2023 14:00;100,4;100,41;100,04;100,09;100,36
06/03/2023 13:00;100,44;100,44;100,31;100,39;100,1
06/03/2023 12:00;100,38;100,49;100,36;100,4;100,09
06/03/2023 11:00;100,33;100,4;100,19;100,38;100,09
06/03/2023 10:00;100,22;100,5;100,16;100,37;100,1
06/03/2023 09:00;100,04;100,27;100,04;100,21;100,11
03/03/2023 17:05;100,44;100,44;100,18;100,23;100,11
03/03/2023 16:00;100,32;100,38;100,25;100,32;100,12
03/03/2023 15:00;100,44;100,44;100,32;100,34;100,13
03/03/2023 14:00;100,44;100,46;100,32;100,44;100,13
03/03/2023 13:00;100,4;100,61;100,33;100,44;100,14
03/03/2023 12:00;100,48;100,79;100,32;100,39;100,14
03/03/2023 11:00;100,44;100,52;100,37;100,48;100,14
03/03/2023 10:00;100,57;100,62;100,39;100,48;100,13
03/03/2023 09:00;100,4;100,63;100,32;100,44;100,13
02/03/2023 17:05;100,32;100,32;100,21;100,32;100,42
02/03/2023 16:00;100,29;100,38;100,24;100,32;100,43
02/03/2023 15:00;100,27;100,32;99,94;100,3;100,45
02/03/2023 14:00;100,25;100,38;100,23;100,29;100,46
02/03/2023 13:00;100,08;100,26;100,04;100,22;100,48
02/03/2023 12:00;100,21;100,22;100,08;100,08;100,51
02/03/2023 11:00;100,3;100,42;100,12;100,19;100,53
02/03/2023 10:00;100,41;100,52;100,18;100,31;100,56
02/03/2023 09:00;99,93;100,44;99,89;100,44;100,6
01/03/2023 17:05;100,07;100,24;99,71;99,8;100,64
01/03/2023 16:00;100,23;100,29;99,92;100,02;100,68
01/03/2023 15:00;99,99;100,26;99,98;100,23;100,72
01/03/2023 14:00;99,89;100,06;99,81;100;100,77
01/03/2023 13:00;99,8;99,94;99,77;99,89;100,81
01/03/2023 12:00;99,76;99,8;99,65;99,79;100,87
01/03/2023 11:00;99,88;99,92;99,7;99,8;100,93
01/03/2023 10:00;100,08;100,09;99,86;99,88;100,99
01/03/2023 09:00;100,18;100,4;100,04;100,08;101,02
28/02/2023 17:05;100,42;100,72;100,39;100,72;101,06
28/02/2023 16:00;100,39;100,63;100,26;100,48;101,1
28/02/2023 15:00;100,53;100,54;100,33;100,38;101,15
28/02/2023 14:00;100,52;100,54;100,33;100,54;101,2
28/02/2023 13:00;100,65;100,69;100,46;100,54;101,25
28/02/2023 12:00;100,61;100,7;100,57;100,65;101,28
28/02/2023 11:00;100,61;100,67;100,5;100,61;101,31
28/02/2023 10:00;100,6;100,67;100,46;100,62;101,35
28/02/2023 09:00;100,78;100,9;100,55;100,59;101,39
27/02/2023 17:05;100,32;100,64;100,17;100,61;101,45
27/02/2023 16:00;100,24;100,47;100,24;100,32;101,51
27/02/2023 15:00;100,67;100,67;100,22;100,22;101,57
27/02/2023 14:00;100,75;100,78;100,65;100,67;101,62
27/02/2023 13:00;100,71;100,78;100,56;100,75;101,67
27/02/2023 12:00;100,68;100,78;100,56;100,71;101,72
27/02/2023 11:00;100,77;100,78;100,44;100,65;101,78
27/02/2023 10:00;100,94;100,94;100,71;100,77;101,83
27/02/2023 09:00;100,79;100,98;100,65;100,94;101,88
24/02/2023 17:05;101,03;101,13;100,92;100,94;101,92
24/02/2023 16:00;101,45;101,45;101,11;101,13;101,95
24/02/2023 15:00;101,41;101,47;101,37;101,45;101,98
24/02/2023 14:00;101,54;101,59;101,38;101,4;102
24/02/2023 13:00;101,36;101,56;101,24;101,54;102
24/02/2023 12:00;101,3;101,36;101,24;101,34;101,99
24/02/2023 11:00;101;101,39;101;101,26;101,99
24/02/2023 10:00;101,22;101,3;101;101,01;101,99
24/02/2023 09:00;101,36;101,7;101,08;101,18;101,98
23/02/2023 17:05;101,53;101,6;101,44;101,51;101,98
23/02/2023 16:00;101,53;101,75;101,53;101,57;101,96
23/02/2023 15:00;101,57;101,57;101,41;101,53;101,97
23/02/2023 14:00;101,82;101,82;101,49;101,56;101,97
23/02/2023 13:00;101,83;101,9;101,72;101,83;101,59
23/02/2023 12:00;101,94;101,95;101,71;101,82;101,6
23/02/2023 11:00;101,94;102,1;101,77;102,01;101,61
23/02/2023 10:00;101,7;102,01;101,62;101,97;101,99
23/02/2023 09:00;101,46;101,78;101,33;101,7;102
22/02/2023 17:05;101,37;101,49;101,24;101,46;102,03
22/02/2023 16:00;101,87;101,98;101,49;101,52;102,04
22/02/2023 15:00;101,78;102,1;101,7;101,99;101,67
22/02/2023 14:00;102,25;102,26;101,64;101,72;101,68
22/02/2023 13:00;101,97;102,28;101,67;102,26;101,7
17/02/2023 17:05;102,22;102,39;102,17;102,39;101,68
17/02/2023 16:00;102,18;102,38;102,14;102,37;101,67
17/02/2023 15:00;102,17;102,29;102,1;102,22;101,65
17/02/2023 14:00;102,28;102,28;101,94;102,08;101,65
17/02/2023 13:00;102,39;102,48;102,25;102,28;101,64
17/02/2023 12:00;102,4;102,51;102,28;102,39;101,64
17/02/2023 11:00;102,21;102,48;102,1;102,41;101,66
17/02/2023 10:00;102;102,28;101,89;102,1;101,69
17/02/2023 09:00;102,29;102,56;101,84;102;101,71
16/02/2023 17:05;102,14;102,3;101,99;102,2;101,73
16/02/2023 16:00;101,28;102,28;101,16;102,26;101,78
16/02/2023 15:00;100,96;101,36;100,95;101,26;102,15
16/02/2023 14:00;101,05;101,07;100,9;100,95;102,21
16/02/2023 13:00;101,39;101,4;101,03;101,07;102,25
16/02/2023 12:00;101,44;101,44;101,08;101,38;102,3
16/02/2023 11:00;101,11;101,46;101,11;101,41;102,33
16/02/2023 10:00;101,3;101,31;101,08;101,13;102,37
16/02/2023 09:00;101,41;101,44;100,92;101,32;102,4
15/02/2023 17:05;101,54;101,63;101,48;101,59;102,42
15/02/2023 16:00;101,71;101,91;101,66;101,7;102,43
15/02/2023 15:00;102,17;102,2;101,46;101,69;102,42
15/02/2023 14:00;102,06;102,22;101,91;102,21;102,39
15/02/2023 13:00;102,09;102,1;102,03;102,07;102,38
15/02/2023 12:00;101,93;102,17;101,89;102,09;102,36
15/02/2023 11:00;102,1;102,1;101,71;101,89;102,32
15/02/2023 10:00;102,15;102,31;102;102,12;101,92
15/02/2023 09:00;101,99;102,22;101,77;102,12;101,87
14/02/2023 17:05;102,28;102,35;101,86;101,99;101,83
14/02/2023 16:00;102,52;102,59;102,12;102,22;101,77
14/02/2023 15:00;102,21;102,51;102,21;102,51;101,72
14/02/2023 14:00;101,74;102,31;101,67;102,21;101,67
14/02/2023 13:00;101,93;101,93;101,64;101,7;101,63
14/02/2023 12:00;101,89;102,02;101,7;101,87;101,57
14/02/2023 11:00;101,93;102,05;101,82;101,9;101,52
14/02/2023 10:00;102,32;102,39;101,93;101,95;101,47
14/02/2023 09:00;102,61;102,71;102,31;102,33;101,4
13/02/2023 17:05;102,81;102,89;102,75;102,85;101,33
13/02/2023 16:00;102,85;102,9;102,7;102,83;101,26
13/02/2023 15:00;102,62;102,96;102,61;102,85;101,19
13/02/2023 14:00;102,66;102,68;102,52;102,59;101,12
13/02/2023 13:00;102,66;102,68;102,59;102,66;101,04
13/02/2023 12:00;102,45;102,68;102,41;102,63;100,97
13/02/2023 11:00;102,6;102,66;102,39;102,45;100,92
13/02/2023 10:00;102,55;102,68;102,49;102,59;100,87
13/02/2023 09:00;102,21;102,93;102,16;102,55;100,82
10/02/2023 17:05;102,38;102,49;102,33;102,36;100,77
10/02/2023 16:00;101,93;102,38;101,93;102,38;100,75
10/02/2023 15:00;102,08;102,22;101,77;101,91;100,74
10/02/2023 14:00;102,25;102,33;102;102,08;100,72
10/02/2023 13:00;101,68;102,26;101,61;102,21;100,71
10/02/2023 12:00;101,57;101,74;101,46;101,69;100,71
10/02/2023 11:00;101,4;101,59;101,16;101,56;100,73
10/02/2023 10:00;101,54;101,57;101,32;101,4;100,75
10/02/2023 09:00;101,3;101,78;101,3;101,53;100,76
09/02/2023 17:05;100,64;100,83;100,41;100,77;101,12
09/02/2023 16:00;100,6;100,61;100,52;100,61;101,16
09/02/2023 15:00;100,5;100,67;100,45;100,59;101,2
09/02/2023 14:00;100,63;100,67;100,52;100,56;101,25
09/02/2023 13:00;100,71;100,88;100,49;100,62;101,28
09/02/2023 12:00;100,54;100,82;100,54;100,72;101,33
09/02/2023 11:00;100,41;100,61;100,29;100,54;101,39
09/02/2023 10:00;100,52;100,59;100,37;100,44;101,45
09/02/2023 09:00;100,36;100,67;100,09;100,54;101,51
08/02/2023 17:05;100,59;100,65;100,29;100,32;101,58
08/02/2023 16:00;100,33;100,61;100,3;100,46;101,63
08/02/2023 15:00;100,67;100,67;100,29;100,36;101,69
08/02/2023 14:00;100,82;100,88;100,5;100,63;101,74
08/02/2023 13:00;101,01;101,17;100,73;100,82;101,77
08/02/2023 12:00;100,44;101,31;100,44;101,03;101,79
08/02/2023 11:00;100,49;100,59;100,41;100,47;101,85
08/02/2023 10:00;100,36;100,49;100,29;100,45;101,92
08/02/2023 09:00;100,63;100,67;100,32;100,38;101,99
07/02/2023 17:05;100,9;100,95;100,78;100,9;102,03
07/02/2023 16:00;101;101,13;100,92;100,95;102,07
07/02/2023 15:00;100,95;101,18;100,84;101;102,11
07/02/2023 14:00;101,25;101,31;100,88;101,01;102,14
07/02/2023 13:00;101,38;101,4;101,24;101,26;102,19
07/02/2023 12:00;101,47;101,52;101,38;101,4;102,26
07/02/2023 11:00;101,49;101,56;101,38;101,47;102,32
07/02/2023 10:00;101,47;101,74;101,42;101,51;102,36
07/02/2023 09:00;101,97;102,14;101,47;101,47;102,39
06/02/2023 17:05;101,99;102,09;101,82;101,97;102,41
06/02/2023 16:00;101,89;102,1;101,84;102,05;102,44
06/02/2023 15:00;101,82;101,93;101,75;101,89;102,47
06/02/2023 14:00;101,76;101,93;101,76;101,83;102,5
06/02/2023 13:00;101,83;101,87;101,7;101,82;102,53
06/02/2023 12:00;101,93;101,97;101,82;101,83;102,56
06/02/2023 11:00;101,83;101,94;101,8;101,92;102,57
06/02/2023 10:00;101,76;101,97;101,75;101,84;102,59
06/02/2023 09:00;102,05;102,32;101,64;101,76;102,59
03/02/2023 17:05;102,14;102,45;102,1;102,28;102,6
03/02/2023 16:00;102,12;102,22;102,02;102,08;102,62
03/02/2023 15:00;102,4;102,56;102;102,12;102,63
03/02/2023 14:00;102,22;102,61;102,18;102,39;102,64
03/02/2023 13:00;102,17;102,31;102,16;102,21;102,66
03/02/2023 12:00;102,21;102,26;102,07;102,2;102,69
03/02/2023 11:00;102,02;102,43;101,89;102,21;102,7
03/02/2023 10:00;101,75;102,09;101,64;102,02;102,71
03/02/2023 09:00;101,56;102,01;101,4;101,77;102,72
02/02/2023 17:05;102,06;102,2;101,95;102,18;102,72
02/02/2023 16:00;102,72;102,74;102,1;102,21;102,7
02/02/2023 15:00;102,23;102,74;102,2;102,74;102,26
02/02/2023 14:00;102,1;102,28;102,06;102,26;102,63
02/02/2023 13:00;102,21;102,26;102,06;102,16;102,6
02/02/2023 12:00;102,23;102,26;102;102,22;102,16
02/02/2023 11:00;102,28;102,36;101,97;102,22;102,13
02/02/2023 10:00;102,77;102,82;102,21;102,22;102,09
02/02/2023 09:00;103,39;103,6;102,64;102,84;102,03
01/02/2023 17:05;103,2;103,25;103,15;103,19;101,95
01/02/2023 16:00;102,78;103,2;102,76;103,19;101,9
01/02/2023 15:00;102,78;102,82;102,62;102,77;101,85
01/02/2023 14:00;102,54;102,85;102,53;102,76;101,82
01/02/2023 13:00;102,83;102,85;102,53;102,54;101,79
01/02/2023 12:00;102,7;102,86;102,68;102,85;101,76
01/02/2023 11:00;102,76;102,91;102,62;102,7;101,74
01/02/2023 10:00;102,67;102,85;102,51;102,74;101,73
01/02/2023 09:00;102,25;102,66;102,06;102,62;101,73
31/01/2023 17:05;102,28;102,35;102,1;102,15;101,73
31/01/2023 16:00;102,33;102,56;102,23;102,29;101,73
31/01/2023 15:00;102,43;102,48;101,95;102,35;101,73
31/01/2023 14:00;102,03;102,51;101,93;102,4;101,73
31/01/2023 13:00;102,87;102,87;101,89;101,99;101,74
31/01/2023 12:00;102,85;102,97;102,74;102,89;101,73
31/01/2023 11:00;102,78;102,87;102,56;102,85;101,73
31/01/2023 10:00;102,83;102,94;102,72;102,81;101,72
31/01/2023 09:00;102,52;103,19;102,52;102,79;101,71
30/01/2023 17:05;102,28;102,61;102;102,49;101,73
30/01/2023 16:00;102,23;102,33;102,17;102,31;101,73
30/01/2023 15:00;102,2;102,37;102,1;102,23;101,75
30/01/2023 14:00;102,03;102,39;102,03;102,2;101,77
30/01/2023 13:00;101,34;102,09;101,33;101,99;102,08
30/01/2023 12:00;101,26;101,36;101,23;101,34;102,14
30/01/2023 11:00;101,33;101,41;101,07;101,29;102,21
30/01/2023 10:00;101,17;101,47;101,17;101,33;102,27
30/01/2023 09:00;100,98;101,56;100,91;101,13;102,33
27/01/2023 17:05;101,07;101,07;100,91;101,01;102,4
27/01/2023 16:00;100,93;101,13;100,92;101,07;102,47
27/01/2023 15:00;100,9;100,99;100,84;100,86;102,55
27/01/2023 14:00;101,26;101,26;100,76;100,9;102,62
27/01/2023 13:00;101,4;101,47;101,24;101,28;102,69
27/01/2023 12:00;101,66;101,67;101,31;101,45;102,77
27/01/2023 11:00;101,7;101,76;101,66;101,67;102,84
27/01/2023 10:00;101,76;101,8;101,64;101,71;102,9
27/01/2023 09:00;101,7;101,92;101,59;101,77;102,95
26/01/2023 17:05;102,23;102,23;102,05;102,1;102,99
26/01/2023 16:00;102,32;102,35;102,16;102,22;103,02
26/01/2023 15:00;102,23;102,36;102,16;102,3;103,06
26/01/2023 14:00;102,26;102,28;102,16;102,23;103,11
26/01/2023 13:00;102,31;102,48;102,21;102,31;103,16
26/01/2023 12:00;102,06;102,41;101,94;102,29;103,23
26/01/2023 11:00;102,1;102,21;102,05;102,08;103,29
26/01/2023 10:00;102,43;102,45;102,02;102,1;103,35
26/01/2023 09:00;102,77;102,77;102,39;102,41;103,39
25/01/2023 17:05;102,51;102,6;102,51;102,55;103,45
25/01/2023 16:00;102,54;102,62;102,51;102,51;103,51
25/01/2023 15:00;102,43;102,63;102,39;102,54;103,57
25/01/2023 14:00;102,43;102,56;102,39;102,45;103,63
25/01/2023 13:00;102,6;102,67;102,39;102,44;103,69
25/01/2023 12:00;102,77;102,78;102,59;102,6;103,75
25/01/2023 11:00;102,91;103,17;102,75;102,76;103,79
25/01/2023 10:00;103,01;103,06;102,91;102,91;103,84
25/01/2023 09:00;102,97;103,12;102,77;103,01;103,9
24/01/2023 17:05;103,29;103,31;102,98;103,14;103,94
24/01/2023 16:00;103,27;103,37;103,22;103,29;104,01
24/01/2023 15:00;103,24;103,32;103,2;103,25;104,06
24/01/2023 14:00;103,09;103,24;103,08;103,21;104,13
24/01/2023 13:00;103,22;103,22;103,02;103,08;104,19
24/01/2023 12:00;103,27;103,37;103,2;103,2;104,24
24/01/2023 11:00;103,47;103,47;103,25;103,28;104,31
24/01/2023 10:00;103,55;103,56;103,44;103,48;104,37
24/01/2023 09:00;103,77;103,97;103,44;103,54;104,42
23/01/2023 17:05;103,65;103,82;103,63;103,73;104,47
23/01/2023 16:00;103,36;103,67;103,31;103,66;104,53
23/01/2023 15:00;103,27;103,36;103,27;103,36;104,59
23/01/2023 14:00;103,32;103,37;103,25;103,31;104,65
23/01/2023 13:00;103,27;103,37;103,23;103,36;104,73
23/01/2023 12:00;103,4;103,54;103,21;103,27;104,8
23/01/2023 11:00;103,89;103,9;103,39;103,4;104,87
23/01/2023 10:00;103,81;103,94;103,81;103,89;104,93
23/01/2023 09:00;104,12;104,35;103,77;103,78;104,98
20/01/2023 17:05;104,12;104,15;104;104;105,04
20/01/2023 16:00;104,03;104,12;103,94;104,12;105,1
20/01/2023 15:00;104,09;104,13;103,93;104,04;105,16
20/01/2023 14:00;104,26;104,29;104,06;104,09;105,22
20/01/2023 13:00;104,39;104,39;104,23;104,24;105,27
20/01/2023 12:00;104,2;104,46;104,17;104,36;105,33
20/01/2023 11:00;104,23;104,3;104,14;104,17;105,41
20/01/2023 10:00;104,43;104,44;104,12;104,23;105,48
20/01/2023 09:00;104,06;104,63;103,82;104,43;105,54
19/01/2023 17:05;104,26;104,57;104,23;104,3;105,61
19/01/2023 16:00;104,55;104,59;104,36;104,4;105,68
19/01/2023 15:00;104,58;104,63;104,47;104,55;105,73
19/01/2023 14:00;104,76;104,77;104,47;104,6;105,77
19/01/2023 13:00;105,01;105,21;104,75;104,75;105,79
19/01/2023 12:00;105,03;105,08;104,92;104,99;105,83
19/01/2023 11:00;104,92;105,14;104,9;105,04;105,86
19/01/2023 10:00;104,92;104,96;104,6;104,91;105,9
19/01/2023 09:00;105,03;105,12;104,7;104,91;105,94
18/01/2023 17:05;105,29;105,38;105,26;105,28;105,97
18/01/2023 16:00;105,38;105,46;105,23;105,36;105,99
18/01/2023 15:00;105,35;105,41;105,23;105,39;106,02
18/01/2023 14:00;105,24;105,46;105,21;105,33;106,03
18/01/2023 13:00;105,07;105,28;104,98;105,24;106,06
18/01/2023 12:00;105,19;105,21;105;105,07;106,1
18/01/2023 11:00;105,09;105,35;105,05;105,18;106,14
18/01/2023 10:00;105,38;105,5;104,92;105,09;106,17
18/01/2023 09:00;105,75;105,79;105,34;105,38;106,2
17/01/2023 17:05;105,64;105,9;105,64;105,73;106,22
17/01/2023 16:00;105,73;105,84;105,64;105,7;106,24
17/01/2023 15:00;105,59;105,85;105,51;105,69;106,25
17/01/2023 14:00;105,8;105,89;105,52;105,56;106,27
17/01/2023 13:00;105,91;105,91;105,79;105,8;106,3
17/01/2023 12:00;105,88;106,02;105,84;105,91;106,32
17/01/2023 11:00;105,81;105,93;105,73;105,85;106,33
17/01/2023 10:00;105,85;105,93;105,73;105,77;106,33
17/01/2023 09:00;106,05;106,2;105,84;105,85;106,33
16/01/2023 17:05;106,53;106,74;106,25;106,33;105,95
16/01/2023 16:00;106,42;106,52;106,26;106,48;105,94
16/01/2023 15:00;106,23;106,6;106,2;106,42;105,94
16/01/2023 14:00;106,45;106,52;106,16;106,26;105,94
16/01/2023 13:00;106,03;106,76;105,98;106,42;105,95
16/01/2023 12:00;105,93;106,1;105,9;105,99;106,33
16/01/2023 11:00;105,84;105,93;105,77;105,93;106,36
16/01/2023 10:00;105,97;106,03;105,65;105,87;106,39
16/01/2023 09:00;105,77;106,15;105,62;105,89;106,42
13/01/2023 17:05;105,9;106,07;105,85;105,96;106,45
13/01/2023 16:00;106,07;106,25;105,99;106,02;106,46
13/01/2023 15:00;106,16;106,19;105,89;106,07;106,48
13/01/2023 14:00;106,03;106,19;105,97;106,16;106,51
13/01/2023 13:00;106,11;106,25;105,93;106,03;106,54
13/01/2023 12:00;105,92;106,14;105,84;106,07;106,59
13/01/2023 11:00;105,85;105,98;105,65;105,88;106,64
13/01/2023 10:00;106,13;106,16;105,73;105,84;106,66
13/01/2023 09:00;106,02;106,31;106,02;106,14;106,68
12/01/2023 17:05;106,42;106,54;106,21;106,25;106,7
12/01/2023 16:00;106,39;106,48;106,3;106,42;106,71
12/01/2023 15:00;106,52;106,59;106,25;106,36;106,7
12/01/2023 14:00;105,9;106,53;105,9;106,52;106,69
12/01/2023 13:00;106,19;106,38;105,89;105,9;106,67
12/01/2023 12:00;106,13;106,27;106,06;106,22;106,66
12/01/2023 11:00;106,07;106,28;105,89;106,13;106,64
12/01/2023 10:00;106,72;106,86;106;106,08;106,59
12/01/2023 09:00;105,92;106,74;105,8;106,71;106,18
11/01/2023 17:05;106,02;106,12;105,85;105,97;106,53
11/01/2023 16:00;106,08;106,14;105,97;106,02;106,51
11/01/2023 15:00;106,03;106,21;105,96;106,08;106,5
11/01/2023 14:00;106,08;106,19;105,96;106,02;106,49
11/01/2023 13:00;106,14;106,28;106,07;106,07;106,48
11/01/2023 12:00;106,21;106,41;106,07;106,13;106,08
11/01/2023 11:00;106,65;106,69;106,14;106,21;106,05
11/01/2023 10:00;106,64;106,69;106,49;106,67;106,02
11/01/2023 09:00;106,82;106,86;106,35;106,65;105,99
10/01/2023 17:05;106,67;106,83;106,61;106,68;105,94
10/01/2023 16:00;106,89;106,98;106,67;106,67;105,9
10/01/2023 15:00;106,76;106,88;106,69;106,86;105,85
10/01/2023 14:00;106,72;106,99;106,6;106,79;105,81
10/01/2023 13:00;106,49;106,73;106,49;106,73;105,78
10/01/2023 12:00;106,67;106,83;106,43;106,49;105,74
10/01/2023 11:00;106,64;106,91;106,54;106,71;105,72
10/01/2023 10:00;107,13;107,21;106,59;106,63;105,69
10/01/2023 09:00;106,66;107,59;106,64;107,11;105,66
09/01/2023 17:05;106,76;107,45;106,76;107,45;105,63
09/01/2023 16:00;106,72;106,86;106,51;106,86;105,59
09/01/2023 15:00;106,89;106,94;106,53;106,71;105,55
09/01/2023 14:00;106,84;106,94;106,56;106,86;105,52
09/01/2023 13:00;106,28;106,88;106,27;106,87;105,49
09/01/2023 12:00;106,18;106,3;106,15;106,28;105,47
09/01/2023 11:00;106;106,16;105,89;106,16;105,47
09/01/2023 10:00;105,72;105,99;105,66;105,99;105,48
09/01/2023 09:00;105,47;105,84;105,22;105,74;105,8
06/01/2023 17:05;105,37;105,64;105,33;105,33;105,81
06/01/2023 16:00;105,46;105,49;105,22;105,28;105,83
06/01/2023 15:00;105,22;105,5;105,11;105,44;105,86
06/01/2023 14:00;105,35;105,43;105,2;105,23;105,9
06/01/2023 13:00;105,62;105,65;105,31;105,33;105,93
06/01/2023 12:00;105,79;105,82;105,5;105,6;105,98
06/01/2023 11:00;105,67;105,93;105,6;105,76;106,02
06/01/2023 10:00;105,79;105,9;105,57;105,66;106,07
06/01/2023 09:00;106,04;106,13;105,73;105,73;106,12
05/01/2023 17:05;105,45;105,45;105,33;105,39;106,19
05/01/2023 16:00;105,56;105,62;105,44;105,51;106,25
05/01/2023 15:00;105,56;105,68;105,44;105,57;106,32
05/01/2023 14:00;105,55;105,57;105,33;105,56;106,39
05/01/2023 13:00;105,29;105,61;105,28;105,53;106,46
05/01/2023 12:00;105,46;105,55;105,27;105,3;106,55
05/01/2023 11:00;105,49;105,52;105,45;105,45;106,64
05/01/2023 10:00;105,53;105,61;105,49;105,52;106,74
05/01/2023 09:00;106,02;106,02;105,45;105,58;106,8
04/01/2023 17:05;105,97;106;105,75;105,94;106,86
04/01/2023 16:00;105,88;106,05;105,73;105,97;106,91
04/01/2023 15:00;105,98;106,11;105,88;105,93;106,96
04/01/2023 14:00;105,71;106,03;105,67;105,97;107,01
04/01/2023 13:00;105,45;105,75;105,41;105,69;107,06
04/01/2023 12:00;105,49;105,56;105,38;105,46;107,13
04/01/2023 11:00;105,74;105,74;105,45;105,49;107,2
04/01/2023 10:00;105,55;105,81;105,47;105,76;107,27
04/01/2023 09:00;105,81;106,08;105,51;105,56;107,32
03/01/2023 17:05;106,11;106,15;106,08;106,08;107,37
03/01/2023 16:00;106,23;106,28;105,96;106,06;107,41
03/01/2023 15:00;106;106,35;105,97;106,23;107,46
03/01/2023 14:00;105,74;106,05;105,71;106,04;107,52
03/01/2023 13:00;105,97;106;105,55;105,7;107,57
03/01/2023 12:00;106,44;106,44;105,93;105,99;107,59
03/01/2023 11:00;106,41;106,53;106,34;106,41;107,59
03/01/2023 10:00;106,32;106,52;106,29;106,45;107,59
03/01/2023 09:00;107,17;107,27;106,33;106,33;107,55
02/01/2023 17:05;107,03;107,14;106,91;106,99;107,52
02/01/2023 16:00;107,28;107,38;107,08;107,09;107,48
02/01/2023 15:00;107,49;107,65;107,26;107,28;107,13
02/01/2023 14:00;107,51;107,55;107,43;107,49;107,09
02/01/2023 13:00;107,55;107,62;107,5;107,5;107,04
02/01/2023 12:00;107,62;107,68;107,46;107,55;106,98
02/01/2023 11:00;107,59;107,69;107,39;107,59;106,93
02/01/2023 10:00;107,65;107,7;107,57;107,64;106,88
02/01/2023 09:00;107,85;108,1;107,5;107,62;106,83