Data;Abertura;Máxima;Mínima;Fechamento
28/02/2025 17:05;86,88;86,9;86,62;86,73
28/02/2025 16:00;86,76;86,8;86,62;86,65
28/02/2025 15:30;86,95;86,98;86,65;86,76
28/02/2025 15:00;86,92;87,19;86,9;86,96
28/02/2025 14:30;87,03;87,1;86,9;86,93
28/02/2025 14:00;86,9;87,11;86,87;87,05
28/02/2025 13:30;86,88;86,93;86,8;86,9
28/02/2025 13:00;87;87,04;86,81;86,9
28/02/2025 12:30;87,03;87,05;86,96;87
28/02/2025 12:00;87;87,1;86,86;87,02
28/02/2025 11:30;87,09;87,1;86,98;87,03
28/02/2025 11:00;87,12;87,15;87;87,1
28/02/2025 10:30;87,21;87,23;87,07;87,1
28/02/2025 10:00;87,07;87,22;87,07;87,2
28/02/2025 09:30;87,12;87,15;86,97;87,07
28/02/2025 09:00;87,01;87,25;86,93;87,11
27/02/2025 17:05;86,95;87;86,62;86,8
27/02/2025 16:00;86,92;86,99;86,75;86,75
27/02/2025 15:30;87,03;87,1;86,89;86,92
27/02/2025 15:00;86,42;87,04;86,42;87
27/02/2025 14:30;86,32;86,45;86,22;86,45
27/02/2025 14:00;86,18;86,57;86,15;86,32
27/02/2025 13:30;86,28;86,29;86,11;86,16
27/02/2025 13:00;86,11;86,3;86,1;86,29
27/02/2025 12:30;86,03;86,14;86,02;86,11
27/02/2025 12:00;86,12;86,18;86,02;86,07
27/02/2025 11:30;86,1;86,13;86,05;86,12
27/02/2025 11:00;86,2;86,26;86,01;86,11
27/02/2025 10:30;86,04;86,23;86;86,21
27/02/2025 10:00;86,06;86,28;85,9;86,09
27/02/2025 09:30;86,39;86,51;85,5;86,09
27/02/2025 09:00;86,65;86,65;86,34;86,38
26/02/2025 17:05;86,54;86,58;86,15;86,15
26/02/2025 16:00;86,42;86,46;86,23;86,4
26/02/2025 15:30;86,77;86,81;86,3;86,42
26/02/2025 15:00;86,72;86,9;86,7;86,79
26/02/2025 14:30;86,62;86,78;86,62;86,71
26/02/2025 14:00;86,6;86,7;86,55;86,61
26/02/2025 13:30;86,42;86,6;86,38;86,6
26/02/2025 13:00;86,42;86,49;86,3;86,45
26/02/2025 12:30;86,38;86,49;86,34;86,41
26/02/2025 12:00;86,47;86,49;86,34;86,38
26/02/2025 11:30;86,47;86,49;86,28;86,46
26/02/2025 11:00;86,51;86,58;86,35;86,47
26/02/2025 10:30;86,57;86,66;86,41;86,52
26/02/2025 10:00;86,53;86,8;86,33;86,58
26/02/2025 09:30;86,3;86,54;86,15;86,54
26/02/2025 09:00;86,37;86,74;86,2;86,34
25/02/2025 17:05;85,17;85,48;85;85,38
25/02/2025 16:00;84,71;84,85;84,71;84,85
25/02/2025 15:30;84,06;84,74;84,06;84,74
25/02/2025 15:00;83,73;84,09;83,62;84,09
25/02/2025 14:30;83,99;84;83,72;83,72
25/02/2025 14:00;83,9;83,98;83,83;83,97
25/02/2025 13:30;83,91;84,08;83,84;83,9
25/02/2025 13:00;83,9;84,09;83,85;83,91
25/02/2025 12:30;84,06;84,19;83,8;83,89
25/02/2025 12:00;83,87;84,14;83,67;84,05
25/02/2025 11:30;84,3;84,33;83,63;83,93
25/02/2025 11:00;84,26;84,4;84,22;84,3
25/02/2025 10:30;84,15;84,32;84,1;84,28
25/02/2025 10:00;84,18;84,2;84,1;84,17
25/02/2025 09:30;84,09;84,36;84,08;84,2
25/02/2025 09:00;84,55;84,6;84,05;84,1
24/02/2025 17:05;83,66;84,3;83,51;84,3
24/02/2025 16:00;83,95;83,95;83,33;83,7
24/02/2025 15:30;84,62;84,68;83,76;83,96
24/02/2025 15:00;84,85;84,88;84,37;84,62
24/02/2025 14:30;85;85,05;84,79;84,88
24/02/2025 14:00;85,05;85,05;84,75;85
24/02/2025 13:30;85,17;85,28;85,05;85,07
24/02/2025 13:00;85,05;85,35;85,05;85,13
24/02/2025 12:30;85,23;85,37;85,01;85,06
24/02/2025 12:00;85,09;85,24;85,08;85,23
24/02/2025 11:30;84,81;85,16;84,79;85,08
24/02/2025 11:00;84,88;84,89;84,74;84,83
24/02/2025 10:30;84,93;84,99;84,85;84,88
24/02/2025 10:00;84,83;84,9;84,76;84,9
24/02/2025 09:30;84,93;85;84,75;84,84
24/02/2025 09:00;85,01;85,18;84,52;84,93
21/02/2025 17:05;85,06;85,19;84,66;84,85
21/02/2025 16:00;85,18;85,22;84,92;85,1
21/02/2025 15:30;85,34;85,38;85,06;85,16
21/02/2025 15:00;85,27;85,43;85,25;85,35
21/02/2025 14:30;85,03;85,35;85,02;85,26
21/02/2025 14:00;84,8;85,2;84,73;85,09
21/02/2025 13:30;84,68;84,9;84,63;84,8
21/02/2025 13:00;84,7;84,75;84,64;84,7
21/02/2025 12:30;84,16;84,71;84,11;84,66
21/02/2025 12:00;84,23;84,28;84,06;84,18
21/02/2025 11:30;84,32;84,35;84,23;84,23
21/02/2025 11:00;84,28;84,4;84,2;84,32
21/02/2025 10:30;84,35;84,37;84,16;84,28
21/02/2025 10:00;84,31;84,44;84,15;84,35
21/02/2025 09:30;84,43;84,45;84,23;84,29
21/02/2025 09:00;84;84,59;84;84,41
20/02/2025 17:05;82,66;83,2;82,66;83,11
20/02/2025 16:00;82,75;82,82;82,61;82,8
20/02/2025 15:30;82,78;82,85;82,7;82,77
20/02/2025 15:00;82,51;82,83;82,51;82,71
20/02/2025 14:30;82,4;82,54;82,38;82,51
20/02/2025 14:00;82,41;82,6;82,38;82,42
20/02/2025 13:30;82,25;82,49;82,22;82,41
20/02/2025 13:00;82,1;82,29;82,05;82,25
20/02/2025 12:30;82,1;82,28;82;82,08
20/02/2025 12:00;82,1;82,14;82,04;82,11
20/02/2025 11:30;82,01;82,15;81,94;82,1
20/02/2025 11:00;82,09;82,16;81,94;81,97
20/02/2025 10:30;81,95;82,14;81,95;82,1
20/02/2025 10:00;81,74;82;81,65;81,93
20/02/2025 09:30;81,75;81,97;81,71;81,74
20/02/2025 09:00;81,8;82;81,64;81,72
19/02/2025 17:05;80,83;81,03;80,8;80,93
19/02/2025 16:00;80,8;80,9;80,77;80,8
19/02/2025 15:30;80,79;80,86;80,79;80,8
19/02/2025 15:00;80,7;80,8;80,6;80,8
19/02/2025 14:30;80,55;80,7;80,55;80,7
19/02/2025 14:00;80,76;80,85;80,55;80,55
19/02/2025 13:30;80,88;80,89;80,7;80,74
19/02/2025 13:00;80,9;80,99;80,85;80,85
19/02/2025 12:30;80,4;80,9;80,15;80,9
19/02/2025 12:00;80,32;80,46;80,29;80,43
19/02/2025 11:30;80,3;80,42;80,25;80,3
19/02/2025 11:00;80,35;80,44;80,22;80,32
19/02/2025 10:30;80,47;80,6;80,36;80,38
19/02/2025 10:00;80,36;80,59;80;80,51
19/02/2025 09:30;80,34;80,45;80,2;80,35
19/02/2025 09:00;80,2;80,5;80,2;80,31
18/02/2025 17:05;80,85;81,05;80,76;81
18/02/2025 16:00;80,65;80,95;80,53;80,75
18/02/2025 15:30;80,87;80,9;80,62;80,67
18/02/2025 15:00;80,56;80,86;80,51;80,86
18/02/2025 14:30;80,64;80,66;80,4;80,57
18/02/2025 14:00;80,82;80,94;80,5;80,65
18/02/2025 13:30;80,9;80,92;80,64;80,82
18/02/2025 13:00;81,01;81,06;80,9;80,91
18/02/2025 12:30;80,93;81,16;80,76;81
18/02/2025 12:00;81;81;80,75;80,93
18/02/2025 11:30;81,02;81,14;80,93;80,95
18/02/2025 11:00;81,1;81,18;80,84;81,05
18/02/2025 10:30;81;81,2;80,91;81,08
18/02/2025 10:00;80,7;81;80,65;80,98
18/02/2025 09:30;80,81;80,94;80,61;80,68
18/02/2025 09:00;80,25;80,88;80,11;80,82
17/02/2025 17:05;80,5;80,88;80,47;80,85
17/02/2025 16:00;80,57;80,72;80,38;80,4
17/02/2025 15:30;81,12;81,14;80,55;80,61
17/02/2025 15:00;81,15;81,29;81,1;81,13
17/02/2025 14:30;81,23;81,29;80,78;81,14
17/02/2025 14:00;81,3;81,32;81,15;81,23
17/02/2025 13:30;81,33;81,38;81,28;81,3
17/02/2025 13:00;81,38;81,4;81,27;81,3
17/02/2025 12:30;81,35;81,45;81,34;81,36
17/02/2025 12:00;81,36;81,4;81,28;81,39
17/02/2025 11:30;81,42;81,48;81,35;81,37
17/02/2025 11:00;81,46;81,48;81,33;81,42
17/02/2025 10:30;81,3;81,48;81,29;81,48
17/02/2025 10:00;81,26;81,3;81,24;81,3
17/02/2025 09:30;81,36;81,39;81,24;81,3
17/02/2025 09:00;80,88;81,4;80,88;81,33
14/02/2025 17:05;80,61;80,79;80,5;80,77
14/02/2025 16:00;80,73;80,8;80,64;80,68
14/02/2025 15:30;80,72;80,74;80,59;80,72
14/02/2025 15:00;80,56;80,8;80,56;80,75
14/02/2025 14:30;80,7;80,73;80,36;80,56
14/02/2025 14:00;80,6;80,78;80,58;80,7
14/02/2025 13:30;80,49;80,59;80,48;80,55
14/02/2025 13:00;80,46;80,58;80,42;80,46
14/02/2025 12:30;80,36;80,48;80,35;80,45
14/02/2025 12:00;80,36;80,4;80,31;80,37
14/02/2025 11:30;80,24;80,38;80,2;80,35
14/02/2025 11:00;79,98;80,24;79,95;80,21
14/02/2025 10:30;79,92;80,1;79,9;79,98
14/02/2025 10:00;79,99;80,12;79,92;79,93
14/02/2025 09:30;79,91;80;79,82;79,97
14/02/2025 09:00;79,78;79,97;79,62;79,89
13/02/2025 17:05;79,76;79,98;79,7;79,85
13/02/2025 16:00;79,87;79,91;79,67;79,77
13/02/2025 15:30;79,75;79,99;79,72;79,85
13/02/2025 15:00;79,7;79,8;79,69;79,75
13/02/2025 14:30;79,64;79,72;79,61;79,7
13/02/2025 14:00;79,88;79,89;79,44;79,65
13/02/2025 13:30;79,77;79,9;79,76;79,87
13/02/2025 13:00;79,74;79,79;79,7;79,75
13/02/2025 12:30;79,71;79,79;79,65;79,74
13/02/2025 12:00;79,79;79,84;79,7;79,7
13/02/2025 11:30;79,82;79,84;79,65;79,76
13/02/2025 11:00;79,62;79,85;79,62;79,81
13/02/2025 10:30;79,6;79,7;79,54;79,59
13/02/2025 10:00;79,35;79,7;79,35;79,6
13/02/2025 09:30;79,3;79,4;79,3;79,34
13/02/2025 09:00;79,35;79,61;79,3;79,3
12/02/2025 17:05;78,66;79,09;78,54;78,95
12/02/2025 16:00;78,49;78,76;78,41;78,51
12/02/2025 15:30;78,58;78,6;78,47;78,47
12/02/2025 15:00;78,36;78,66;78,23;78,56
12/02/2025 14:30;78,54;78,62;78,35;78,36
12/02/2025 14:00;78,59;78,61;78,54;78,54
12/02/2025 13:30;78,62;78,66;78,58;78,61
12/02/2025 13:00;78,52;78,7;78,52;78,62
12/02/2025 12:30;78,26;78,74;78,26;78,52
12/02/2025 12:00;78,45;78,5;78,19;78,26
12/02/2025 11:30;78,25;78,51;78,22;78,44
12/02/2025 11:00;78,26;78,39;78,16;78,27
12/02/2025 10:30;78,64;78,78;78,13;78,23
12/02/2025 10:00;78,88;78,91;78,6;78,6
12/02/2025 09:30;78,72;78,95;78,67;78,9
12/02/2025 09:00;78,97;78,97;78,47;78,7
11/02/2025 17:05;78,3;78,8;78,3;78,69
11/02/2025 16:00;78,9;78,91;78,3;78,3
11/02/2025 15:30;79,07;79,08;78,8;78,9
11/02/2025 15:00;79,08;79,15;78,8;79,1
11/02/2025 14:30;79,14;79,25;79,01;79,08
11/02/2025 14:00;79,45;79,5;78,93;79,13
11/02/2025 13:30;79,58;79,62;79,31;79,48
11/02/2025 13:00;79,42;79,63;79,37;79,58
11/02/2025 12:30;79,43;79,49;79,36;79,47
11/02/2025 12:00;79,34;79,45;79,31;79,44
11/02/2025 11:30;79,07;79,32;79,06;79,32
11/02/2025 11:00;79,25;79,28;79,05;79,07
11/02/2025 10:30;79,39;79,39;79,23;79,25
11/02/2025 10:00;79,3;79,45;79,3;79,38
11/02/2025 09:30;79,19;79,42;79,19;79,29
11/02/2025 09:00;78,86;79,32;78,76;79,15
10/02/2025 17:05;79,25;79,3;79,12;79,16
10/02/2025 16:00;79,37;79,42;79,15;79,15
10/02/2025 15:30;79,44;79,44;79,21;79,37
10/02/2025 15:00;79,21;79,43;79,15;79,42
10/02/2025 14:30;79,15;79,25;79,08;79,23
10/02/2025 14:00;79,21;79,28;79,06;79,15
10/02/2025 13:30;79,17;79,25;79,15;79,21
10/02/2025 13:00;79,03;79,28;79,03;79,19
10/02/2025 12:30;78,97;79,04;78,84;79,04
10/02/2025 12:00;79;79,03;78,91;78,96
10/02/2025 11:30;78,99;79,19;78,99;79
10/02/2025 11:00;79,07;79,14;78,9;79
10/02/2025 10:30;78,86;79,15;78,86;79,1
10/02/2025 10:00;78,94;79;78,77;78,83
10/02/2025 09:30;78,63;79;78,6;78,93
10/02/2025 09:00;78,7;78,8;78,5;78,63
07/02/2025 17:05;78,21;78,32;78,1;78,25
07/02/2025 16:00;78,47;78,5;78,09;78,1
07/02/2025 15:30;78,33;78,5;78,3;78,47
07/02/2025 15:00;78,26;78,32;78,11;78,3
07/02/2025 14:30;78,37;78,4;78,27;78,31
07/02/2025 14:00;78,36;78,46;78,32;78,41
07/02/2025 13:30;78,21;78,35;78,02;78,35
07/02/2025 13:00;78,27;78,36;78,16;78,29
07/02/2025 12:30;78,3;78,38;78,15;78,27
07/02/2025 12:00;78,3;78,41;78,13;78,3
07/02/2025 11:30;78,47;78,58;78,27;78,31
07/02/2025 11:00;78,1;78,59;78,06;78,49
07/02/2025 10:30;78,17;78,22;78,1;78,11
07/02/2025 10:00;78,15;78,29;78,11;78,17
07/02/2025 09:30;78,14;78,18;77,96;78,11
07/02/2025 09:00;78,21;78,35;77,88;78,13
06/02/2025 17:05;78,2;78,36;78,2;78,36
06/02/2025 16:00;78,3;78,35;78,01;78,07
06/02/2025 15:30;78,29;78,37;78,25;78,35
06/02/2025 15:00;78,4;78,46;78,25;78,28
06/02/2025 14:30;78,34;78,4;78,12;78,39
06/02/2025 14:00;78,16;78,38;78,1;78,35
06/02/2025 13:30;78,04;78,18;77,88;78,18
06/02/2025 13:00;77,81;78,05;77,65;78,01
06/02/2025 12:30;77,77;77,96;77,74;77,82
06/02/2025 12:00;77,71;77,91;77,6;77,76
06/02/2025 11:30;77,38;77,71;77,09;77,69
06/02/2025 11:00;77,4;77,56;77,2;77,36
06/02/2025 10:30;77,13;77,44;77,07;77,39
06/02/2025 10:00;77,66;77,66;76,83;77,12
06/02/2025 09:30;77,64;77,82;77,31;77,67
06/02/2025 09:00;77,99;78,28;77,65;77,65
05/02/2025 17:05;77,99;77,99;77,77;77,85
05/02/2025 16:00;77,89;77,99;77,86;77,91
05/02/2025 15:30;77,73;77,9;77,72;77,89
05/02/2025 15:00;77,61;77,78;77,59;77,71
05/02/2025 14:30;77,7;77,75;77,58;77,61
05/02/2025 14:00;77,55;77,7;77,43;77,7
05/02/2025 13:30;77,57;77,69;77,5;77,57
05/02/2025 13:00;77,32;77,59;77,3;77,58
05/02/2025 12:30;77,32;77,34;77,28;77,31
05/02/2025 12:00;77,25;77,4;77,22;77,35
05/02/2025 11:30;77,59;77,63;77,19;77,27
05/02/2025 11:00;77,64;77,67;77,47;77,56
05/02/2025 10:30;77,6;77,72;77,56;77,65
05/02/2025 10:00;77,4;77,65;77,32;77,63
05/02/2025 09:30;77,33;77,42;77,22;77,38
05/02/2025 09:00;76,95;77,4;76,88;77,31
04/02/2025 17:05;76,7;76,84;76,61;76,77
04/02/2025 16:00;76,55;76,72;76,52;76,68
04/02/2025 15:30;76,45;76,59;76,42;76,54
04/02/2025 15:00;76,31;76,47;76,28;76,45
04/02/2025 14:30;76,4;76,42;76,27;76,34
04/02/2025 14:00;76,4;76,5;76,36;76,4
04/02/2025 13:30;76,34;76,45;76,32;76,39
04/02/2025 13:00;76,2;76,36;76,19;76,36
04/02/2025 12:30;76,23;76,3;76,11;76,22
04/02/2025 12:00;76,34;76,45;76,01;76,24
04/02/2025 11:30;76,35;76,42;76,32;76,39
04/02/2025 11:00;76,32;76,35;76,16;76,33
04/02/2025 10:30;76,41;76,47;76,25;76,34
04/02/2025 10:00;76,39;76,48;76,3;76,4
04/02/2025 09:30;75,96;76,39;75,96;76,39
04/02/2025 09:00;75,86;76,08;75,85;75,95
03/02/2025 17:05;75,64;75,79;75,57;75,59
03/02/2025 16:00;75,67;75,7;75,55;75,64
03/02/2025 15:30;75,5;75,7;75,5;75,65
03/02/2025 15:00;75,5;75,5;75,43;75,5
03/02/2025 14:30;75,24;75,5;75,24;75,45
03/02/2025 14:00;75,45;75,49;75,17;75,24
03/02/2025 13:30;75,46;75,52;75,27;75,43
03/02/2025 13:00;75,3;75,47;75,11;75,46
03/02/2025 12:30;75,6;75,62;75,27;75,35
03/02/2025 12:00;75,73;75,78;75,52;75,61
03/02/2025 11:30;75,63;75,76;75,61;75,74
03/02/2025 11:00;75,78;75,85;75,52;75,63
03/02/2025 10:30;75,76;75,86;75,66;75,78
03/02/2025 10:00;75,37;75,75;75,26;75,74
03/02/2025 09:30;75,23;75,4;75,1;75,38
03/02/2025 09:00;75,21;75,36;74,8;75,2
31/01/2025 17:05;75,51;75,61;75,21;75,3
31/01/2025 16:00;75,62;75,7;75,5;75,5
31/01/2025 15:30;75,72;75,75;75,55;75,6
31/01/2025 15:00;75,63;75,8;75,6;75,72
31/01/2025 14:30;75,76;75,78;75,52;75,62
31/01/2025 14:00;75,68;75,78;75,66;75,75
31/01/2025 13:30;75,78;75,78;75,64;75,64
31/01/2025 13:00;75,71;75,8;75,7;75,75
31/01/2025 12:30;75,64;75,74;75,58;75,73
31/01/2025 12:00;75,54;75,64;75,5;75,64
31/01/2025 11:30;75,56;75,58;75,4;75,55
31/01/2025 11:00;75,44;75,56;75,3;75,56
31/01/2025 10:30;75,75;75,78;75,21;75,42
31/01/2025 10:00;75,92;75,97;75,65;75,78
31/01/2025 09:30;75,93;76,02;75,9;75,94
31/01/2025 09:00;76,1;76,18;75,82;75,9
30/01/2025 17:05;76,08;76,27;76,07;76,25
30/01/2025 16:00;75,97;76,1;75,97;76,03
30/01/2025 15:30;75,94;76,05;75,88;75,96
30/01/2025 15:00;75,85;75,94;75,85;75,9
30/01/2025 14:30;75,75;75,86;75,75;75,84
30/01/2025 14:00;75,89;75,94;75,75;75,75
30/01/2025 13:30;75,92;76;75,85;75,89
30/01/2025 13:00;75,78;75,96;75,71;75,92
30/01/2025 12:30;75,65;75,8;75,63;75,78
30/01/2025 12:00;75,6;75,67;75,51;75,65
30/01/2025 11:30;75,82;75,87;75,51;75,61
30/01/2025 11:00;75,77;75,9;75,76;75,81
30/01/2025 10:30;75,81;75,86;75,69;75,76
30/01/2025 10:00;75,88;75,9;75,8;75,81
30/01/2025 09:30;75,88;75,98;75,86;75,87
30/01/2025 09:00;75,9;76,2;75,81;75,9
29/01/2025 17:05;75,85;75,92;75,6;75,6
29/01/2025 16:00;75,64;75,81;75,61;75,72
29/01/2025 15:30;75,39;75,7;75,37;75,68
29/01/2025 15:00;75,3;75,4;75,3;75,38
29/01/2025 14:30;75,31;75,33;75,23;75,29
29/01/2025 14:00;75,42;75,49;75,26;75,3
29/01/2025 13:30;75,18;75,45;75,18;75,41
29/01/2025 13:00;75,18;75,2;75,07;75,2
29/01/2025 12:30;75,07;75,18;75,04;75,18
29/01/2025 12:00;75,01;75,19;74,99;75,07
29/01/2025 11:30;75,15;75,19;74,95;74,99
29/01/2025 11:00;75,27;75,34;75,09;75,12
29/01/2025 10:30;75,12;75,29;75,06;75,26
29/01/2025 10:00;75,01;75,2;75,01;75,14
29/01/2025 09:30;75,13;75,36;75;75
29/01/2025 09:00;75,2;75,3;75,07;75,12
28/01/2025 17:05;74,83;75,07;74,81;74,96
28/01/2025 16:00;74,8;74,91;74,71;74,85
28/01/2025 15:30;74,79;74,87;74,75;74,76
28/01/2025 15:00;74,8;74,85;74,75;74,78
28/01/2025 14:30;74,78;74,85;74,75;74,81
28/01/2025 14:00;74,87;74,91;74,73;74,78
28/01/2025 13:30;74,91;74,97;74,88;74,88
28/01/2025 13:00;74,79;74,96;74,79;74,91
28/01/2025 12:30;74,81;74,81;74,76;74,81
28/01/2025 12:00;74,8;74,9;74,77;74,85
28/01/2025 11:30;74,78;75;74,78;74,8
28/01/2025 11:00;74,81;74,83;74,75;74,75
28/01/2025 10:30;74,79;74,93;74,76;74,8
28/01/2025 10:00;74,8;74,89;74,62;74,77
28/01/2025 09:30;74,95;75,19;74,72;74,82
28/01/2025 09:00;75,13;75,48;74,9;74,96
27/01/2025 17:05;74,88;75,03;74,6;74,73
27/01/2025 16:00;74,67;75,13;74,53;75,05
27/01/2025 15:30;74,69;74,69;74,5;74,65
27/01/2025 15:00;74,73;74,75;74,67;74,69
27/01/2025 14:30;74,6;74,8;74,5;74,7
27/01/2025 14:00;74,66;74,8;74,6;74,62
27/01/2025 13:30;74,61;74,72;74,6;74,67
27/01/2025 13:00;74,75;74,77;74,62;74,62
27/01/2025 12:30;74,64;74,79;74,63;74,75
27/01/2025 12:00;74,63;74,74;74,58;74,63
27/01/2025 11:30;75,06;75,06;74,58;74,63
27/01/2025 11:00;74,67;75,18;74,54;75,06
27/01/2025 10:30;74,65;74,78;74,56;74,68
27/01/2025 10:00;74,54;74,63;74,4;74,63
27/01/2025 09:30;74,87;74,88;74,53;74,53
27/01/2025 09:00;75,05;75,05;74,61;74,85
24/01/2025 17:05;75,11;75,33;75,11;75,23
24/01/2025 16:00;75,54;75,7;75,11;75,15
24/01/2025 15:30;75,6;75,6;75,38;75,6
24/01/2025 15:00;74,93;75,7;74,84;75,62
24/01/2025 14:30;74,94;74,95;74,77;74,95
24/01/2025 14:00;75,1;75,1;74,81;74,91
24/01/2025 13:30;75,12;75,18;75,05;75,11
24/01/2025 13:00;75,17;75,19;75,1;75,16
24/01/2025 12:30;75,35;75,35;75,12;75,15
24/01/2025 12:00;75,23;75,37;75,16;75,37
24/01/2025 11:30;75,19;75,29;75,16;75,2
24/01/2025 11:00;75,08;75,21;75,05;75,19
24/01/2025 10:30;75,19;75,41;75,07;75,07
24/01/2025 10:00;75,41;75,45;75;75,2
24/01/2025 09:30;75,71;75,8;75,3;75,43
24/01/2025 09:00;76;76,13;75,59;75,74
23/01/2025 17:05;76,33;76,65;76,33;76,35
23/01/2025 16:00;76,37;76,43;76,23;76,43
23/01/2025 15:30;76,3;76,37;76,23;76,34
23/01/2025 15:00;76,39;76,41;76,21;76,3
23/01/2025 14:30;76,78;76,8;76,11;76,39
23/01/2025 14:00;76,78;76,95;76,78;76,86
23/01/2025 13:30;76,86;76,89;76,65;76,83
23/01/2025 13:00;76,83;77;76,74;76,84
23/01/2025 12:30;76,67;76,89;76,65;76,81
23/01/2025 12:00;76,56;76,98;76,56;76,67
23/01/2025 11:30;76,66;76,78;76,5;76,54
23/01/2025 11:00;76,68;76,99;76,51;76,66
23/01/2025 10:30;75,89;76,9;75,84;76,72
23/01/2025 10:00;76;76,05;75,77;75,89
23/01/2025 09:30;76,5;76,52;75,8;76
23/01/2025 09:00;76,19;76,52;76,08;76,49
22/01/2025 17:05;76,06;76,1;75,86;75,94
22/01/2025 16:00;76;76,2;75,9;76,11
22/01/2025 15:30;76,07;76,15;75,91;75,97
22/01/2025 15:00;76,2;76,21;75,93;76,02
22/01/2025 14:30;76,4;76,43;76,05;76,16
22/01/2025 14:00;76,38;76,55;76,29;76,44
22/01/2025 13:30;76,45;76,48;76,33;76,38
22/01/2025 13:00;76,41;76,47;76,37;76,38
22/01/2025 12:30;76,48;76,52;76,37;76,42
22/01/2025 12:00;76,35;76,55;76,25;76,47
22/01/2025 11:30;77;77;76,2;76,36
22/01/2025 11:00;76,8;77;76,61;77
22/01/2025 10:30;76,74;76,95;76,74;76,8
22/01/2025 10:00;76,72;76,78;76,56;76,7
22/01/2025 09:30;76,69;76,85;76,61;76,69
22/01/2025 09:00;77,46;77,46;76,42;76,7
21/01/2025 17:05;77,46;77,46;77,2;77,27
21/01/2025 16:00;77,74;77,8;77,4;77,46
21/01/2025 15:30;77,81;77,86;77,6;77,75
21/01/2025 15:00;77,77;77,85;77,7;77,81
21/01/2025 14:30;77,79;77,79;77,73;77,76
21/01/2025 14:00;77,84;77,89;77,75;77,83
21/01/2025 13:30;77,84;77,94;77,72;77,77
21/01/2025 13:00;77,59;77,85;77,56;77,84
21/01/2025 12:30;77,38;77,74;77,35;77,59
21/01/2025 12:00;77,62;77,62;77,31;77,38
21/01/2025 11:30;77,83;78,01;77,42;77,55
21/01/2025 11:00;77,95;77,95;77,55;77,75
21/01/2025 10:30;77,86;78,08;77,74;77,9
21/01/2025 10:00;77,4;77,9;77,3;77,86
21/01/2025 09:30;77,41;77,99;77,16;77,44
21/01/2025 09:00;78,02;78,2;77,11;77,4
20/01/2025 17:05;78,25;78,29;78;78,25
20/01/2025 16:00;78,11;78,2;78;78,17
20/01/2025 15:30;77,9;78,15;77,88;78,07
20/01/2025 15:00;77,87;77,97;77,7;77,97
20/01/2025 14:30;77,84;78,27;77,84;77,88
20/01/2025 14:00;77,59;77,9;77,59;77,83
20/01/2025 13:30;77,6;77,6;77,56;77,58
20/01/2025 13:00;77,59;77,6;77,49;77,57
20/01/2025 12:30;77,56;77,73;77,54;77,59
20/01/2025 12:00;77,41;77,75;77,41;77,56
20/01/2025 11:30;77,41;77,54;77,31;77,4
20/01/2025 11:00;77,41;77,45;77,32;77,4
20/01/2025 10:30;77,45;77,5;77,3;77,37
20/01/2025 10:00;77,77;77,83;77,45;77,5
20/01/2025 09:30;77,61;77,85;77,41;77,79
20/01/2025 09:00;76,9;77,97;76,16;77,6
17/01/2025 17:05;76,55;76,85;76,11;76,8
17/01/2025 16:00;77,1;77,15;76,6;76,7
17/01/2025 15:30;77,12;77,24;77;77,07
17/01/2025 15:00;77,24;77,3;77,1;77,14
17/01/2025 14:30;76,97;77,27;76,82;77,22
17/01/2025 14:00;77,38;77,6;76,95;76,96
17/01/2025 13:30;76,87;77,68;76,71;77,37
17/01/2025 13:00;76,89;76,96;76,76;76,86
17/01/2025 12:30;76,83;76,89;76,7;76,85
17/01/2025 12:00;76,65;76,84;76,55;76,84
17/01/2025 11:30;76,6;76,7;76,51;76,64
17/01/2025 11:00;76,83;77;76,56;76,62
17/01/2025 10:30;76,51;76,86;76,41;76,81
17/01/2025 10:00;75,94;77;75,94;76,55
17/01/2025 09:30;75,78;76,1;75,71;75,9
17/01/2025 09:00;75,8;75,95;75,49;75,77
16/01/2025 17:05;76,15;76,24;75,97;76,09
16/01/2025 16:00;76,53;76,55;76,11;76,18
16/01/2025 15:30;76,84;76,84;76,52;76,53
16/01/2025 15:00;76,95;77,1;76,76;76,87
16/01/2025 14:30;76,85;77,15;76,81;76,95
16/01/2025 14:00;76,82;76,98;76,81;76,85
16/01/2025 13:30;76,84;76,95;76,58;76,81
16/01/2025 13:00;76,99;76,99;76,83;76,84
16/01/2025 12:30;77,04;77,04;76,94;76,99
16/01/2025 12:00;77,07;77,09;76,92;77,02
16/01/2025 11:30;77,28;77,36;77,07;77,08
16/01/2025 11:00;77,13;77,3;77,1;77,28
16/01/2025 10:30;77,15;77,25;77,05;77,15
16/01/2025 10:00;76,99;77,3;76,97;77,15
16/01/2025 09:30;77,1;77,13;76,8;76,99
16/01/2025 09:00;77,74;77,85;77;77,07
15/01/2025 17:05;77,97;77,98;77,81;77,9
15/01/2025 16:00;77,95;78;77,87;78
15/01/2025 15:30;78,47;78,47;77,74;77,95
15/01/2025 15:00;78,64;78,67;78,42;78,43
15/01/2025 14:30;78,67;78,7;78,39;78,67
15/01/2025 14:00;78,6;78,77;78,5;78,68
15/01/2025 13:30;78,7;78,7;78,56;78,6
15/01/2025 13:00;78,61;78,74;78,55;78,7
15/01/2025 12:30;78,67;78,79;78,55;78,59
15/01/2025 12:00;78,76;78,76;78,46;78,67
15/01/2025 11:30;78,8;78,8;78,67;78,76
15/01/2025 11:00;78,5;78,93;78,46;78,77
15/01/2025 10:30;78,65;78,69;78,42;78,48
15/01/2025 10:00;78,76;78,76;78,45;78,69
15/01/2025 09:30;78,72;78,81;78,7;78,75
15/01/2025 09:00;78,5;78,86;78,17;78,75
14/01/2025 17:05;79,2;79,27;79,05;79,2
14/01/2025 16:00;79,12;79,28;79,01;79,16
14/01/2025 15:30;79,8;79,86;79,07;79,16
14/01/2025 15:00;79,87;79,9;79,75;79,8
14/01/2025 14:30;80,19;80,2;79,6;79,87
14/01/2025 14:00;80,14;80,19;79,92;80,19
14/01/2025 13:30;80;80,2;79,99;80,14
14/01/2025 13:00;79,77;80;79,76;80
14/01/2025 12:30;79,91;80,15;79,7;79,76
14/01/2025 12:00;79,48;79,97;79,45;79,88
14/01/2025 11:30;79,4;79,47;79,16;79,47
14/01/2025 11:00;79,17;79,55;79,15;79,41
14/01/2025 10:30;78,87;79,19;78,83;79,16
14/01/2025 10:00;78,88;78,94;78,75;78,89
14/01/2025 09:30;78,78;78,94;78,75;78,9
14/01/2025 09:00;79,69;79,69;78,71;78,75
13/01/2025 17:05;79,89;79,9;79,75;79,89
13/01/2025 16:00;79,9;79,92;79,75;79,92
13/01/2025 15:30;79,9;79,94;79,66;79,94
13/01/2025 15:00;80,02;80,05;79,76;79,9
13/01/2025 14:30;80;80,21;79,85;80,01
13/01/2025 14:00;79,9;80,11;79,82;79,96
13/01/2025 13:30;79,66;79,94;79,6;79,89
13/01/2025 13:00;79,65;79,87;79,6;79,64
13/01/2025 12:30;79,55;79,65;79,53;79,65
13/01/2025 12:00;79,55;79,6;79,44;79,55
13/01/2025 11:30;79,25;79,57;79,19;79,54
13/01/2025 11:00;79,1;79,29;78,87;79,24
13/01/2025 10:30;79,16;79,28;78,98;79,1
13/01/2025 10:00;79,05;79,37;78,84;79,16
13/01/2025 09:30;79,44;79,46;78,92;79,05
13/01/2025 09:00;78,23;79,69;78,23;79,4
10/01/2025 17:05;77,95;78,04;77,65;77,89
10/01/2025 16:00;77,89;78;77,84;77,95
10/01/2025 15:30;77,68;77,9;77,42;77,88
10/01/2025 15:00;77,69;77,86;77,64;77,65
10/01/2025 14:30;77,7;77,9;77,27;77,69
10/01/2025 14:00;77,3;78,09;77,29;77,68
10/01/2025 13:30;77,4;77,44;77,27;77,28
10/01/2025 13:00;77,4;77,43;77,28;77,39
10/01/2025 12:30;77,08;77,4;77,08;77,38
10/01/2025 12:00;76,89;77,2;76,89;77,06
10/01/2025 11:30;76,96;77,1;76,88;76,89
10/01/2025 11:00;77,39;77,63;76,9;76,96
10/01/2025 10:30;76,9;77,48;76,9;77,39
10/01/2025 10:00;76,62;76,99;76,49;76,88
10/01/2025 09:30;76,88;76,94;76,55;76,62
10/01/2025 09:00;77;77,01;76,67;76,88
09/01/2025 17:05;76,8;76,91;76,77;76,8
09/01/2025 16:00;76,72;76,79;76,62;76,74
09/01/2025 15:30;76,64;76,87;76,57;76,7
09/01/2025 15:00;76,48;76,69;76,4;76,65
09/01/2025 14:30;76,51;76,56;76,36;76,47
09/01/2025 14:00;76,15;76,63;76,15;76,54
09/01/2025 13:30;76,15;76,2;75,81;76,15
09/01/2025 13:00;76,16;76,4;76,14;76,14
09/01/2025 12:30;76,11;76,28;76,07;76,19
09/01/2025 12:00;76,17;76,18;76,08;76,12
09/01/2025 11:30;75,87;76,24;75,87;76,15
09/01/2025 11:00;75,78;75,9;75,76;75,88
09/01/2025 10:30;75,83;75,84;75,64;75,78
09/01/2025 10:00;75,88;75,94;75,79;75,83
09/01/2025 09:30;75,92;75,98;75,85;75,86
09/01/2025 09:00;75,81;76,07;75,63;75,92
08/01/2025 17:05;76,11;76,2;76,04;76,09
08/01/2025 16:00;76,07;76,19;76,02;76,03
08/01/2025 15:30;76,07;76,12;76,04;76,08
08/01/2025 15:00;76,05;76,14;76,05;76,07
08/01/2025 14:30;76,12;76,12;76,04;76,05
08/01/2025 14:00;76,1;76,27;76,07;76,12
08/01/2025 13:30;76,04;76,31;76,01;76,08
08/01/2025 13:00;76;76,09;75,98;76,06
08/01/2025 12:30;75,92;76;75,92;76
08/01/2025 12:00;75,91;75,92;75,87;75,91
08/01/2025 11:30;75,88;75,97;75,85;75,91
08/01/2025 11:00;75,99;76,04;75,88;75,91
08/01/2025 10:30;76,06;76,06;75,97;76
08/01/2025 10:00;76,08;76,12;76,06;76,07
08/01/2025 09:30;76,07;76,12;75,97;76,07
08/01/2025 09:00;76,13;76,2;76,02;76,08
07/01/2025 17:05;75,64;75,79;75,64;75,79
07/01/2025 16:00;75,65;75,71;75,53;75,61
07/01/2025 15:30;75,42;75,68;75,41;75,63
07/01/2025 15:00;75,34;75,46;75,31;75,43
07/01/2025 14:30;75,53;75,54;75,34;75,34
07/01/2025 14:00;75,43;75,56;75,35;75,53
07/01/2025 13:30;75,59;75,61;75,4;75,44
07/01/2025 13:00;75,63;75,66;75,59;75,59
07/01/2025 12:30;75,65;75,65;75,53;75,62
07/01/2025 12:00;75,66;75,77;75,65;75,69
07/01/2025 11:30;75,67;75,8;75,62;75,65
07/01/2025 11:00;75,56;75,72;75,52;75,63
07/01/2025 10:30;75,88;75,91;75,51;75,51
07/01/2025 10:00;75,9;76,06;75,81;75,88
07/01/2025 09:30;75,69;75,92;75,69;75,91
07/01/2025 09:00;76,07;76,07;75,64;75,69
06/01/2025 17:05;76,02;76,21;75,97;76,16
06/01/2025 16:00;75,87;75,99;75,86;75,97
06/01/2025 15:30;75,69;75,94;75,57;75,92
06/01/2025 15:00;75,67;75,8;75,56;75,71
06/01/2025 14:30;75,42;75,74;75,42;75,65
06/01/2025 14:00;74,95;75,53;74,9;75,45
06/01/2025 13:30;75,13;75,13;74,91;74,95
06/01/2025 13:00;75,2;75,24;75,08;75,11
06/01/2025 12:30;75,26;75,28;75,21;75,21
06/01/2025 12:00;75,27;75,38;75,13;75,26
06/01/2025 11:30;75,25;75,38;75,23;75,27
06/01/2025 11:00;75,12;75,34;75,12;75,29
06/01/2025 10:30;74,95;75,33;74,95;75,18
06/01/2025 10:00;74,97;74,97;74,83;74,91
06/01/2025 09:30;75,04;75,04;74,93;74,98
06/01/2025 09:00;74,8;75,13;74,66;74,96
03/01/2025 17:05;74,73;74,88;74,68;74,79
03/01/2025 16:00;74,7;74,79;74,61;74,74
03/01/2025 15:30;74,91;74,91;74,69;74,7
03/01/2025 15:00;75,13;75,16;74,89;74,9
03/01/2025 14:30;75,23;75,23;75,13;75,14
03/01/2025 14:00;75,22;75,27;75,22;75,22
03/01/2025 13:30;75,22;75,28;75,2;75,22
03/01/2025 13:00;75,15;75,24;75,14;75,22
03/01/2025 12:30;75,19;75,21;75,04;75,14
03/01/2025 12:00;75,19;75,26;75,15;75,2
03/01/2025 11:30;75,27;75,29;75,16;75,21
03/01/2025 11:00;75,28;75,34;75,24;75,28
03/01/2025 10:30;75,26;75,45;75,26;75,28
03/01/2025 10:00;75,27;75,4;75,21;75,23
03/01/2025 09:30;75,42;75,44;75,28;75,3
03/01/2025 09:00;75,27;75,58;75,27;75,43
02/01/2025 17:05;75,15;75,3;75,11;75,22
02/01/2025 16:00;75,33;75,33;75,16;75,26
02/01/2025 15:30;75,2;75,35;75,15;75,33
02/01/2025 15:00;75,62;75,63;75,17;75,22
02/01/2025 14:30;75,74;75,74;75,61;75,64
02/01/2025 14:00;75,95;75,99;75,71;75,73
02/01/2025 13:30;75,95;76,01;75,89;75,95
02/01/2025 13:00;76,18;76,21;75,88;75,95
02/01/2025 12:30;76,19;76,19;76,02;76,1
02/01/2025 12:00;76,18;76,27;76,17;76,19
02/01/2025 11:30;76,12;76,15;76,09;76,14
02/01/2025 11:00;76,19;76,21;76,09;76,15
02/01/2025 10:30;76,2;76,23;76,02;76,17
02/01/2025 10:00;76,16;76,44;76,05;76,25
02/01/2025 09:30;75,89;76,38;75,81;76,19
02/01/2025 09:00;76,07;76,08;75,62;75,92
30/12/2024 17:05;75,96;75,97;75,73;75,8
30/12/2024 16:00;75,72;75,97;75,71;75,71
30/12/2024 15:30;75,8;75,99;75,68;75,76
30/12/2024 15:00;75,61;75,79;75,55;75,75
30/12/2024 14:30;75,46;75,61;75,35;75,55
30/12/2024 14:00;75,56;75,64;75,3;75,48
30/12/2024 13:30;75,72;75,97;75,56;75,56
30/12/2024 13:00;75,67;76,02;75,67;75,8
30/12/2024 12:30;75,54;75,7;75,52;75,69
30/12/2024 12:00;75,41;75,57;75,4;75,5
30/12/2024 11:30;75,59;75,59;75,4;75,4
30/12/2024 11:00;75,49;75,68;75,49;75,57
30/12/2024 10:30;75,55;75,59;75,34;75,44
30/12/2024 10:00;75,6;75,76;75,55;75,55
30/12/2024 09:30;75,31;75,68;75,3;75,6
30/12/2024 09:00;75,61;75,67;75,3;75,3
27/12/2024 17:05;75,33;75,4;75,21;75,39
27/12/2024 16:00;75,2;75,42;75,2;75,21
27/12/2024 15:30;75,16;75,31;75,03;75,22
27/12/2024 15:00;75,1;75,22;75,1;75,19
27/12/2024 14:30;75,18;75,25;75,13;75,13
27/12/2024 14:00;75,19;75,2;75,11;75,16
27/12/2024 13:30;75,12;75,2;75,1;75,17
27/12/2024 13:00;75,13;75,13;75,05;75,1
27/12/2024 12:30;75,1;75,15;75,1;75,14
27/12/2024 12:00;75,02;75,17;74,94;75,11
27/12/2024 11:30;75,05;75,05;74,97;75
27/12/2024 11:00;75,04;75,07;75,02;75,04
27/12/2024 10:30;75,15;75,16;75,05;75,05
27/12/2024 10:00;75,22;75,24;75,1;75,15
27/12/2024 09:30;75,04;75,25;75,02;75,22
27/12/2024 09:00;74,9;75,25;74,89;75,05
26/12/2024 17:05;75,17;75,27;75,1;75,2
26/12/2024 16:00;75,38;75,4;74,99;75,2
26/12/2024 15:30;75,34;75,4;75,3;75,4
26/12/2024 15:00;75,36;75,44;75,34;75,36
26/12/2024 14:30;75,3;75,4;75,26;75,34
26/12/2024 14:00;75,28;75,39;75,28;75,28
26/12/2024 13:30;75,25;75,29;75,15;75,29
26/12/2024 13:00;75,14;75,22;75,03;75,2
26/12/2024 12:30;75,07;75,33;75,07;75,19
26/12/2024 12:00;75,3;75,31;74,89;75,1
26/12/2024 11:30;75,38;75,41;75,24;75,26
26/12/2024 11:00;75,43;75,44;75,4;75,4
26/12/2024 10:30;75,5;75,54;75,4;75,4
26/12/2024 10:00;75,39;75,56;75,24;75,53
26/12/2024 09:30;75,59;75,59;75,26;75,41
26/12/2024 09:00;75,48;75,72;75,34;75,57
23/12/2024 17:05;75,51;75,59;75,42;75,48
23/12/2024 16:00;75,33;75,46;75,3;75,45
23/12/2024 15:30;75,37;75,42;75,32;75,36
23/12/2024 15:00;75,34;75,49;75,26;75,32
23/12/2024 14:30;75,33;75,43;75,31;75,37
23/12/2024 14:00;75,4;75,45;75,3;75,37
23/12/2024 13:30;75,57;75,57;75,25;75,4
23/12/2024 13:00;75,57;75,61;75,56;75,57
23/12/2024 12:30;75,65;75,66;75,59;75,59
23/12/2024 12:00;75,7;75,81;75,62;75,65
23/12/2024 11:30;75,59;75,75;75,59;75,68
23/12/2024 11:00;75,65;75,71;75,5;75,62
23/12/2024 10:30;75,59;75,63;75,48;75,63
23/12/2024 10:00;75,58;75,65;75,53;75,57
23/12/2024 09:30;75,55;75,65;75,51;75,56
23/12/2024 09:00;75,41;75,71;75,41;75,6
20/12/2024 17:05;75,22;75,28;75,2;75,21
20/12/2024 16:00;75,29;75,36;75,21;75,35
20/12/2024 15:30;75,38;75,4;75,25;75,26
20/12/2024 15:00;75,33;75,49;75,25;75,39
20/12/2024 14:30;75,37;75,39;75,23;75,32
20/12/2024 14:00;75,46;75,5;75,32;75,37
20/12/2024 13:30;75,4;75,62;75,39;75,46
20/12/2024 13:00;75,32;75,44;75,24;75,42
20/12/2024 12:30;75,59;75,6;75,11;75,33
20/12/2024 12:00;75,58;75,63;75,54;75,56
20/12/2024 11:30;75,71;75,77;75,58;75,58
20/12/2024 11:00;75,62;75,74;75,51;75,71
20/12/2024 10:30;75,79;75,83;75,51;75,61
20/12/2024 10:00;75,64;75,89;75,64;75,76
20/12/2024 09:30;75,74;75,82;75,59;75,63
20/12/2024 09:00;75,65;75,76;75,39;75,73
19/12/2024 17:05;76,02;76,02;75,72;75,72
19/12/2024 16:00;76,08;76,08;75,81;75,97
19/12/2024 15:30;76,23;76,23;76,05;76,07
19/12/2024 15:00;76,26;76,26;76,07;76,23
19/12/2024 14:30;76,28;76,3;76,16;76,28
19/12/2024 14:00;76,23;76,3;76,14;76,28
19/12/2024 13:30;76,38;76,39;76,17;76,23
19/12/2024 13:00;76,61;76,7;76,33;76,39
19/12/2024 12:30;76,37;76,71;76,37;76,58
19/12/2024 12:00;76,65;76,72;76,24;76,37
19/12/2024 11:30;76,7;76,91;76,64;76,67
19/12/2024 11:00;76,64;76,79;76,53;76,71
19/12/2024 10:30;76,93;76,93;76,6;76,64
19/12/2024 10:00;76,67;76,93;76,58;76,85
19/12/2024 09:30;76,88;77,1;76,61;76,64
19/12/2024 09:00;76,58;77,03;76,56;76,87
18/12/2024 17:05;77,04;77,23;76,84;76,94
18/12/2024 16:00;76,62;76,83;76,48;76,82
18/12/2024 15:30;76,38;76,64;76,29;76,62
18/12/2024 15:00;76,23;76,62;76,17;76,4
18/12/2024 14:30;76,21;76,27;76,13;76,24
18/12/2024 14:00;76,25;76,28;76,13;76,18
18/12/2024 13:30;76,39;76,4;76,19;76,26
18/12/2024 13:00;76,3;76,41;76,21;76,38
18/12/2024 12:30;76,3;76,38;76,23;76,28
18/12/2024 12:00;76,17;76,33;76,17;76,28
18/12/2024 11:30;75,98;76,25;75,93;76,17
18/12/2024 11:00;76;76,16;75,89;76,02
18/12/2024 10:30;76,24;76,24;75,71;76,02
18/12/2024 10:00;76,4;76,41;76,12;76,28
18/12/2024 09:30;76,36;76,53;76,34;76,41
18/12/2024 09:00;76,31;76,48;75,93;76,33
17/12/2024 17:05;76,67;76,74;76,44;76,6
17/12/2024 16:00;76,35;76,64;76,2;76,64
17/12/2024 15:30;76,33;76,43;76,27;76,35
17/12/2024 15:00;76,29;76,39;76,03;76,31
17/12/2024 14:30;76,69;76,72;76,23;76,26
17/12/2024 14:00;76,64;76,83;76,55;76,69
17/12/2024 13:30;76,94;77,01;76,63;76,64
17/12/2024 13:00;77,02;77,03;76,93;76,96
17/12/2024 12:30;77,06;77,14;76,94;77,03
17/12/2024 12:00;77,03;77,3;76,95;77,05
17/12/2024 11:30;76,94;77,15;76,86;77,03
17/12/2024 11:00;76,77;77,01;76,74;76,91
17/12/2024 10:30;76,72;76,78;76,64;76,75
17/12/2024 10:00;76,54;76,82;76,5;76,75
17/12/2024 09:30;76,46;76,69;76,28;76,57
17/12/2024 09:00;76,02;76,8;76,02;76,46
16/12/2024 17:05;75,83;76,17;75,78;75,96
16/12/2024 16:00;76,31;76,36;75,89;76,02
16/12/2024 15:30;76,46;76,48;76,26;76,35
16/12/2024 15:00;76,36;76,51;76,28;76,46
16/12/2024 14:30;76,12;76,46;76,03;76,35
16/12/2024 14:00;76,07;76,31;75,97;76,12
16/12/2024 13:30;75,75;76,07;75,72;76,05
16/12/2024 13:00;75,54;75,86;75,51;75,78
16/12/2024 12:30;75,67;75,67;75,35;75,54
16/12/2024 12:00;75,66;75,71;75,63;75,69
16/12/2024 11:30;75,8;75,9;75,62;75,66
16/12/2024 11:00;75,67;75,8;75,64;75,79
16/12/2024 10:30;75,62;75,76;75,61;75,7
16/12/2024 10:00;75,76;75,79;75,55;75,64
16/12/2024 09:30;75,97;76,02;75,74;75,76
16/12/2024 09:00;76,33;76,36;75,68;75,98
13/12/2024 17:05;76,46;76,53;76,41;76,41
13/12/2024 16:00;76,62;76,67;76,38;76,52
13/12/2024 15:30;76,47;76,74;76,38;76,62
13/12/2024 15:00;76,7;76,74;76,43;76,44
13/12/2024 14:30;76,65;76,84;76,51;76,72
13/12/2024 14:00;76,64;76,74;76,49;76,64
13/12/2024 13:30;76,74;76,91;76,63;76,64
13/12/2024 13:00;76,44;76,93;76,44;76,74
13/12/2024 12:30;76,38;76,44;76,35;76,44
13/12/2024 12:00;76,47;76,58;76,33;76,4
13/12/2024 11:30;76,65;76,84;76,43;76,48
13/12/2024 11:00;76,8;76,84;76,6;76,65
13/12/2024 10:30;76,86;76,87;76,77;76,8
13/12/2024 10:00;77,02;77,02;76,81;76,83
13/12/2024 09:30;76,9;77,05;76,87;77,05
13/12/2024 09:00;76,79;77,03;76,54;76,89
12/12/2024 17:05;77,11;77,46;76,91;77,33
12/12/2024 16:00;77,87;77,88;77,1;77,25
12/12/2024 15:30;77,96;77,96;77,71;77,87
12/12/2024 15:00;78,2;78,25;77,87;77,96
12/12/2024 14:30;78,11;78,44;78,11;78,23
12/12/2024 14:00;77,56;78,18;77,51;78,08
12/12/2024 13:30;77,92;78,07;77,58;77,59
12/12/2024 13:00;78,17;78,38;77,8;77,92
12/12/2024 12:30;77,5;78,17;77,46;78,17
12/12/2024 12:00;77,25;77,55;77,18;77,46
12/12/2024 11:30;77,32;77,54;77,25;77,28
12/12/2024 11:00;77,26;77,43;76,98;77,3
12/12/2024 10:30;77,08;77,3;76,58;77,28
12/12/2024 10:00;77,22;77,48;77,01;77,05
12/12/2024 09:30;77,65;77,68;77,25;77,25
12/12/2024 09:00;77,8;77,94;77,48;77,65
11/12/2024 17:05;78,57;78,57;78,28;78,28
11/12/2024 16:00;78,65;78,75;78,41;78,54
11/12/2024 15:30;78,99;79;78,59;78,64
11/12/2024 15:00;79,04;79,13;78,8;78,99
11/12/2024 14:30;78,36;79,09;78,35;79,04
11/12/2024 14:00;77,98;78,36;77,93;78,36
11/12/2024 13:30;77,97;78,06;77,92;77,98
11/12/2024 13:00;77,95;77,98;77,86;77,97
11/12/2024 12:30;77,99;78,02;77,89;77,96
11/12/2024 12:00;77,81;78,02;77,7;77,98
11/12/2024 11:30;77,61;77,9;77,59;77,81
11/12/2024 11:00;77,13;77,64;77,05;77,64
11/12/2024 10:30;77,14;77,22;77,05;77,1
11/12/2024 10:00;77,39;77,4;76,75;77,07
11/12/2024 09:30;77,55;77,55;77,28;77,41
11/12/2024 09:00;77,56;78,07;77,2;77,52
10/12/2024 17:05;77,91;78,04;77,77;77,87
10/12/2024 16:00;78,02;78,07;77,89;77,91
10/12/2024 15:30;77,97;78,09;77,9;78,02
10/12/2024 15:00;77,85;78,01;77,71;77,97
10/12/2024 14:30;77,53;77,85;77,39;77,84
10/12/2024 14:00;77,17;77,55;77,08;77,51
10/12/2024 13:30;77,05;77,24;76,92;77,17
10/12/2024 13:00;77,08;77,19;77;77,05
10/12/2024 12:30;77;77,14;76,92;77,05
10/12/2024 12:00;76,89;77,04;76,86;76,99
10/12/2024 11:30;76,89;77;76,84;76,84
10/12/2024 11:00;76,9;76,96;76,81;76,88
10/12/2024 10:30;77,02;77,08;76,8;76,92
10/12/2024 10:00;77,04;77,05;76,91;77,01
10/12/2024 09:30;77,15;77,19;76,89;77,03
10/12/2024 09:00;77,06;77,3;76,6;77,16
09/12/2024 17:05;76,84;76,94;76,73;76,94
09/12/2024 16:00;76,99;77;76,85;76,89
09/12/2024 15:30;76,89;76,99;76,85;76,99
09/12/2024 15:00;76,79;76,9;76,62;76,88
09/12/2024 14:30;76,73;76,83;76,71;76,79
09/12/2024 14:00;76,73;76,76;76,47;76,73
09/12/2024 13:30;76,69;76,79;76,52;76,73
09/12/2024 13:00;76,37;76,84;76,37;76,7
09/12/2024 12:30;76,09;76,37;76,04;76,32
09/12/2024 12:00;76,01;76,17;75,94;76,07
09/12/2024 11:30;75,69;76,01;75,66;76
09/12/2024 11:00;75,79;75,81;75,66;75,71
09/12/2024 10:30;75,92;75,92;75,67;75,77
09/12/2024 10:00;76,02;76,02;75,81;75,92
09/12/2024 09:30;75,8;76,09;75,71;76
09/12/2024 09:00;76,17;76,46;75,43;75,79
06/12/2024 17:05;76,02;76,02;75,89;75,9
06/12/2024 16:00;76,01;76,12;75,87;75,97
06/12/2024 15:30;75,66;76,02;75,65;76
06/12/2024 15:00;75,72;75,75;75,55;75,67
06/12/2024 14:30;75,65;75,85;75,61;75,74
06/12/2024 14:00;75,38;75,66;75,38;75,64
06/12/2024 13:30;75,41;75,45;75,23;75,37
06/12/2024 13:00;75,04;75,45;74,95;75,41
06/12/2024 12:30;75,15;75,16;74,97;75,04
06/12/2024 12:00;74,99;75,16;74,95;75,16
06/12/2024 11:30;74,69;74,99;74,62;74,99
06/12/2024 11:00;74,37;74,7;74,3;74,7
06/12/2024 10:30;74,77;74,77;74,08;74,35
06/12/2024 10:00;74,98;75,04;74,62;74,69
06/12/2024 09:30;74,88;74,99;74,85;74,97
06/12/2024 09:00;74,46;75,17;74,43;74,88
05/12/2024 17:05;74,45;74,45;74,29;74,43
05/12/2024 16:00;74,19;74,38;74,13;74,32
05/12/2024 15:30;74,22;74,24;73,97;74,19
05/12/2024 15:00;73,71;74,25;73,71;74,22
05/12/2024 14:30;73,66;74,06;73,5;73,7
05/12/2024 14:00;73,56;73,7;73,48;73,67
05/12/2024 13:30;73,5;73,66;73,27;73,54
05/12/2024 13:00;73,43;73,55;73,43;73,51
05/12/2024 12:30;73,39;73,53;73,33;73,41
05/12/2024 12:00;73,44;73,83;73,2;73,38
05/12/2024 11:30;72,79;73,7;72,75;73,42
05/12/2024 11:00;72,75;72,79;72,52;72,79
05/12/2024 10:30;72,78;72,91;72,76;72,77
05/12/2024 10:00;72,87;72,88;72,67;72,78
05/12/2024 09:30;72,57;72,86;72,57;72,86
05/12/2024 09:00;72,74;72,79;72,39;72,56
04/12/2024 17:05;73,16;73,16;72,71;72,78
04/12/2024 16:00;73,22;73,25;73;73,09
04/12/2024 15:30;73,32;73,33;73,1;73,23
04/12/2024 15:00;73,3;73,37;73,27;73,33
04/12/2024 14:30;73,25;73,39;73,17;73,3
04/12/2024 14:00;73,24;73,33;73,17;73,25
04/12/2024 13:30;73,3;73,33;73,19;73,19
04/12/2024 13:00;73,38;73,45;73,3;73,32
04/12/2024 12:30;73,36;73,43;73,17;73,36
04/12/2024 12:00;73,37;73,43;73,33;73,38
04/12/2024 11:30;73,41;73,43;73,33;73,4
04/12/2024 11:00;73,51;73,52;73,28;73,42
04/12/2024 10:30;73,44;73,61;73,44;73,5
04/12/2024 10:00;73,25;73,49;73,11;73,41
04/12/2024 09:30;73,61;73,61;73,07;73,26
04/12/2024 09:00;74,06;74,06;73,53;73,61
03/12/2024 17:05;74,29;74,35;74,02;74,11
03/12/2024 16:00;74,14;74,38;74,1;74,27
03/12/2024 15:30;74,37;74,39;73,98;74,13
03/12/2024 15:00;74,4;74,43;74,27;74,37
03/12/2024 14:30;74,29;74,48;74,29;74,38
03/12/2024 14:00;74,29;74,37;74,27;74,31
03/12/2024 13:30;74,3;74,32;74,22;74,28
03/12/2024 13:00;74,19;74,36;74,13;74,36
03/12/2024 12:30;74,32;74,33;74,19;74,19
03/12/2024 12:00;74,35;74,41;74,31;74,31
03/12/2024 11:30;74,41;74,45;74,28;74,35
03/12/2024 11:00;74,19;74,42;74,16;74,4
03/12/2024 10:30;74,42;74,55;74,17;74,18
03/12/2024 10:00;74,3;74,45;74,28;74,43
03/12/2024 09:30;74,43;74,48;74,24;74,27
03/12/2024 09:00;74,27;74,51;74,04;74,42
02/12/2024 17:05;74,61;74,61;74,14;74,22
02/12/2024 16:00;74,31;74,53;74,27;74,52
02/12/2024 15:30;74,23;74,35;74,21;74,31
02/12/2024 15:00;74,2;74,27;74,17;74,23
02/12/2024 14:30;74,22;74,23;74,12;74,2
02/12/2024 14:00;74,04;74,25;74,04;74,22
02/12/2024 13:30;74,01;74,12;73,99;74,06
02/12/2024 13:00;74,02;74,07;73,93;74
02/12/2024 12:30;74,06;74,14;73,99;74,01
02/12/2024 12:00;74,02;74,07;73,89;74,06
02/12/2024 11:30;74,17;74,23;73,9;73,99
02/12/2024 11:00;74,25;74,38;74,1;74,12
02/12/2024 10:30;74,15;74,31;74,11;74,25
02/12/2024 10:00;74,05;74,17;73,97;74,17
02/12/2024 09:30;73,94;74,17;73,73;74,04
02/12/2024 09:00;73,76;74,57;73,74;73,95
29/11/2024 17:05;73,72;73,72;73,5;73,7
29/11/2024 16:00;73,22;73,63;73,05;73,61
29/11/2024 15:30;73;73,27;73;73,18
29/11/2024 15:00;73,03;73,07;72,99;72,99
29/11/2024 14:30;72,97;73,08;72,95;73,04
29/11/2024 14:00;73,04;73,1;72,97;72,99
29/11/2024 13:30;72,94;73,1;72,91;73,04
29/11/2024 13:00;73,23;73,36;72,91;72,92
29/11/2024 12:30;73,29;73,33;73,1;73,23
29/11/2024 12:00;73,36;73,59;73,22;73,25
29/11/2024 11:30;73,16;73,43;73,16;73,38
29/11/2024 11:00;73,32;73,52;73,19;73,2
29/11/2024 10:30;73,39;73,5;73,23;73,32
29/11/2024 10:00;72,54;73,75;72,54;73,4
29/11/2024 09:30;72,44;72,61;72,26;72,58
29/11/2024 09:00;72,71;72,9;72,18;72,43
28/11/2024 17:05;72,66;72,68;72,27;72,38
28/11/2024 16:00;72,7;72,78;72,32;72,5
28/11/2024 15:30;72,2;72,8;72,2;72,68
28/11/2024 15:00;72,17;72,33;72,05;72,2
28/11/2024 14:30;72,26;72,42;72,1;72,17
28/11/2024 14:00;72,37;72,55;72,2;72,26
28/11/2024 13:30;72,29;72,73;72,23;72,35
28/11/2024 13:00;72,28;72,32;72,05;72,3
28/11/2024 12:30;72,32;72,38;72,16;72,26
28/11/2024 12:00;72,41;72,49;72,29;72,32
28/11/2024 11:30;72,02;72,4;72,01;72,4
28/11/2024 11:00;71,91;72,04;71,81;72,01
28/11/2024 10:30;71,78;71,97;71,58;71,86
28/11/2024 10:00;72,2;72,39;71,35;71,81
28/11/2024 09:30;72,3;72,4;72,12;72,2
28/11/2024 09:00;72,91;72,92;72,01;72,29
27/11/2024 17:05;72,71;72,81;72,4;72,67
27/11/2024 16:00;72,33;72,84;72,27;72,71
27/11/2024 15:30;72,16;72,4;72,12;72,34
27/11/2024 15:00;72,39;72,39;72,06;72,16
27/11/2024 14:30;72,7;72,74;72,22;72,41
27/11/2024 14:00;72,96;73,02;72,7;72,7
27/11/2024 13:30;73;73,13;72,93;72,94
27/11/2024 13:00;73;73,07;72,95;72,99
27/11/2024 12:30;72,68;73,07;72,64;72,98
27/11/2024 12:00;73,12;73,24;72,64;72,7
27/11/2024 11:30;72,99;73,29;72,91;73,1
27/11/2024 11:00;72,47;73,44;72,47;72,99
27/11/2024 10:30;72,22;72,49;72,22;72,48
27/11/2024 10:00;72,21;72,24;72,05;72,22
27/11/2024 09:30;72,16;72,32;72,16;72,23
27/11/2024 09:00;72,33;72,64;72,05;72,12
26/11/2024 17:05;72,35;72,52;72,34;72,42
26/11/2024 16:00;72,04;72,43;71,98;72,43
26/11/2024 15:30;72,12;72,23;72,01;72,05
26/11/2024 15:00;72,17;72,27;72,1;72,13
26/11/2024 14:30;72,31;72,35;72,07;72,17
26/11/2024 14:00;72,44;72,53;72,14;72,3
26/11/2024 13:30;72,48;72,72;72,42;72,44
26/11/2024 13:00;72,89;72,9;72,43;72,48
26/11/2024 12:30;72,77;72,97;72,67;72,9
26/11/2024 12:00;72,8;72,84;72,65;72,74
26/11/2024 11:30;72,94;72,96;72,73;72,81
26/11/2024 11:00;73,07;73,08;72,93;72,96
26/11/2024 10:30;72,93;73,18;72,84;73,1
26/11/2024 10:00;73,43;73,45;72,93;72,93
26/11/2024 09:30;73,55;73,64;73,31;73,45
26/11/2024 09:00;73,6;74,02;73,45;73,56
25/11/2024 17:05;73,23;73,27;73,09;73,25
25/11/2024 16:00;72,96;73,35;72,94;73,26
25/11/2024 15:30;73,03;73,03;72,89;72,95
25/11/2024 15:00;73,09;73,1;72,96;73,03
25/11/2024 14:30;73,09;73,11;72,87;73,07
25/11/2024 14:00;73,41;73,42;73,07;73,09
25/11/2024 13:30;73,8;73,8;73,3;73,39
25/11/2024 13:00;73,82;73,97;73,76;73,8
25/11/2024 12:30;73,78;73,94;73,76;73,86
25/11/2024 12:00;73,77;73,91;73,71;73,84
25/11/2024 11:30;73,74;73,86;73,61;73,76
25/11/2024 11:00;74,01;74,02;73,5;73,71
25/11/2024 10:30;74,17;74,23;73,77;74,01
25/11/2024 10:00;74,32;74,44;74,03;74,13
25/11/2024 09:30;74,66;74,79;74,24;74,35
25/11/2024 09:00;74,05;74,93;73,74;74,66
22/11/2024 17:05;74,08;74,25;73,95;73,97
22/11/2024 16:00;73,87;74,11;73,79;74,09
22/11/2024 15:30;73,9;73,97;73,66;73,87
22/11/2024 15:00;74,07;74,1;73,66;73,86
22/11/2024 14:30;74,09;74,19;74,05;74,07
22/11/2024 14:00;74,12;74,21;74,01;74,1
22/11/2024 13:30;74,44;74,46;74,07;74,12
22/11/2024 13:00;74,27;74,46;74,2;74,46
22/11/2024 12:30;74,27;74,35;74,21;74,28
22/11/2024 12:00;74,21;74,33;74,17;74,26
22/11/2024 11:30;74,1;74,32;74,09;74,19
22/11/2024 11:00;74,13;74,19;74,06;74,12
22/11/2024 10:30;74,13;74,16;74,07;74,1
22/11/2024 10:00;74,12;74,22;74,04;74,19
22/11/2024 09:30;74,06;74,14;74,02;74,11
22/11/2024 09:00;74,45;74,63;73,93;74,06
21/11/2024 17:05;74,49;74,52;74,28;74,42
21/11/2024 16:00;74,29;74,47;74,27;74,35
21/11/2024 15:30;74,31;74,35;74,27;74,28
21/11/2024 15:00;74,36;74,37;74,27;74,3
21/11/2024 14:30;74,45;74,5;74,38;74,38
21/11/2024 14:00;74,51;74,53;74,46;74,46
21/11/2024 13:30;74,44;74,56;74,41;74,51
21/11/2024 13:00;74,48;74,48;74,38;74,42
21/11/2024 12:30;74,59;74,59;74,44;74,48
21/11/2024 12:00;74,63;74,66;74,58;74,58
21/11/2024 11:30;74,62;74,67;74,58;74,65
21/11/2024 11:00;74,68;74,7;74,58;74,61
21/11/2024 10:30;74,87;74,89;74,13;74,68
21/11/2024 10:00;74,87;75,02;74,83;74,83
21/11/2024 09:30;75,1;75,13;74,82;74,87
21/11/2024 09:00;74,68;75,3;74,63;75,07
19/11/2024 17:05;74,97;75,03;74,84;74,89
19/11/2024 16:00;74,91;74,97;74,86;74,97
19/11/2024 15:30;74,88;74,98;74,79;74,93
19/11/2024 15:00;74,94;75,04;74,84;74,89
19/11/2024 14:30;75,11;75,26;74,94;74,94
19/11/2024 14:00;74,94;75,12;74,88;75,12
19/11/2024 13:30;74,82;75,01;74,79;75
19/11/2024 13:00;74,86;74,91;74,82;74,83
19/11/2024 12:30;74,86;74,97;74,8;74,86
19/11/2024 12:00;74,89;75,01;74,81;74,87
19/11/2024 11:30;74,88;74,91;74,81;74,89
19/11/2024 11:00;74,94;74,95;74,84;74,92
19/11/2024 10:30;74,99;75,01;74,93;74,96
19/11/2024 10:00;74,94;75,2;74,92;74,98
19/11/2024 09:30;74,86;75,11;74,77;74,89
19/11/2024 09:00;75,79;76,01;74,83;74,86
18/11/2024 17:05;75,74;75,97;75,74;75,92
18/11/2024 16:00;76,07;76,11;75,66;75,74
18/11/2024 15:30;75,86;76,12;75,86;76,07
18/11/2024 15:00;75,79;75,83;75,71;75,83
18/11/2024 14:30;75,69;75,87;75,65;75,77
18/11/2024 14:00;76,32;76,37;75,69;75,69
18/11/2024 13:30;76,5;76,62;76,29;76,29
18/11/2024 13:00;76,47;76,71;76,43;76,47
18/11/2024 12:30;76,38;76,52;76,34;76,43
18/11/2024 12:00;76,23;76,43;76,12;76,41
18/11/2024 11:30;76,5;76,58;76,19;76,23
18/11/2024 11:00;76,82;76,83;76,49;76,49
18/11/2024 10:30;76,86;76,88;76,8;76,82
18/11/2024 10:00;76,83;76,91;76,83;76,85
18/11/2024 09:30;76,85;77,02;76,83;76,83
18/11/2024 09:00;76,56;77,05;76,36;76,84
14/11/2024 17:05;76,57;77;76,5;76,54
14/11/2024 16:00;76,93;76,96;76,5;76,56
14/11/2024 15:30;76,91;76,96;76,71;76,96
14/11/2024 15:00;76,64;76,91;76,53;76,9
14/11/2024 14:30;76,93;77,25;76,54;76,64
14/11/2024 14:00;77,05;77,14;76,86;76,9
14/11/2024 13:30;77,01;77,09;76,95;77,05
14/11/2024 13:00;76,96;77,06;76,65;77,02
14/11/2024 12:30;76,74;77;76,73;77
14/11/2024 12:00;77,61;77,63;76,44;76,74
14/11/2024 11:30;78,02;78,02;77,56;77,59
14/11/2024 11:00;77,96;78,07;77,93;78,04
14/11/2024 10:30;78;78,07;77,92;77,97
14/11/2024 10:00;78,04;78,18;77,97;77,98
14/11/2024 09:30;78,07;78,26;78,01;78,05
14/11/2024 09:00;77,59;78,12;77,59;78,07
13/11/2024 17:05;77,58;77,7;77,58;77,67
13/11/2024 16:00;77,6;77,7;77,55;77,61
13/11/2024 15:30;77,57;77,66;77,57;77,6
13/11/2024 15:00;77,59;77,72;77,57;77,57
13/11/2024 14:30;77,56;77,62;77,55;77,6
13/11/2024 14:00;77,55;77,6;77,53;77,56
13/11/2024 13:30;77,54;77,61;77,48;77,56
13/11/2024 13:00;77,67;77,72;77,53;77,54
13/11/2024 12:30;77,71;77,76;77,67;77,69
13/11/2024 12:00;77,72;77,75;77,69;77,72
13/11/2024 11:30;77,66;77,74;77,61;77,74
13/11/2024 11:00;77,69;77,73;77,61;77,66
13/11/2024 10:30;77,53;77,67;77,53;77,67
13/11/2024 10:00;77,56;77,6;77,52;77,52
13/11/2024 09:30;77,59;77,65;77,48;77,59
13/11/2024 09:00;77,54;77,61;77,43;77,58
12/11/2024 17:05;77,74;77,83;77,73;77,82
12/11/2024 16:00;77,57;77,87;77,56;77,77
12/11/2024 15:30;77,72;77,73;77,54;77,59
12/11/2024 15:00;77,71;77,72;77,69;77,69
12/11/2024 14:30;77,7;77,76;77,67;77,71
12/11/2024 14:00;77,67;77,75;77,66;77,7
12/11/2024 13:30;77,66;77,71;77,62;77,67
12/11/2024 13:00;77,78;77,89;77,64;77,66
12/11/2024 12:30;77,77;77,96;77,73;77,78
12/11/2024 12:00;77,73;77,79;77,71;77,77
12/11/2024 11:30;77,83;77,85;77,72;77,76
12/11/2024 11:00;77,86;77,89;77,83;77,83
12/11/2024 10:30;77,88;77,91;77,86;77,86
12/11/2024 10:00;77,79;77,96;77,74;77,83
12/11/2024 09:30;77,76;77,8;77,67;77,77
12/11/2024 09:00;77,75;77,82;77,69;77,72
11/11/2024 17:05;78,01;78,08;77,98;78,06
11/11/2024 16:00;77,97;78,02;77,93;77,94
11/11/2024 15:30;77,96;77,99;77,93;77,96
11/11/2024 15:00;77,97;77,99;77,93;77,95
11/11/2024 14:30;77,86;77,97;77,77;77,95
11/11/2024 14:00;77,91;77,93;77,77;77,85
11/11/2024 13:30;77,77;77,88;77,76;77,88
11/11/2024 13:00;77,74;77,8;77,72;77,77
11/11/2024 12:30;77,72;77,81;77,72;77,73
11/11/2024 12:00;77,73;77,81;77,72;77,77
11/11/2024 11:30;77,63;77,76;77,63;77,72
11/11/2024 11:00;77,64;77,69;77,62;77,63
11/11/2024 10:30;77,69;77,69;77,61;77,64
11/11/2024 10:00;77,66;77,7;77,64;77,67
11/11/2024 09:30;77,66;77,72;77,66;77,66
11/11/2024 09:00;77,53;77,7;77,47;77,64
08/11/2024 17:05;77,35;77,37;77,27;77,36
08/11/2024 16:00;77,27;77,37;77,22;77,37
08/11/2024 15:30;77,27;77,31;77,21;77,27
08/11/2024 15:00;77,36;77,39;77,26;77,29
08/11/2024 14:30;77,28;77,38;77,17;77,35
08/11/2024 14:00;77,23;77,39;77,22;77,28
08/11/2024 13:30;77,25;77,33;77,19;77,19
08/11/2024 13:00;77,2;77,3;77,18;77,27
08/11/2024 12:30;77,16;77,25;77,14;77,18
08/11/2024 12:00;77,26;77,34;77,02;77,14
08/11/2024 11:30;77,3;77,35;77,19;77,3
08/11/2024 11:00;77,22;77,3;77,19;77,3
08/11/2024 10:30;77,25;77,26;77,02;77,23
08/11/2024 10:00;77,33;77,37;77,25;77,28
08/11/2024 09:30;77,17;77,45;77,17;77,37
08/11/2024 09:00;77,4;77,4;77,09;77,19
07/11/2024 17:05;77,14;77,25;77,09;77,09
07/11/2024 16:00;76,91;77,14;76,89;77
07/11/2024 15:30;76,87;76,93;76,83;76,93
07/11/2024 15:00;76,89;76,91;76,84;76,87
07/11/2024 14:30;76,83;76,96;76,82;76,91
07/11/2024 14:00;76,73;76,87;76,7;76,83
07/11/2024 13:30;76,81;76,84;76,72;76,73
07/11/2024 13:00;76,91;77,14;76,82;76,84
07/11/2024 12:30;76,76;76,89;76,72;76,88
07/11/2024 12:00;76,8;76,83;76,73;76,77
07/11/2024 11:30;76,81;76,83;76,67;76,82
07/11/2024 11:00;76,8;76,89;76,72;76,83
07/11/2024 10:30;76,72;76,89;76,63;76,82
07/11/2024 10:00;76,8;76,94;76,72;76,73
07/11/2024 09:30;76,85;76,92;76,69;76,8
07/11/2024 09:00;76,87;77,04;76,59;76,8
06/11/2024 17:05;75,93;76,12;75,84;76,12
06/11/2024 16:00;75,77;75,94;75,73;75,93
06/11/2024 15:30;75,81;75,9;75,76;75,76
06/11/2024 15:00;75,8;75,94;75,78;75,81
06/11/2024 14:30;75,78;75,83;75,74;75,78
06/11/2024 14:00;75,67;75,85;75,65;75,78
06/11/2024 13:30;75,66;75,78;75,66;75,67
06/11/2024 13:00;75,76;75,79;75,62;75,68
06/11/2024 12:30;75,68;75,79;75,64;75,77
06/11/2024 12:00;75,83;75,87;75,57;75,68
06/11/2024 11:30;75,7;75,9;75,62;75,83
06/11/2024 11:00;75,9;75,92;75,67;75,71
06/11/2024 10:30;75,98;75,98;75,79;75,92
06/11/2024 10:00;75,89;76,05;75,88;75,98
06/11/2024 09:30;75,85;76,11;75,79;75,92
06/11/2024 09:00;76,11;76,16;75,78;75,88
05/11/2024 17:05;75,57;75,72;75,48;75,57
05/11/2024 16:00;75,68;75,73;75,55;75,57
05/11/2024 15:30;75,54;75,75;75,52;75,65
05/11/2024 15:00;75,66;75,75;75,42;75,54
05/11/2024 14:30;75,66;75,8;75,62;75,65
05/11/2024 14:00;75,73;75,8;75,66;75,66
05/11/2024 13:30;75,9;75,95;75,73;75,73
05/11/2024 13:00;75,88;75,98;75,83;75,9
05/11/2024 12:30;76,06;76,09;75,87;75,88
05/11/2024 12:00;76,06;76,12;75,96;76,05
05/11/2024 11:30;75,94;76,09;75,92;76,04
05/11/2024 11:00;75,83;75,97;75,74;75,92
05/11/2024 10:30;75,88;75,92;75,78;75,84
05/11/2024 10:00;75,94;76,04;75,86;75,87
05/11/2024 09:30;75,89;75,98;75,76;75,97
05/11/2024 09:00;76,03;76,15;75,62;75,88
04/11/2024 17:05;76,31;76,32;76,15;76,16
04/11/2024 16:00;76,29;76,38;76,26;76,34
04/11/2024 15:30;76,4;76,42;76,26;76,28
04/11/2024 15:00;76,34;76,43;76,3;76,4
04/11/2024 14:30;76,32;76,4;76,25;76,37
04/11/2024 14:00;76,43;76,49;76,31;76,33
04/11/2024 13:30;76,42;76,46;76,36;76,44
04/11/2024 13:00;76,43;76,45;76,3;76,39
04/11/2024 12:30;76,66;76,67;76,42;76,43
04/11/2024 12:00;76,63;76,7;76,56;76,68
04/11/2024 11:30;76,48;76,66;76,45;76,62
04/11/2024 11:00;76,53;76,6;76,36;76,5
04/11/2024 10:30;76,54;76,58;76,46;76,53
04/11/2024 10:00;76,74;76,9;76,51;76,55
04/11/2024 09:30;76,68;76,76;76,68;76,72
04/11/2024 09:00;76,53;76,78;76,53;76,67
01/11/2024 17:05;76,62;76,64;76,46;76,46
01/11/2024 16:00;76,46;76,51;76,38;76,51
01/11/2024 15:30;76,36;76,46;76,3;76,45
01/11/2024 15:00;76,33;76,5;76,3;76,36
01/11/2024 14:30;76,28;76,4;76,27;76,33
01/11/2024 14:00;76,3;76,36;76,26;76,3
01/11/2024 13:30;76,26;76,36;76,26;76,3
01/11/2024 13:00;76,26;76,3;76,25;76,27
01/11/2024 12:30;76,32;76,36;76,24;76,24
01/11/2024 12:00;76,41;76,44;76,29;76,31
01/11/2024 11:30;76,44;76,48;76,37;76,41
01/11/2024 11:00;76,31;76,46;76,3;76,43
01/11/2024 10:30;76,25;76,4;76,24;76,3
01/11/2024 10:00;76,28;76,36;76,2;76,25
01/11/2024 09:30;76,31;76,32;76,15;76,27
01/11/2024 09:00;76,75;76,83;76,2;76,33
31/10/2024 17:05;76,42;76,53;76,3;76,44
31/10/2024 16:00;76,41;76,46;76,34;76,37
31/10/2024 15:30;76,44;76,46;76,38;76,44
31/10/2024 15:00;76,28;76,44;76,2;76,43
31/10/2024 14:30;76,31;76,37;76,2;76,3
31/10/2024 14:00;76,39;76,41;76,27;76,34
31/10/2024 13:30;76,44;76,51;76,38;76,38
31/10/2024 13:00;76,53;76,53;76,3;76,44
31/10/2024 12:30;76,54;76,56;76,43;76,53
31/10/2024 12:00;76,45;76,54;76,41;76,51
31/10/2024 11:30;76,34;76,56;76,3;76,48
31/10/2024 11:00;76,15;76,58;76,04;76,34
31/10/2024 10:30;76,15;76,28;76,04;76,15
31/10/2024 10:00;76,26;76,33;75,97;76,15
31/10/2024 09:30;76,7;76,71;76,06;76,26
31/10/2024 09:00;76,62;76,9;76,55;76,69
30/10/2024 17:05;76,63;76,71;76,52;76,71
30/10/2024 16:00;76,99;77,04;76,51;76,62
30/10/2024 15:30;76,97;77,07;76,87;77,04
30/10/2024 15:00;77,13;77,16;76,82;76,94
30/10/2024 14:30;77,28;77,3;76,93;77,15
30/10/2024 14:00;77,32;77,4;77,22;77,26
30/10/2024 13:30;77,13;77,36;77,03;77,3
30/10/2024 13:00;77,07;77,19;77,03;77,13
30/10/2024 12:30;76,98;77,08;76,92;77,07
30/10/2024 12:00;77,12;77,12;76,8;77
30/10/2024 11:30;77,04;77,13;76,99;77,09
30/10/2024 11:00;77,03;77,19;77,02;77,1
30/10/2024 10:30;77,37;77,37;77,04;77,04
30/10/2024 10:00;77,26;77,54;77,22;77,39
30/10/2024 09:30;77,18;77,3;77,09;77,27
30/10/2024 09:00;76,48;77,19;76,38;77,17
29/10/2024 17:05;76,69;76,88;76,63;76,83
29/10/2024 16:00;76,71;76,83;76,67;76,72
29/10/2024 15:30;76,54;76,87;76,54;76,73
29/10/2024 15:00;76,56;76,65;76,42;76,54
29/10/2024 14:30;76,48;76,56;76,41;76,56
29/10/2024 14:00;76,65;76,77;76,44;76,48
29/10/2024 13:30;76,19;76,67;76,17;76,64
29/10/2024 13:00;76,11;76,25;76,11;76,19
29/10/2024 12:30;75,89;76,15;75,82;76,12
29/10/2024 12:00;75,85;75,96;75,83;75,9
29/10/2024 11:30;75,83;75,89;75,78;75,83
29/10/2024 11:00;75,92;75,98;75,83;75,85
29/10/2024 10:30;75,79;75,94;75,74;75,93
29/10/2024 10:00;75,8;75,88;75,7;75,82
29/10/2024 09:30;75,79;75,81;75,76;75,8
29/10/2024 09:00;76,08;76,15;75,55;75,8
28/10/2024 17:05;75,73;75,85;75,73;75,85
28/10/2024 16:00;75,67;75,82;75,64;75,73
28/10/2024 15:30;75,74;75,77;75,6;75,65
28/10/2024 15:00;75,7;75,78;75,58;75,74
28/10/2024 14:30;75,73;75,77;75,66;75,7
28/10/2024 14:00;75,74;75,81;75,64;75,75
28/10/2024 13:30;75,81;75,84;75,73;75,76
28/10/2024 13:00;75,78;75,82;75,76;75,82
28/10/2024 12:30;75,78;75,82;75,73;75,79
28/10/2024 12:00;75,82;75,82;75,77;75,78
28/10/2024 11:30;75,88;75,92;75,78;75,82
28/10/2024 11:00;75,73;75,92;75,73;75,88
28/10/2024 10:30;75,57;75,92;75,53;75,75
28/10/2024 10:00;75,62;75,62;75,49;75,56
28/10/2024 09:30;75,62;75,71;75,48;75,63
28/10/2024 09:00;75,94;75,94;75,17;75,6
25/10/2024 17:05;75,99;76,1;75,88;75,96
25/10/2024 16:00;75,84;76,11;75,82;75,99
25/10/2024 15:30;75,85;75,88;75,78;75,84
25/10/2024 15:00;75,84;75,87;75,82;75,86
25/10/2024 14:30;75,9;75,9;75,81;75,84
25/10/2024 14:00;75,92;75,96;75,83;75,92
25/10/2024 13:30;75,88;76,01;75,87;75,9
25/10/2024 13:00;75,8;75,93;75,74;75,87
25/10/2024 12:30;75,76;75,84;75,76;75,8
25/10/2024 12:00;75,78;75,81;75,74;75,78
25/10/2024 11:30;75,75;75,85;75,73;75,79
25/10/2024 11:00;76,09;76,1;75,73;75,77
25/10/2024 10:30;75,96;76,2;75,94;76,09
25/10/2024 10:00;75,99;76,03;75,9;75,99
25/10/2024 09:30;75,97;76,03;75,9;75,98
25/10/2024 09:00;75,61;76,19;75,44;75,99
24/10/2024 17:05;75,61;75,62;75,44;75,62
24/10/2024 16:00;75,67;75,83;75,52;75,61
24/10/2024 15:30;75,78;75,83;75,63;75,65
24/10/2024 15:00;75,81;75,9;75,72;75,79
24/10/2024 14:30;75,6;75,83;75,57;75,8
24/10/2024 14:00;75,68;75,78;75,56;75,59
24/10/2024 13:30;75,52;75,72;75,49;75,66
24/10/2024 13:00;75,35;75,52;75,35;75,51
24/10/2024 12:30;75,37;75,48;75,28;75,36
24/10/2024 12:00;75,6;75,61;75,29;75,35
24/10/2024 11:30;75,55;75,62;75,53;75,61
24/10/2024 11:00;75,68;75,72;75,53;75,54
24/10/2024 10:30;75,66;75,73;75,5;75,7
24/10/2024 10:00;75,66;75,78;75,54;75,67
24/10/2024 09:30;75,46;75,71;75,45;75,67
24/10/2024 09:00;75,11;75,67;75,11;75,41
23/10/2024 17:05;74,99;75,06;74,9;75
23/10/2024 16:00;74,89;75,09;74,89;74,99
23/10/2024 15:30;74,87;74,96;74,81;74,91
23/10/2024 15:00;74,79;74,91;74,73;74,88
23/10/2024 14:30;74,98;75,16;74,77;74,82
23/10/2024 14:00;74,92;74,97;74,74;74,93
23/10/2024 13:30;74,66;74,94;74,62;74,9
23/10/2024 13:00;74,64;74,7;74,52;74,64
23/10/2024 12:30;74,56;74,69;74,43;74,69
23/10/2024 12:00;74,7;74,74;74,47;74,54
23/10/2024 11:30;74,42;74,72;74,37;74,72
23/10/2024 11:00;74,27;74,44;74,17;74,44
23/10/2024 10:30;74,29;74,31;74;74,27
23/10/2024 10:00;74,46;74,47;74,17;74,29
23/10/2024 09:30;74,43;74,47;74,41;74,47
23/10/2024 09:00;74,3;74,57;74,16;74,45
22/10/2024 17:05;74,31;74,34;74,09;74,31
22/10/2024 16:00;74,13;74,3;74,1;74,3
22/10/2024 15:30;74,31;74,33;74,11;74,11
22/10/2024 15:00;74,18;74,41;74,06;74,31
22/10/2024 14:30;74,05;74,21;74,05;74,21
22/10/2024 14:00;73,97;74,16;73,95;74,07
22/10/2024 13:30;74,3;74,37;73,81;73,96
22/10/2024 13:00;74,26;74,56;74,23;74,31
22/10/2024 12:30;74,22;74,32;74,17;74,28
22/10/2024 12:00;74,25;74,31;74,16;74,16
22/10/2024 11:30;74,09;74,38;74,08;74,26
22/10/2024 11:00;74,04;74,16;73,99;74,09
22/10/2024 10:30;73,84;74,1;73,84;74,02
22/10/2024 10:00;73,74;73,88;73,67;73,86
22/10/2024 09:30;73,88;73,89;73,66;73,74
22/10/2024 09:00;73,52;74,02;73,52;73,88
21/10/2024 17:05;73,47;73,47;73,21;73,25
21/10/2024 16:00;73,21;73,51;73,2;73,37
21/10/2024 15:30;73,36;73,44;73,18;73,23
21/10/2024 15:00;73,31;73,42;73,24;73,37
21/10/2024 14:30;73,3;73,41;73,3;73,32
21/10/2024 14:00;73,41;73,45;73,27;73,31
21/10/2024 13:30;73,06;73,44;73,02;73,39
21/10/2024 13:00;73,01;73,06;72,92;73,06
21/10/2024 12:30;72,92;73,05;72,86;73,02
21/10/2024 12:00;72,86;72,95;72,84;72,92
21/10/2024 11:30;72,87;72,91;72,78;72,89
21/10/2024 11:00;72,96;73,01;72,75;72,89
21/10/2024 10:30;72,87;73,07;72,87;72,95
21/10/2024 10:00;72,81;72,89;72,7;72,89
21/10/2024 09:30;72,88;72,9;72,74;72,84
21/10/2024 09:00;72,7;72,93;72,49;72,85
18/10/2024 17:05;72,53;72,58;72,33;72,48
18/10/2024 16:00;72,67;72,69;72,43;72,53
18/10/2024 15:30;72,74;72,83;72,67;72,67
18/10/2024 15:00;72,68;72,74;72,62;72,74
18/10/2024 14:30;72,61;72,7;72,58;72,68
18/10/2024 14:00;72,65;72,74;72,49;72,58
18/10/2024 13:30;72,4;72,69;72,38;72,64
18/10/2024 13:00;72,4;72,41;72,32;72,38
18/10/2024 12:30;72,42;72,47;72,36;72,41
18/10/2024 12:00;72,42;72,42;72,32;72,38
18/10/2024 11:30;72,41;72,43;72,33;72,42
18/10/2024 11:00;72,34;72,43;72,17;72,42
18/10/2024 10:30;72,32;72,38;72,29;72,34
18/10/2024 10:00;72,4;72,42;72,3;72,32
18/10/2024 09:30;72,35;72,42;72,31;72,34
18/10/2024 09:00;72,24;72,41;72,21;72,32
17/10/2024 17:05;72,29;72,45;72,2;72,39
17/10/2024 16:00;72,24;72,31;72,18;72,29
17/10/2024 15:30;72,17;72,3;72,11;72,25
17/10/2024 15:00;72,19;72,3;72,09;72,17
17/10/2024 14:30;72,18;72,23;72,02;72,19
17/10/2024 14:00;72,22;72,28;72,14;72,17
17/10/2024 13:30;72,22;72,4;72,21;72,23
17/10/2024 13:00;72,16;72,35;72,1;72,21
17/10/2024 12:30;72,16;72,21;72,13;72,17
17/10/2024 12:00;72,04;72,19;71,96;72,16
17/10/2024 11:30;72,07;72,11;71,9;72,01
17/10/2024 11:00;72,05;72,11;71,99;72,11
17/10/2024 10:30;72,03;72,19;71,95;72,09
17/10/2024 10:00;72,17;72,22;72,03;72,04
17/10/2024 09:30;72,27;72,48;72,17;72,17
17/10/2024 09:00;72,01;72,31;71,82;72,27
16/10/2024 17:05;71,76;71,8;71,56;71,79
16/10/2024 16:00;72,04;72,1;71,65;71,69
16/10/2024 15:30;72,08;72,11;72,01;72,08
16/10/2024 15:00;71,96;72,11;71,75;72,08
16/10/2024 14:30;72,13;72,22;71,87;71,96
16/10/2024 14:00;72,08;72,36;72,03;72,16
16/10/2024 13:30;71,89;72,07;71,88;72,07
16/10/2024 13:00;71,83;71,96;71,81;71,9
16/10/2024 12:30;71,91;71,91;71,81;71,83
16/10/2024 12:00;71,96;71,97;71,8;71,92
16/10/2024 11:30;72,03;72,11;71,91;71,95
16/10/2024 11:00;72,1;72,14;71,99;72,03
16/10/2024 10:30;72,06;72,14;72,05;72,11
16/10/2024 10:00;72,02;72,12;71,87;72,07
16/10/2024 09:30;71,83;72,06;71,79;72,01
16/10/2024 09:00;71,95;71,95;71,6;71,8
15/10/2024 17:05;71,88;72,19;71,82;71,83
15/10/2024 16:00;71,57;71,96;71,57;71,85
15/10/2024 15:30;71,53;71,62;71,44;71,55
15/10/2024 15:00;71,43;71,64;71,43;71,56
15/10/2024 14:30;71,22;71,51;71,18;71,46
15/10/2024 14:00;70,94;71,22;70,91;71,2
15/10/2024 13:30;70,99;71,06;70,93;70,96
15/10/2024 13:00;70,82;70,92;70,82;70,9
15/10/2024 12:30;70,88;70,96;70,8;70,82
15/10/2024 12:00;71,07;71,07;70,79;70,86
15/10/2024 11:30;70,76;71,07;70,76;71,04
15/10/2024 11:00;71,06;71,11;70,75;70,75
15/10/2024 10:30;70,91;71,12;70,88;71,04
15/10/2024 10:00;70,37;71,22;70,36;70,91
15/10/2024 09:30;70,39;70,57;70,34;70,39
15/10/2024 09:00;70,43;70,51;70,24;70,36
14/10/2024 17:05;70,54;70,67;70,54;70,56
14/10/2024 16:00;70,56;70,64;70,53;70,57
14/10/2024 15:30;70,6;70,78;70,49;70,55
14/10/2024 15:00;70,65;70,68;70,5;70,6
14/10/2024 14:30;70,88;70,94;70,35;70,63
14/10/2024 14:00;70,96;71,03;70,88;70,88
14/10/2024 13:30;71,07;71,07;70,97;70,97
14/10/2024 13:00;71,01;71,03;70,93;71,01
14/10/2024 12:30;71,03;71,04;70,96;71,04
14/10/2024 12:00;71,06;71,1;70,92;71,07
14/10/2024 11:30;71,02;71,25;70,9;71,07
14/10/2024 11:00;70,92;71,09;70,84;71,06
14/10/2024 10:30;71,45;71,45;70,82;70,92
14/10/2024 10:00;71,52;71,57;71,38;71,44
14/10/2024 09:30;71,74;71,75;71,44;71,5
14/10/2024 09:00;71,3;71,75;71,3;71,72
11/10/2024 17:05;71,74;71,74;71,23;71,58
11/10/2024 16:00;71,78;71,87;71,66;71,75
11/10/2024 15:30;71,85;71,89;71,7;71,75
11/10/2024 15:00;71,8;71,89;71,75;71,84
11/10/2024 14:30;71,9;71,96;71,76;71,8
11/10/2024 14:00;72;72,09;71,86;71,87
11/10/2024 13:30;71,95;72,07;71,9;71,96
11/10/2024 13:00;71,91;72,1;71,66;71,96
11/10/2024 12:30;71,97;71,98;71,8;71,91
11/10/2024 12:00;72,11;72,11;71,97;71,97
11/10/2024 11:30;72,12;72,14;72,07;72,1
11/10/2024 11:00;72,03;72,16;72,01;72,11
11/10/2024 10:30;72,01;72,17;71,99;72,06
11/10/2024 10:00;72,27;72,27;71,82;72,01
11/10/2024 09:30;72,22;72,56;72,08;72,27
11/10/2024 09:00;72,28;72,31;72,1;72,22
10/10/2024 17:05;72,16;72,22;72,03;72,16
10/10/2024 16:00;72,2;72,27;71,99;72,08
10/10/2024 15:30;72,02;72,23;71,98;72,21
10/10/2024 15:00;72,01;72,06;71,98;72,05
10/10/2024 14:30;71,95;72,01;71,9;71,99
10/10/2024 14:00;71,79;71,99;71,79;71,92
10/10/2024 13:30;71,75;71,79;71,7;71,79
10/10/2024 13:00;71,77;71,77;71,74;71,75
10/10/2024 12:30;71,76;71,77;71,72;71,77
10/10/2024 12:00;71,79;71,84;71,7;71,75
10/10/2024 11:30;71,68;71,81;71,66;71,79
10/10/2024 11:00;71,64;71,68;71,44;71,66
10/10/2024 10:30;71,79;71,82;71,64;71,69
10/10/2024 10:00;71,84;71,85;71,75;71,81
10/10/2024 09:30;71,84;71,85;71,78;71,81
10/10/2024 09:00;71,64;71,85;71,61;71,82
09/10/2024 17:05;71,54;71,64;71,48;71,61
09/10/2024 16:00;71,54;71,61;71,38;71,48
09/10/2024 15:30;71,54;71,61;71,45;71,55
09/10/2024 15:00;71,64;71,85;71,52;71,56
09/10/2024 14:30;71,59;71,69;71,51;71,63
09/10/2024 14:00;71,31;71,61;71,22;71,59
09/10/2024 13:30;71,13;71,3;71,07;71,28
09/10/2024 13:00;71,12;71,23;71,12;71,17
09/10/2024 12:30;70,92;71,17;70,84;71,1
09/10/2024 12:00;70,86;71,01;70,81;70,95
09/10/2024 11:30;70,73;71,01;70,7;70,88
09/10/2024 11:00;70,77;70,88;70,44;70,72
09/10/2024 10:30;71,03;71,06;70,53;70,79
09/10/2024 10:00;71,28;71,3;71,03;71,03
09/10/2024 09:30;71,48;71,57;71,16;71,33
09/10/2024 09:00;71,35;71,69;71,18;71,48
08/10/2024 17:05;71,08;71,26;71,01;71,19
08/10/2024 16:00;71,19;71,32;70,87;70,97
08/10/2024 15:30;71,22;71,32;71,17;71,19
08/10/2024 15:00;71,43;71,43;71,18;71,22
08/10/2024 14:30;70,6;71,59;70,59;71,41
08/10/2024 14:00;70,51;70,77;70,45;70,6
08/10/2024 13:30;70,54;70,62;70,5;70,53
08/10/2024 13:00;70,42;70,59;70,29;70,54
08/10/2024 12:30;70,54;70,57;70,36;70,36
08/10/2024 12:00;70,7;70,8;70,52;70,53
08/10/2024 11:30;70,53;70,86;70,49;70,69
08/10/2024 11:00;70,48;70,74;70,48;70,56
08/10/2024 10:30;70,3;70,63;70,28;70,43
08/10/2024 10:00;70,29;70,34;70,25;70,32
08/10/2024 09:30;70,34;70,47;70,23;70,29
08/10/2024 09:00;69,96;70,47;69,86;70,34
07/10/2024 17:05;70,18;70,18;69,89;69,99
07/10/2024 16:00;70,32;70,39;70,03;70,18
07/10/2024 15:30;70,31;70,37;70,27;70,34
07/10/2024 15:00;70,54;70,55;70,18;70,33
07/10/2024 14:30;70,63;70,74;70,54;70,54
07/10/2024 14:00;70,76;70,85;70,6;70,68
07/10/2024 13:30;70,79;70,82;70,71;70,77
07/10/2024 13:00;70,87;70,95;70,76;70,8
07/10/2024 12:30;70,93;70,99;70,85;70,86
07/10/2024 12:00;70,84;71,17;70,84;70,93
07/10/2024 11:30;70,63;70,84;70,62;70,84
07/10/2024 11:00;70,73;70,85;70,57;70,64
07/10/2024 10:30;70,58;70,75;70,49;70,72
07/10/2024 10:00;70,52;70,65;70,46;70,54
07/10/2024 09:30;70,54;70,77;70,35;70,53
07/10/2024 09:00;71,57;71,75;70,21;70,58
04/10/2024 17:05;71,23;71,41;71,22;71,33
04/10/2024 16:00;71,33;71,41;71,22;71,23
04/10/2024 15:30;71,63;71,66;71,22;71,33
04/10/2024 15:00;71,66;71,69;71,46;71,63
04/10/2024 14:30;71,82;71,82;71,56;71,66
04/10/2024 14:00;72,04;72,09;71,75;71,85
04/10/2024 13:30;72,07;72,19;72,03;72,05
04/10/2024 13:00;71,88;72,08;71,86;72,06
04/10/2024 12:30;71,95;72,05;71,87;71,89
04/10/2024 12:00;72,18;72,21;71,86;71,94
04/10/2024 11:30;72,51;72,52;71,98;72,16
04/10/2024 11:00;72,58;72,62;72,49;72,54
04/10/2024 10:30;72,56;72,72;72,45;72,58
04/10/2024 10:00;72,43;72,74;72,3;72,6
04/10/2024 09:30;72,51;72,62;72,43;72,44
04/10/2024 09:00;72,64;72,8;72,43;72,49
03/10/2024 17:05;72,9;72,9;72,79;72,79
03/10/2024 16:00;72,85;72,98;72,67;72,8
03/10/2024 15:30;72,93;72,93;72,76;72,86
03/10/2024 15:00;72,79;72,96;72,75;72,91
03/10/2024 14:30;72,79;72,85;72,6;72,8
03/10/2024 14:00;72,97;73,21;72,69;72,83
03/10/2024 13:30;72,91;73;72,84;73
03/10/2024 13:00;72,94;72,95;72,84;72,9
03/10/2024 12:30;72,93;73;72,9;72,96
03/10/2024 12:00;72,99;72,99;72,9;72,95
03/10/2024 11:30;73,03;73,1;72,96;72,96
03/10/2024 11:00;73,11;73,13;73,02;73,05
03/10/2024 10:30;72,93;73,15;72,92;73,11
03/10/2024 10:00;72,83;72,93;72,79;72,91
03/10/2024 09:30;72,86;72,89;72,76;72,85
03/10/2024 09:00;72,92;73,02;72,76;72,86
02/10/2024 17:05;72,91;73,09;72,9;73,06
02/10/2024 16:00;73,07;73,07;72,85;72,95
02/10/2024 15:30;73,08;73,13;73,03;73,09
02/10/2024 15:00;73,14;73,16;73;73,1
02/10/2024 14:30;73,07;73,15;73;73,14
02/10/2024 14:00;72,96;73,08;72,93;73,08
02/10/2024 13:30;72,75;72,98;72,73;72,97
02/10/2024 13:00;72,76;72,87;72,74;72,75
02/10/2024 12:30;72,86;72,86;72,71;72,74
02/10/2024 12:00;72,91;72,96;72,81;72,84
02/10/2024 11:30;72,98;73;72,8;72,92
02/10/2024 11:00;73,01;73,05;72,92;72,98
02/10/2024 10:30;73,08;73,14;72,95;72,95
02/10/2024 10:00;72,98;73,19;72,85;73,08
02/10/2024 09:30;72,83;73,11;72,8;72,98
02/10/2024 09:00;72,38;72,85;72,27;72,78
01/10/2024 17:05;72,22;72,38;72,22;72,32
01/10/2024 16:00;72,22;72,27;72,08;72,27
01/10/2024 15:30;72,24;72,27;72,19;72,22
01/10/2024 15:00;72,22;72,25;72,17;72,24
01/10/2024 14:30;72,21;72,27;72,12;72,19
01/10/2024 14:00;72,23;72,27;72,2;72,26
01/10/2024 13:30;72,14;72,24;72,12;72,2
01/10/2024 13:00;72,23;72,24;72,13;72,16
01/10/2024 12:30;72,21;72,24;72,16;72,22
01/10/2024 12:00;72,24;72,24;72,13;72,21
01/10/2024 11:30;72,2;72,24;72,12;72,24
01/10/2024 11:00;71,99;72,24;71,94;72,17
01/10/2024 10:30;71,85;72,04;71,81;71,92
01/10/2024 10:00;71,9;71,95;71,78;71,85
01/10/2024 09:30;72;72,03;71,86;71,88
01/10/2024 09:00;72,24;72,24;71,97;72,01
30/09/2024 17:05;72,16;72,16;71,96;71,96
30/09/2024 16:00;72,18;72,23;72,1;72,17
30/09/2024 15:30;72,22;72,24;72,18;72,19
30/09/2024 15:00;72,17;72,22;72,12;72,22
30/09/2024 14:30;72,22;72,22;72,14;72,16
30/09/2024 14:00;72,19;72,24;72,16;72,23
30/09/2024 13:30;72,11;72,24;72,09;72,21
30/09/2024 13:00;72,04;72,17;72,04;72,16
30/09/2024 12:30;71,99;72,07;71,86;72,07
30/09/2024 12:00;72,04;72,17;72;72,04
30/09/2024 11:30;72,09;72,1;71,97;72,05
30/09/2024 11:00;72,14;72,23;72,08;72,17
30/09/2024 10:30;71,8;72,17;71,77;72,12
30/09/2024 10:00;71,77;71,85;71,77;71,8
30/09/2024 09:30;71,86;71,89;71,7;71,77
30/09/2024 09:00;71,96;72,05;71,67;71,85
27/09/2024 17:05;71,98;72,23;71,95;71,98
27/09/2024 16:00;71,61;71,97;71,58;71,96
27/09/2024 15:30;71,7;71,73;71,5;71,58
27/09/2024 15:00;71,73;71,75;71,65;71,74
27/09/2024 14:30;71,73;71,8;71,61;71,73
27/09/2024 14:00;71,59;71,75;71,56;71,73
27/09/2024 13:30;71,43;71,68;71,39;71,58
27/09/2024 13:00;71,32;71,44;71,26;71,4
27/09/2024 12:30;71,32;71,38;71,23;71,32
27/09/2024 12:00;71,12;71,33;71,07;71,28
27/09/2024 11:30;71,22;71,23;71,09;71,13
27/09/2024 11:00;71,03;71,31;71,01;71,24
27/09/2024 10:30;71,11;71,18;70,95;71,02
27/09/2024 10:00;71,04;71,12;71,01;71,09
27/09/2024 09:30;71,26;71,26;71,01;71,02
27/09/2024 09:00;71,48;71,72;71,13;71,31
26/09/2024 17:05;71,34;71,42;71,28;71,38
26/09/2024 16:00;71,46;71,48;71,33;71,42
26/09/2024 15:30;71,5;71,51;71,34;71,44
26/09/2024 15:00;71,53;71,55;71,11;71,5
26/09/2024 14:30;71,62;71,68;71,3;71,53
26/09/2024 14:00;71,53;71,69;71,48;71,63
26/09/2024 13:30;71,62;71,65;71,48;71,53
26/09/2024 13:00;71,75;72,03;71,54;71,62
26/09/2024 12:30;71,56;71,85;71,56;71,75
26/09/2024 12:00;71,43;71,88;71,4;71,55
26/09/2024 11:30;71,3;71,43;71,26;71,43
26/09/2024 11:00;71,28;71,38;71,17;71,3
26/09/2024 10:30;71,18;71,31;71,09;71,24
26/09/2024 10:00;71,03;71,18;70,99;71,14
26/09/2024 09:30;70,86;71,04;70,82;70,98
26/09/2024 09:00;70,9;70,97;70,72;70,86
25/09/2024 17:05;70,96;71,1;70,91;70,96
25/09/2024 16:00;70,81;71,04;70,79;70,95
25/09/2024 15:30;70,87;70,94;70,8;70,8
25/09/2024 15:00;70,8;70,97;70,64;70,91
25/09/2024 14:30;70,91;70,93;70,63;70,8
25/09/2024 14:00;71,29;71,31;70,82;70,87
25/09/2024 13:30;71,29;71,35;71,24;71,32
25/09/2024 13:00;71,33;71,41;71,28;71,31
25/09/2024 12:30;71,28;71,36;71,17;71,32
25/09/2024 12:00;71,39;71,4;71,24;71,28
25/09/2024 11:30;71,41;71,54;71,37;71,4
25/09/2024 11:00;71,45;71,47;71,37;71,41
25/09/2024 10:30;71,47;71,52;71,43;71,45
25/09/2024 10:00;71,43;71,48;71,35;71,47
25/09/2024 09:30;71,33;71,48;71,28;71,43
25/09/2024 09:00;71,28;71,38;71,17;71,35
24/09/2024 17:05;71,38;71,53;71,33;71,51
24/09/2024 16:00;71,28;71,43;71,24;71,43
24/09/2024 15:30;71,32;71,47;71,26;71,29
24/09/2024 15:00;71,38;71,43;71,29;71,31
24/09/2024 14:30;71,31;71,43;71,24;71,38
24/09/2024 14:00;71,2;71,39;71,19;71,33
24/09/2024 13:30;71,26;71,33;71,17;71,17
24/09/2024 13:00;71,02;71,36;71,01;71,29
24/09/2024 12:30;71;71,11;70,96;71,02
24/09/2024 12:00;71,08;71,08;70,97;71,01
24/09/2024 11:30;71,02;71,17;70,96;71,09
24/09/2024 11:00;71,13;71,14;70,97;71,01
24/09/2024 10:30;71,03;71,17;70,98;71,12
24/09/2024 10:00;71,04;71,06;70,98;70,99
24/09/2024 09:30;71,15;71,15;71,01;71,07
24/09/2024 09:00;71,22;71,4;70,81;71,13
23/09/2024 17:05;71,39;71,43;71,34;71,43
23/09/2024 16:00;71,33;71,38;71,26;71,34
23/09/2024 15:30;71,15;71,36;71,13;71,33
23/09/2024 15:00;71,24;71,25;71,03;71,15
23/09/2024 14:30;71,33;71,38;71,19;71,22
23/09/2024 14:00;71,29;71,38;71,23;71,33
23/09/2024 13:30;71,33;71,38;71,28;71,28
23/09/2024 13:00;71,32;71,4;71,32;71,33
23/09/2024 12:30;71,26;71,33;71,22;71,33
23/09/2024 12:00;71,22;71,28;71,13;71,23
23/09/2024 11:30;71,32;71,43;71,22;71,22
23/09/2024 11:00;71,22;71,39;71,21;71,29
23/09/2024 10:30;71,38;71,43;71,14;71,21
23/09/2024 10:00;71,33;71,42;71,33;71,35
23/09/2024 09:30;71,35;71,39;71,28;71,31
23/09/2024 09:00;70,91;71,54;70,91;71,34
20/09/2024 17:05;71,06;71,06;70,7;70,71
20/09/2024 16:00;71,1;71,22;70,99;71,07
20/09/2024 15:30;70,71;71,15;70,68;71,08
20/09/2024 15:00;70,78;70,84;70,59;70,7
20/09/2024 14:30;70,8;70,91;70,49;70,77
20/09/2024 14:00;70,13;70,8;70,13;70,8
20/09/2024 13:30;70,23;70,24;70,11;70,11
20/09/2024 13:00;70,12;70,26;70,07;70,19
20/09/2024 12:30;70,08;70,24;70,01;70,11
20/09/2024 12:00;70,2;70,23;70,08;70,08
20/09/2024 11:30;70,18;70,28;70,18;70,22
20/09/2024 11:00;70,32;70,39;70,11;70,18
20/09/2024 10:30;70,19;70,36;70,07;70,3
20/09/2024 10:00;69,85;70,48;69,82;70,28
20/09/2024 09:30;69,67;69,84;69,63;69,84
20/09/2024 09:00;70,02;70,02;69,55;69,65
19/09/2024 17:05;70,09;70,12;69,79;70,01
19/09/2024 16:00;70,15;70,35;69,92;70,1
19/09/2024 15:30;70,22;70,35;70;70,17
19/09/2024 15:00;69,91;70,35;69,87;70,22
19/09/2024 14:30;69,83;69,91;69,74;69,9
19/09/2024 14:00;69,63;70,04;69,63;69,82
19/09/2024 13:30;69,59;69,65;69,56;69,64
19/09/2024 13:00;69,48;69,6;69,48;69,59
19/09/2024 12:30;69,55;69,59;69,41;69,52
19/09/2024 12:00;69,38;69,62;69,37;69,55
19/09/2024 11:30;69,4;69,57;69,38;69,39
19/09/2024 11:00;69,41;69,54;69,39;69,4
19/09/2024 10:30;69,55;69,55;69,31;69,43
19/09/2024 10:00;69,46;69,6;69,46;69,54
19/09/2024 09:30;69,3;69,63;69,3;69,44
19/09/2024 09:00;69,29;69,41;68,97;69,29
18/09/2024 17:05;69,55;69,65;69,39;69,43
18/09/2024 16:00;69,49;69,6;69,44;69,44
18/09/2024 15:30;69,6;69,6;69,44;69,48
18/09/2024 15:00;69,77;69,82;69,35;69,57
18/09/2024 14:30;69,76;69,81;69,7;69,8
18/09/2024 14:00;69,88;69,89;69,69;69,75
18/09/2024 13:30;69,88;69,9;69,76;69,86
18/09/2024 13:00;69,91;69,93;69,83;69,86
18/09/2024 12:30;69,91;69,95;69,83;69,93
18/09/2024 12:00;69,81;69,93;69,78;69,91
18/09/2024 11:30;69,82;69,89;69,82;69,82
18/09/2024 11:00;69,98;69,99;69,78;69,83
18/09/2024 10:30;70,12;70,12;69,79;69,98
18/09/2024 10:00;70,15;70,18;70,1;70,11
18/09/2024 09:30;70,34;70,34;70,15;70,15
18/09/2024 09:00;70,07;70,39;69,97;70,36
17/09/2024 17:05;70,45;70,45;70,31;70,33
17/09/2024 16:00;70,37;70,8;70,35;70,44
17/09/2024 15:30;70,22;70,43;70,22;70,35
17/09/2024 15:00;70,23;70,33;70,11;70,22
17/09/2024 14:30;70,17;70,34;70,08;70,22
17/09/2024 14:00;70,49;70,49;70,13;70,18
17/09/2024 13:30;70,54;70,65;70,48;70,51
17/09/2024 13:00;70,46;70,69;70,44;70,54
17/09/2024 12:30;70,34;70,56;70,34;70,46
17/09/2024 12:00;70,28;70,39;70,2;70,39
17/09/2024 11:30;70,29;70,39;70,21;70,27
17/09/2024 11:00;70,18;70,28;70,17;70,28
17/09/2024 10:30;70,29;70,3;70,07;70,22
17/09/2024 10:00;70,42;70,46;70,28;70,28
17/09/2024 09:30;70,45;70,47;70,26;70,44
17/09/2024 09:00;70,41;70,6;70,25;70,45
16/09/2024 17:05;70,65;70,73;70,62;70,69
16/09/2024 16:00;70,75;70,75;70,63;70,66
16/09/2024 15:30;70,62;70,75;70,57;70,75
16/09/2024 15:00;70,75;70,79;70,63;70,63
16/09/2024 14:30;70,76;70,8;70,72;70,75
16/09/2024 14:00;70,77;70,8;70,76;70,76
16/09/2024 13:30;70,77;70,91;70,76;70,77
16/09/2024 13:00;70,78;70,84;70,7;70,77
16/09/2024 12:30;70,78;70,87;70,77;70,77
16/09/2024 12:00;70,79;70,79;70,72;70,75
16/09/2024 11:30;70,76;70,85;70,68;70,79
16/09/2024 11:00;70,69;70,88;70,68;70,75
16/09/2024 10:30;70,63;70,81;70,59;70,7
16/09/2024 10:00;70,64;70,69;70,55;70,6
16/09/2024 09:30;70,47;70,68;70,42;70,67
16/09/2024 09:00;70,37;70,53;70,13;70,45
13/09/2024 17:05;71,03;71,11;70,96;71,04
13/09/2024 16:00;71,12;71,14;70,89;71,01
13/09/2024 15:30;71;71,14;70,97;71,12
13/09/2024 15:00;71,03;71,12;70,96;71,01
13/09/2024 14:30;71,1;71,1;70,88;71,03
13/09/2024 14:00;71,07;71,17;70,96;71,1
13/09/2024 13:30;70,84;71,1;70,76;71,07
13/09/2024 13:00;70,63;70,91;70,58;70,82
13/09/2024 12:30;70,42;70,64;70,4;70,62
13/09/2024 12:00;70,21;70,47;70,21;70,42
13/09/2024 11:30;70,23;70,33;70,11;70,19
13/09/2024 11:00;70,3;70,33;70,02;70,2
13/09/2024 10:30;70,14;70,58;70,13;70,3
13/09/2024 10:00;69,95;70,18;69,92;70,12
13/09/2024 09:30;69,86;70;69,76;69,92
13/09/2024 09:00;70,21;70,21;69,78;69,87
12/09/2024 17:05;69,78;69,97;69,77;69,97
12/09/2024 16:00;69,87;69,91;69,57;69,86
12/09/2024 15:30;70,14;70,14;69,78;69,86
12/09/2024 15:00;70,3;70,49;70,04;70,17
12/09/2024 14:30;69,98;70,43;69,93;70,29
12/09/2024 14:00;70,18;70,18;69,91;69,92
12/09/2024 13:30;70,14;70,18;69,78;70,18
12/09/2024 13:00;70,86;70,93;70,02;70,12
12/09/2024 12:30;70,78;70,93;70,78;70,92
12/09/2024 12:00;70,86;70,93;70,77;70,8
12/09/2024 11:30;70,84;70,95;70,84;70,85
12/09/2024 11:00;70,64;70,95;70,58;70,86
12/09/2024 10:30;70,63;70,65;70,56;70,65
12/09/2024 10:00;70,64;70,65;70,58;70,63
12/09/2024 09:30;70,53;70,66;70,53;70,6
12/09/2024 09:00;70,66;70,8;70,41;70,51
11/09/2024 17:05;70,18;70,33;70,06;70,31
11/09/2024 16:00;70,54;70,57;70;70,18
11/09/2024 15:30;70,56;70,57;70,53;70,54
11/09/2024 15:00;70,55;70,59;70,5;70,59
11/09/2024 14:30;70,57;70,59;70,55;70,55
11/09/2024 14:00;70,57;70,59;70,52;70,55
11/09/2024 13:30;70,57;70,65;70,56;70,58
11/09/2024 13:00;70,5;70,6;70,44;70,59
11/09/2024 12:30;70,5;70,5;70,44;70,5
11/09/2024 12:00;70,51;70,65;70,49;70,53
11/09/2024 11:30;70,47;70,56;70,44;70,5
11/09/2024 11:00;70,6;70,64;70,44;70,47
11/09/2024 10:30;70,9;70,93;70,44;70,58
11/09/2024 10:00;70,93;70,96;70,77;70,91
11/09/2024 09:30;70,9;70,97;70,82;70,93
11/09/2024 09:00;70,65;71,3;70,5;70,92
10/09/2024 17:05;70,49;70,54;70,25;70,47
10/09/2024 16:00;70,57;70,69;70,39;70,43
10/09/2024 15:30;70,63;70,64;70,55;70,59
10/09/2024 15:00;70,59;70,68;70,52;70,62
10/09/2024 14:30;70,49;70,63;70,44;70,59
10/09/2024 14:00;70,7;70,77;70,44;70,49
10/09/2024 13:30;70,75;71,16;70,7;70,73
10/09/2024 13:00;71,09;71,1;70,6;70,75
10/09/2024 12:30;71,35;71,35;70,91;71,09
10/09/2024 12:00;71,47;71,48;71,31;71,38
10/09/2024 11:30;71,34;71,5;71,22;71,41
10/09/2024 11:00;71,43;71,47;71,12;71,25
10/09/2024 10:30;71,59;71,66;71,36;71,39
10/09/2024 10:00;71,45;71,68;71,26;71,63
10/09/2024 09:30;70,8;71,89;70,8;71,41
10/09/2024 09:00;70,75;70,92;70,18;70,85
09/09/2024 17:05;70,57;70,96;70,51;70,92
09/09/2024 16:00;70,82;70,89;70,62;70,66
09/09/2024 15:30;70,86;70,94;70,72;70,82
09/09/2024 15:00;70,86;70,98;70,7;70,86
09/09/2024 14:30;70,7;70,89;70,7;70,86
09/09/2024 14:00;70,64;70,95;70,6;70,72
09/09/2024 13:30;70,23;70,8;70,23;70,62
09/09/2024 13:00;70,14;70,27;70,08;70,21
09/09/2024 12:30;70,04;70,15;69,98;70,14
09/09/2024 12:00;69,85;70,06;69,84;70,04
09/09/2024 11:30;69,84;69,86;69,73;69,85
09/09/2024 11:00;69,84;69,91;69,8;69,83
09/09/2024 10:30;69,8;69,85;69,65;69,85
09/09/2024 10:00;69,79;69,85;69,74;69,8
09/09/2024 09:30;69,61;69,8;69,61;69,8
09/09/2024 09:00;69,35;70,06;69,35;69,61
06/09/2024 17:05;69,25;69,39;69,25;69,31
06/09/2024 16:00;69,35;69,35;69,03;69,2
06/09/2024 15:30;69,31;69,37;69,09;69,37
06/09/2024 15:00;69,24;69,38;69,01;69,31
06/09/2024 14:30;69,29;69,43;69,08;69,21
06/09/2024 14:00;69,63;69,65;69,14;69,29
06/09/2024 13:30;69,58;69,63;69,48;69,63
06/09/2024 13:00;69,54;69,59;69,29;69,58
06/09/2024 12:30;69,47;69,53;69,39;69,53
06/09/2024 12:00;69,17;69,53;69,14;69,44
06/09/2024 11:30;69,47;69,55;68,96;69,16
06/09/2024 11:00;69,39;69,61;69,39;69,46
06/09/2024 10:30;69,65;69,65;69,37;69,4
06/09/2024 10:00;69,41;69,88;69,34;69,65
06/09/2024 09:30;69,07;69,52;69,07;69,39
06/09/2024 09:00;68,95;69,13;68,92;69,08
05/09/2024 17:05;68,71;68,82;68,5;68,74
05/09/2024 16:00;69,06;69,06;68,73;68,73
05/09/2024 15:30;69,14;69,18;69,04;69,04
05/09/2024 15:00;69,18;69,21;68,95;69,11
05/09/2024 14:30;69,16;69,24;69,06;69,17
05/09/2024 14:00;69,31;69,31;69,1;69,14
05/09/2024 13:30;69,21;69,37;69,18;69,3
05/09/2024 13:00;69,16;69,21;69,16;69,19
05/09/2024 12:30;69,19;69,33;69,11;69,14
05/09/2024 12:00;69,21;69,32;69,15;69,17
05/09/2024 11:30;69,2;69,44;69,15;69,2
05/09/2024 11:00;69,02;69,21;68,95;69,19
05/09/2024 10:30;68,93;69,05;68,84;68,98
05/09/2024 10:00;68,84;68,93;68,61;68,92
05/09/2024 09:30;68,77;68,83;68,71;68,83
05/09/2024 09:00;69,13;69,18;68,69;68,77
04/09/2024 17:05;69,38;69,47;69,02;69,21
04/09/2024 16:00;69,18;69,48;69,14;69,38
04/09/2024 15:30;69,21;69,21;69,09;69,18
04/09/2024 15:00;69,1;69,21;69,06;69,21
04/09/2024 14:30;69,08;69,16;68,97;69,1
04/09/2024 14:00;68,96;69,26;68,91;69,07
04/09/2024 13:30;68,64;68,97;68,61;68,96
04/09/2024 13:00;68,55;68,64;68,52;68,64
04/09/2024 12:30;68,58;68,6;68,54;68,55
04/09/2024 12:00;68,54;68,59;68,46;68,58
04/09/2024 11:30;68,6;68,62;68,27;68,54
04/09/2024 11:00;68,48;68,66;68,44;68,63
04/09/2024 10:30;68,43;68,52;68,41;68,49
04/09/2024 10:00;68,36;68,44;68,35;68,41
04/09/2024 09:30;68,47;68,48;68,32;68,38
04/09/2024 09:00;68,36;68,55;68,24;68,49
03/09/2024 17:05;68,19;68,52;67,98;68,09
03/09/2024 16:00;68,25;68,33;68,11;68,28
03/09/2024 15:30;68,28;68,39;68,17;68,25
03/09/2024 15:00;68,32;68,4;68,25;68,26
03/09/2024 14:30;68,08;68,4;68,07;68,32
03/09/2024 14:00;68,11;68,11;68,04;68,09
03/09/2024 13:30;67,99;68,11;67,97;68,11
03/09/2024 13:00;68,01;68,01;67,94;68,01
03/09/2024 12:30;67,91;68,01;67,91;67,98
03/09/2024 12:00;67,95;67,97;67,88;67,92
03/09/2024 11:30;67,99;68,01;67,94;67,95
03/09/2024 11:00;67,99;68,01;67,91;67,99
03/09/2024 10:30;67,83;68,01;67,83;67,98
03/09/2024 10:00;67,68;67,9;67,68;67,8
03/09/2024 09:30;67,41;67,84;67,29;67,68
03/09/2024 09:00;67,92;67,92;67,12;67,43
02/09/2024 17:05;67,69;67,79;67,68;67,72
02/09/2024 16:00;67,85;67,9;67,82;67,83
02/09/2024 15:30;67,81;67,9;67,79;67,85
02/09/2024 15:00;67,82;67,87;67,68;67,83
02/09/2024 14:30;67,77;67,86;67,71;67,83
02/09/2024 14:00;67,84;67,86;67,74;67,79
02/09/2024 13:30;67,83;67,84;67,81;67,84
02/09/2024 13:00;67,87;67,9;67,81;67,83
02/09/2024 12:30;67,9;67,9;67,84;67,87
02/09/2024 12:00;67,82;67,9;67,81;67,87
02/09/2024 11:30;67,68;67,9;67,66;67,81
02/09/2024 11:00;67,69;67,84;67,63;67,69
02/09/2024 10:30;67,92;67,93;67,62;67,72
02/09/2024 10:00;67,83;67,93;67,82;67,9
02/09/2024 09:30;67,97;67,98;67,83;67,83
02/09/2024 09:00;67,88;68,06;67,82;67,99
30/08/2024 17:05;67,8;67,88;67,74;67,86
30/08/2024 16:00;67,72;67,79;67,61;67,79
30/08/2024 15:30;67,65;67,72;67,63;67,72
30/08/2024 15:00;67,71;67,73;67,57;67,64
30/08/2024 14:30;67,59;67,73;67,52;67,71
30/08/2024 14:00;67,66;67,72;67,44;67,58
30/08/2024 13:30;67,65;67,73;67,63;67,66
30/08/2024 13:00;67,51;67,66;67,48;67,64
30/08/2024 12:30;67,5;67,51;67,47;67,49
30/08/2024 12:00;67,49;67,51;67,46;67,51
30/08/2024 11:30;67,48;67,51;67,46;67,5
30/08/2024 11:00;67,51;67,52;67,41;67,51
30/08/2024 10:30;67,46;67,58;67,37;67,48
30/08/2024 10:00;67,31;67,77;67,31;67,44
30/08/2024 09:30;67,29;67,39;67,22;67,29
30/08/2024 09:00;67,05;67,43;66,95;67,29
29/08/2024 17:05;67,01;67,1;66,74;67,06
29/08/2024 16:00;67,18;67,2;67,01;67,01
29/08/2024 15:30;67,21;67,24;67,15;67,18
29/08/2024 15:00;67,12;67,21;67,09;67,2
29/08/2024 14:30;67,02;67,13;66,98;67,13
29/08/2024 14:00;66,91;67,05;66,86;67,01
29/08/2024 13:30;66,93;67,02;66,82;66,92
29/08/2024 13:00;66,99;67,01;66,87;66,93
29/08/2024 12:30;66,94;67,05;66,93;67,01
29/08/2024 12:00;66,83;66,93;66,77;66,93
29/08/2024 11:30;66,85;66,85;66,77;66,83
29/08/2024 11:00;66,98;67,09;66,84;66,85
29/08/2024 10:30;66,47;67,08;66,46;67,01
29/08/2024 10:00;66,43;66,47;66,41;66,46
29/08/2024 09:30;66,47;66,47;66,42;66,42
29/08/2024 09:00;66,18;66,57;66,18;66,46
28/08/2024 17:05;66,41;66,41;66,35;66,39
28/08/2024 16:00;66,39;66,47;66,38;66,41
28/08/2024 15:30;66,35;66,41;66,35;66,38
28/08/2024 15:00;66,36;66,41;66,31;66,32
28/08/2024 14:30;66,34;66,36;66,27;66,36
28/08/2024 14:00;66,37;66,4;66,26;66,34
28/08/2024 13:30;66,38;66,41;66,34;66,39
28/08/2024 13:00;66,4;66,42;66,36;66,38
28/08/2024 12:30;66,37;66,41;66,34;66,4
28/08/2024 12:00;66,36;66,37;66,31;66,37
28/08/2024 11:30;66,34;66,39;66,31;66,36
28/08/2024 11:00;66,36;66,39;66,3;66,34
28/08/2024 10:30;66,3;66,38;66,28;66,36
28/08/2024 10:00;66,24;66,35;66,23;66,3
28/08/2024 09:30;66,38;66,39;66,13;66,25
28/08/2024 09:00;66,34;66,43;66,29;66,39
27/08/2024 17:05;66,36;66,44;66,32;66,39
27/08/2024 16:00;66,38;66,41;66,32;66,41
27/08/2024 15:30;66,32;66,38;66,21;66,38
27/08/2024 15:00;66,19;66,35;66,17;66,32
27/08/2024 14:30;66,34;66,36;66,03;66,19
27/08/2024 14:00;66,35;66,4;66,24;66,34
27/08/2024 13:30;66,32;66,39;66,24;66,35
27/08/2024 13:00;66,37;66,47;66,28;66,34
27/08/2024 12:30;66,29;66,4;66,23;66,36
27/08/2024 12:00;66,13;66,29;66,12;66,28
27/08/2024 11:30;66,13;66,23;66,09;66,12
27/08/2024 11:00;66,02;66,14;65,93;66,13
27/08/2024 10:30;65,91;66,03;65,91;66,02
27/08/2024 10:00;65,93;65,97;65,88;65,91
27/08/2024 09:30;65,74;66,05;65,73;65,93
27/08/2024 09:00;65,75;65,9;65,62;65,76
26/08/2024 17:05;66,02;66,02;65,87;65,92
26/08/2024 16:00;66,15;66,23;65,97;66,02
26/08/2024 15:30;66,1;66,18;66,04;66,15
26/08/2024 15:00;66,14;66,24;66,08;66,08
26/08/2024 14:30;65,99;66,17;65,97;66,14
26/08/2024 14:00;66,12;66,14;65,86;65,97
26/08/2024 13:30;66,2;66,2;66,09;66,13
26/08/2024 13:00;66,24;66,26;66,17;66,2
26/08/2024 12:30;66,15;66,25;66,08;66,24
26/08/2024 12:00;66,09;66,16;66,07;66,15
26/08/2024 11:30;66,12;66,17;66,05;66,08
26/08/2024 11:00;66,17;66,2;66,09;66,14
26/08/2024 10:30;66,09;66,2;66,07;66,15
26/08/2024 10:00;66,09;66,12;66,07;66,12
26/08/2024 09:30;66,02;66,1;65,95;66,1
26/08/2024 09:00;65,98;66,05;65,8;66,02
23/08/2024 17:05;66,07;66,23;65,99;66,15
23/08/2024 16:00;66,19;66,34;66,15;66,17
23/08/2024 15:30;66,24;66,31;66,16;66,18
23/08/2024 15:00;66,28;66,29;66,19;66,21
23/08/2024 14:30;66,19;66,28;66,17;66,28
23/08/2024 14:00;66,16;66,27;66,14;66,19
23/08/2024 13:30;66,21;66,24;66,14;66,17
23/08/2024 13:00;66,17;66,26;66,14;66,24
23/08/2024 12:30;66,16;66,2;66,12;66,18
23/08/2024 12:00;66,21;66,21;66,08;66,14
23/08/2024 11:30;66,28;66,37;66,17;66,23
23/08/2024 11:00;66,43;66,49;66,26;66,28
23/08/2024 10:30;66,47;66,52;66,41;66,43
23/08/2024 10:00;66,51;66,55;66,43;66,49
23/08/2024 09:30;66,47;66,5;66,43;66,5
23/08/2024 09:00;66,47;66,58;66,4;66,42
22/08/2024 17:05;66,39;66,47;66,34;66,47
22/08/2024 16:00;66,35;66,47;66,34;66,44
22/08/2024 15:30;66,34;66,38;66,34;66,35
22/08/2024 15:00;66,3;66,38;66,25;66,34
22/08/2024 14:30;66,41;66,46;66,29;66,3
22/08/2024 14:00;66,4;66,41;66,36;66,41
22/08/2024 13:30;66,41;66,47;66,37;66,4
22/08/2024 13:00;66,37;66,43;66,34;66,43
22/08/2024 12:30;66,38;66,43;66,32;66,37
22/08/2024 12:00;66,27;66,43;66,27;66,41
22/08/2024 11:30;66,34;66,37;66,24;66,28
22/08/2024 11:00;66,36;66,46;66,34;66,36
22/08/2024 10:30;66,34;66,39;66,21;66,36
22/08/2024 10:00;66,32;66,41;66,29;66,34
22/08/2024 09:30;66,2;66,39;66,18;66,3
22/08/2024 09:00;66,04;66,25;65,98;66,23
21/08/2024 17:05;66,23;66,23;65,97;66,03
21/08/2024 16:00;66,08;66,21;66,03;66,13
21/08/2024 15:30;66,07;66,13;66,02;66,07
21/08/2024 15:00;66,02;66,08;65,98;66,06
21/08/2024 14:30;66,18;66,25;66,01;66,03
21/08/2024 14:00;66,05;66,2;66,01;66,15
21/08/2024 13:30;66,03;66,06;65,97;66,06
21/08/2024 13:00;66,04;66,07;66,01;66,03
21/08/2024 12:30;66,04;66,07;65,97;66,05
21/08/2024 12:00;66,01;66,08;65,95;66,05
21/08/2024 11:30;66,17;66,21;66,01;66,01
21/08/2024 11:00;66,19;66,24;66,16;66,17
21/08/2024 10:30;66,19;66,35;66,18;66,2
21/08/2024 10:00;66,2;66,24;66,18;66,2
21/08/2024 09:30;66,3;66,34;66,12;66,19
21/08/2024 09:00;66,17;66,36;66,15;66,3
20/08/2024 17:05;66,57;66,57;66,32;66,41
20/08/2024 16:00;66,46;66,51;66,43;66,43
20/08/2024 15:30;66,35;66,58;66,35;66,46
20/08/2024 15:00;66,14;66,36;66,1;66,32
20/08/2024 14:30;66,12;66,25;66,08;66,13
20/08/2024 14:00;66,04;66,14;66,03;66,1
20/08/2024 13:30;65,99;66,16;65,97;66,07
20/08/2024 13:00;65,94;66,07;65,86;66,03
20/08/2024 12:30;65,82;65,95;65,81;65,92
20/08/2024 12:00;65,94;65,98;65,82;65,85
20/08/2024 11:30;66,06;66,08;65,92;65,93
20/08/2024 11:00;66,05;66,07;65,97;66,05
20/08/2024 10:30;66,12;66,18;66,01;66,05
20/08/2024 10:00;66,12;66,21;66,12;66,13
20/08/2024 09:30;66,21;66,41;66,08;66,14
20/08/2024 09:00;66,05;66,23;65,92;66,19
19/08/2024 17:05;66,13;66,19;65,94;65,94
19/08/2024 16:00;65,92;66,08;65,86;66,07
19/08/2024 15:30;65,74;65,94;65,7;65,92
19/08/2024 15:00;65,71;65,76;65,62;65,73
19/08/2024 14:30;65,69;65,83;65,65;65,71
19/08/2024 14:00;65,57;65,71;65,53;65,71
19/08/2024 13:30;65,5;65,59;65,4;65,58
19/08/2024 13:00;65,54;65,65;65,43;65,49
19/08/2024 12:30;65,66;65,74;65,53;65,54
19/08/2024 12:00;65,79;66,06;65,66;65,68
19/08/2024 11:30;65,73;65,81;65,72;65,77
19/08/2024 11:00;65,73;65,75;65,72;65,74
19/08/2024 10:30;65,72;65,76;65,7;65,75
19/08/2024 10:00;65,72;65,75;65,68;65,73
19/08/2024 09:30;65,79;65,79;65,7;65,73
19/08/2024 09:00;65,85;65,92;65,58;65,79
16/08/2024 17:05;65,42;65,48;65,38;65,4
16/08/2024 16:00;65,29;65,43;65,18;65,43
16/08/2024 15:30;65,29;65,35;65,25;65,26
16/08/2024 15:00;65,38;65,4;65,21;65,29
16/08/2024 14:30;65,39;65,46;65,37;65,38
16/08/2024 14:00;65,43;65,46;65,37;65,38
16/08/2024 13:30;65,53;65,56;65,42;65,43
16/08/2024 13:00;65,54;65,58;65,53;65,53
16/08/2024 12:30;65,59;65,6;65,53;65,54
16/08/2024 12:00;65,45;65,62;65,41;65,57
16/08/2024 11:30;65,51;65,57;65,43;65,43
16/08/2024 11:00;65,56;65,56;65,37;65,51
16/08/2024 10:30;65,61;65,62;65,52;65,54
16/08/2024 10:00;65,65;65,65;65,53;65,6
16/08/2024 09:30;65,65;65,72;65,53;65,68
16/08/2024 09:00;65,9;65,92;65,6;65,7
15/08/2024 17:05;66,25;66,25;66,08;66,21
15/08/2024 16:00;66,04;66,23;65,97;66,21
15/08/2024 15:30;65,97;66,05;65,97;66,03
15/08/2024 15:00;66,03;66,08;65,97;65,99
15/08/2024 14:30;65,99;66,05;65,98;66,03
15/08/2024 14:00;65,97;66,08;65,92;65,99
15/08/2024 13:30;66,09;66,09;65,98;66,03
15/08/2024 13:00;66,12;66,17;66,04;66,08
15/08/2024 12:30;66,1;66,13;66,05;66,1
15/08/2024 12:00;66,14;66,25;66,07;66,13
15/08/2024 11:30;66,13;66,14;65,97;66,14
15/08/2024 11:00;66,05;66,25;66,05;66,18
15/08/2024 10:30;66,08;66,19;66,02;66,07
15/08/2024 10:00;65,73;66,27;65,71;66,1
15/08/2024 09:30;65,84;65,91;65,74;65,76
15/08/2024 09:00;65,91;65,95;65,74;65,82
14/08/2024 17:05;65,61;65,76;65,53;65,6
14/08/2024 16:00;65,73;65,73;65,57;65,61
14/08/2024 15:30;65,73;65,81;65,69;65,72
14/08/2024 15:00;65,75;65,81;65,6;65,72
14/08/2024 14:30;65,75;65,81;65,71;65,75
14/08/2024 14:00;65,77;65,77;65,73;65,75
14/08/2024 13:30;65,77;65,83;65,71;65,77
14/08/2024 13:00;65,99;66,08;65,76;65,77
14/08/2024 12:30;65,95;66,1;65,95;65,98
14/08/2024 12:00;65,86;66,02;65,84;65,94
14/08/2024 11:30;65,79;65,86;65,76;65,86
14/08/2024 11:00;65,85;65,85;65,66;65,79
14/08/2024 10:30;65,76;65,91;65,72;65,84
14/08/2024 10:00;65,81;65,83;65,61;65,77
14/08/2024 09:30;65,9;65,92;65,76;65,81
14/08/2024 09:00;65,9;66,06;65,84;65,92
13/08/2024 17:05;65,86;65,91;65,72;65,74
13/08/2024 16:00;65,8;65,95;65,7;65,86
13/08/2024 15:30;65,8;65,85;65,75;65,76
13/08/2024 15:00;65,82;65,87;65,76;65,8
13/08/2024 14:30;65,75;65,85;65,71;65,8
13/08/2024 14:00;65,75;65,8;65,71;65,76
13/08/2024 13:30;65,73;65,79;65,7;65,75
13/08/2024 13:00;65,72;65,77;65,7;65,7
13/08/2024 12:30;65,84;65,86;65,73;65,73
13/08/2024 12:00;65,96;65,96;65,66;65,84
13/08/2024 11:30;65,95;65,99;65,81;65,94
13/08/2024 11:00;66,2;66,2;65,92;65,94
13/08/2024 10:30;66,21;66,23;66,14;66,21
13/08/2024 10:00;66,27;66,28;66,16;66,26
13/08/2024 09:30;66,27;66,38;66,21;66,28
13/08/2024 09:00;66,06;66,39;65,96;66,28
12/08/2024 17:05;66,46;66,68;66,18;66,23
12/08/2024 16:00;66,24;66,47;66,21;66,43
12/08/2024 15:30;66,1;66,24;65,99;66,23
12/08/2024 15:00;66,1;66,25;66,08;66,12
12/08/2024 14:30;65,92;66,36;65,86;66,13
12/08/2024 14:00;65,75;65,98;65,71;65,91
12/08/2024 13:30;65,81;65,99;65,7;65,75
12/08/2024 13:00;65,52;65,91;65,37;65,82
12/08/2024 12:30;65,66;65,69;65,52;65,54
12/08/2024 12:00;65,64;65,75;65,6;65,68
12/08/2024 11:30;65,49;65,72;65,48;65,65
12/08/2024 11:00;65,64;65,64;65,49;65,54
12/08/2024 10:30;65,59;65,76;65,53;65,62
12/08/2024 10:00;65,66;65,66;65,51;65,59
12/08/2024 09:30;65,58;65,7;65,48;65,66
12/08/2024 09:00;65,81;65,98;65,48;65,59
09/08/2024 17:05;66,17;66,36;66,08;66,08
09/08/2024 16:00;66,13;66,21;65,94;66,17
09/08/2024 15:30;65,96;66,14;65,82;66,1
09/08/2024 15:00;65,94;66,08;65,93;65,95
09/08/2024 14:30;65,86;66,01;65,86;65,94
09/08/2024 14:00;65,88;65,88;65,81;65,86
09/08/2024 13:30;65,83;65,9;65,82;65,87
09/08/2024 13:00;65,82;65,84;65,81;65,81
09/08/2024 12:30;65,82;65,86;65,77;65,82
09/08/2024 12:00;65,87;65,91;65,81;65,82
09/08/2024 11:30;65,83;65,88;65,81;65,88
09/08/2024 11:00;65,84;65,91;65,75;65,82
09/08/2024 10:30;65,96;65,96;65,81;65,86
09/08/2024 10:00;65,82;66,01;65,8;65,94
09/08/2024 09:30;65,72;65,9;65,64;65,83
09/08/2024 09:00;65,77;65,85;65,57;65,71
08/08/2024 17:05;65,96;65,97;65,92;65,92
08/08/2024 16:00;65,98;66,07;65,92;66,02
08/08/2024 15:30;66,2;66,32;65,85;65,97
08/08/2024 15:00;66,23;66,24;66,16;66,2
08/08/2024 14:30;66,14;66,26;66,1;66,26
08/08/2024 14:00;66,25;66,27;66,03;66,14
08/08/2024 13:30;66,27;66,35;66,25;66,25
08/08/2024 13:00;66,38;66,42;66,25;66,26
08/08/2024 12:30;66,46;66,51;66,36;66,4
08/08/2024 12:00;66,52;66,66;66,42;66,44
08/08/2024 11:30;66,72;66,8;66,52;66,52
08/08/2024 11:00;66,84;66,85;66,69;66,72
08/08/2024 10:30;66,87;67,09;66,79;66,82
08/08/2024 10:00;66,74;66,99;66,7;66,86
08/08/2024 09:30;66,4;66,75;66,4;66,74
08/08/2024 09:00;66,38;66,55;66,19;66,4
07/08/2024 17:05;66,04;66,14;65,95;66,13
07/08/2024 16:00;66,15;66,21;65,97;66,04
07/08/2024 15:30;66,04;66,17;66,01;66,13
07/08/2024 15:00;65,97;66,27;65,95;66,04
07/08/2024 14:30;65,94;66,03;65,92;65,97
07/08/2024 14:00;65,94;65,99;65,92;65,95
07/08/2024 13:30;65,93;66,03;65,9;65,95
07/08/2024 13:00;65,94;65,98;65,9;65,94
07/08/2024 12:30;65,88;65,95;65,86;65,93
07/08/2024 12:00;65,97;65,97;65,82;65,88
07/08/2024 11:30;66,2;66,35;65,92;65,96
07/08/2024 11:00;66,24;66,3;66,08;66,2
07/08/2024 10:30;66,25;66,36;66,19;66,25
07/08/2024 10:00;66,35;66,38;66,2;66,24
07/08/2024 09:30;66,3;66,58;66,24;66,31
07/08/2024 09:00;66,27;66,41;65,92;66,3
06/08/2024 17:05;66,27;66,62;66,18;66,61
06/08/2024 16:00;66,38;66,44;66,27;66,27
06/08/2024 15:30;66,53;66,64;66,36;66,39
06/08/2024 15:00;66,63;66,73;66,54;66,57
06/08/2024 14:30;66,7;66,77;66,59;66,6
06/08/2024 14:00;66,85;66,85;66,71;66,71
06/08/2024 13:30;66,77;66,88;66,77;66,84
06/08/2024 13:00;66,71;66,8;66,59;66,79
06/08/2024 12:30;66,7;66,86;66,63;66,71
06/08/2024 12:00;66,52;66,71;66,41;66,71
06/08/2024 11:30;66,79;66,79;66,48;66,51
06/08/2024 11:00;66,84;66,94;66,58;66,82
06/08/2024 10:30;66,9;67,02;66,82;66,83
06/08/2024 10:00;67,41;67,41;66,72;66,88
06/08/2024 09:30;67,37;67,48;67,27;67,4
06/08/2024 09:00;67,51;67,51;67,25;67,37
05/08/2024 17:05;67,57;67,71;67,48;67,66
05/08/2024 16:00;67,97;68,07;67,71;67,79
05/08/2024 15:30;67,87;68,01;67,76;67,97
05/08/2024 15:00;67,97;68,01;67,64;67,87
05/08/2024 14:30;68,19;68,2;67,63;67,98
05/08/2024 14:00;68,22;68,27;68,07;68,19
05/08/2024 13:30;67,99;68,36;67,92;68,2
05/08/2024 13:00;67,88;67,99;67,77;67,99
05/08/2024 12:30;67,72;67,99;67,72;67,9
05/08/2024 12:00;67,85;67,87;67,7;67,71
05/08/2024 11:30;67,81;68,01;67,7;67,86
05/08/2024 11:00;67,97;68,06;67,6;67,79
05/08/2024 10:30;67,25;68,08;67,24;68,01
05/08/2024 10:00;67,76;67,76;67,14;67,25
05/08/2024 09:30;67,46;67,79;67,46;67,79
05/08/2024 09:00;67,42;67,75;67,28;67,48
02/08/2024 17:05;67,82;68,22;67,82;68,22
02/08/2024 16:00;67,63;68,01;67,61;67,93
02/08/2024 15:30;67,54;67,73;67,48;67,63
02/08/2024 15:00;67,63;67,86;67,47;67,53
02/08/2024 14:30;67,38;67,68;67,38;67,63
02/08/2024 14:00;67,4;67,42;67,3;67,38
02/08/2024 13:30;67,41;67,54;67,31;67,4
02/08/2024 13:00;67,33;67,42;67,29;67,39
02/08/2024 12:30;67,27;67,48;67,27;67,33
02/08/2024 12:00;67,18;67,35;67,13;67,26
02/08/2024 11:30;66,77;67,2;66,75;67,18
02/08/2024 11:00;66,83;66,91;66,75;66,79
02/08/2024 10:30;66,88;66,96;66,74;66,8
02/08/2024 10:00;67,1;67,24;66,66;66,85
02/08/2024 09:30;67,15;67,27;66,95;67,08
02/08/2024 09:00;66,82;67,31;66,81;67,14
01/08/2024 17:05;66,8;66,8;66,54;66,54
01/08/2024 16:00;66,48;66,66;66,47;66,58
01/08/2024 15:30;66,38;66,52;66,37;66,48
01/08/2024 15:00;66,3;66,47;66,27;66,37
01/08/2024 14:30;66,58;66,58;66,21;66,3
01/08/2024 14:00;66,35;66,58;66,31;66,58
01/08/2024 13:30;66,38;66,47;66,28;66,32
01/08/2024 13:00;66,08;66,41;66,07;66,38
01/08/2024 12:30;65,79;66,09;65,76;66,09
01/08/2024 12:00;65,77;65,83;65,76;65,81
01/08/2024 11:30;65,64;65,81;65,6;65,77
01/08/2024 11:00;65,85;65,88;65,6;65,7
01/08/2024 10:30;65,86;65,87;65,68;65,83
01/08/2024 10:00;65,87;65,92;65,85;65,86
01/08/2024 09:30;65,87;66,03;65,82;65,86
01/08/2024 09:00;65,71;66,15;65,66;65,88
31/07/2024 17:05;65,51;65,59;65,48;65,58
31/07/2024 16:00;65,45;65,57;65,38;65,51
31/07/2024 15:30;65,4;65,53;65,36;65,46
31/07/2024 15:00;65,45;65,46;65,35;65,4
31/07/2024 14:30;65,42;65,54;65,38;65,43
31/07/2024 14:00;65,64;65,65;65,42;65,42
31/07/2024 13:30;65,57;65,74;65,47;65,63
31/07/2024 13:00;65,48;65,63;65,29;65,6
31/07/2024 12:30;65,4;65,52;65,34;65,48
31/07/2024 12:00;65,48;65,5;65,37;65,4
31/07/2024 11:30;65,58;65,7;65,48;65,51
31/07/2024 11:00;65,71;65,71;65,53;65,58
31/07/2024 10:30;65,9;65,94;65,31;65,68
31/07/2024 10:00;65,92;65,99;65,88;65,88
31/07/2024 09:30;65,87;66,03;65,82;65,91
31/07/2024 09:00;66,03;66,19;65,83;65,88
30/07/2024 17:05;65,9;66,07;65,76;66,03
30/07/2024 16:00;66,34;66,36;65,9;65,95
30/07/2024 15:30;66,36;66,44;66,28;66,36
30/07/2024 15:00;66,46;66,51;66,28;66,38
30/07/2024 14:30;66,46;66,52;66,42;66,44
30/07/2024 14:00;66,54;66,54;66,35;66,47
30/07/2024 13:30;66,57;66,58;66,51;66,54
30/07/2024 13:00;66,52;66,58;66,51;66,57
30/07/2024 12:30;66,54;66,55;66,5;66,53
30/07/2024 12:00;66,48;66,55;66,41;66,54
30/07/2024 11:30;66,55;66,61;66,48;66,5
30/07/2024 11:00;66,53;66,61;66,43;66,52
30/07/2024 10:30;66,37;66,61;66,31;66,52
30/07/2024 10:00;66,49;66,49;66,25;66,37
30/07/2024 09:30;66,51;66,52;66,3;66,49
30/07/2024 09:00;66,47;66,8;66,36;66,52
29/07/2024 17:05;67,01;67,06;66,76;67,02
29/07/2024 16:00;67,19;67,35;67,07;67,09
29/07/2024 15:30;67,33;67,35;67,08;67,19
29/07/2024 15:00;67,14;67,57;67,02;67,35
29/07/2024 14:30;66,84;67,31;66,84;67,15
29/07/2024 14:00;66,84;66,97;66,84;66,84
29/07/2024 13:30;66,69;66,88;66,59;66,85
29/07/2024 13:00;66,73;66,76;66,62;66,65
29/07/2024 12:30;66,76;66,91;66,71;66,72
29/07/2024 12:00;66,69;66,76;66,58;66,76
29/07/2024 11:30;66,98;67,01;66,61;66,69
29/07/2024 11:00;66,96;67,01;66,87;66,98
29/07/2024 10:30;66,7;67,02;66,7;66,95
29/07/2024 10:00;66,66;66,74;66,58;66,69
29/07/2024 09:30;66,8;66,8;66,63;66,68
29/07/2024 09:00;66,94;66,94;66,64;66,79
26/07/2024 17:05;67,14;67,24;67,13;67,24
26/07/2024 16:00;67,04;67,24;67,02;67,1
26/07/2024 15:30;67,32;67,38;66,99;67,03
26/07/2024 15:00;67,32;67,43;67,13;67,31
26/07/2024 14:30;67,22;67,44;67,15;67,35
26/07/2024 14:00;67,42;67,46;67,14;67,22
26/07/2024 13:30;67,18;67,5;67,1;67,4
26/07/2024 13:00;66,97;67,26;66,95;67,18
26/07/2024 12:30;67,01;67,13;66,92;66,94
26/07/2024 12:00;66,71;67,02;66,64;66,99
26/07/2024 11:30;66,72;66,85;66,61;66,74
26/07/2024 11:00;66,93;66,98;66,69;66,73
26/07/2024 10:30;67,21;67,22;66,87;66,93
26/07/2024 10:00;67,17;67,22;67,07;67,21
26/07/2024 09:30;67,2;67,39;67,16;67,17
26/07/2024 09:00;67,39;67,39;67,02;67,18
25/07/2024 17:05;67,55;67,57;67,29;67,47
25/07/2024 16:00;67,64;67,64;67,28;67,44
25/07/2024 15:30;67,64;67,73;67,14;67,63
25/07/2024 15:00;68,1;68,11;67,58;67,58
25/07/2024 14:30;67,99;68,11;67,95;68,11
25/07/2024 14:00;68,32;68,32;67,88;67,98
25/07/2024 13:30;68,21;68,44;68,19;68,32
25/07/2024 13:00;68,59;68,63;68,01;68,19
25/07/2024 12:30;68,51;68,66;68,5;68,61
25/07/2024 12:00;68,53;68,6;68,46;68,52
25/07/2024 11:30;68,46;68,6;68,39;68,53
25/07/2024 11:00;68,44;68,49;68,37;68,44
25/07/2024 10:30;68,04;68,5;68,04;68,44
25/07/2024 10:00;68,14;68,16;67,9;68,03
25/07/2024 09:30;67,54;68,41;67,4;68,14
25/07/2024 09:00;67,52;67,73;67,35;67,54
24/07/2024 17:05;67,83;67,83;67,69;67,69
24/07/2024 16:00;67,81;67,83;67,71;67,76
24/07/2024 15:30;67,73;67,87;67,71;67,82
24/07/2024 15:00;67,63;67,73;67,51;67,73
24/07/2024 14:30;67,72;67,79;67,62;67,65
24/07/2024 14:00;68,05;68,06;67,69;67,73
24/07/2024 13:30;68,04;68,11;67,85;68,06
24/07/2024 13:00;67,79;68,09;67,73;68,02
24/07/2024 12:30;67,51;67,87;67,5;67,79
24/07/2024 12:00;67,43;67,53;67,43;67,49
24/07/2024 11:30;67,39;67,57;67,36;67,42
24/07/2024 11:00;67,02;67,41;66,92;67,39
24/07/2024 10:30;67,05;67,22;66,98;66,99
24/07/2024 10:00;67,08;67,13;66,93;67,05
24/07/2024 09:30;66,88;67,24;66,52;67,05
24/07/2024 09:00;67,15;67,29;66,86;66,86
23/07/2024 17:05;66,91;67,01;66,82;66,96
23/07/2024 16:00;66,93;67,1;66,85;66,9
23/07/2024 15:30;66,91;66,96;66,88;66,92
23/07/2024 15:00;66,93;66,96;66,87;66,93
23/07/2024 14:30;67,02;67,06;66,81;66,94
23/07/2024 14:00;67,29;67,29;66,98;67,01
23/07/2024 13:30;67,05;67,35;66,98;67,29
23/07/2024 13:00;66,9;67,07;66,9;67,03
23/07/2024 12:30;66,99;67,04;66,87;66,91
23/07/2024 12:00;66,93;67,13;66,87;66,99
23/07/2024 11:30;67,01;67,03;66,66;66,91
23/07/2024 11:00;67,07;67,13;66,93;66,99
23/07/2024 10:30;67,04;67,13;66,98;67,07
23/07/2024 10:00;67,4;67,4;66,86;67,03
23/07/2024 09:30;67,12;67,46;67,12;67,39
23/07/2024 09:00;66,24;67,18;65,95;67,13
22/07/2024 17:05;66,43;66,55;66,37;66,38
22/07/2024 16:00;66,44;66,58;66,32;66,39
22/07/2024 15:30;66,23;66,47;66,2;66,46
22/07/2024 15:00;66,25;66,25;66,18;66,23
22/07/2024 14:30;66,16;66,25;66,14;66,24
22/07/2024 14:00;65,95;66,18;65,95;66,16
22/07/2024 13:30;65,96;65,98;65,82;65,94
22/07/2024 13:00;65,99;65,99;65,94;65,98
22/07/2024 12:30;66,05;66,09;65,94;65,98
22/07/2024 12:00;66,06;66,08;65,93;66,03
22/07/2024 11:30;66,28;66,3;66,01;66,05
22/07/2024 11:00;66,18;66,36;65,98;66,28
22/07/2024 10:30;66,08;66,34;65,94;66,17
22/07/2024 10:00;65,68;66,21;65,65;66,09
22/07/2024 09:30;65,72;65,85;65,62;65,65
22/07/2024 09:00;65,63;66,12;65,26;65,73
19/07/2024 17:05;64,97;65,36;64,94;65,12
19/07/2024 16:00;64,74;64,98;64,71;64,97
19/07/2024 15:30;64,74;64,74;64,64;64,72
19/07/2024 15:00;64,87;64,93;64,7;64,75
19/07/2024 14:30;64,82;64,96;64,76;64,87
19/07/2024 14:00;65,02;65,05;64,71;64,82
19/07/2024 13:30;65,04;65,13;64,97;65,03
19/07/2024 13:00;65,06;65,29;64,88;65,04
19/07/2024 12:30;64,79;65,16;64,78;65,07
19/07/2024 12:00;64,7;64,87;64,62;64,76
19/07/2024 11:30;64,76;64,79;64,65;64,69
19/07/2024 11:00;64,58;64,93;64,54;64,76
19/07/2024 10:30;64,42;64,6;64,38;64,57
19/07/2024 10:00;64,21;64,49;64,2;64,43
19/07/2024 09:30;64,14;64,38;64,14;64,21
19/07/2024 09:00;64,05;64,27;63,83;64,14
18/07/2024 17:05;63,98;64,21;63,72;63,86
18/07/2024 16:00;64,08;64,1;63,95;64
18/07/2024 15:30;64,38;64,38;64,08;64,08
18/07/2024 15:00;64,34;64,65;64,27;64,4
18/07/2024 14:30;64,42;64,52;64,23;64,35
18/07/2024 14:00;64,35;64,45;64,32;64,43
18/07/2024 13:30;64,28;64,38;64,25;64,35
18/07/2024 13:00;64,26;64,32;64,23;64,27
18/07/2024 12:30;64,34;64,37;64,2;64,26
18/07/2024 12:00;64,43;64,47;64,3;64,34
18/07/2024 11:30;64,54;64,58;64,32;64,43
18/07/2024 11:00;64,54;64,63;64,49;64,53
18/07/2024 10:30;64,75;64,75;64,38;64,53
18/07/2024 10:00;64,68;64,79;64,58;64,75
18/07/2024 09:30;64,63;64,71;64,6;64,69
18/07/2024 09:00;64,69;64,76;64,41;64,68
17/07/2024 17:05;64,97;64,98;64,74;64,82
17/07/2024 16:00;64,96;64,99;64,8;64,83
17/07/2024 15:30;64,62;65,04;64,6;64,94
17/07/2024 15:00;64,79;64,81;64,57;64,63
17/07/2024 14:30;64,63;64,82;64,57;64,79
17/07/2024 14:00;64,69;64,71;64,54;64,63
17/07/2024 13:30;64,64;64,71;64,57;64,69
17/07/2024 13:00;64,69;64,71;64,62;64,64
17/07/2024 12:30;64,69;64,71;64,65;64,69
17/07/2024 12:00;64,71;64,71;64,59;64,71
17/07/2024 11:30;64,56;64,79;64,56;64,7
17/07/2024 11:00;64,54;64,59;64,49;64,56
17/07/2024 10:30;64,57;64,64;64,49;64,54
17/07/2024 10:00;64,75;64,76;64,54;64,56
17/07/2024 09:30;64,65;64,76;64,63;64,69
17/07/2024 09:00;64,31;64,82;64,27;64,65
16/07/2024 17:05;64,35;64,41;64,16;64,27
16/07/2024 16:00;64,26;64,63;64,26;64,32
16/07/2024 15:30;64,27;64,32;64,09;64,26
16/07/2024 15:00;64,15;64,32;64,15;64,28
16/07/2024 14:30;64,04;64,32;64,03;64,13
16/07/2024 14:00;63,87;64,12;63,85;64,05
16/07/2024 13:30;63,85;63,93;63,83;63,93
16/07/2024 13:00;64;64,07;63,78;63,82
16/07/2024 12:30;63,89;64,04;63,85;64,01
16/07/2024 12:00;63,8;63,92;63,78;63,91
16/07/2024 11:30;63,8;63,85;63,72;63,78
16/07/2024 11:00;63,85;63,94;63,81;63,83
16/07/2024 10:30;63,87;63,91;63,68;63,83
16/07/2024 10:00;63,92;64,16;63,82;63,94
16/07/2024 09:30;63,6;63,97;63,6;63,9
16/07/2024 09:00;63,68;63,8;63,46;63,6
15/07/2024 17:05;63,42;63,61;63,34;63,61
15/07/2024 16:00;63,6;63,95;63,45;63,45
15/07/2024 15:30;63,42;63,65;63,36;63,6
15/07/2024 15:00;63,25;63,64;63,24;63,42
15/07/2024 14:30;63,19;63,28;63,17;63,28
15/07/2024 14:00;63,39;63,43;63,17;63,2
15/07/2024 13:30;63,27;63,45;63,22;63,39
15/07/2024 13:00;63,15;63,36;63,09;63,22
15/07/2024 12:30;63,24;63,24;63,09;63,12
15/07/2024 12:00;63,19;63,28;63,15;63,22
15/07/2024 11:30;63,37;63,39;63,18;63,18
15/07/2024 11:00;63,4;63,4;63,01;63,37
15/07/2024 10:30;63,52;63,67;63,36;63,42
15/07/2024 10:00;63,54;63,6;63,35;63,47
15/07/2024 09:30;63,65;63,79;63,51;63,54
15/07/2024 09:00;64,21;64,21;63,57;63,67
12/07/2024 17:05;64,17;64,27;64,07;64,07
12/07/2024 16:00;64,14;64,26;64,03;64,05
12/07/2024 15:30;64,05;64,24;64,03;64,16
12/07/2024 15:00;64,1;64,32;63,95;64,05
12/07/2024 14:30;63,67;64,45;63,67;64,1
12/07/2024 14:00;63,54;63,71;63,54;63,7
12/07/2024 13:30;63,61;63,62;63,39;63,52
12/07/2024 13:00;63,27;63,71;63,23;63,61
12/07/2024 12:30;63,22;63,26;63,22;63,26
12/07/2024 12:00;63,26;63,29;63,23;63,23
12/07/2024 11:30;63,35;63,36;63,23;63,26
12/07/2024 11:00;63,37;63,45;63,26;63,36
12/07/2024 10:30;63,45;63,45;63,31;63,37
12/07/2024 10:00;63,31;63,47;63,25;63,46
12/07/2024 09:30;63,45;63,45;63,28;63,32
12/07/2024 09:00;63,34;63,75;63,2;63,47
11/07/2024 17:05;63,23;63,24;63,07;63,23
11/07/2024 16:00;63,57;63,58;63,18;63,18
11/07/2024 15:30;63,65;63,67;63,48;63,57
11/07/2024 15:00;63,68;63,72;63,63;63,67
11/07/2024 14:30;63,68;63,7;63,65;63,67
11/07/2024 14:00;63,64;63,71;63,61;63,69
11/07/2024 13:30;63,64;63,76;63,62;63,65
11/07/2024 13:00;63,8;63,82;63,64;63,64
11/07/2024 12:30;63,85;63,87;63,8;63,81
11/07/2024 12:00;63,86;63,89;63,83;63,84
11/07/2024 11:30;63,86;63,89;63,83;63,85
11/07/2024 11:00;63,91;63,93;63,86;63,87
11/07/2024 10:30;63,78;63,93;63,78;63,9
11/07/2024 10:00;63,89;63,95;63,61;63,8
11/07/2024 09:30;64;64,03;63,76;63,9
11/07/2024 09:00;63,93;64,15;63,79;64,03
10/07/2024 17:05;63,61;63,72;63,61;63,67
10/07/2024 16:00;63,65;63,78;63,61;63,67
10/07/2024 15:30;63,67;63,7;63,61;63,61
10/07/2024 15:00;63,67;63,71;63,67;63,7
10/07/2024 14:30;63,7;63,75;63,67;63,68
10/07/2024 14:00;63,69;63,7;63,61;63,69
10/07/2024 13:30;63,63;63,71;63,63;63,69
10/07/2024 13:00;63,75;63,76;63,63;63,63
10/07/2024 12:30;63,56;63,83;63,56;63,74
10/07/2024 12:00;63,51;63,67;63,49;63,54
10/07/2024 11:30;63,52;63,57;63,49;63,51
10/07/2024 11:00;63,48;63,6;63,45;63,54
10/07/2024 10:30;63,41;63,5;63,3;63,45
10/07/2024 10:00;63,52;63,56;63,37;63,41
10/07/2024 09:30;63,43;63,57;63,39;63,53
10/07/2024 09:00;63,91;63,91;63,32;63,41
09/07/2024 17:05;63,78;63,91;63,59;63,61
09/07/2024 16:00;63,68;63,92;63,56;63,76
09/07/2024 15:30;63,68;63,7;63,6;63,69
09/07/2024 15:00;63,5;63,71;63,48;63,68
09/07/2024 14:30;63,59;63,61;63,49;63,49
09/07/2024 14:00;63,43;63,7;63,42;63,6
09/07/2024 13:30;63,56;63,65;63,36;63,43
09/07/2024 13:00;63,57;63,64;63,54;63,58
09/07/2024 12:30;63,51;63,71;63,49;63,56
09/07/2024 12:00;63,39;63,56;63,34;63,53
09/07/2024 11:30;63,28;63,47;63,24;63,37
09/07/2024 11:00;63,37;63,5;63,17;63,28
09/07/2024 10:30;63,18;63,37;63,14;63,37
09/07/2024 10:00;63,32;63,38;63,05;63,16
09/07/2024 09:30;63,18;63,34;63,04;63,32
09/07/2024 09:00;63,73;63,75;63,19;63,2
08/07/2024 17:05;63,43;63,65;63,09;63,37
08/07/2024 16:00;63,08;63,6;63,05;63,6
08/07/2024 15:30;63,01;63,12;63,01;63,08
08/07/2024 15:00;62,82;63,03;62,79;63,01
08/07/2024 14:30;62,57;62,83;62,57;62,79
08/07/2024 14:00;62,52;62,73;62,43;62,58
08/07/2024 13:30;63,01;63,01;62,48;62,53
08/07/2024 13:00;63,01;63,04;62,95;63
08/07/2024 12:30;63,01;63,05;62,95;63,01
08/07/2024 12:00;63,07;63,12;62,95;63,01
08/07/2024 11:30;62,97;63,11;62,9;63,08
08/07/2024 11:00;62,9;63,07;62,87;62,98
08/07/2024 10:30;63,36;63,39;62,73;62,91
08/07/2024 10:00;63,35;63,54;63,31;63,4
08/07/2024 09:30;63,3;63,39;63,2;63,35
08/07/2024 09:00;63,38;63,43;63,26;63,3
05/07/2024 17:05;63,56;63,72;63,34;63,72
05/07/2024 16:00;63,76;63,76;63,56;63,56
05/07/2024 15:30;63,84;63,9;63,72;63,73
05/07/2024 15:00;63,74;63,86;63,72;63,84
05/07/2024 14:30;63,84;63,91;63,72;63,76
05/07/2024 14:00;63,83;63,89;63,78;63,84
05/07/2024 13:30;63,83;63,91;63,79;63,85
05/07/2024 13:00;63,82;63,87;63,78;63,83
05/07/2024 12:30;63,78;63,84;63,76;63,81
05/07/2024 12:00;63,71;63,82;63,69;63,8
05/07/2024 11:30;63,83;63,89;63,62;63,7
05/07/2024 11:00;63,83;63,91;63,73;63,81
05/07/2024 10:30;63,47;63,93;63,46;63,87
05/07/2024 10:00;63,67;63,71;63,39;63,46
05/07/2024 09:30;63,65;63,75;63,45;63,65
05/07/2024 09:00;63,32;63,92;63,23;63,69
04/07/2024 17:05;63,59;63,59;63,48;63,48
04/07/2024 16:00;63,54;63,61;63,46;63,59
04/07/2024 15:30;63,56;63,59;63,49;63,54
04/07/2024 15:00;63,6;63,63;63,54;63,56
04/07/2024 14:30;63,48;63,63;63,42;63,58
04/07/2024 14:00;63,67;63,71;63,31;63,47
04/07/2024 13:30;63,65;63,78;63,64;63,67
04/07/2024 13:00;63,62;63,67;63,59;63,64
04/07/2024 12:30;63,59;63,67;63,57;63,59
04/07/2024 12:00;63,54;63,59;63,52;63,59
04/07/2024 11:30;63,53;63,58;63,46;63,54
04/07/2024 11:00;63,5;63,54;63,46;63,51
04/07/2024 10:30;63,45;63,52;63,4;63,48
04/07/2024 10:00;63,64;63,67;63,19;63,45
04/07/2024 09:30;63,74;63,89;63,59;63,63
04/07/2024 09:00;64,05;64,1;63,59;63,74
03/07/2024 17:05;64,32;64,38;64,27;64,38
03/07/2024 16:00;64,23;64,51;64,21;64,37
03/07/2024 15:30;64,19;64,23;64,16;64,21
03/07/2024 15:00;64,24;64,27;64,16;64,19
03/07/2024 14:30;64,23;64,27;64,21;64,24
03/07/2024 14:00;64,29;64,32;64,21;64,25
03/07/2024 13:30;64,36;64,37;64,27;64,31
03/07/2024 13:00;64,38;64,43;64,32;64,37
03/07/2024 12:30;64,37;64,42;64,35;64,36
03/07/2024 12:00;64,31;64,45;64,27;64,38
03/07/2024 11:30;64,26;64,35;64,16;64,29
03/07/2024 11:00;64,38;64,38;64,17;64,25
03/07/2024 10:30;64,54;64,58;64,32;64,38
03/07/2024 10:00;64,65;64,65;64,35;64,54
03/07/2024 09:30;65,05;65,05;64,58;64,63
03/07/2024 09:00;65,15;65,29;64,93;65,06
02/07/2024 17:05;65,37;65,6;65,37;65,37
02/07/2024 16:00;65,53;65,64;65,37;65,43
02/07/2024 15:30;65,35;65,56;65,31;65,52
02/07/2024 15:00;64,94;65,54;64,94;65,37
02/07/2024 14:30;65,06;65,06;64,82;64,94
02/07/2024 14:00;65,08;65,08;65,04;65,08
02/07/2024 13:30;65,06;65,1;65,04;65,09
02/07/2024 13:00;65,12;65,13;64,98;65,04
02/07/2024 12:30;65,09;65,15;65,09;65,1
02/07/2024 12:00;65,09;65,14;65,09;65,1
02/07/2024 11:30;65,1;65,15;65,05;65,09
02/07/2024 11:00;64,97;65,15;64,97;65,1
02/07/2024 10:30;65,16;65,2;64,94;64,96
02/07/2024 10:00;65,13;65,27;65,12;65,18
02/07/2024 09:30;65,15;65,2;65,09;65,15
02/07/2024 09:00;65,01;65,3;64,87;65,17
01/07/2024 17:05;64,69;64,8;64,6;64,73
01/07/2024 16:00;64,72;64,82;64,67;64,68
01/07/2024 15:30;64,71;64,75;64,65;64,72
01/07/2024 15:00;64,6;64,81;64,59;64,71
01/07/2024 14:30;64,6;64,65;64,54;64,61
01/07/2024 14:00;64,56;64,64;64,49;64,6
01/07/2024 13:30;64,48;64,57;64,41;64,57
01/07/2024 13:00;64,47;64,5;64,37;64,46
01/07/2024 12:30;64,63;64,64;64,46;64,47
01/07/2024 12:00;64,42;64,64;64,36;64,62
01/07/2024 11:30;64,42;64,53;64,31;64,38
01/07/2024 11:00;64,23;64,53;64,16;64,42
01/07/2024 10:30;64,6;64,6;64,05;64,24
01/07/2024 10:00;64,41;64,62;64,3;64,6
01/07/2024 09:30;64,78;64,82;64,27;64,43
01/07/2024 09:00;65,35;65,35;64,71;64,78
28/06/2024 17:05;65,18;65,39;64,95;65,37
28/06/2024 16:00;65,65;65,8;65,1;65,12
28/06/2024 15:30;65,91;65,92;65,62;65,65
28/06/2024 15:00;65,81;66,05;65,7;65,93
28/06/2024 14:30;66,08;66,39;65,81;65,81
28/06/2024 14:00;66,2;66,2;65,94;66,1
28/06/2024 13:30;66,23;66,29;66,01;66,15
28/06/2024 13:00;67,41;67,46;65,65;66,25
28/06/2024 12:30;67,55;67,59;67,38;67,44
28/06/2024 12:00;67,48;67,6;67,36;67,55
28/06/2024 11:30;67,43;67,7;67,41;67,5
28/06/2024 11:00;67,2;67,52;67,18;67,44
28/06/2024 10:30;66,98;67,21;66,94;67,21
28/06/2024 10:00;66,99;67,12;66,98;66,98
28/06/2024 09:30;67,06;67,12;66,92;66,98
28/06/2024 09:00;67,22;67,36;66,96;67,08
27/06/2024 17:05;66,83;66,91;66,61;66,72
27/06/2024 16:00;66,52;67,04;66,5;66,64
27/06/2024 15:30;66,21;66,6;66,21;66,48
27/06/2024 15:00;66,32;66,41;66,21;66,24
27/06/2024 14:30;66,09;66,51;66,09;66,31
27/06/2024 14:00;66,09;66,1;66,07;66,08
27/06/2024 13:30;66,07;66,12;66,07;66,08
27/06/2024 13:00;66,04;66,08;65,99;66,06
27/06/2024 12:30;66,04;66,09;66,03;66,04
27/06/2024 12:00;66,04;66,19;66,02;66,04
27/06/2024 11:30;66,06;66,07;66,01;66,03
27/06/2024 11:00;66,03;66,07;65,97;66,06
27/06/2024 10:30;66,05;66,14;65,97;66,02
27/06/2024 10:00;66,09;66,21;66,04;66,09
27/06/2024 09:30;66,06;66,18;66,03;66,08
27/06/2024 09:00;65,93;66,28;65,73;66,07
26/06/2024 17:05;65,86;65,97;65,71;65,76
26/06/2024 16:00;65,64;65,94;65,6;65,86
26/06/2024 15:30;65,62;65,69;65,6;65,69
26/06/2024 15:00;65,77;65,8;65,6;65,62
26/06/2024 14:30;65,81;65,85;65,75;65,77
26/06/2024 14:00;65,81;65,92;65,75;65,83
26/06/2024 13:30;65,79;65,84;65,76;65,82
26/06/2024 13:00;65,75;65,81;65,72;65,79
26/06/2024 12:30;65,79;65,8;65,75;65,76
26/06/2024 12:00;65,75;65,92;65,75;65,77
26/06/2024 11:30;65,72;65,84;65,72;65,77
26/06/2024 11:00;65,71;65,79;65,65;65,72
26/06/2024 10:30;65,85;65,85;65,64;65,76
26/06/2024 10:00;65,8;65,95;65,8;65,85
26/06/2024 09:30;65,7;65,88;65,7;65,75
26/06/2024 09:00;65,91;66,03;65,48;65,74
25/06/2024 17:05;65,65;65,79;65,6;65,6
25/06/2024 16:00;65,65;65,77;65,6;65,65
25/06/2024 15:30;65,68;65,81;65,6;65,66
25/06/2024 15:00;65,68;65,73;65,6;65,68
25/06/2024 14:30;65,84;65,87;65,68;65,69
25/06/2024 14:00;65,85;65,88;65,81;65,83
25/06/2024 13:30;65,72;65,86;65,68;65,86
25/06/2024 13:00;65,96;65,96;65,7;65,74
25/06/2024 12:30;65,93;65,98;65,92;65,96
25/06/2024 12:00;65,92;66,02;65,85;65,93
25/06/2024 11:30;65,8;65,97;65,75;65,94
25/06/2024 11:00;65,88;65,88;65,65;65,81
25/06/2024 10:30;66,01;66,01;65,72;65,85
25/06/2024 10:00;66,15;66,15;65,98;66,03
25/06/2024 09:30;66,1;66,19;65,92;66,13
25/06/2024 09:00;66,04;66,36;66,03;66,13
24/06/2024 17:05;66,86;66,86;66,54;66,58
24/06/2024 16:00;66,79;66,86;66,7;66,75
24/06/2024 15:30;66,77;66,82;66,65;66,76
24/06/2024 15:00;66,8;66,91;66,72;66,81
24/06/2024 14:30;66,73;66,83;66,66;66,8
24/06/2024 14:00;66,6;66,79;66,51;66,73
24/06/2024 13:30;66,21;66,61;66,21;66,59
24/06/2024 13:00;66,34;66,34;66,19;66,2
24/06/2024 12:30;66,41;66,46;66,32;66,35
24/06/2024 12:00;66,25;66,46;66,25;66,41
24/06/2024 11:30;66,16;66,28;66,08;66,26
24/06/2024 11:00;66,08;66,36;65,82;66,18
24/06/2024 10:30;66,34;66,36;66,05;66,07
24/06/2024 10:00;66,53;66,73;66,34;66,36
24/06/2024 09:30;66,2;66,55;66,14;66,55
24/06/2024 09:00;66,25;66,41;66,04;66,25
21/06/2024 17:05;66,54;66,62;66,25;66,34
21/06/2024 16:00;66,26;66,54;66,14;66,47
21/06/2024 15:30;66,09;66,3;66,05;66,25
21/06/2024 15:00;66,42;66,54;66,06;66,09
21/06/2024 14:30;66,44;66,47;66,38;66,4
21/06/2024 14:00;66,48;66,62;66,41;66,5
21/06/2024 13:30;66,68;66,79;66,49;66,49
21/06/2024 13:00;66,42;67,24;66,31;66,65
21/06/2024 12:30;66,43;66,57;66,43;66,43
21/06/2024 12:00;66,36;66,44;66,36;66,44
21/06/2024 11:30;66,34;66,43;66,29;66,38
21/06/2024 11:00;66,52;66,52;66,34;66,34
21/06/2024 10:30;66,44;66,54;66,27;66,54
21/06/2024 10:00;66,61;66,66;66,38;66,42
21/06/2024 09:30;66,57;66,65;66,44;66,61
21/06/2024 09:00;66,63;66,74;66,49;66,57
20/06/2024 17:05;66,3;66,61;66,3;66,47
20/06/2024 16:00;66,29;66,52;66,27;66,47
20/06/2024 15:30;66,49;66,57;66,29;66,29
20/06/2024 15:00;66,47;66,54;66,43;66,48
20/06/2024 14:30;66,51;66,63;66,36;66,47
20/06/2024 14:00;66,64;66,66;66,21;66,47
20/06/2024 13:30;66,62;66,73;66,58;66,65
20/06/2024 13:00;66,8;66,8;66,58;66,64
20/06/2024 12:30;67,02;67,05;66,8;66,8
20/06/2024 12:00;67,13;67,14;66,99;67,04
20/06/2024 11:30;67,05;67,21;66,98;67,18
20/06/2024 11:00;67,13;67,2;66,96;67,07
20/06/2024 10:30;67,21;67,39;67,13;67,15
20/06/2024 10:00;67,26;67,26;66,99;67,2
20/06/2024 09:30;67,18;67,26;66,96;67,26
20/06/2024 09:00;67,19;67,48;67,13;67,21
19/06/2024 17:05;67,61;67,73;67,46;67,46
19/06/2024 16:00;67,72;67,87;67,57;67,57
19/06/2024 15:30;67,53;67,75;67,48;67,69
19/06/2024 15:00;67,18;67,54;67,18;67,53
19/06/2024 14:30;67,13;67,33;67,06;67,17
19/06/2024 14:00;66,65;67,28;66,65;67,13
19/06/2024 13:30;66,54;66,65;66,52;66,65
19/06/2024 13:00;66,65;66,73;66,54;66,57
19/06/2024 12:30;66,69;66,74;66,51;66,65
19/06/2024 12:00;66,71;66,8;66,63;66,69
19/06/2024 11:30;66,59;66,83;66,52;66,69
19/06/2024 11:00;66,59;66,63;66,47;66,62
19/06/2024 10:30;66,32;66,63;66,24;66,63
19/06/2024 10:00;66,34;66,55;66,27;66,34
19/06/2024 09:30;66,65;66,69;66,29;66,34
19/06/2024 09:00;66,59;66,87;66,51;66,7
18/06/2024 17:05;66,63;66,74;66,58;66,61
18/06/2024 16:00;66,48;66,59;66,46;66,58
18/06/2024 15:30;66,55;66,58;66,43;66,47
18/06/2024 15:00;66,53;66,61;66,47;66,55
18/06/2024 14:30;66,73;66,73;66,5;66,55
18/06/2024 14:00;66,64;66,8;66,61;66,73
18/06/2024 13:30;66,71;66,76;66,64;66,64
18/06/2024 13:00;66,85;66,88;66,69;66,7
18/06/2024 12:30;66,92;67,01;66,85;66,86
18/06/2024 12:00;66,85;66,96;66,74;66,91
18/06/2024 11:30;66,79;66,91;66,75;66,85
18/06/2024 11:00;66,65;67,17;66,65;66,77
18/06/2024 10:30;66,57;66,74;66,53;66,64
18/06/2024 10:00;66,69;66,76;66,58;66,58
18/06/2024 09:30;66,68;66,81;66,62;66,7
18/06/2024 09:00;66,65;66,79;66,42;66,68
17/06/2024 17:05;66,46;66,69;66,42;66,69
17/06/2024 16:00;66,66;66,69;66,39;66,46
17/06/2024 15:30;66,5;66,69;66,48;66,66
17/06/2024 15:00;66,5;66,58;66,46;66,5
17/06/2024 14:30;66,49;66,68;66,47;66,5
17/06/2024 14:00;66,49;66,58;66,41;66,49
17/06/2024 13:30;66,62;66,82;66,37;66,48
17/06/2024 13:00;66,7;66,75;66,58;66,62
17/06/2024 12:30;66,85;66,87;66,6;66,7
17/06/2024 12:00;66,96;67,02;66,8;66,84
17/06/2024 11:30;66,85;67,15;66,81;66,98
17/06/2024 11:00;67,1;67,12;66,81;66,82
17/06/2024 10:30;67,13;67,3;67,05;67,1
17/06/2024 10:00;66,97;67,15;66,92;67,13
17/06/2024 09:30;66,87;67,05;66,81;66,96
17/06/2024 09:00;67,02;67,22;66,65;66,87
14/06/2024 17:05;67,29;67,41;67,24;67,35
14/06/2024 16:00;67,72;67,75;67,15;67,17
14/06/2024 15:30;67,84;67,84;67,7;67,73
14/06/2024 15:00;68,11;68,13;67,85;67,85
14/06/2024 14:30;67,84;68,14;67,81;68,07
14/06/2024 14:00;67,85;67,94;67,73;67,85
14/06/2024 13:30;68,11;68,15;67,8;67,85
14/06/2024 13:00;68,03;68,15;67,93;68,14
14/06/2024 12:30;68,16;68,2;68,01;68,01
14/06/2024 12:00;68,06;68,17;67,9;68,14
14/06/2024 11:30;68,18;68,26;67,85;68,04
14/06/2024 11:00;68,47;68,49;68,11;68,18
14/06/2024 10:30;68,31;68,46;68,18;68,44
14/06/2024 10:00;68,26;68,51;68,22;68,32
14/06/2024 09:30;68,2;68,31;68,16;68,27
14/06/2024 09:00;68,43;68,82;68,16;68,17
13/06/2024 17:05;68,61;68,87;68,37;68,87
13/06/2024 16:00;68,73;68,77;68,65;68,65
13/06/2024 15:30;68,8;68,8;68,68;68,71
13/06/2024 15:00;68,69;68,81;68,68;68,8
13/06/2024 14:30;69,1;69,1;68,55;68,69
13/06/2024 14:00;69,16;69,16;68,98;69,1
13/06/2024 13:30;69,16;69,21;69,08;69,16
13/06/2024 13:00;68,97;69,15;68,72;69,15
13/06/2024 12:30;69,1;69,21;68,95;68,96
13/06/2024 12:00;69,18;69,21;69,05;69,1
13/06/2024 11:30;69,17;69,22;69,14;69,2
13/06/2024 11:00;69,29;69,29;69,1;69,17
13/06/2024 10:30;68,92;69,59;68,87;69,27
13/06/2024 10:00;68,75;68,92;68,75;68,91
13/06/2024 09:30;68,69;68,93;68,66;68,73
13/06/2024 09:00;68,82;68,93;68,54;68,74
12/06/2024 17:05;68,88;68,96;68,77;68,81
12/06/2024 16:00;69,08;69,11;68,86;68,88
12/06/2024 15:30;68,87;69,13;68,81;69,06
12/06/2024 15:00;68,98;69;68,77;68,88
12/06/2024 14:30;68,85;68,99;68,66;68,98
12/06/2024 14:00;68,93;69,1;68,72;68,85
12/06/2024 13:30;68,69;68,93;68,55;68,92
12/06/2024 13:00;69,19;69,21;68,13;68,69
12/06/2024 12:30;69,09;69,21;69,06;69,2
12/06/2024 12:00;69,06;69,1;68,94;69,09
12/06/2024 11:30;69,11;69,16;68,97;69,04
12/06/2024 11:00;69;69,19;68,98;69,11
12/06/2024 10:30;68,71;69,04;68,6;68,98
12/06/2024 10:00;68,85;68,96;68,33;68,66
12/06/2024 09:30;68,87;68,88;68,77;68,81
12/06/2024 09:00;68,88;69,06;68,77;68,88
11/06/2024 17:05;68,87;68,98;68,79;68,83
11/06/2024 16:00;69,05;69,08;68,79;68,84
11/06/2024 15:30;68,97;69,11;68,93;69,04
11/06/2024 15:00;69;69,16;68,88;68,98
11/06/2024 14:30;69,17;69,19;68,94;69,03
11/06/2024 14:00;68,92;69,39;68,83;69,18
11/06/2024 13:30;68,7;69,05;68,68;68,93
11/06/2024 13:00;68,53;68,71;68,31;68,7
11/06/2024 12:30;68,46;68,64;68,4;68,52
11/06/2024 12:00;68,36;68,58;68,31;68,44
11/06/2024 11:30;68,53;68,71;68,25;68,35
11/06/2024 11:00;68,53;68,6;68,33;68,57
11/06/2024 10:30;68,32;68,52;68,29;68,52
11/06/2024 10:00;68,29;68,4;68,1;68,32
11/06/2024 09:30;68,31;68,51;68,27;68,31
11/06/2024 09:00;68,47;68,89;68,2;68,36
10/06/2024 17:05;68,61;68,61;68,36;68,53
10/06/2024 16:00;68,6;68,66;68,42;68,61
10/06/2024 15:30;68,33;68,6;68,25;68,6
10/06/2024 15:00;68,37;68,41;68,27;68,33
10/06/2024 14:30;68,3;68,41;68,3;68,36
10/06/2024 14:00;68,41;68,43;68,18;68,31
10/06/2024 13:30;68,43;68,44;68,1;68,41
10/06/2024 13:00;68,5;68,82;68,29;68,43
10/06/2024 12:30;68,02;68,66;67,94;68,55
10/06/2024 12:00;67,77;68,19;67,77;68,02
10/06/2024 11:30;67,88;67,9;67,76;67,76
10/06/2024 11:00;67,93;68,07;67,81;67,87
10/06/2024 10:30;67,69;67,99;67,57;67,91
10/06/2024 10:00;67,52;67,97;67,51;67,7
10/06/2024 09:30;67,38;67,64;67,36;67,49
10/06/2024 09:00;67,13;67,35;66,7;67,35
07/06/2024 17:05;67,21;67,38;67,13;67,13
07/06/2024 16:00;66,98;67,31;66,85;67,16
07/06/2024 15:30;67,03;67,06;66,85;66,98
07/06/2024 15:00;66,96;67,05;66,96;67,03
07/06/2024 14:30;66,82;67,13;66,68;66,98
07/06/2024 14:00;66,64;66,83;66,59;66,81
07/06/2024 13:30;66,69;66,7;66,63;66,63
07/06/2024 13:00;66,74;66,74;66,65;66,69
07/06/2024 12:30;66,75;66,82;66,69;66,76
07/06/2024 12:00;66,99;67,01;66,75;66,79
07/06/2024 11:30;66,88;67,04;66,81;66,98
07/06/2024 11:00;66,7;67,07;66,64;66,88
07/06/2024 10:30;66,92;66,92;66,58;66,69
07/06/2024 10:00;67,1;67,1;66,81;66,95
07/06/2024 09:30;67,2;67,24;67,1;67,1
07/06/2024 09:00;67,02;67,24;66,69;67,21
06/06/2024 17:05;67,33;67,43;67,15;67,35
06/06/2024 16:00;67,38;67,52;67,37;67,39
06/06/2024 15:30;67,43;67,61;67,38;67,38
06/06/2024 15:00;67,31;67,61;67,31;67,46
06/06/2024 14:30;67,54;67,54;67,25;67,38
06/06/2024 14:00;67,51;67,69;67,51;67,57
06/06/2024 13:30;67,52;67,54;67,35;67,54
06/06/2024 13:00;67,61;67,7;67,47;67,52
06/06/2024 12:30;67,93;67,95;67,58;67,6
06/06/2024 12:00;67,83;67,99;67,71;67,93
06/06/2024 11:30;67,94;68,02;67,59;67,81
06/06/2024 11:00;67,03;68,1;66,96;67,91
06/06/2024 10:30;66,64;67,07;66,64;67,02
06/06/2024 10:00;66,57;66,69;66,42;66,64
06/06/2024 09:30;66,48;66,61;66,4;66,54
06/06/2024 09:00;66,77;67,17;66,48;66,48
05/06/2024 17:05;66,08;66,53;66,05;66,27
05/06/2024 16:00;66,14;66,19;66,03;66,14
05/06/2024 15:30;66,32;66,36;66,08;66,14
05/06/2024 15:00;66,19;66,46;66,19;66,32
05/06/2024 14:30;66,24;66,28;66,17;66,19
05/06/2024 14:00;66,15;66,44;66,14;66,27
05/06/2024 13:30;66,17;66,18;66,14;66,15
05/06/2024 13:00;66,14;66,19;66,08;66,17
05/06/2024 12:30;66,14;66,18;66,1;66,14
05/06/2024 12:00;66,25;66,25;66,13;66,14
05/06/2024 11:30;66,3;66,35;66,19;66,24
05/06/2024 11:00;66,13;66,4;66,08;66,3
05/06/2024 10:30;66,12;66,21;66,08;66,12
05/06/2024 10:00;66,14;66,14;66,08;66,14
05/06/2024 09:30;66,16;66,2;66,1;66,15
05/06/2024 09:00;66,09;66,3;66,08;66,15
04/06/2024 17:05;66,29;66,35;66,18;66,3
04/06/2024 16:00;66,25;66,32;66,08;66,3
04/06/2024 15:30;66,29;66,35;66,21;66,26
04/06/2024 15:00;66,34;66,47;66,25;66,29
04/06/2024 14:30;66,14;66,54;66,08;66,32
04/06/2024 14:00;65,99;66,19;65,96;66,14
04/06/2024 13:30;66,06;66,12;65,97;65,99
04/06/2024 13:00;66,21;66,32;66,04;66,06
04/06/2024 12:30;66,34;66,39;66,2;66,21
04/06/2024 12:00;66,6;66,8;66,27;66,35
04/06/2024 11:30;66,4;66,64;66,39;66,6
04/06/2024 11:00;66,32;66,59;66,27;66,4
04/06/2024 10:30;66,29;66,32;66,24;66,32
04/06/2024 10:00;66,14;66,34;66,13;66,28
04/06/2024 09:30;66,19;66,39;66,1;66,16
04/06/2024 09:00;66,41;66,49;66,14;66,24
03/06/2024 17:05;66,58;66,8;66,52;66,62
03/06/2024 16:00;66,5;66,55;66,39;66,47
03/06/2024 15:30;66,52;66,55;66,47;66,49
03/06/2024 15:00;66,64;66,68;66,52;66,53
03/06/2024 14:30;66,54;66,65;66,47;66,61
03/06/2024 14:00;66,63;66,66;66,52;66,55
03/06/2024 13:30;66,82;66,83;66,59;66,63
03/06/2024 13:00;66,71;66,87;66,57;66,82
03/06/2024 12:30;66,84;66,97;66,65;66,7
03/06/2024 12:00;67,03;67,03;66,7;66,82
03/06/2024 11:30;67,28;67,28;66,91;67,03
03/06/2024 11:00;67,43;67,48;67,25;67,29
03/06/2024 10:30;67,46;67,54;67,4;67,42
03/06/2024 10:00;67,38;67,5;67,29;67,47
03/06/2024 09:30;67,68;67,79;67,26;67,38
03/06/2024 09:00;67,58;67,82;67,49;67,68
31/05/2024 17:05;67,62;67,74;67,53;67,53
31/05/2024 16:00;67,57;67,61;67,46;67,52
31/05/2024 15:30;67,73;67,73;67,57;67,57
31/05/2024 15:00;67,74;67,77;67,73;67,73
31/05/2024 14:30;67,71;67,79;67,68;67,73
31/05/2024 14:00;67,84;67,84;67,68;67,68
31/05/2024 13:30;67,84;67,9;67,79;67,84
31/05/2024 13:00;67,91;67,93;67,84;67,84
31/05/2024 12:30;67,7;67,97;67,68;67,91
31/05/2024 12:00;67,9;67,94;67,71;67,71
31/05/2024 11:30;68,09;68,11;67,9;67,9
31/05/2024 11:00;68,01;68,16;67,97;68,05
31/05/2024 10:30;67,99;68,06;67,94;68,01
31/05/2024 10:00;68,22;68,33;67,85;67,94
31/05/2024 09:30;67,95;68,37;67,95;68,2
31/05/2024 09:00;67,98;68,06;67,64;67,91
29/05/2024 17:05;67,93;68,16;67,91;67,97
29/05/2024 16:00;67,86;67,96;67,82;67,91
29/05/2024 15:30;67,84;67,98;67,84;67,87
29/05/2024 15:00;67,83;67,95;67,81;67,85
29/05/2024 14:30;68,02;68,06;67,79;67,84
29/05/2024 14:00;68,03;68,31;67,97;68,02
29/05/2024 13:30;68,22;68,22;67,96;68,05
29/05/2024 13:00;68,18;68,25;68,16;68,25
29/05/2024 12:30;68,28;68,28;68,14;68,18
29/05/2024 12:00;68,41;68,5;68,25;68,29
29/05/2024 11:30;68,43;68,54;68,39;68,43
29/05/2024 11:00;68,46;68,92;68,28;68,44
29/05/2024 10:30;67,96;69,07;67,93;68,48
29/05/2024 10:00;68,15;68,2;67,95;67,95
29/05/2024 09:30;68,17;68,2;68,03;68,15
29/05/2024 09:00;68,11;68,22;67,91;68,17
28/05/2024 17:05;68,36;68,39;68,14;68,17
28/05/2024 16:00;68,48;68,48;68,26;68,33
28/05/2024 15:30;69,02;69,02;68,46;68,51
28/05/2024 15:00;69,11;69,13;68,95;69,02
28/05/2024 14:30;69,17;69,26;69,09;69,13
28/05/2024 14:00;69,14;69,17;69,03;69,16
28/05/2024 13:30;69,2;69,25;69,1;69,14
28/05/2024 13:00;69,28;69,32;69,15;69,2
28/05/2024 12:30;69,29;69,36;69,21;69,28
28/05/2024 12:00;69,42;69,42;69,29;69,29
28/05/2024 11:30;69,33;69,47;69,33;69,41
28/05/2024 11:00;69,38;69,5;69,28;69,36
28/05/2024 10:30;69,51;69,53;69,14;69,37
28/05/2024 10:00;69,52;69,54;69,43;69,49
28/05/2024 09:30;69,53;69,54;69,47;69,51
28/05/2024 09:00;69,71;69,89;69,48;69,52
27/05/2024 17:05;69,89;69,89;69,65;69,73
27/05/2024 16:00;69,39;69,74;69,39;69,71
27/05/2024 15:30;69,37;69,38;69,29;69,38
27/05/2024 15:00;69,24;69,41;69,22;69,37
27/05/2024 14:30;69,21;69,26;69,17;69,19
27/05/2024 14:00;69,22;69,25;69,18;69,21
27/05/2024 13:30;69,18;69,32;69,18;69,22
27/05/2024 13:00;69,21;69,21;69,15;69,18
27/05/2024 12:30;69,19;69,21;69,17;69,21
27/05/2024 12:00;69,19;69,21;69,18;69,2
27/05/2024 11:30;69,19;69,21;69,14;69,16
27/05/2024 11:00;69,16;69,21;69,16;69,19
27/05/2024 10:30;69,14;69,2;69,08;69,16
27/05/2024 10:00;69,19;69,21;69,14;69,18
27/05/2024 09:30;69,13;69,21;69,06;69,18
27/05/2024 09:00;68,93;69,4;68,81;69,1
24/05/2024 17:05;69,02;69,2;68,91;69,13
24/05/2024 16:00;68,88;69,02;68,77;69,02
24/05/2024 15:30;68,87;68,96;68,84;68,88
24/05/2024 15:00;68,89;68,94;68,81;68,87
24/05/2024 14:30;68,99;68,99;68,88;68,88
24/05/2024 14:00;68,95;69,17;68,94;69,02
24/05/2024 13:30;68,97;69;68,92;68,97
24/05/2024 13:00;68,96;69,02;68,93;68,98
24/05/2024 12:30;68,95;68,97;68,94;68,97
24/05/2024 12:00;68,88;68,99;68,85;68,97
24/05/2024 11:30;68,92;68,92;68,82;68,88
24/05/2024 11:00;68,92;68,98;68,88;68,91
24/05/2024 10:30;68,94;69,02;68,82;68,93
24/05/2024 10:00;69,08;69,09;68,85;68,94
24/05/2024 09:30;69,02;69,09;68,99;69,09
24/05/2024 09:00;68,91;69,1;68,88;69,04
23/05/2024 17:05;68,94;68,99;68,74;68,8
23/05/2024 16:00;69,17;69,2;68,91;68,91
23/05/2024 15:30;69,19;69,21;69,15;69,17
23/05/2024 15:00;69,3;69,31;69,16;69,16
23/05/2024 14:30;69,3;69,31;69,25;69,31
23/05/2024 14:00;69,31;69,32;69,25;69,28
23/05/2024 13:30;69,32;69,35;69,29;69,29
23/05/2024 13:00;69,29;69,36;69,17;69,3
23/05/2024 12:30;69,26;69,38;69,19;69,29
23/05/2024 12:00;69,18;69,3;69,15;69,3
23/05/2024 11:30;69,2;69,21;69,16;69,18
23/05/2024 11:00;69,16;69,37;69,13;69,21
23/05/2024 10:30;68,99;69,16;68,93;69,14
23/05/2024 10:00;69,05;69,1;68,91;68,95
23/05/2024 09:30;69,21;69,21;69;69
23/05/2024 09:00;69,11;69,47;69,1;69,21
22/05/2024 17:05;69,33;69,43;69,28;69,4
22/05/2024 16:00;69,38;69,42;69,27;69,36
22/05/2024 15:30;69,29;69,4;69,21;69,38
22/05/2024 15:00;69,24;69,36;69,21;69,28
22/05/2024 14:30;69,31;69,31;69,21;69,24
22/05/2024 14:00;69,25;69,37;69,21;69,3
22/05/2024 13:30;69,03;69,26;68,96;69,25
22/05/2024 13:00;69,29;69,31;68,64;69,03
22/05/2024 12:30;69,42;69,43;69,14;69,29
22/05/2024 12:00;69,43;69,48;69,38;69,42
22/05/2024 11:30;69,44;69,48;69,35;69,4
22/05/2024 11:00;69,39;69,5;69,31;69,46
22/05/2024 10:30;69,64;69,67;69,39;69,42
22/05/2024 10:00;69,57;69,75;69,57;69,63
22/05/2024 09:30;69,33;69,65;69,32;69,57
22/05/2024 09:00;68,94;69,52;68,84;69,3
21/05/2024 17:05;69,16;69,29;69,16;69,19
21/05/2024 16:00;69,3;69,36;69,04;69,1
21/05/2024 15:30;68,94;69,32;68,94;69,32
21/05/2024 15:00;68,99;69,03;68,95;68,95
21/05/2024 14:30;69,08;69,13;68,84;68,97
21/05/2024 14:00;68,88;69,21;68,86;69,06
21/05/2024 13:30;68,95;69,17;68,85;68,85
21/05/2024 13:00;68,63;68,99;68,55;68,97
21/05/2024 12:30;68,63;68,86;68,6;68,65
21/05/2024 12:00;68,6;68,68;68,52;68,63
21/05/2024 11:30;68,79;68,87;68,6;68,6
21/05/2024 11:00;68,95;69,05;68,8;68,81
21/05/2024 10:30;68,79;69,1;68,72;68,96
21/05/2024 10:00;69,04;69,04;68,77;68,81
21/05/2024 09:30;69,09;69,09;69,02;69,02
21/05/2024 09:00;69,21;69,29;68,89;69,07
20/05/2024 17:05;69,3;69,36;69,1;69,16
20/05/2024 16:00;69,1;69,39;69,07;69,3
20/05/2024 15:30;69,13;69,16;69,02;69,09
20/05/2024 15:00;69,22;69,28;69,04;69,1
20/05/2024 14:30;69,21;69,35;69,1;69,22
20/05/2024 14:00;68,88;69,21;68,83;69,21
20/05/2024 13:30;68,62;69,1;68,57;68,86
20/05/2024 13:00;68,6;68,64;68,54;68,62
20/05/2024 12:30;68,52;68,6;68,5;68,6
20/05/2024 12:00;68,53;68,65;68,53;68,53
20/05/2024 11:30;68,61;68,66;68,49;68,5
20/05/2024 11:00;68,55;68,66;68,54;68,62
20/05/2024 10:30;68,69;68,82;68,49;68,55
20/05/2024 10:00;68,39;68,84;68,39;68,63
20/05/2024 09:30;67,98;68,47;67,95;68,37
20/05/2024 09:00;68,05;68,51;67,95;67,98
17/05/2024 17:05;67,57;67,9;67,57;67,71
17/05/2024 16:00;67,7;67,79;67,68;67,74
17/05/2024 15:30;67,76;67,82;67,68;67,69
17/05/2024 15:00;67,86;67,87;67,75;67,75
17/05/2024 14:30;67,75;67,9;67,73;67,84
17/05/2024 14:00;67,85;67,86;67,69;67,72
17/05/2024 13:30;67,88;67,9;67,84;67,84
17/05/2024 13:00;67,95;68,01;67,88;67,88
17/05/2024 12:30;67,87;67,98;67,84;67,95
17/05/2024 12:00;67,85;68,03;67,74;67,9
17/05/2024 11:30;67,81;67,86;67,68;67,86
17/05/2024 11:00;68,04;68,05;67,81;67,85
17/05/2024 10:30;68,04;68,11;67,88;68,06
17/05/2024 10:00;67,8;68,25;67,73;68,05
17/05/2024 09:30;67,49;67,86;67,49;67,79
17/05/2024 09:00;68,33;68,33;67,35;67,46
16/05/2024 17:05;68,13;68,28;68,03;68,28
16/05/2024 16:00;68,47;68,55;68,2;68,22
16/05/2024 15:30;68,5;68,5;68,27;68,43
16/05/2024 15:00;68,47;68,55;68,4;68,49
16/05/2024 14:30;68,47;68,54;68,38;68,48
16/05/2024 14:00;68,33;68,6;68,18;68,41
16/05/2024 13:30;68,27;68,55;68,01;68,33
16/05/2024 13:00;68,61;68,62;68,11;68,24
16/05/2024 12:30;68,81;68,81;68,57;68,66
16/05/2024 12:00;68,81;68,84;68,61;68,81
16/05/2024 11:30;68,94;68,99;68,71;68,83
16/05/2024 11:00;69,18;69,36;68,77;68,94
16/05/2024 10:30;69,64;69,66;69,11;69,2
16/05/2024 10:00;69,6;69,71;69,6;69,64
16/05/2024 09:30;69,51;69,67;69,51;69,6
16/05/2024 09:00;69,64;69,83;69,39;69,5
15/05/2024 17:05;69,35;69,43;69,35;69,41
15/05/2024 16:00;69,54;69,58;69,3;69,43
15/05/2024 15:30;69,52;69,59;69,47;69,54
15/05/2024 15:00;69,57;69,58;69,48;69,52
15/05/2024 14:30;69,54;69,62;69,5;69,54
15/05/2024 14:00;69,49;69,6;69,4;69,54
15/05/2024 13:30;69,42;69,49;69,38;69,49
15/05/2024 13:00;69,48;69,49;69,38;69,42
15/05/2024 12:30;69,48;69,51;69,32;69,49
15/05/2024 12:00;69,35;69,49;69,21;69,49
15/05/2024 11:30;69,28;69,32;69,13;69,32
15/05/2024 11:00;69,53;69,57;69,26;69,31
15/05/2024 10:30;69,54;69,63;69,41;69,52
15/05/2024 10:00;69,47;69,64;69,43;69,53
15/05/2024 09:30;69,36;69,53;69,32;69,47
15/05/2024 09:00;69,31;69,61;69,24;69,38
14/05/2024 17:05;69,18;69,35;68,93;69,27
14/05/2024 16:00;69,43;69,54;69,22;69,31
14/05/2024 15:30;69,39;69,43;69,31;69,43
14/05/2024 15:00;69,49;69,49;69,35;69,4
14/05/2024 14:30;69,48;69,54;69,43;69,48
14/05/2024 14:00;69,52;69,54;69,44;69,48
14/05/2024 13:30;69,52;69,54;69,48;69,52
14/05/2024 13:00;69,59;69,64;69,41;69,51
14/05/2024 12:30;69,27;69,64;69,27;69,61
14/05/2024 12:00;69,15;69,39;69,04;69,27
14/05/2024 11:30;69,17;69,2;69,1;69,16
14/05/2024 11:00;69,35;69,39;69,11;69,19
14/05/2024 10:30;69,48;69,61;69,35;69,37
14/05/2024 10:00;69,44;69,54;69,38;69,46
14/05/2024 09:30;69,52;69,52;69,28;69,44
14/05/2024 09:00;69,74;70,14;69,36;69,53
13/05/2024 17:05;69,67;69,76;69,54;69,76
13/05/2024 16:00;69,61;69,76;69,51;69,71
13/05/2024 15:30;69,59;69,63;69,54;69,6
13/05/2024 15:00;69,59;69,63;69,53;69,6
13/05/2024 14:30;69,6;69,71;69,5;69,62
13/05/2024 14:00;69,6;69,69;69,52;69,6
13/05/2024 13:30;69,84;69,89;69,52;69,61
13/05/2024 13:00;69,21;69,88;69,19;69,83
13/05/2024 12:30;69,17;69,21;69,16;69,21
13/05/2024 12:00;69,06;69,19;69,04;69,16
13/05/2024 11:30;69,17;69,18;69,04;69,04
13/05/2024 11:00;69,03;69,21;69,03;69,17
13/05/2024 10:30;68,98;69,04;68,95;69,02
13/05/2024 10:00;68,92;68,96;68,86;68,96
13/05/2024 09:30;68,89;69,05;68,89;68,91
13/05/2024 09:00;68,99;68,99;68,51;68,89
10/05/2024 17:05;68,73;68,73;68,33;68,33
10/05/2024 16:00;68,64;68,75;68,28;68,5
10/05/2024 15:30;68,68;68,68;68,49;68,64
10/05/2024 15:00;68,73;68,81;68,62;68,68
10/05/2024 14:30;68,95;68,97;68,73;68,74
10/05/2024 14:00;68,91;68,98;68,86;68,94
10/05/2024 13:30;68,95;68,99;68,62;68,91
10/05/2024 13:00;68,39;69;68,33;68,94
10/05/2024 12:30;68,36;68,49;68,33;68,38
10/05/2024 12:00;68,42;68,42;68,3;68,36
10/05/2024 11:30;68,37;68,43;68,26;68,4
10/05/2024 11:00;68,53;68,54;68,13;68,35
10/05/2024 10:30;68,59;68,62;68,46;68,51
10/05/2024 10:00;68,63;68,7;68,44;68,59
10/05/2024 09:30;68,66;68,72;68,6;68,63
10/05/2024 09:00;68,5;68,95;68,25;68,68
09/05/2024 17:05;68,52;68,54;68,38;68,5
09/05/2024 16:00;68,32;68,5;68,18;68,49
09/05/2024 15:30;68,44;68,44;68,3;68,32
09/05/2024 15:00;68,47;68,52;68,38;68,43
09/05/2024 14:30;68,55;68,61;68,41;68,47
09/05/2024 14:00;68,54;68,6;68,47;68,53
09/05/2024 13:30;68,5;68,58;68,47;68,54
09/05/2024 13:00;68,33;68,54;68,32;68,49
09/05/2024 12:30;68,32;68,33;68,28;68,33
09/05/2024 12:00;68,28;68,32;68,21;68,29
09/05/2024 11:30;68,39;68,4;68,2;68,28
09/05/2024 11:00;68,37;68,47;68,35;68,37
09/05/2024 10:30;68,65;68,65;68,35;68,37
09/05/2024 10:00;68,38;68,66;68,28;68,63
09/05/2024 09:30;68,42;68,44;68,28;68,37
09/05/2024 09:00;68,06;68,61;67,85;68,43
08/05/2024 17:05;67,79;67,79;67,46;67,68
08/05/2024 16:00;67,71;68,11;67,64;67,79
08/05/2024 15:30;68,09;68,11;67,53;67,71
08/05/2024 15:00;68,11;68,11;67,98;68,1
08/05/2024 14:30;68,01;68,11;67,84;68,11
08/05/2024 14:00;68,27;68,28;67,85;68,02
08/05/2024 13:30;68,32;68,55;68,04;68,27
08/05/2024 13:00;67,93;69,09;67,92;68,33
08/05/2024 12:30;67,7;68,01;67,65;67,92
08/05/2024 12:00;67,43;67,72;67,28;67,69
08/05/2024 11:30;67,4;67,53;67,25;67,4
08/05/2024 11:00;67,64;67,77;67,3;67,35
08/05/2024 10:30;67,71;67,73;67,6;67,65
08/05/2024 10:00;67,8;67,8;67,37;67,71
08/05/2024 09:30;67,82;67,86;67,68;67,81
08/05/2024 09:00;67,8;67,98;67,49;67,84
07/05/2024 17:05;68,01;68,17;67,85;68,05
07/05/2024 16:00;68,13;68,28;67,92;68,11
07/05/2024 15:30;68,49;68,53;68,13;68,13
07/05/2024 15:00;68,47;68,5;68,41;68,49
07/05/2024 14:30;68,38;68,59;68,31;68,47
07/05/2024 14:00;68,65;68,66;68,24;68,39
07/05/2024 13:30;68,64;68,74;68,48;68,65
07/05/2024 13:00;68,43;68,65;68,42;68,63
07/05/2024 12:30;68,39;68,44;68,3;68,42
07/05/2024 12:00;68,32;68,44;68,3;68,39
07/05/2024 11:30;68,32;68,43;68,29;68,32
07/05/2024 11:00;68,32;68,39;68,29;68,31
07/05/2024 10:30;68,19;68,37;68,19;68,31
07/05/2024 10:00;68,32;68,33;68,05;68,15
07/05/2024 09:30;67,51;68,52;67,46;68,33
07/05/2024 09:00;67,75;67,75;67,28;67,47
06/05/2024 17:05;67,64;67,99;67,64;67,95
06/05/2024 16:00;67,76;67,79;67,5;67,64
06/05/2024 15:30;67,66;67,81;67,6;67,75
06/05/2024 15:00;67,26;67,66;67,24;67,64
06/05/2024 14:30;67,21;67,28;67,2;67,25
06/05/2024 14:00;67,25;67,31;67,18;67,21
06/05/2024 13:30;67,3;67,39;67,18;67,27
06/05/2024 13:00;67,18;67,36;67,15;67,29
06/05/2024 12:30;67,06;67,28;67,02;67,2
06/05/2024 12:00;67,1;67,17;66,97;67,05
06/05/2024 11:30;67,53;67,58;67,12;67,12
06/05/2024 11:00;67,15;67,76;67,02;67,54
06/05/2024 10:30;66,52;67,18;66,52;67,14
06/05/2024 10:00;66,3;66,57;66,3;66,52
06/05/2024 09:30;66,3;66,35;66,24;66,31
06/05/2024 09:00;66,58;66,58;66,19;66,27
03/05/2024 17:05;65,97;66,03;65,73;66,03
03/05/2024 16:00;65,92;66,03;65,87;65,96
03/05/2024 15:30;65,97;65,97;65,82;65,93
03/05/2024 15:00;65,98;66,02;65,93;65,96
03/05/2024 14:30;66,07;66,08;65,99;65,99
03/05/2024 14:00;66,02;66,17;66,01;66,06
03/05/2024 13:30;65,97;66,08;65,96;66,02
03/05/2024 13:00;65,97;66,03;65,9;65,98
03/05/2024 12:30;65,97;66,01;65,87;65,98
03/05/2024 12:00;66,04;66,08;65,97;65,97
03/05/2024 11:30;66,08;66,12;65,98;66,02
03/05/2024 11:00;66,13;66,18;65,97;66,03
03/05/2024 10:30;66,01;66,25;66,01;66,07
03/05/2024 10:00;65,98;66,06;65,92;65,97
03/05/2024 09:30;66,23;66,23;65,86;65,99
03/05/2024 09:00;66,57;66,58;66,14;66,23
02/05/2024 17:05;66,16;66,5;66,08;66,25
02/05/2024 16:00;66,38;66,57;65,92;66,03
02/05/2024 15:30;66,21;66,37;66,08;66,37
02/05/2024 15:00;65,75;66,37;65,75;66,21
02/05/2024 14:30;65,7;65,8;65,7;65,73
02/05/2024 14:00;65,65;65,74;65,59;65,7
02/05/2024 13:30;65,61;65,65;65,52;65,64
02/05/2024 13:00;65,46;65,56;65,45;65,56
02/05/2024 12:30;65,53;65,53;65,48;65,48
02/05/2024 12:00;65,57;65,63;65,43;65,48
02/05/2024 11:30;65,49;65,59;65,49;65,56
02/05/2024 11:00;65,42;65,7;65,37;65,48
02/05/2024 10:30;65,57;65,63;65,26;65,42
02/05/2024 10:00;65,77;65,84;65,43;65,58
02/05/2024 09:30;65,76;65,92;65,73;65,81
02/05/2024 09:00;65,7;65,77;65,38;65,75
30/04/2024 17:05;65,42;65,52;65,42;65,43
30/04/2024 16:00;65,8;65,85;65,37;65,37
30/04/2024 15:30;65,7;65,81;65,68;65,81
30/04/2024 15:00;65,69;65,8;65,69;65,72
30/04/2024 14:30;65,62;65,69;65,62;65,69
30/04/2024 14:00;65,62;65,69;65,6;65,69
30/04/2024 13:30;65,5;65,7;65,5;65,64
30/04/2024 13:00;65,71;65,73;65,42;65,51
30/04/2024 12:30;65,65;65,7;65,63;65,7
30/04/2024 12:00;65,72;65,76;65,61;65,64
30/04/2024 11:30;65,77;65,77;65,69;65,73
30/04/2024 11:00;65,79;65,87;65,69;65,77
30/04/2024 10:30;65,65;65,84;65,64;65,79
30/04/2024 10:00;65,54;65,69;65,54;65,63
30/04/2024 09:30;65,6;65,63;65,54;65,58
30/04/2024 09:00;65,48;65,82;65,38;65,62
29/04/2024 17:05;65,48;65,63;65,31;65,48
29/04/2024 16:00;65,25;65,37;65,07;65,37
29/04/2024 15:30;65,17;65,25;65,17;65,25
29/04/2024 15:00;65,17;65,19;65,15;65,17
29/04/2024 14:30;65,17;65,21;65,1;65,15
29/04/2024 14:00;65,09;65,19;65,09;65,17
29/04/2024 13:30;65,13;65,14;65,04;65,09
29/04/2024 13:00;65,14;65,2;65,12;65,14
29/04/2024 12:30;65,15;65,18;65,09;65,18
29/04/2024 12:00;65,1;65,24;65,04;65,15
29/04/2024 11:30;65,04;65,34;64,95;65,15
29/04/2024 11:00;65,08;65,25;65,01;65,04
29/04/2024 10:30;65,02;65,25;65,02;65,04
29/04/2024 10:00;65,09;65,13;64,94;65,02
29/04/2024 09:30;65,09;65,19;65,05;65,09
29/04/2024 09:00;64,91;65,2;64,85;65,08
26/04/2024 17:05;64,83;64,91;64,79;64,84
26/04/2024 16:00;64,84;65,05;64,76;64,91
26/04/2024 15:30;64,84;64,86;64,83;64,85
26/04/2024 15:00;64,85;64,93;64,82;64,88
26/04/2024 14:30;64,83;64,93;64,82;64,85
26/04/2024 14:00;64,84;64,95;64,82;64,83
26/04/2024 13:30;64,82;64,86;64,79;64,82
26/04/2024 13:00;64,85;64,87;64,8;64,84
26/04/2024 12:30;64,84;64,87;64,8;64,85
26/04/2024 12:00;64,8;64,87;64,75;64,85
26/04/2024 11:30;64,81;64,84;64,71;64,81
26/04/2024 11:00;64,87;64,92;64,71;64,78
26/04/2024 10:30;64,97;65,02;64,86;64,87
26/04/2024 10:00;64,96;65,02;64,83;64,97
26/04/2024 09:30;65,14;65,17;64,93;64,96
26/04/2024 09:00;65,64;65,64;64,76;65,15
25/04/2024 17:05;65,47;65,75;65,42;65,59
25/04/2024 16:00;65,45;65,53;65,34;65,47
25/04/2024 15:30;65,4;65,66;65,4;65,43
25/04/2024 15:00;65,32;65,46;65,27;65,4
25/04/2024 14:30;65,19;65,35;65,13;65,31
25/04/2024 14:00;65,01;65,24;65,01;65,24
25/04/2024 13:30;65,01;65,01;64,95;64,98
25/04/2024 13:00;64,97;65,04;64,96;65,01
25/04/2024 12:30;64,96;64,98;64,95;64,98
25/04/2024 12:00;64,97;65,04;64,95;64,97
25/04/2024 11:30;65,1;65,14;64,95;64,95
25/04/2024 11:00;65,06;65,34;65,06;65,13
25/04/2024 10:30;64,91;65,08;64,88;65,07
25/04/2024 10:00;64,9;64,94;64,87;64,91
25/04/2024 09:30;64,88;64,92;64,83;64,9
25/04/2024 09:00;64,81;64,96;64,81;64,88
24/04/2024 17:05;64,79;64,93;64,79;64,91
24/04/2024 16:00;65,02;65,02;64,79;64,91
24/04/2024 15:30;65,03;65,08;64,92;65
24/04/2024 15:00;65,05;65,08;64,94;65,02
24/04/2024 14:30;65,05;65,12;65,03;65,04
24/04/2024 14:00;65,08;65,08;65,03;65,05
24/04/2024 13:30;65,05;65,1;65,01;65,08
24/04/2024 13:00;65,06;65,1;65,04;65,05
24/04/2024 12:30;65,08;65,12;65,03;65,06
24/04/2024 12:00;65,06;65,18;65,06;65,1
24/04/2024 11:30;65,04;65,09;65,02;65,05
24/04/2024 11:00;65,03;65,13;65,02;65,05
24/04/2024 10:30;65,06;65,08;64,99;65,03
24/04/2024 10:00;64,88;65,08;64,88;65,06
24/04/2024 09:30;64,88;64,93;64,79;64,93
24/04/2024 09:00;64,67;64,92;64,65;64,9
23/04/2024 17:05;64,7;64,84;64,57;64,79
23/04/2024 16:00;64,95;65,04;64,74;64,77
23/04/2024 15:30;64,99;65,03;64,93;64,95
23/04/2024 15:00;64,96;65,08;64,95;64,95
23/04/2024 14:30;65,04;65,13;64,94;64,97
23/04/2024 14:00;65,01;65,18;65,01;65,02
23/04/2024 13:30;64,95;65,04;64,94;65,01
23/04/2024 13:00;64,9;64,96;64,76;64,94
23/04/2024 12:30;64,83;64,93;64,83;64,91
23/04/2024 12:00;64,91;65,01;64,83;64,85
23/04/2024 11:30;64,88;64,95;64,76;64,92
23/04/2024 11:00;64,82;64,94;64,82;64,9
23/04/2024 10:30;64,84;65,08;64,82;64,82
23/04/2024 10:00;64,75;64,85;64,74;64,84
23/04/2024 09:30;64,79;64,81;64,69;64,77
23/04/2024 09:00;65,13;65,13;64,64;64,77
22/04/2024 17:05;64,85;64,99;64,85;64,94
22/04/2024 16:00;65,11;65,18;64,86;64,86
22/04/2024 15:30;64,96;65,15;64,95;65,12
22/04/2024 15:00;64,88;65,02;64,86;65,02
22/04/2024 14:30;64,83;64,86;64,79;64,85
22/04/2024 14:00;64,86;64,86;64,79;64,79
22/04/2024 13:30;64,9;64,95;64,85;64,85
22/04/2024 13:00;64,93;64,95;64,74;64,86
22/04/2024 12:30;64,88;64,95;64,81;64,91
22/04/2024 12:00;65,11;65,12;64,79;64,91
22/04/2024 11:30;65,19;65,29;65,02;65,08
22/04/2024 11:00;65,21;65,39;65,19;65,2
22/04/2024 10:30;65,03;65,24;65,03;65,22
22/04/2024 10:00;65,13;65,14;64,91;64,96
22/04/2024 09:30;65,08;65,19;65,03;65,12
22/04/2024 09:00;65,15;65,42;64,87;65,06
19/04/2024 17:05;65,02;65,17;64,91;65,17
19/04/2024 16:00;64,99;65,32;64,97;65,09
19/04/2024 15:30;65,02;65,17;64,96;64,96
19/04/2024 15:00;64,97;64,99;64,88;64,99
19/04/2024 14:30;64,87;65;64,85;64,96
19/04/2024 14:00;65,04;65,04;64,77;64,91
19/04/2024 13:30;65,08;65,13;64,87;65,04
19/04/2024 13:00;65,08;65,1;65,02;65,08
19/04/2024 12:30;65,14;65,21;65,08;65,08
19/04/2024 12:00;65,11;65,23;65,09;65,14
19/04/2024 11:30;65,17;65,17;64,99;65,09
19/04/2024 11:00;65,24;65,28;65,17;65,17
19/04/2024 10:30;65,13;65,46;65,01;65,21
19/04/2024 10:00;65,03;65,17;64,99;65,08
19/04/2024 09:30;65,61;65,74;64,96;65,04
19/04/2024 09:00;65,57;65,83;65,29;65,57
18/04/2024 17:05;64,95;65,15;64,91;65,15
18/04/2024 16:00;65;65,03;64,86;65
18/04/2024 15:30;65,08;65,12;64,85;65
18/04/2024 15:00;65,02;65,13;65,01;65,06
18/04/2024 14:30;65,33;65,38;64,96;65,02
18/04/2024 14:00;65,18;65,42;65,18;65,32
18/04/2024 13:30;65,13;65,19;65,1;65,17
18/04/2024 13:00;65,12;65,14;65,04;65,12
18/04/2024 12:30;65,14;65,19;65,08;65,1
18/04/2024 12:00;65,09;65,17;65,08;65,14
18/04/2024 11:30;65,11;65,19;65,09;65,11
18/04/2024 11:00;65,1;65,14;65,04;65,12
18/04/2024 10:30;65,04;65,17;64,97;65,13
18/04/2024 10:00;65,18;65,18;64,91;65,05
18/04/2024 09:30;64,96;65,3;64,92;65,2
18/04/2024 09:00;65,19;65,2;64,75;64,94
17/04/2024 17:05;65,29;65,53;65,04;65,53
17/04/2024 16:00;65,39;65,5;65,19;65,3
17/04/2024 15:30;65,61;65,65;65,08;65,36
17/04/2024 15:00;65,97;65,97;65,59;65,61
17/04/2024 14:30;66,02;66,06;65,76;65,97
17/04/2024 14:00;65,91;66,14;65,88;66,01
17/04/2024 13:30;65,75;65,97;65,65;65,93
17/04/2024 13:00;65,42;65,85;65,36;65,74
17/04/2024 12:30;65,47;65,5;65,4;65,41
17/04/2024 12:00;65,54;65,54;65,33;65,47
17/04/2024 11:30;65,54;65,63;65,48;65,56
17/04/2024 11:00;65,42;65,54;65,32;65,51
17/04/2024 10:30;65,63;65,67;65,41;65,42
17/04/2024 10:00;65,41;65,65;65,2;65,56
17/04/2024 09:30;65,37;65,53;65,29;65,4
17/04/2024 09:00;66,33;66,56;64,96;65,3
16/04/2024 17:05;66,13;66,22;65,99;66,13
16/04/2024 16:00;66,28;66,36;65,88;66,18
16/04/2024 15:30;66,12;66,32;66,1;66,3
16/04/2024 15:00;66,41;66,45;66,01;66,12
16/04/2024 14:30;66,44;66,67;66,36;66,44
16/04/2024 14:00;66,21;66,53;66,2;66,45
16/04/2024 13:30;66,64;66,69;66,09;66,24
16/04/2024 13:00;66,8;66,86;66,59;66,65
16/04/2024 12:30;66,71;66,86;66,67;66,78
16/04/2024 12:00;66,62;66,76;66,58;66,71
16/04/2024 11:30;66,75;66,76;66,59;66,59
16/04/2024 11:00;66,85;66,87;66,62;66,75
16/04/2024 10:30;66,63;66,87;66,48;66,87
16/04/2024 10:00;66,69;67,17;66,59;66,59
16/04/2024 09:30;66,54;66,87;66,33;66,66
16/04/2024 09:00;65,64;66,54;65,64;66,53
15/04/2024 17:05;65,79;65,79;65,53;65,77
15/04/2024 16:00;65,4;65,85;65,36;65,69
15/04/2024 15:30;65,33;65,44;65,24;65,44
15/04/2024 15:00;65,3;65,5;65,3;65,35
15/04/2024 14:30;65,33;65,5;65,22;65,3
15/04/2024 14:00;65,01;65,41;64,95;65,35
15/04/2024 13:30;65,04;65,04;64,91;64,99
15/04/2024 13:00;65,08;65,21;65,06;65,06
15/04/2024 12:30;65,14;65,23;65,03;65,08
15/04/2024 12:00;65,05;65,13;65,03;65,11
15/04/2024 11:30;65,06;65,13;65,03;65,03
15/04/2024 11:00;65,15;65,24;65,03;65,06
15/04/2024 10:30;65,28;65,41;65,15;65,21
15/04/2024 10:00;65,27;65,35;65,02;65,28
15/04/2024 09:30;65,42;65,53;65,09;65,27
15/04/2024 09:00;64,29;65,51;64,08;65,48
12/04/2024 17:05;64,51;64,63;64,3;64,63
12/04/2024 16:00;64,36;64,51;64,19;64,5
12/04/2024 15:30;64,22;64,49;64,17;64,34
12/04/2024 15:00;64,77;64,95;64,21;64,23
12/04/2024 14:30;65,19;65,19;64,7;64,76
12/04/2024 14:00;65,11;65,24;65,03;65,18
12/04/2024 13:30;64,93;65,22;64,9;65,08
12/04/2024 13:00;65,32;65,56;64,64;64,95
12/04/2024 12:30;66,15;66,24;64,77;65,36
12/04/2024 12:00;65,78;66,31;65,78;66,17
12/04/2024 11:30;65,39;67;65,39;65,86
12/04/2024 11:00;65,14;65,61;65,12;65,4
12/04/2024 10:30;64,59;65,19;64,59;65,15
12/04/2024 10:00;64,51;64,74;64,45;64,52
12/04/2024 09:30;64,26;64,97;64,26;64,59
12/04/2024 09:00;63,91;64,4;63,74;64,28
11/04/2024 17:05;64,12;64,12;63,69;63,91
11/04/2024 16:00;64,23;64,26;64,02;64,15
11/04/2024 15:30;64,08;64,29;64,06;64,21
11/04/2024 15:00;64,11;64,22;64,01;64,09
11/04/2024 14:30;63,96;64,2;63,9;64,1
11/04/2024 14:00;64,51;64,55;63,84;63,96
11/04/2024 13:30;64,78;64,78;64,36;64,43
11/04/2024 13:00;64,55;64,91;64,29;64,74
11/04/2024 12:30;64,69;64,7;64,48;64,55
11/04/2024 12:00;64,83;64,83;64,39;64,69
11/04/2024 11:30;65,01;65,04;64,64;64,81
11/04/2024 11:00;65,26;65,3;64,87;64,96
11/04/2024 10:30;65,04;65,29;65,03;65,24
11/04/2024 10:00;65,01;65,09;64,83;65,01
11/04/2024 09:30;64,88;65,09;64,88;64,95
11/04/2024 09:00;64,72;65,13;64,7;64,97
10/04/2024 17:05;64,7;64,96;64,7;64,95
10/04/2024 16:00;65,13;65,21;64,72;64,85
10/04/2024 15:30;64,91;65,17;64,87;65,11
10/04/2024 15:00;65,04;65,35;64,91;64,96
10/04/2024 14:30;64,51;65,41;64,48;65,04
10/04/2024 14:00;64,23;64,59;64,23;64,51
10/04/2024 13:30;64,48;64,61;64,17;64,2
10/04/2024 13:00;64;64,51;63,91;64,47
10/04/2024 12:30;64,01;64,1;63,99;63,99
10/04/2024 12:00;63,96;64,09;63,95;63,97
10/04/2024 11:30;64;64,01;63,94;63,95
10/04/2024 11:00;63,95;64,06;63,94;64
10/04/2024 10:30;63,9;63,99;63,78;63,96
10/04/2024 10:00;63,99;64,27;63,85;63,92
10/04/2024 09:30;63,67;64,01;63,63;63,94
10/04/2024 09:00;64,02;64,05;63,5;63,68
09/04/2024 17:05;64;64,12;63,84;63,9
09/04/2024 16:00;64,03;64,1;63,86;64,05
09/04/2024 15:30;63,91;64,06;63,88;64,04
09/04/2024 15:00;63,86;63,99;63,81;63,91
09/04/2024 14:30;63,87;63,97;63,78;63,85
09/04/2024 14:00;64,47;64,47;63,73;63,9
09/04/2024 13:30;64,43;64,56;64,4;64,43
09/04/2024 13:00;64,4;64,51;64,29;64,41
09/04/2024 12:30;64,48;64,58;64,31;64,4
09/04/2024 12:00;64,2;64,58;64,18;64,49
09/04/2024 11:30;64,09;64,46;64,03;64,19
09/04/2024 11:00;64,14;64,32;64,01;64,11
09/04/2024 10:30;64,11;64,2;63,92;64,13
09/04/2024 10:00;64,52;64,68;64,06;64,11
09/04/2024 09:30;64,9;64,92;64,45;64,57
09/04/2024 09:00;64,95;64,96;64,69;64,91
08/04/2024 17:05;65,08;65,27;65,08;65,12
08/04/2024 16:00;65,85;65,85;64,95;65,15
08/04/2024 15:30;65,91;65,94;65,82;65,82
08/04/2024 15:00;66,18;66,18;65,81;65,92
08/04/2024 14:30;66,13;66,15;66,03;66,14
08/04/2024 14:00;66,18;66,22;66,08;66,11
08/04/2024 13:30;66,21;66,23;66,15;66,2
08/04/2024 13:00;66,21;66,28;66,13;66,23
08/04/2024 12:30;66,24;66,24;66,14;66,21
08/04/2024 12:00;66,21;66,3;66,2;66,2
08/04/2024 11:30;66,17;66,26;66,12;66,2
08/04/2024 11:00;66,15;66,18;66,02;66,18
08/04/2024 10:30;66,29;66,29;66,09;66,19
08/04/2024 10:00;66,15;66,31;66,09;66,21
08/04/2024 09:30;66,02;66,2;66;66,2
08/04/2024 09:00;66,03;66,22;65,76;66,03
05/04/2024 17:05;66,27;66,45;66,14;66,45
05/04/2024 16:00;66,21;66,39;66,14;66,31
05/04/2024 15:30;66,04;66,4;66,01;66,21
05/04/2024 15:00;65,99;66,12;65,97;66,04
05/04/2024 14:30;66,18;66,18;65,82;66
05/04/2024 14:00;66,37;66,39;66,09;66,13
05/04/2024 13:30;66,48;66,57;66,36;66,42
05/04/2024 13:00;66,42;66,57;66,21;66,48
05/04/2024 12:30;66,6;66,68;66,42;66,42
05/04/2024 12:00;66,74;66,81;66,38;66,59
05/04/2024 11:30;66,91;66,91;66,75;66,76
05/04/2024 11:00;66,8;66,92;66,71;66,86
05/04/2024 10:30;66,87;66,96;66,69;66,76
05/04/2024 10:00;66,8;66,9;66,8;66,83
05/04/2024 09:30;66,9;67,1;66,78;66,78
05/04/2024 09:00;66,57;66,99;66,49;66,92
04/04/2024 17:05;66,71;66,8;66,21;66,42
04/04/2024 16:00;66,8;66,86;66,68;66,76
04/04/2024 15:30;66,66;66,76;66,59;66,76
04/04/2024 15:00;66,75;66,81;66,58;66,67
04/04/2024 14:30;66,75;66,76;66,55;66,74
04/04/2024 14:00;66,86;66,99;66,67;66,77
04/04/2024 13:30;66,71;66,86;66,66;66,86
04/04/2024 13:00;66,75;66,92;66,65;66,71
04/04/2024 12:30;66,55;66,95;66,51;66,77
04/04/2024 12:00;66,38;66,57;66,38;66,53
04/04/2024 11:30;66,35;66,45;66,29;66,37
04/04/2024 11:00;66,39;66,45;66,27;66,31
04/04/2024 10:30;66,37;66,45;66,2;66,39
04/04/2024 10:00;66,3;66,65;66,3;66,33
04/04/2024 09:30;66,3;66,5;66,29;66,31
04/04/2024 09:00;66,47;66,54;66,09;66,27
03/04/2024 17:05;66,12;66,37;66,03;66,27
03/04/2024 16:00;66,02;66,31;66;66,2
03/04/2024 15:30;66,08;66,1;65,99;66,02
03/04/2024 15:00;66,06;66,13;65,99;66,09
03/04/2024 14:30;66,05;66,13;65,97;66,02
03/04/2024 14:00;66,31;66,37;65,99;66,08
03/04/2024 13:30;66,28;66,33;66,14;66,33
03/04/2024 13:00;66,2;66,26;65,97;66,24
03/04/2024 12:30;66,46;66,48;66,19;66,26
03/04/2024 12:00;66,38;66,47;66,38;66,47
03/04/2024 11:30;66,48;66,54;66,36;66,4
03/04/2024 11:00;66,48;66,54;66,28;66,46
03/04/2024 10:30;65,95;66,48;65,91;66,48
03/04/2024 10:00;65,78;66,13;65,69;65,96
03/04/2024 09:30;65,95;65,99;65,64;65,86
03/04/2024 09:00;66,76;66,76;65,78;65,96
02/04/2024 17:05;66,28;66,4;66,2;66,26
02/04/2024 16:00;66,14;66,31;66,11;66,26
02/04/2024 15:30;66,19;66,27;66;66,13
02/04/2024 15:00;66,2;66,37;66,1;66,2
02/04/2024 14:30;66,18;66,41;66,13;66,2
02/04/2024 14:00;66,5;66,54;66,2;66,2
02/04/2024 13:30;66,49;66,62;66,4;66,5
02/04/2024 13:00;66,44;66,53;66,35;66,48
02/04/2024 12:30;66,53;66,58;66,42;66,45
02/04/2024 12:00;66,48;66,57;66,41;66,54
02/04/2024 11:30;66,69;66,73;66,46;66,49
02/04/2024 11:00;66,81;66,81;66,59;66,68
02/04/2024 10:30;66,95;66,95;66,71;66,76
02/04/2024 10:00;67,01;67,08;66,89;66,95
02/04/2024 09:30;66,94;67,18;66,94;66,95
02/04/2024 09:00;67,27;67,27;66,66;66,93
01/04/2024 17:05;67,04;67,08;66,87;66,96
01/04/2024 16:00;67,11;67,15;66,87;66,87
01/04/2024 15:30;67,03;67,2;66,99;67,11
01/04/2024 15:00;67,31;67,36;66,89;67
01/04/2024 14:30;67,31;67,49;67,13;67,38
01/04/2024 14:00;67,35;67,4;67,11;67,29
01/04/2024 13:30;67,39;67,39;67,1;67,36
01/04/2024 13:00;67,5;67,63;67,36;67,37
01/04/2024 12:30;67,53;67,58;67,45;67,5
01/04/2024 12:00;67,51;67,64;67,45;67,5
01/04/2024 11:30;67,39;67,66;67,24;67,5
01/04/2024 11:00;67,54;67,94;67,33;67,41
01/04/2024 10:30;68,03;68,05;66,42;67,58
01/04/2024 10:00;68,12;68,17;67,91;68
01/04/2024 09:30;67,82;68,48;67,82;68,2
01/04/2024 09:00;67,77;67,98;67,48;67,86
28/03/2024 17:05;67,65;67,84;67,65;67,77
28/03/2024 16:00;67,72;67,96;67,66;67,77
28/03/2024 15:30;67,75;67,81;67,62;67,69
28/03/2024 15:00;67,77;68,07;67,54;67,73
28/03/2024 14:30;67,6;67,89;67,31;67,77
28/03/2024 14:00;68,03;68,32;67,4;67,6
28/03/2024 13:30;67,55;68,28;67,53;68,04
28/03/2024 13:00;67,15;67,77;67,15;67,54
28/03/2024 12:30;67,11;67,26;66,99;67,02
28/03/2024 12:00;67,08;67,11;67,04;67,09
28/03/2024 11:30;67,09;67,12;67,02;67,04
28/03/2024 11:00;66,99;67,2;66,95;67,08
28/03/2024 10:30;67,1;67,15;66,94;66,99
28/03/2024 10:00;67,28;67,36;67,08;67,14
28/03/2024 09:30;67,31;67,36;67,05;67,28
28/03/2024 09:00;67,09;67,44;66,78;67,24
27/03/2024 17:05;67,05;67,38;66,9;67,1
27/03/2024 16:00;67,11;67,19;66,87;67,1
27/03/2024 15:30;67,11;67,24;66,95;67,11
27/03/2024 15:00;67,28;67,29;66,82;67,13
27/03/2024 14:30;67,35;67,4;67,26;67,3
27/03/2024 14:00;67,3;67,41;67,28;67,32
27/03/2024 13:30;67,33;67,42;67,29;67,32
27/03/2024 13:00;67,37;67,42;67,23;67,37
27/03/2024 12:30;67,49;67,53;67,31;67,39
27/03/2024 12:00;67,74;67,8;67,44;67,53
27/03/2024 11:30;67,72;67,91;67,6;67,69
27/03/2024 11:00;67,68;68;67,55;67,68
27/03/2024 10:30;67,28;67,85;67,27;67,71
27/03/2024 10:00;66,66;67,35;66,57;67,32
27/03/2024 09:30;66,64;67,13;66,54;66,72
27/03/2024 09:00;66,87;66,91;66,31;66,62
26/03/2024 17:05;67,23;67,54;67,13;67,22
26/03/2024 16:00;67,49;67,59;67,21;67,23
26/03/2024 15:30;67,68;67,81;67,47;67,49
26/03/2024 15:00;67,8;67,85;67,27;67,68
26/03/2024 14:30;68,32;68,38;67,44;67,8
26/03/2024 14:00;68,63;68,66;68,14;68,26
26/03/2024 13:30;68,66;68,69;68,57;68,68
26/03/2024 13:00;68,63;68,68;68,48;68,67
26/03/2024 12:30;68,78;68,84;68,67;68,67
26/03/2024 12:00;68,69;68,82;68,64;68,78
26/03/2024 11:30;68,68;68,76;68,64;68,74
26/03/2024 11:00;68,64;68,84;68,62;68,77
26/03/2024 10:30;68,45;68,82;68,33;68,64
26/03/2024 10:00;68,39;68,73;68,24;68,49
26/03/2024 09:30;68,57;68,87;68,35;68,45
26/03/2024 09:00;68,74;69,22;68,12;68,57
25/03/2024 17:05;68,9;69,07;68,73;69,05
25/03/2024 16:00;68,91;69,01;68,72;68,9
25/03/2024 15:30;68,59;68,95;68,59;68,86
25/03/2024 15:00;68,46;68,89;68,45;68,57
25/03/2024 14:30;68,54;68,56;68,2;68,51
25/03/2024 14:00;68,5;68,57;68,36;68,51
25/03/2024 13:30;68,53;68,56;68,38;68,5
25/03/2024 13:00;68,45;68,78;68,45;68,56
25/03/2024 12:30;68,26;68,5;68,2;68,45
25/03/2024 12:00;68,3;68,49;68,26;68,26
25/03/2024 11:30;68,03;68,55;68,03;68,29
25/03/2024 11:00;67,75;68,45;67,74;67,94
25/03/2024 10:30;67,58;67,78;67,58;67,76
25/03/2024 10:00;67,72;67,85;67,32;67,59
25/03/2024 09:30;67,83;67,92;67,66;67,74
25/03/2024 09:00;67,69;68,11;67,45;67,81
22/03/2024 17:05;67,65;67,76;67,6;67,69
22/03/2024 16:00;67,53;67,66;67,44;67,59
22/03/2024 15:30;67,49;67,68;67,36;67,59
22/03/2024 15:00;67,58;67,6;67,4;67,45
22/03/2024 14:30;67,49;67,82;67,49;67,56
22/03/2024 14:00;67,39;67,53;67,38;67,5
22/03/2024 13:30;67,32;67,46;67,32;67,4
22/03/2024 13:00;67,31;67,44;67,31;67,32
22/03/2024 12:30;67,36;67,39;67,29;67,32
22/03/2024 12:00;67,5;67,5;67,15;67,38
22/03/2024 11:30;67,41;67,53;67,38;67,46
22/03/2024 11:00;67,49;67,6;67,4;67,41
22/03/2024 10:30;67,41;67,53;67,38;67,45
22/03/2024 10:00;67,45;67,66;67,38;67,44
22/03/2024 09:30;67,36;67,66;67,35;67,45
22/03/2024 09:00;67,31;67,64;67,14;67,35
21/03/2024 17:05;67,82;67,99;67,82;67,91
21/03/2024 16:00;68,09;68,13;67,89;67,94
21/03/2024 15:30;68,02;68,11;67,98;68,08
21/03/2024 15:00;68,05;68,13;67,98;68,02
21/03/2024 14:30;67,86;68,07;67,85;68,04
21/03/2024 14:00;68,03;68,03;67,77;67,89
21/03/2024 13:30;68,11;68,13;67,94;68,04
21/03/2024 13:00;67,99;68,17;67,95;68,1
21/03/2024 12:30;68,13;68,17;68;68
21/03/2024 12:00;68,04;68,2;68;68,16
21/03/2024 11:30;68,04;68,13;68,03;68,03
21/03/2024 11:00;68,07;68,13;67,98;68,08
21/03/2024 10:30;68,07;68,33;67,93;68,1
21/03/2024 10:00;68,13;68,13;67,72;68,08
21/03/2024 09:30;68,24;68,55;67,95;68,16
21/03/2024 09:00;68,05;68,5;67,78;68,28
20/03/2024 17:05;68;68,2;67,86;68,05
20/03/2024 16:00;68,42;68,72;68,05;68,14
20/03/2024 15:30;68,2;68,51;68,07;68,39
20/03/2024 15:00;68,02;68,37;67,89;68,27
20/03/2024 14:30;67,96;68,41;67,77;68,02
20/03/2024 14:00;67,9;68,12;67,66;67,95
20/03/2024 13:30;68,41;68,56;67,69;67,83
20/03/2024 13:00;68,56;68,74;68,33;68,41
20/03/2024 12:30;68,78;68,81;68,56;68,56
20/03/2024 12:00;68,81;68,87;68,67;68,81
20/03/2024 11:30;68,74;68,87;68,72;68,84
20/03/2024 11:00;68,84;68,99;68,68;68,75
20/03/2024 10:30;68,83;69,11;68,76;68,81
20/03/2024 10:00;68,65;69,05;68,5;68,82
20/03/2024 09:30;69,46;69,46;68,27;68,65
20/03/2024 09:00;68,84;69,8;68,67;69,5
19/03/2024 17:05;68,9;69,44;68,84;69,31
19/03/2024 16:00;69,23;69,5;68,99;69,29
19/03/2024 15:30;69,01;69,46;69,01;69,2
19/03/2024 15:00;68,65;69,32;68,65;69,03
19/03/2024 14:30;69,23;69,23;68,56;68,65
19/03/2024 14:00;69,35;69,35;69,14;69,22
19/03/2024 13:30;69,29;69,44;69,23;69,34
19/03/2024 13:00;69,01;69,29;69,01;69,29
19/03/2024 12:30;69,34;69,35;68,95;69,01
19/03/2024 12:00;68,67;69,53;68,65;69,29
19/03/2024 11:30;68,5;68,67;68,36;68,66
19/03/2024 11:00;68,44;68,56;68,3;68,5
19/03/2024 10:30;68,07;68,78;68,01;68,51
19/03/2024 10:00;67,53;68,07;67,46;68,07
19/03/2024 09:30;67,63;67,63;67,13;67,45
19/03/2024 09:00;68,11;68,22;67,3;67,59
18/03/2024 17:05;68,4;68,54;67,72;68,11
18/03/2024 16:00;67,44;69,35;67,42;68,45
18/03/2024 15:30;66,93;67,44;66,87;67,44
18/03/2024 15:00;66,62;66,95;66,48;66,94
18/03/2024 14:30;66,38;66,68;66,38;66,63
18/03/2024 14:00;66,64;66,64;66,32;66,37
18/03/2024 13:30;66,68;66,77;66,38;66,66
18/03/2024 13:00;66,85;66,85;66,65;66,68
18/03/2024 12:30;66,9;67,14;66,8;66,89
18/03/2024 12:00;67,37;67,37;66,51;66,89
18/03/2024 11:30;66,31;67,44;66,29;67,26
18/03/2024 11:00;66,15;66,31;66,1;66,31
18/03/2024 10:30;66,11;66,31;65,86;66,19
18/03/2024 10:00;66,87;66,91;66,09;66,17
18/03/2024 09:30;67,19;67,38;66,82;66,87
18/03/2024 09:00;68,49;68,55;66,46;67,15
15/03/2024 17:05;68,28;68,65;68,23;68,56
15/03/2024 16:00;68,38;68,78;68,22;68,28
15/03/2024 15:30;69,39;69,48;68,07;68,39
15/03/2024 15:00;69,63;69,64;69,23;69,4
15/03/2024 14:30;69,76;69,85;69,6;69,72
15/03/2024 14:00;69,68;69,68;69,49;69,62
15/03/2024 13:30;69,57;69,85;69,54;69,69
15/03/2024 13:00;69,6;69,6;69,39;69,58
15/03/2024 12:30;69,84;69,87;69,59;69,65
15/03/2024 12:00;69,75;70,03;69,65;69,87
15/03/2024 11:30;70,16;70,23;69,36;69,77
15/03/2024 11:00;70,31;70,31;69,92;70,14
15/03/2024 10:30;70,23;70,37;70,19;70,31
15/03/2024 10:00;70,53;70,55;70,05;70,23
15/03/2024 09:30;70,62;70,91;70,39;70,53
15/03/2024 09:00;70,53;71,08;70,53;70,63
14/03/2024 17:05;70,92;70,92;70,61;70,65
14/03/2024 16:00;71,25;71,37;70,86;70,87
14/03/2024 15:30;71,03;71,3;71,03;71,28
14/03/2024 15:00;70,9;71,2;70,86;71,04
14/03/2024 14:30;70,74;70,96;70,58;70,83
14/03/2024 14:00;70,94;71,02;70,64;70,76
14/03/2024 13:30;70,58;70,99;70,46;70,94
14/03/2024 13:00;70,62;70,66;70,44;70,63
14/03/2024 12:30;70,48;70,7;70,38;70,62
14/03/2024 12:00;70,74;70,89;70,36;70,44
14/03/2024 11:30;71,21;71,26;70,65;70,7
14/03/2024 11:00;71,08;71,37;71,03;71,21
14/03/2024 10:30;70,76;71,1;70,71;71,09
14/03/2024 10:00;70,75;70,87;70,55;70,76
14/03/2024 09:30;70,81;70,84;70,31;70,73
14/03/2024 09:00;71,26;71,35;70,28;70,89
13/03/2024 17:05;71,44;71,48;70,87;71,48
13/03/2024 16:00;71,48;71,82;71,4;71,54
13/03/2024 15:30;71,67;71,76;71,28;71,49
13/03/2024 15:00;71,48;71,76;71,44;71,67
13/03/2024 14:30;71,77;71,86;71,38;71,48
13/03/2024 14:00;70,81;71,82;70,74;71,79
13/03/2024 13:30;70,21;70,81;70,21;70,81
13/03/2024 13:00;70,43;70,58;70,21;70,21
13/03/2024 12:30;70,44;70,52;70,29;70,45
13/03/2024 12:00;70,34;70,52;70,2;70,46
13/03/2024 11:30;69,78;70,47;69,76;70,43
13/03/2024 11:00;69,78;69,8;69,73;69,77
13/03/2024 10:30;69,8;69,8;69,68;69,76
13/03/2024 10:00;69,63;69,89;69,49;69,74
13/03/2024 09:30;69,77;70;69,31;69,66
13/03/2024 09:00;70,14;70,4;69,72;69,72
12/03/2024 17:05;70,67;70,8;70,21;70,3
12/03/2024 16:00;70,58;70,7;70,43;70,63
12/03/2024 15:30;70,65;70,7;70,55;70,55
12/03/2024 15:00;70,62;70,7;70,55;70,64
12/03/2024 14:30;70,67;70,68;70,41;70,62
12/03/2024 14:00;70,49;70,7;70,48;70,63
12/03/2024 13:30;70,18;70,56;70,18;70,43
12/03/2024 13:00;70,2;70,21;69,96;70,13
12/03/2024 12:30;70,3;70,3;70,02;70,19
12/03/2024 12:00;70,58;70,62;70,14;70,32
12/03/2024 11:30;70,57;70,64;70,55;70,55
12/03/2024 11:00;70,27;70,7;70,21;70,57
12/03/2024 10:30;70,41;70,41;70,11;70,26
12/03/2024 10:00;70,26;70,53;70,05;70,41
12/03/2024 09:30;70,39;70,45;70,13;70,25
12/03/2024 09:00;69,13;70,9;69,13;70,41
11/03/2024 17:05;69,1;69,67;69,07;69,67
11/03/2024 16:00;69,1;69,59;69,04;69,23
11/03/2024 15:30;69,49;69,63;69,12;69,12
11/03/2024 15:00;69,57;69,58;69,41;69,48
11/03/2024 14:30;69,52;69,59;69,46;69,54
11/03/2024 14:00;69,49;69,57;69,41;69,55
11/03/2024 13:30;69,47;69,58;69,35;69,49
11/03/2024 13:00;69,68;69,8;69,23;69,43
11/03/2024 12:30;69,27;70,11;69,18;69,63
11/03/2024 12:00;68,87;69,57;68,78;69,26
11/03/2024 11:30;67,51;68,96;67,51;68,84
11/03/2024 11:00;67,39;67,89;67,28;67,49
11/03/2024 10:30;67,39;67,54;67,28;67,39
11/03/2024 10:00;67,5;67,5;67,23;67,38
11/03/2024 09:30;67,63;67,71;67,02;67,5
11/03/2024 09:00;67,55;68,14;67,55;67,63
08/03/2024 17:05;68,01;68,17;68;68,14
08/03/2024 16:00;68,13;68,28;67,94;68,19
08/03/2024 15:30;67,66;68,28;67,62;68,13
08/03/2024 15:00;67,59;67,66;67,38;67,66
08/03/2024 14:30;67,23;67,6;67,15;67,57
08/03/2024 14:00;67,58;67,72;66,99;67,3
08/03/2024 13:30;67,65;67,72;67,6;67,63
08/03/2024 13:00;67,68;67,69;67,59;67,63
08/03/2024 12:30;67,89;67,89;67,53;67,65
08/03/2024 12:00;67,56;67,92;67,46;67,92
08/03/2024 11:30;67,83;67,89;67,15;67,44
08/03/2024 11:00;67,72;68;67,72;67,82
08/03/2024 10:30;67,69;67,74;67,59;67,72
08/03/2024 10:00;67,57;67,77;67,49;67,65
08/03/2024 09:30;67,13;67,89;66,76;67,63
08/03/2024 09:00;67,68;68,49;66,99;67,13
07/03/2024 17:05;68,45;68,5;68,22;68,22
07/03/2024 16:00;68,2;68,56;68,08;68,48
07/03/2024 15:30;67,8;68,4;67,8;68,2
07/03/2024 15:00;67,19;67,89;67,19;67,8
07/03/2024 14:30;67,2;67,23;67,1;67,2
07/03/2024 14:00;67,21;67,44;67,06;67,19
07/03/2024 13:30;66,71;67,27;66,71;67,17
07/03/2024 13:00;66,54;66,77;66,38;66,68
07/03/2024 12:30;67,09;67,09;66,54;66,54
07/03/2024 12:00;67,24;67,38;67,04;67,1
07/03/2024 11:30;67,2;67,24;66,93;67,24
07/03/2024 11:00;67,08;67,29;67,08;67,2
07/03/2024 10:30;67,27;67,28;66,76;67,05
07/03/2024 10:00;66,6;67,44;66,5;67,28
07/03/2024 09:30;66,29;66,68;66,27;66,6
07/03/2024 09:00;66,31;66,71;66,13;66,3
06/03/2024 17:05;65,6;65,74;65,51;65,7
06/03/2024 16:00;65,36;65,64;65,31;65,64
06/03/2024 15:30;65,29;65,42;65,29;65,41
06/03/2024 15:00;65,48;65,48;65,26;65,3
06/03/2024 14:30;65,35;65,53;65,31;65,48
06/03/2024 14:00;65,47;65,53;65,31;65,33
06/03/2024 13:30;65,3;65,64;65,27;65,46
06/03/2024 13:00;65,26;65,35;65,17;65,35
06/03/2024 12:30;65,36;65,41;65,26;65,26
06/03/2024 12:00;65,03;65,36;65;65,31
06/03/2024 11:30;65,55;65,64;64,96;65,05
06/03/2024 11:00;65,14;65,58;65,14;65,54
06/03/2024 10:30;65,08;65,19;64,92;65,1
06/03/2024 10:00;64,58;65,18;64,57;65,08
06/03/2024 09:30;64,83;64,83;64,63;64,64
06/03/2024 09:00;64,92;65,11;64,47;64,85
05/03/2024 17:05;65,36;65,41;65,35;65,35
05/03/2024 16:00;65,13;65,36;65,03;65,36
05/03/2024 15:30;65,32;65,32;64,99;65,17
05/03/2024 15:00;65,39;65,53;65,28;65,35
05/03/2024 14:30;65,3;65,41;65,28;65,4
05/03/2024 14:00;65,27;65,36;65,21;65,31
05/03/2024 13:30;65,22;65,41;65,13;65,24
05/03/2024 13:00;65,08;65,24;65,02;65,19
05/03/2024 12:30;65,05;65,13;65;65,05
05/03/2024 12:00;65,28;65,28;64,92;65,05
05/03/2024 11:30;64,9;65,36;64,73;65,31
05/03/2024 11:00;64,54;64,9;64,37;64,9
05/03/2024 10:30;65,41;65,47;64,29;64,54
05/03/2024 10:00;65,54;65,54;65,24;65,33
05/03/2024 09:30;65,6;65,6;65,51;65,54
05/03/2024 09:00;65,64;65,92;65,21;65,45
04/03/2024 17:05;64,9;65,14;64,69;65,04
04/03/2024 16:00;64,99;65,1;64,79;64,84
04/03/2024 15:30;64,9;65,24;64,87;65,04
04/03/2024 15:00;65,12;65,13;64,73;64,91
04/03/2024 14:30;65,12;65,15;65,04;65,12
04/03/2024 14:00;65,12;65,17;64,97;65,11
04/03/2024 13:30;65,03;65,19;65,03;65,13
04/03/2024 13:00;65,1;65,21;64,86;65,02
04/03/2024 12:30;65,06;65,28;65,01;65,11
04/03/2024 12:00;65,13;65,19;64,95;65,05
04/03/2024 11:30;64,74;65,28;64,63;65,14
04/03/2024 11:00;64,54;64,85;64,54;64,74
04/03/2024 10:30;64,56;64,63;64,51;64,55
04/03/2024 10:00;64,84;64,9;64,54;64,57
04/03/2024 09:30;64,85;64,95;64,58;64,86
04/03/2024 09:00;64,29;64,85;64,21;64,85
01/03/2024 17:05;63,39;63,5;63,23;63,45
01/03/2024 16:00;63,45;63,61;63,33;63,43
01/03/2024 15:30;63,1;63,61;63,1;63,42
01/03/2024 15:00;63,25;63,49;63,06;63,13
01/03/2024 14:30;62,95;63,39;62,9;63,25
01/03/2024 14:00;62,78;63;62,76;62,92
01/03/2024 13:30;62,88;63;62,77;62,81
01/03/2024 13:00;62,9;62,94;62,74;62,86
01/03/2024 12:30;62,83;62,94;62,77;62,88
01/03/2024 12:00;63;63;62,68;62,88
01/03/2024 11:30;63,48;63,48;62,94;63,02
01/03/2024 11:00;63,48;63,59;63,42;63,5
01/03/2024 10:30;63,61;63,66;63,4;63,47
01/03/2024 10:00;63,67;63,73;63,56;63,61
01/03/2024 09:30;63,76;63,82;63,56;63,6
01/03/2024 09:00;63,31;64,11;63,31;63,73
29/02/2024 17:05;63,34;63,35;63,17;63,19
29/02/2024 16:00;63,18;63,4;63,14;63,28
29/02/2024 15:30;63,16;63,32;63,09;63,22
29/02/2024 15:00;63,35;63,41;63,09;63,26
29/02/2024 14:30;63,42;63,46;63,28;63,37
29/02/2024 14:00;63,5;63,59;63,38;63,42
29/02/2024 13:30;63,5;63,65;63,41;63,5
29/02/2024 13:00;63,47;63,57;63,43;63,49
29/02/2024 12:30;63,43;63,49;63,41;63,41
29/02/2024 12:00;63,35;63,41;63,35;63,38
29/02/2024 11:30;63,36;63,41;63,22;63,39
29/02/2024 11:00;63,35;63,58;63,3;63,38
29/02/2024 10:30;63,33;63,35;63,27;63,35
29/02/2024 10:00;63,31;63,42;63,1;63,33
29/02/2024 09:30;63,76;63,79;63,24;63,33
29/02/2024 09:00;63,49;63,89;63,09;63,7
28/02/2024 17:05;63,38;63,48;63,29;63,33
28/02/2024 16:00;63,32;63,46;63,28;63,28
28/02/2024 15:30;63,6;63,6;63,07;63,32
28/02/2024 15:00;63,7;63,8;63,47;63,6
28/02/2024 14:30;63,89;63,99;63,65;63,71
28/02/2024 14:00;63,96;63,99;63,79;63,86
28/02/2024 13:30;63,88;64,1;63,87;63,94
28/02/2024 13:00;63,68;63,89;63,56;63,87
28/02/2024 12:30;63,73;63,8;63,63;63,68
28/02/2024 12:00;63,72;63,88;63,7;63,76
28/02/2024 11:30;63,82;63,96;63,58;63,74
28/02/2024 11:00;63,49;63,89;63,46;63,83
28/02/2024 10:30;63,49;63,55;63,36;63,45
28/02/2024 10:00;63,69;63,69;63,33;63,49
28/02/2024 09:30;63,75;63,75;63,54;63,73
28/02/2024 09:00;64,33;64,33;63,53;63,74
27/02/2024 17:05;64,37;64,53;64;64,08
27/02/2024 16:00;64,02;64,31;63,96;64,2
27/02/2024 15:30;64,35;64,35;63,86;64,06
27/02/2024 15:00;64,42;64,54;64,24;64,35
27/02/2024 14:30;64,17;64,42;64,17;64,42
27/02/2024 14:00;64,07;64,15;64,07;64,13
27/02/2024 13:30;64,12;64,15;63,96;64,09
27/02/2024 13:00;64,19;64,28;64;64,12
27/02/2024 12:30;64,27;64,4;64,19;64,23
27/02/2024 12:00;64,33;64,4;64,23;64,23
27/02/2024 11:30;64,29;64,46;64,25;64,3
27/02/2024 11:00;63,96;64,29;63,94;64,25
27/02/2024 10:30;64,13;64,13;63,98;64
27/02/2024 10:00;63,91;64,2;63,9;64,14
27/02/2024 09:30;64,39;64,52;63,76;63,88
27/02/2024 09:00;64,33;64,85;64,33;64,35
26/02/2024 17:05;64,11;64,12;63,71;64,07
26/02/2024 16:00;63,91;64,27;63,86;64,12
26/02/2024 15:30;64,13;64,14;63,74;63,97
26/02/2024 15:00;63,95;64,33;63,95;64,12
26/02/2024 14:30;63,75;63,99;63,75;63,97
26/02/2024 14:00;63,66;63,82;63,59;63,8
26/02/2024 13:30;63,79;63,87;63,62;63,62
26/02/2024 13:00;63,8;63,8;63,62;63,77
26/02/2024 12:30;63,91;63,91;63,55;63,74
26/02/2024 12:00;63,8;64,12;63,72;63,91
26/02/2024 11:30;63,89;64,12;63,75;63,76
26/02/2024 11:00;63,34;63,99;63,27;63,89
26/02/2024 10:30;63,73;63,76;62,99;63,37
26/02/2024 10:00;64,08;64,2;63,67;63,73
26/02/2024 09:30;64,12;64,22;63,97;64,08
26/02/2024 09:00;65,18;65,9;63,96;64,12
23/02/2024 17:05;65,11;65,21;65,04;65,06
23/02/2024 16:00;65,17;65,24;65,03;65,17
23/02/2024 15:30;65,11;65,17;64,92;65,14
23/02/2024 15:00;65,15;65,52;65,05;65,11
23/02/2024 14:30;65;65,38;64,98;65,12
23/02/2024 14:00;64,92;65,42;64,83;64,94
23/02/2024 13:30;64,86;64,95;64,59;64,92
23/02/2024 13:00;64,89;65,03;64,82;64,9
23/02/2024 12:30;64,96;64,96;64,78;64,89
23/02/2024 12:00;64,9;65,1;64,81;64,96
23/02/2024 11:30;65,9;66;64,75;64,96
23/02/2024 11:00;66,49;66,49;65,43;65,86
23/02/2024 10:30;66,75;66,78;66,48;66,49
23/02/2024 10:00;66,85;66,89;66,69;66,75
23/02/2024 09:30;67;67;66,45;66,79
23/02/2024 09:00;67,27;67,37;66,9;66,99
22/02/2024 17:05;67,32;67,44;67,21;67,23
22/02/2024 16:00;67,42;67,48;67,18;67,44
22/02/2024 15:30;67,51;67,64;67,38;67,4
22/02/2024 15:00;67,4;67,58;67,38;67,52
22/02/2024 14:30;67,36;67,46;67,32;67,41
22/02/2024 14:00;67,58;67,58;67,36;67,37
22/02/2024 13:30;67,61;67,75;67,52;67,54
22/02/2024 13:00;67,53;67,74;67,48;67,6
22/02/2024 12:30;67,5;67,62;67,39;67,53
22/02/2024 12:00;67,8;67,91;67,3;67,5
22/02/2024 11:30;67,84;68,04;67,75;67,8
22/02/2024 11:00;67,82;67,85;67,74;67,85
22/02/2024 10:30;67,81;67,84;67,75;67,84
22/02/2024 10:00;67,95;68,05;67,79;67,82
22/02/2024 09:30;67,86;67,98;67,85;67,92
22/02/2024 09:00;67,85;67,95;67,78;67,86
21/02/2024 17:05;67,9;67,9;67,7;67,74
21/02/2024 16:00;67,77;67,79;67,64;67,68
21/02/2024 15:30;67,85;67,87;67,7;67,74
21/02/2024 15:00;67,88;67,88;67,85;67,85
21/02/2024 14:30;67,74;67,92;67,72;67,87
21/02/2024 14:00;67,77;67,83;67,74;67,74
21/02/2024 13:30;67,77;67,88;67,74;67,78
21/02/2024 13:00;67,77;67,85;67,71;67,79
21/02/2024 12:30;67,84;67,84;67,71;67,78
21/02/2024 12:00;67,85;67,9;67,74;67,9
21/02/2024 11:30;67,93;67,93;67,8;67,84
21/02/2024 11:00;67,93;68,01;67,85;67,97
21/02/2024 10:30;67,77;67,98;67,73;67,93
21/02/2024 10:00;67,77;67,83;67,6;67,8
21/02/2024 09:30;67,82;67,82;67,74;67,77
21/02/2024 09:00;68,08;68,09;67,59;67,86
20/02/2024 17:05;67,99;68,07;67,91;68,02
20/02/2024 16:00;68,01;68,22;67,95;68,08
20/02/2024 15:30;67,88;68,11;67,8;68,01
20/02/2024 15:00;68,01;68,06;67,86;67,86
20/02/2024 14:30;68,11;68,16;67,98;68,01
20/02/2024 14:00;68,14;68,2;68,09;68,12
20/02/2024 13:30;68,04;68,2;68,04;68,13
20/02/2024 13:00;67,99;68,05;67,95;68,01
20/02/2024 12:30;68,07;68,11;67,95;67,98
20/02/2024 12:00;68,03;68,06;67,94;68,05
20/02/2024 11:30;67,94;68,16;67,93;68,02
20/02/2024 11:00;67,98;68,06;67,9;67,97
20/02/2024 10:30;67,92;68,03;67,84;68,01
20/02/2024 10:00;68,33;68,33;67,72;67,93
20/02/2024 09:30;68,26;68,36;68,23;68,33
20/02/2024 09:00;68,27;68,47;68,15;68,24
19/02/2024 17:05;68,27;68,43;68,25;68,25
19/02/2024 16:00;68,29;68,45;68,27;68,27
19/02/2024 15:30;68,16;68,35;68,15;68,29
19/02/2024 15:00;67,99;68,19;67,98;68,13
19/02/2024 14:30;68;68,04;67,99;68
19/02/2024 14:00;67,95;68,01;67,95;68
19/02/2024 13:30;67,97;68,03;67,93;67,95
19/02/2024 13:00;68,08;68,11;67,95;67,98
19/02/2024 12:30;68,07;68,1;68,02;68,05
19/02/2024 12:00;68,14;68,25;68,09;68,09
19/02/2024 11:30;68,02;68,14;67,98;68,11
19/02/2024 11:00;68,07;68,11;68,01;68,02
19/02/2024 10:30;68,11;68,11;68,02;68,09
19/02/2024 10:00;68,16;68,26;68,08;68,11
19/02/2024 09:30;68,24;68,39;68,03;68,19
19/02/2024 09:00;67,94;68,27;67,71;68,24
16/02/2024 17:05;67,83;67,99;67,83;67,99
16/02/2024 16:00;67,78;67,89;67,69;67,85
16/02/2024 15:30;67,75;67,9;67,72;67,8
16/02/2024 15:00;67,74;67,75;67,65;67,74
16/02/2024 14:30;67,81;67,82;67,74;67,78
16/02/2024 14:00;67,82;67,91;67,8;67,81
16/02/2024 13:30;67,8;67,87;67,7;67,81
16/02/2024 13:00;67,87;67,92;67,78;67,79
16/02/2024 12:30;67,9;67,94;67,85;67,87
16/02/2024 12:00;67,81;67,95;67,8;67,91
16/02/2024 11:30;67,81;67,87;67,78;67,8
16/02/2024 11:00;67,81;67,86;67,78;67,79
16/02/2024 10:30;67,81;67,95;67,8;67,8
16/02/2024 10:00;67,71;67,83;67,69;67,8
16/02/2024 09:30;67,84;67,87;67,62;67,72
16/02/2024 09:00;67,8;67,89;67,8;67,82
15/02/2024 17:05;67,8;67,82;67,7;67,8
15/02/2024 16:00;67,73;67,95;67,67;67,81
15/02/2024 15:30;67,71;67,81;67,64;67,73
15/02/2024 15:00;67,79;67,83;67,69;67,7
15/02/2024 14:30;67,83;67,9;67,69;67,79
15/02/2024 14:00;67,85;67,92;67,75;67,82
15/02/2024 13:30;67,77;68,07;67,77;67,84
15/02/2024 13:00;67,79;67,83;67,64;67,77
15/02/2024 12:30;68,05;68,1;67,73;67,8
15/02/2024 12:00;67,99;68,07;67,94;68,05
15/02/2024 11:30;67,86;68;67,84;67,99
15/02/2024 11:00;67,89;68,01;67,86;67,89
15/02/2024 10:30;67,88;67,88;67,79;67,88
15/02/2024 10:00;67,84;67,93;67,78;67,88
15/02/2024 09:30;67,88;68,09;67,85;67,85
15/02/2024 09:00;67,81;68,21;67,71;67,9
14/02/2024 17:05;67,69;67,9;67,61;67,8
14/02/2024 16:00;67,85;67,95;67,7;67,75
14/02/2024 15:30;67,88;67,89;67,78;67,87
14/02/2024 15:00;67,83;67,88;67,77;67,88
14/02/2024 14:30;67,79;67,85;67,75;67,8
14/02/2024 14:00;67,81;67,89;67,7;67,79
14/02/2024 13:30;67,8;67,85;67,8;67,83
14/02/2024 13:00;67,79;68,02;67,53;67,83
09/02/2024 17:05;68,23;68,24;68,03;68,19
09/02/2024 16:00;68,32;68,47;68,16;68,18
09/02/2024 15:30;67,95;68,39;67,91;68,25
09/02/2024 15:00;67,86;68;67,85;67,91
09/02/2024 14:30;67,88;67,92;67,8;67,85
09/02/2024 14:00;67,91;68,01;67,86;67,91
09/02/2024 13:30;68;68,06;67,92;67,99
09/02/2024 13:00;67,82;68,09;67,8;68,03
09/02/2024 12:30;67,99;68,12;67,82;67,82
09/02/2024 12:00;68,22;68,32;67,97;67,99
09/02/2024 11:30;68;68,47;68;68,19
09/02/2024 11:00;67,9;67,98;67,74;67,91
09/02/2024 10:30;67,81;67,9;67,73;67,89
09/02/2024 10:00;67,91;67,91;67,66;67,84
09/02/2024 09:30;68,04;68,21;67,84;67,97
09/02/2024 09:00;67,93;68,3;67,8;68,05
08/02/2024 17:05;68,64;68,77;68,4;68,4
08/02/2024 16:00;68,24;68,64;68,24;68,59
08/02/2024 15:30;67,7;68,27;67,7;68,26
08/02/2024 15:00;67,86;67,9;67,48;67,7
08/02/2024 14:30;67,8;68,1;67,74;67,86
08/02/2024 14:00;67,64;67,81;67,51;67,78
08/02/2024 13:30;67,54;67,69;67,48;67,65
08/02/2024 13:00;67,53;67,64;67,48;67,56
08/02/2024 12:30;67,69;67,69;67,38;67,53
08/02/2024 12:00;67,82;67,84;67,62;67,69
08/02/2024 11:30;67,85;67,93;67,6;67,8
08/02/2024 11:00;68,01;68,01;67,8;67,83
08/02/2024 10:30;68,02;68,08;67,91;68,01
08/02/2024 10:00;68,06;68,18;68,01;68,04
08/02/2024 09:30;68,23;68,27;68,07;68,08
08/02/2024 09:00;68,11;68,41;67,95;68,24
07/02/2024 17:05;67,85;67,9;67,52;67,53
07/02/2024 16:00;67,79;67,86;67,53;67,84
07/02/2024 15:30;67,86;67,9;67,77;67,8
07/02/2024 15:00;67,8;67,9;67,8;67,85
07/02/2024 14:30;67,78;67,85;67,64;67,78
07/02/2024 14:00;67,91;67,91;67,71;67,79
07/02/2024 13:30;67,88;68;67,82;67,97
07/02/2024 13:00;68,08;68,15;67,81;67,91
07/02/2024 12:30;67,91;68,11;67,91;68,11
07/02/2024 12:00;67,85;68,01;67,74;67,92
07/02/2024 11:30;67,85;67,99;67,8;67,86
07/02/2024 11:00;67,92;67,93;67,8;67,85
07/02/2024 10:30;68,03;68,03;67,83;67,93
07/02/2024 10:00;68,02;68,1;67,89;68,06
07/02/2024 09:30;67,89;68,27;67,86;68,03
07/02/2024 09:00;68,63;68,63;67,6;67,9
06/02/2024 17:05;68,6;68,8;68,59;68,8
06/02/2024 16:00;68,49;68,74;68,49;68,69
06/02/2024 15:30;68,23;68,64;68,13;68,49
06/02/2024 15:00;68,27;68,38;68,11;68,22
06/02/2024 14:30;68,67;68,82;68,28;68,31
06/02/2024 14:00;68,46;68,84;68,24;68,69
06/02/2024 13:30;68,52;68,68;68,46;68,46
06/02/2024 13:00;68,69;68,69;68,43;68,49
06/02/2024 12:30;68,69;68,74;68,54;68,69
06/02/2024 12:00;68,83;68,9;68,56;68,69
06/02/2024 11:30;69,06;69,16;68,69;68,84
06/02/2024 11:00;69,05;69,06;68,98;69,06
06/02/2024 10:30;68,64;69,11;68,63;69,06
06/02/2024 10:00;68,88;68,88;68,64;68,64
06/02/2024 09:30;69,08;69,13;68,72;68,85
06/02/2024 09:00;69,06;69,55;69,06;69,08
05/02/2024 17:05;68,64;68,95;68,53;68,95
05/02/2024 16:00;68,47;68,94;68,46;68,85
05/02/2024 15:30;68,11;68,46;68,1;68,46
05/02/2024 15:00;67,99;68,15;67,99;68,11
05/02/2024 14:30;67,95;68,01;67,8;67,94
05/02/2024 14:00;68,01;68,09;67,93;67,94
05/02/2024 13:30;68,08;68,11;67,86;68,01
05/02/2024 13:00;68,01;68,12;68,01;68,09
05/02/2024 12:30;68,08;68,11;67,91;68,01
05/02/2024 12:00;67,98;68,21;67,94;68,07
05/02/2024 11:30;67,54;68,08;67,5;67,99
05/02/2024 11:00;67,72;67,88;67,53;67,56
05/02/2024 10:30;67,64;67,8;67,64;67,7
05/02/2024 10:00;67,59;67,74;67,59;67,64
05/02/2024 09:30;67,52;67,73;67,52;67,59
05/02/2024 09:00;67,57;67,9;67,45;67,5
02/02/2024 17:05;67,49;67,57;67,16;67,28
02/02/2024 16:00;67,48;67,53;67,28;67,45
02/02/2024 15:30;67,31;67,59;67,31;67,47
02/02/2024 15:00;67,38;67,42;67,27;67,32
02/02/2024 14:30;67,17;67,43;67,16;67,37
02/02/2024 14:00;67,07;67,27;67,07;67,19
02/02/2024 13:30;67,05;67,12;67,03;67,08
02/02/2024 13:00;67,09;67,16;66,98;67,05
02/02/2024 12:30;67,06;67,09;66,89;67,09
02/02/2024 12:00;67,05;67,21;67,02;67,07
02/02/2024 11:30;67,17;67,19;66,91;67,02
02/02/2024 11:00;67,24;67,32;67,07;67,17
02/02/2024 10:30;67,1;67,36;67,09;67,22
02/02/2024 10:00;67,07;67,11;67;67,11
02/02/2024 09:30;67,04;67,44;66,97;67,09
02/02/2024 09:00;66,8;67,06;66,8;67,04
01/02/2024 17:05;67,25;67,27;67,06;67,13
01/02/2024 16:00;67,59;67,71;67,27;67,32
01/02/2024 15:30;67,52;67,64;67,48;67,6
01/02/2024 15:00;67,48;67,61;67,48;67,48
01/02/2024 14:30;67,43;67,59;67,41;67,48
01/02/2024 14:00;67,44;67,49;67,41;67,43
01/02/2024 13:30;67,4;67,46;67,35;67,43
01/02/2024 13:00;67,58;67,59;67,38;67,43
01/02/2024 12:30;67,51;67,64;67,51;67,59
01/02/2024 12:00;67,43;67,56;67,33;67,49
01/02/2024 11:30;67,49;67,67;67,32;67,43
01/02/2024 11:00;67,43;67,58;67,37;67,53
01/02/2024 10:30;67,41;67,48;67,33;67,42
01/02/2024 10:00;67,5;67,53;67,27;67,42
01/02/2024 09:30;67,69;67,69;67,48;67,5
01/02/2024 09:00;67,48;67,86;67,37;67,69
31/01/2024 17:05;68,48;68,55;68,16;68,16
31/01/2024 16:00;68,26;68,57;68,22;68,41
31/01/2024 15:30;68,09;68,22;67,97;68,22
31/01/2024 15:00;68,28;68,3;67,9;68,08
31/01/2024 14:30;68,25;68,4;68,21;68,27
31/01/2024 14:00;68,24;68,26;68,15;68,24
31/01/2024 13:30;68,18;68,22;67,87;68,22
31/01/2024 13:00;68,34;68,35;68,02;68,22
31/01/2024 12:30;68,35;68,4;68,21;68,31
31/01/2024 12:00;68,4;68,54;68,31;68,4
31/01/2024 11:30;68,32;68,47;68;68,41
31/01/2024 11:00;68,36;68,55;68,27;68,3
31/01/2024 10:30;68,25;68,43;68,21;68,36
31/01/2024 10:00;68,33;68,51;68,11;68,28
31/01/2024 09:30;68,49;68,57;68,23;68,33
31/01/2024 09:00;68,31;68,77;68,11;68,52
30/01/2024 17:05;67,75;68,08;67,64;67,78
30/01/2024 16:00;67,38;67,79;67,27;67,79
30/01/2024 15:30;67,58;67,59;67,27;67,38
30/01/2024 15:00;67,64;67,7;67,54;67,58
30/01/2024 14:30;67,81;67,84;67,43;67,68
30/01/2024 14:00;67,87;67,9;67,78;67,8
30/01/2024 13:30;67,93;68,05;67,86;67,87
30/01/2024 13:00;67,97;68,11;67,9;67,95
30/01/2024 12:30;67,69;68,01;67,69;67,99
30/01/2024 12:00;67,63;67,9;67,6;67,73
30/01/2024 11:30;67,57;67,74;67,48;67,66
30/01/2024 11:00;67,74;67,8;67,32;67,52
30/01/2024 10:30;67,37;67,79;67,33;67,74
30/01/2024 10:00;67,15;67,44;67,11;67,38
30/01/2024 09:30;67,15;67,31;66,9;67,11
30/01/2024 09:00;67,36;67,95;67,09;67,17
29/01/2024 17:05;67,38;67,43;67,01;67,02
29/01/2024 16:00;67,46;67,85;67,28;67,41
29/01/2024 15:30;67,48;67,54;67,32;67,46
29/01/2024 15:00;67,51;67,59;67,42;67,46
29/01/2024 14:30;67,63;67,64;67,48;67,5
29/01/2024 14:00;67,5;67,65;67,33;67,64
29/01/2024 13:30;67,67;67,68;67,35;67,51
29/01/2024 13:00;67,78;67,8;67,65;67,67
29/01/2024 12:30;67,74;67,8;67,7;67,79
29/01/2024 12:00;67,83;67,85;67,64;67,72
29/01/2024 11:30;67,87;67,9;67,73;67,78
29/01/2024 11:00;67,88;67,98;67,81;67,88
29/01/2024 10:30;67,85;68,1;67,62;67,88
29/01/2024 10:00;68,04;68,05;67,81;67,86
29/01/2024 09:30;67,77;68,11;67,73;68,05
29/01/2024 09:00;68,21;68,21;67,5;67,74
26/01/2024 17:05;68,74;69,02;68,43;68,48
26/01/2024 16:00;68,71;69,06;68,62;68,77
26/01/2024 15:30;68,72;68,81;68,64;68,69
26/01/2024 15:00;68,55;68,87;68,44;68,69
26/01/2024 14:30;68,34;68,69;68,33;68,6
26/01/2024 14:00;68,54;68,59;68,15;68,34
26/01/2024 13:30;68,95;69,06;68,43;68,55
26/01/2024 13:00;69,09;69,09;68,86;68,97
26/01/2024 12:30;69,01;69,28;69,01;69,1
26/01/2024 12:00;69,09;69,09;68,86;69
26/01/2024 11:30;69,1;69,24;68,97;69,06
26/01/2024 11:00;68,9;69,18;68,74;69,07
26/01/2024 10:30;68,79;69,15;68,65;68,93
26/01/2024 10:00;69,67;69,67;68,5;68,79
26/01/2024 09:30;69,5;69,8;69,28;69,63
26/01/2024 09:00;69,73;70,26;69,38;69,48
25/01/2024 17:05;70,62;70,79;70,32;70,53
25/01/2024 16:00;70,46;70,85;70,31;70,81
25/01/2024 15:30;70,07;70,48;69,95;70,48
25/01/2024 15:00;69,85;70,11;69,84;70,09
25/01/2024 14:30;69,87;70,24;69,69;69,84
25/01/2024 14:00;69,62;69,99;69,58;69,84
25/01/2024 13:30;69,54;69,78;69,48;69,64
25/01/2024 13:00;69,82;69,82;69,16;69,5
25/01/2024 12:30;70,28;70,37;69,58;69,8
25/01/2024 12:00;70,31;70,35;70,11;70,35
25/01/2024 11:30;70,44;70,57;70;70,35
25/01/2024 11:00;70,17;70,48;70,14;70,42
25/01/2024 10:30;70,5;70,6;70,11;70,15
25/01/2024 10:00;70,51;70,92;70,47;70,54
25/01/2024 09:30;70,44;70,61;70,41;70,48
25/01/2024 09:00;69,64;70,64;69,64;70,44
24/01/2024 17:05;70,15;70,16;69,78;69,78
24/01/2024 16:00;69,71;70,37;69,64;70,33
24/01/2024 15:30;69,43;69,87;69,41;69,66
24/01/2024 15:00;69,58;69,78;69,16;69,48
24/01/2024 14:30;69,8;70;69,41;69,58
24/01/2024 14:00;68,9;70,21;68,85;69,8
24/01/2024 13:30;68,89;68,95;68,76;68,89
24/01/2024 13:00;68,7;68,88;68,57;68,86
24/01/2024 12:30;68,91;68,95;68,63;68,73
24/01/2024 12:00;68,57;69,13;68,53;68,88
24/01/2024 11:30;68,56;68,61;68,51;68,55
24/01/2024 11:00;68,8;68,85;68,32;68,52
24/01/2024 10:30;68,74;68,85;68,59;68,82
24/01/2024 10:00;68,6;68,8;68,53;68,75
24/01/2024 09:30;69,06;69,06;68,45;68,62
24/01/2024 09:00;69,06;69,56;68,8;69,06
23/01/2024 17:05;69,64;69,74;69,45;69,54
23/01/2024 16:00;69,38;69,74;69,25;69,68
23/01/2024 15:30;70,01;70,05;69,22;69,39
23/01/2024 15:00;69,86;70,72;69,78;69,98
23/01/2024 14:30;68,97;69,86;68,97;69,83
23/01/2024 14:00;68,5;69,16;68,5;68,96
23/01/2024 13:30;68,63;68,74;68,47;68,5
23/01/2024 13:00;68,09;68,69;68,05;68,63
23/01/2024 12:30;68,02;68,12;67,8;68,11
23/01/2024 12:00;67,83;68,27;67,83;68,01
23/01/2024 11:30;67,64;67,86;67,64;67,81
23/01/2024 11:00;67,67;67,69;67,61;67,63
23/01/2024 10:30;67,65;67,75;67,58;67,68
23/01/2024 10:00;67,63;67,8;67,44;67,63
23/01/2024 09:30;67,57;67,69;67,49;67,63
23/01/2024 09:00;67,54;67,65;67,22;67,54
22/01/2024 17:05;67,92;67,99;67,85;67,89
22/01/2024 16:00;67,94;68;67,85;67,99
22/01/2024 15:30;67,97;68,01;67,87;67,92
22/01/2024 15:00;67,93;68,06;67,84;67,97
22/01/2024 14:30;67,94;68,03;67,86;67,9
22/01/2024 14:00;67,91;67,98;67,74;67,92
22/01/2024 13:30;67,94;68,05;67,88;67,9
22/01/2024 13:00;68,11;68,12;67,91;67,99
22/01/2024 12:30;68,2;68,31;68,12;68,15
22/01/2024 12:00;68,02;68,22;67,99;68,16
22/01/2024 11:30;67,75;68,07;67,73;67,98
22/01/2024 11:00;68,01;68,19;67,73;67,75
22/01/2024 10:30;68,16;68,81;67,93;68,01
22/01/2024 10:00;67,88;68,31;67,84;68,12
22/01/2024 09:30;67,81;67,92;67,72;67,89
22/01/2024 09:00;67,98;68,19;67,48;67,83
19/01/2024 17:05;68,73;68,85;68,59;68,6
19/01/2024 16:00;68,69;68,87;68,66;68,74
19/01/2024 15:30;68,73;69,05;68,59;68,67
19/01/2024 15:00;68,67;68,93;68,64;68,72
19/01/2024 14:30;68,59;68,77;68,57;68,65
19/01/2024 14:00;68,38;68,69;68,33;68,61
19/01/2024 13:30;68,28;68,39;68,2;68,36
19/01/2024 13:00;68,53;68,54;68,09;68,27
19/01/2024 12:30;68,65;68,69;68,43;68,53
19/01/2024 12:00;68,69;68,8;68,57;68,68
19/01/2024 11:30;68,66;68,84;68,6;68,73
19/01/2024 11:00;68,98;69;68,38;68,64
19/01/2024 10:30;69,16;69,27;68,85;68,98
19/01/2024 10:00;69,19;69,21;69,03;69,16
19/01/2024 09:30;68,96;69,22;68,95;69,19
19/01/2024 09:00;69,6;69,78;68,86;68,96
18/01/2024 17:05;70,19;70,29;70,11;70,16
18/01/2024 16:00;70,13;70,2;70,07;70,11
18/01/2024 15:30;70,14;70,19;70,09;70,11
18/01/2024 15:00;70,35;70,37;70;70,14
18/01/2024 14:30;70,37;70,4;70,25;70,33
18/01/2024 14:00;70,37;70,47;70,35;70,37
18/01/2024 13:30;70,44;70,51;70,37;70,41
18/01/2024 13:00;70,31;70,56;70,25;70,44
18/01/2024 12:30;70,19;70,39;70,17;70,32
18/01/2024 12:00;70,26;70,29;70,05;70,16
18/01/2024 11:30;70,42;70,47;70,12;70,26
18/01/2024 11:00;70,36;70,58;70,3;70,42
18/01/2024 10:30;70,28;70,52;70,17;70,32
18/01/2024 10:00;70,46;70,46;70,17;70,28
18/01/2024 09:30;70,03;70,53;69,95;70,52
18/01/2024 09:00;70,33;70,72;70;70
17/01/2024 17:05;71,22;71,22;70,97;71,06
17/01/2024 16:00;71,37;71,61;71,28;71,37
17/01/2024 15:30;71,38;71,47;71,23;71,33
17/01/2024 15:00;71,65;71,67;71,19;71,38
17/01/2024 14:30;71,83;71,95;71,5;71,68
17/01/2024 14:00;71,91;72;71,69;71,83
17/01/2024 13:30;71,88;72,05;71,8;71,94
17/01/2024 13:00;71,9;72,32;71,83;71,86
17/01/2024 12:30;71,84;71,94;71,73;71,9
17/01/2024 12:00;71,34;71,88;71,2;71,84
17/01/2024 11:30;71,27;71,41;71,16;71,37
17/01/2024 11:00;71,16;71,31;70,95;71,28
17/01/2024 10:30;71,58;71,65;71,15;71,19
17/01/2024 10:00;71,17;71,71;71,15;71,58
17/01/2024 09:30;70,23;71,27;70,18;71,24
17/01/2024 09:00;70,53;70,53;69,83;70,26
16/01/2024 17:05;70,57;70,73;70,38;70,72
16/01/2024 16:00;70,21;70,64;70,19;70,3
16/01/2024 15:30;70,25;70,36;70,16;70,19
16/01/2024 15:00;70,27;70,41;70,17;70,21
16/01/2024 14:30;69,98;70,42;69,92;70,29
16/01/2024 14:00;70,5;70,58;69,86;69,93
16/01/2024 13:30;70,87;70,92;69,9;70,49
16/01/2024 13:00;70,82;71,02;70,73;70,83
16/01/2024 12:30;70,76;70,94;70,64;70,88
16/01/2024 12:00;70,62;71,14;70,6;70,79
16/01/2024 11:30;70,37;70,74;70,21;70,59
16/01/2024 11:00;70,27;70,56;70,2;70,4
16/01/2024 10:30;70,15;70,66;69,95;70,27
16/01/2024 10:00;69,34;70,99;69,32;70,11
16/01/2024 09:30;68,86;69,37;68,75;69,37
16/01/2024 09:00;69,28;69,38;68,72;68,87
15/01/2024 17:05;69,86;69,94;69,76;69,76
15/01/2024 16:00;69,96;70,11;69,83;69,87
15/01/2024 15:30;70,05;70,2;69,91;69,91
15/01/2024 15:00;69,91;70,08;69,79;70,03
15/01/2024 14:30;70,01;70,28;69,77;69,91
15/01/2024 14:00;70,07;70,17;69,9;70,05
15/01/2024 13:30;70,33;70,44;70,05;70,11
15/01/2024 13:00;70,53;70,55;70,18;70,3
15/01/2024 12:30;70,62;70,74;70,27;70,57
15/01/2024 12:00;70,87;70,87;70,48;70,57
15/01/2024 11:30;70,91;70,98;70,79;70,83
15/01/2024 11:00;70,85;70,93;70,74;70,9
15/01/2024 10:30;70,97;71,03;70,74;70,9
15/01/2024 10:00;71;71,11;70,92;70,98
15/01/2024 09:30;70,79;71,13;70,75;70,99
15/01/2024 09:00;71,26;71,76;70,57;70,81
12/01/2024 17:05;71,63;72,16;71,62;71,97
12/01/2024 16:00;72,12;72,2;71,58;71,63
12/01/2024 15:30;71,72;72,41;71,71;72,11
12/01/2024 15:00;71,17;72,11;71,03;71,7
12/01/2024 14:30;71,36;71,4;71,03;71,13
12/01/2024 14:00;72,84;72,87;71,32;71,38
12/01/2024 13:30;72,83;73,2;72,83;72,97
12/01/2024 13:00;72,66;72,87;72,54;72,87
12/01/2024 12:30;72,78;72,8;72,53;72,7
12/01/2024 12:00;72,87;73,03;72,68;72,76
12/01/2024 11:30;72,83;73;72,74;72,89
12/01/2024 11:00;73,04;73,07;72,79;72,85
12/01/2024 10:30;73,27;73,27;73;73,05
12/01/2024 10:00;73,45;73,45;73,12;73,32
12/01/2024 09:30;72,78;73,53;72,78;73,5
12/01/2024 09:00;74,2;74,2;72,35;72,74
11/01/2024 17:05;74,73;74,82;74,44;74,58
11/01/2024 16:00;74,21;74,94;74,21;74,84
11/01/2024 15:30;74,31;74,39;74,22;74,22
11/01/2024 15:00;74,4;74,43;74,3;74,31
11/01/2024 14:30;74,3;74,43;74,19;74,37
11/01/2024 14:00;74,4;74,44;74,1;74,31
11/01/2024 13:30;74,38;74,49;74,35;74,4
11/01/2024 13:00;74,52;74,53;74,32;74,38
11/01/2024 12:30;74,67;74,72;74,47;74,52
11/01/2024 12:00;74,76;75,03;74,63;74,66
11/01/2024 11:30;74,74;74,79;74,59;74,77
11/01/2024 11:00;74,43;74,81;74,42;74,77
11/01/2024 10:30;74,4;74,56;74,22;74,46
11/01/2024 10:00;74,47;74,63;74,26;74,37
11/01/2024 09:30;74,79;74,79;74,06;74,5
11/01/2024 09:00;75,54;75,54;74,71;74,79
10/01/2024 17:05;75,77;75,79;75,48;75,58
10/01/2024 16:00;75,09;75,68;74,94;75,68
10/01/2024 15:30;75,55;75,62;75,07;75,11
10/01/2024 15:00;75,65;75,75;75,51;75,58
10/01/2024 14:30;75,47;75,74;75,37;75,67
10/01/2024 14:00;75,61;75,61;75,34;75,47
10/01/2024 13:30;75,82;75,88;75,19;75,64
10/01/2024 13:00;76,14;76,16;75,74;75,82
10/01/2024 12:30;76,02;76,26;75,89;76,13
10/01/2024 12:00;76,05;76,11;75,89;76,04
10/01/2024 11:30;75,42;76,01;75,34;76
10/01/2024 11:00;75,38;75,53;74,48;75,42
10/01/2024 10:30;76,43;76,51;75,26;75,42
10/01/2024 10:00;77,17;77,19;76,35;76,52
10/01/2024 09:30;77,38;77,45;76,88;77,19
10/01/2024 09:00;77,89;78,09;77,2;77,38
09/01/2024 17:05;78,1;78,11;77,9;77,9
09/01/2024 16:00;78,26;78,36;77,99;78,02
09/01/2024 15:30;78,47;78,49;78,15;78,21
09/01/2024 15:00;78,47;78,56;78,41;78,47
09/01/2024 14:30;78,28;78,5;78,28;78,47
09/01/2024 14:00;78,38;78,49;78,2;78,29
09/01/2024 13:30;78,72;78,82;78,26;78,35
09/01/2024 13:00;78,66;78,83;78,58;78,72
09/01/2024 12:30;78,46;78,64;78,41;78,62
09/01/2024 12:00;78,42;78,62;78,31;78,46
09/01/2024 11:30;78,87;78,87;78,31;78,42
09/01/2024 11:00;78,94;78,96;78,83;78,89
09/01/2024 10:30;78,92;78,97;78,52;78,92
09/01/2024 10:00;79,25;79,26;78,73;78,94
09/01/2024 09:30;79,25;79,32;79,15;79,26
09/01/2024 09:00;79,05;79,47;78,93;79,2
08/01/2024 17:05;79,37;79,73;79,36;79,57
08/01/2024 16:00;79,62;79,87;79,36;79,37
08/01/2024 15:30;79,86;79,98;79,52;79,66
08/01/2024 15:00;79,88;79,99;79,78;79,85
08/01/2024 14:30;80,31;80,31;79,88;79,88
08/01/2024 14:00;79,96;80,34;79,78;80,31
08/01/2024 13:30;79,97;80,11;79,76;80,03
08/01/2024 13:00;79,8;80,2;79,76;79,99
08/01/2024 12:30;79,43;79,78;79,39;79,78
08/01/2024 12:00;79,4;79,4;79,19;79,37
08/01/2024 11:30;79,7;79,78;79,39;79,44
08/01/2024 11:00;79,21;79,81;78,76;79,73
08/01/2024 10:30;79,94;80,14;79,19;79,23
08/01/2024 10:00;80,44;80,44;79,88;79,94
08/01/2024 09:30;80,73;80,73;80,31;80,47
08/01/2024 09:00;80,74;80,9;80,34;80,73
05/01/2024 17:05;81,24;81,24;81,02;81,18
05/01/2024 16:00;81,07;81,25;81,01;81,25
05/01/2024 15:30;81,21;81,23;81,07;81,08
05/01/2024 15:00;81,24;81,24;81,13;81,21
05/01/2024 14:30;81,18;81,27;81,15;81,21
05/01/2024 14:00;81,17;81,23;81,07;81,17
05/01/2024 13:30;81,28;81,34;81,13;81,16
05/01/2024 13:00;80,98;81,45;80,98;81,27
05/01/2024 12:30;81,02;81,03;80,97;81,03
05/01/2024 12:00;81,01;81,11;80,95;81,05
05/01/2024 11:30;81,23;81,23;80,96;81,02
05/01/2024 11:00;81,15;81,26;81,11;81,23
05/01/2024 10:30;81,23;81,36;81,11;81,15
05/01/2024 10:00;81,15;81,23;81,08;81,23
05/01/2024 09:30;81,24;81,26;81,12;81,13
05/01/2024 09:00;81,43;81,61;81,22;81,24
04/01/2024 17:05;80,89;80,94;80,73;80,88
04/01/2024 16:00;80,87;80,97;80,78;80,88
04/01/2024 15:30;81,01;81,04;80,83;80,87
04/01/2024 15:00;80,98;81,12;80,96;80,99
04/01/2024 14:30;81,03;81,06;80,92;80,98
04/01/2024 14:00;80,91;81,14;80,88;81,03
04/01/2024 13:30;80,57;81,03;80,53;80,84
04/01/2024 13:00;80,67;80,7;80,55;80,56
04/01/2024 12:30;80,65;80,73;80,64;80,73
04/01/2024 12:00;80,69;80,78;80,66;80,67
04/01/2024 11:30;80,68;80,78;80,59;80,64
04/01/2024 11:00;80,76;80,83;80,73;80,74
04/01/2024 10:30;80,45;80,84;80,44;80,74
04/01/2024 10:00;80,31;80,47;80,25;80,46
04/01/2024 09:30;80,45;80,45;80,32;80,38
04/01/2024 09:00;80,39;80,61;80,22;80,47
03/01/2024 17:05;80,88;81,15;80,8;80,87
03/01/2024 16:00;80,73;80,86;80,61;80,77
03/01/2024 15:30;80,32;80,84;80,3;80,78
03/01/2024 15:00;80,54;80,56;80,3;80,35
03/01/2024 14:30;80,66;80,66;80,38;80,54
03/01/2024 14:00;80,64;80,8;80,57;80,63
03/01/2024 13:30;79,91;80,75;79,89;80,61
03/01/2024 13:00;80,05;80,06;79,91;79,91
03/01/2024 12:30;79,98;80,06;79,94;80,02
03/01/2024 12:00;80,17;80,18;79,99;79,99
03/01/2024 11:30;80,11;80,18;79,99;80,17
03/01/2024 11:00;79,94;80,17;79,9;80,12
03/01/2024 10:30;80,02;80,02;79,78;79,94
03/01/2024 10:00;80,11;80,13;80;80,01
03/01/2024 09:30;80,13;80,28;80,1;80,12
03/01/2024 09:00;80,24;80,44;80,07;80,17
02/01/2024 17:05;80,36;80,39;80,28;80,28
02/01/2024 16:00;80,12;80,28;80,09;80,27
02/01/2024 15:30;80,07;80,17;79,98;80,11
02/01/2024 15:00;79,86;80,11;79,81;80,06
02/01/2024 14:30;79,59;79,87;79,49;79,87
02/01/2024 14:00;79,53;79,69;79,49;79,55
02/01/2024 13:30;79,83;79,89;79,5;79,5
02/01/2024 13:00;79,68;79,94;79,67;79,83
02/01/2024 12:30;79,62;79,76;79,6;79,72
02/01/2024 12:00;79,69;79,79;79,43;79,64
02/01/2024 11:30;79,94;80,06;79,68;79,7
02/01/2024 11:00;80,16;80,17;79,94;80,02
02/01/2024 10:30;80,2;80,25;80,06;80,16
02/01/2024 10:00;80,12;80,26;80,02;80,2
02/01/2024 09:30;80,4;80,4;80;80,13
02/01/2024 09:00;79,94;80,59;79,88;80,39
28/12/2023 17:05;79,51;79,61;79,4;79,41
28/12/2023 16:00;79,27;79,5;79,24;79,44
28/12/2023 15:30;79,15;79,39;79,05;79,32
28/12/2023 15:00;78,79;79,25;78,79;79,14
28/12/2023 14:30;78,73;78,83;78,69;78,83
28/12/2023 14:00;78,66;78,87;78,64;78,73
28/12/2023 13:30;78,54;78,78;78,5;78,64
28/12/2023 13:00;78,47;78,53;78,46;78,5
28/12/2023 12:30;78,49;78,61;78,45;78,45
28/12/2023 12:00;78,35;78,49;78,3;78,47
28/12/2023 11:30;78,47;78,48;78,17;78,27
28/12/2023 11:00;78,31;78,57;78,31;78,49
28/12/2023 10:30;78,2;78,4;78,2;78,31
28/12/2023 10:00;77,82;78,23;77,82;78,17
28/12/2023 09:30;77,82;78,01;77,8;77,82
28/12/2023 09:00;77,67;78,02;77,67;77,8
27/12/2023 17:05;77,77;77,92;77,67;77,86
27/12/2023 16:00;77,46;77,77;77,43;77,66
27/12/2023 15:30;77,5;77,63;77,32;77,48
27/12/2023 15:00;77,49;77,69;77,43;77,5
27/12/2023 14:30;77,66;77,76;77,43;77,49
27/12/2023 14:00;77,63;77,67;77,51;77,62
27/12/2023 13:30;77,96;77,97;77,42;77,61
27/12/2023 13:00;78,02;78,07;77,82;77,96
27/12/2023 12:30;78;78,05;77,94;77,97
27/12/2023 12:00;78,21;78,21;78;78
27/12/2023 11:30;78,23;78,25;78;78,23
27/12/2023 11:00;78,38;78,38;78,21;78,21
27/12/2023 10:30;78,49;78,55;78,27;78,38
27/12/2023 10:00;78,57;78,65;78,45;78,45
27/12/2023 09:30;78,38;78,61;78,2;78,55
27/12/2023 09:00;78,59;78,91;78,24;78,39
26/12/2023 17:05;78,43;78,58;78,27;78,38
26/12/2023 16:00;78,85;78,88;78,16;78,49
26/12/2023 15:30;78,93;78,95;78,77;78,87
26/12/2023 15:00;78,83;79,03;78,66;78,84
26/12/2023 14:30;78,55;78,86;78,35;78,83
26/12/2023 14:00;78,54;78,77;78,52;78,58
26/12/2023 13:30;78,72;78,9;78,44;78,55
26/12/2023 13:00;78,82;78,92;78,74;78,74
26/12/2023 12:30;78,95;78,96;78,72;78,87
26/12/2023 12:00;78,88;79,04;78,79;78,94
26/12/2023 11:30;78,67;79;78,65;78,84
26/12/2023 11:00;78,62;78,84;78,46;78,76
26/12/2023 10:30;79,02;79,05;78,55;78,64
26/12/2023 10:00;78,82;79,13;78,74;79,03
26/12/2023 09:30;78,47;78,87;78,47;78,77
26/12/2023 09:00;78,17;78,61;78,16;78,46
22/12/2023 17:05;78,61;78,72;78,38;78,61
22/12/2023 16:00;78,55;78,71;78,44;78,61
22/12/2023 15:30;78,53;78,64;78,49;78,5
22/12/2023 15:00;78,64;78,66;78,49;78,54
22/12/2023 14:30;78,74;78,75;78,49;78,59
22/12/2023 14:00;78,78;78,92;78,48;78,73
22/12/2023 13:30;78,97;78,97;78,76;78,77
22/12/2023 13:00;78,95;79,03;78,94;79,03
22/12/2023 12:30;79,17;79,2;78,86;78,9
22/12/2023 12:00;79,21;79,27;79,05;79,25
22/12/2023 11:30;79,04;79,22;78,83;79,22
22/12/2023 11:00;79,12;79,14;78,72;79
22/12/2023 10:30;78,96;79,2;78,91;79,11
22/12/2023 10:00;79,27;79,27;78,79;78,97
22/12/2023 09:30;79,39;79,55;79,24;79,34
22/12/2023 09:00;79,17;79,65;79,16;79,39
21/12/2023 17:05;79,63;79,81;79,61;79,81
21/12/2023 16:00;79,81;79,91;79,55;79,55
21/12/2023 15:30;79,63;79,92;79,6;79,77
21/12/2023 15:00;79,61;79,78;79,51;79,63
21/12/2023 14:30;79,8;79,87;79,59;79,61
21/12/2023 14:00;79,82;80,05;79,67;79,79
21/12/2023 13:30;79,8;79,83;79,74;79,8
21/12/2023 13:00;79,76;79,83;79,69;79,78
21/12/2023 12:30;79,61;79,89;79,58;79,74
21/12/2023 12:00;79,68;79,73;79,6;79,62
21/12/2023 11:30;79,44;79,72;79,22;79,63
21/12/2023 11:00;79,44;79,57;79,41;79,5
21/12/2023 10:30;79,64;79,67;79,39;79,5
21/12/2023 10:00;79,61;79,78;79,57;79,65
21/12/2023 09:30;79,68;79,69;79,5;79,61
21/12/2023 09:00;79,84;80,19;79,34;79,7
20/12/2023 17:05;79,83;80,29;79,83;80,1
20/12/2023 16:00;79,39;79,83;79,39;79,83
20/12/2023 15:30;79,33;79,43;79,24;79,42
20/12/2023 15:00;79,51;79,59;79,3;79,34
20/12/2023 14:30;79,63;79,77;79,44;79,51
20/12/2023 14:00;79,58;79,83;79,58;79,62
20/12/2023 13:30;79,33;79,69;79,21;79,61
20/12/2023 13:00;79,25;79,42;79,25;79,36
20/12/2023 12:30;79,23;79,34;79,17;79,25
20/12/2023 12:00;79,43;79,44;79,22;79,31
20/12/2023 11:30;79,35;79,61;79,27;79,39
20/12/2023 11:00;79,21;79,5;79,03;79,27
20/12/2023 10:30;79,33;79,44;79;79,2
20/12/2023 10:00;79,21;79,39;79,11;79,33
20/12/2023 09:30;78,9;79,82;78,84;79,19
20/12/2023 09:00;78,69;79,03;78,44;78,94
19/12/2023 17:05;78,39;78,93;78,38;78,93
19/12/2023 16:00;79,2;79,21;78,45;78,54
19/12/2023 15:30;79,59;79,59;79,2;79,21
19/12/2023 15:00;79,55;79,67;79,27;79,6
19/12/2023 14:30;79,74;79,77;79,57;79,57
19/12/2023 14:00;79,81;79,88;79,53;79,73
19/12/2023 13:30;79,87;79,89;79,8;79,81
19/12/2023 13:00;79,86;79,91;79,7;79,86
19/12/2023 12:30;79,94;79,97;79,86;79,87
19/12/2023 12:00;79,97;79,98;79,88;79,93
19/12/2023 11:30;80,05;80,07;79,94;79,97
19/12/2023 11:00;80,09;80,11;80,01;80,06
19/12/2023 10:30;80,01;80,11;79,98;80,09
19/12/2023 10:00;80,11;80,11;79,89;80,03
19/12/2023 09:30;80,38;80,48;79,86;80,12
19/12/2023 09:00;80,39;80,67;80,19;80,37
18/12/2023 17:05;81,13;81,23;80,76;80,93
18/12/2023 16:00;80,92;81,06;80,84;80,89
18/12/2023 15:30;80,99;81,12;80,89;80,89
18/12/2023 15:00;80,93;81,06;80,86;81,01
18/12/2023 14:30;81,06;81,12;80,74;80,89
18/12/2023 14:00;81,07;81,09;80,88;81,05
18/12/2023 13:30;81,08;81,23;81,04;81,11
18/12/2023 13:00;81,01;81,14;81,01;81,08
18/12/2023 12:30;81,06;81,12;81,01;81,03
18/12/2023 12:00;81,16;81,21;81,01;81,01
18/12/2023 11:30;81,24;81,37;81,14;81,16
18/12/2023 11:00;81,12;81,26;80,84;81,18
18/12/2023 10:30;81,18;81,28;80,95;81,06
18/12/2023 10:00;81,5;81,54;81,22;81,22
18/12/2023 09:30;81,17;81,56;81,12;81,52
18/12/2023 09:00;81,12;81,44;80,98;81,16
15/12/2023 17:05;81,89;81,99;81,56;81,9
15/12/2023 16:00;81,75;81,88;81,36;81,83
15/12/2023 15:30;81,61;82,02;81,59;81,75
15/12/2023 15:00;81,62;81,9;81,59;81,61
15/12/2023 14:30;81,37;81,66;81,33;81,59
15/12/2023 14:00;81,52;81,66;81,33;81,36
15/12/2023 13:30;81,55;81,58;81,33;81,58
15/12/2023 13:00;81,58;81,7;81,52;81,56
15/12/2023 12:30;81,6;81,62;81,44;81,56
15/12/2023 12:00;81,65;81,78;81,51;81,58
15/12/2023 11:30;81,52;81,76;81,52;81,63
15/12/2023 11:00;81,47;81,79;81,45;81,53
15/12/2023 10:30;81,65;81,72;81,33;81,45
15/12/2023 10:00;81,51;81,93;81,5;81,68
15/12/2023 09:30;80,68;81,6;80,68;81,53
15/12/2023 09:00;80,32;81,03;80,1;80,64
14/12/2023 17:05;80,86;80,94;80,61;80,61
14/12/2023 16:00;80,84;80,91;80,56;80,64
14/12/2023 15:30;80,84;81,09;80,74;80,78
14/12/2023 15:00;80,97;81,01;80,59;80,84
14/12/2023 14:30;81,47;81,6;80,78;81,01
14/12/2023 14:00;81,88;81,89;81,45;81,47
14/12/2023 13:30;81,72;81,9;81,69;81,87
14/12/2023 13:00;81,68;81,73;81,63;81,71
14/12/2023 12:30;81,81;81,83;81,68;81,68
14/12/2023 12:00;81,76;81,88;81,68;81,81
14/12/2023 11:30;81,83;81,85;81,58;81,73
14/12/2023 11:00;81,75;81,92;81,7;81,79
14/12/2023 10:30;81,52;81,84;81,45;81,75
14/12/2023 10:00;81,68;81,68;81,28;81,52
14/12/2023 09:30;81,92;81,92;81,64;81,65
14/12/2023 09:00;82,12;82,23;81,71;81,95
13/12/2023 17:05;81,61;81,84;81,51;81,84
13/12/2023 16:00;82,01;82,07;81,56;81,69
13/12/2023 15:30;81,98;82,17;81,79;82,01
13/12/2023 15:00;81,79;82;81,78;82
13/12/2023 14:30;81,75;81,92;81,69;81,8
13/12/2023 14:00;81,81;82,04;81,73;81,78
13/12/2023 13:30;81,66;81,94;81,62;81,8
13/12/2023 13:00;81,53;81,73;81,42;81,66
13/12/2023 12:30;81,62;81,66;81,45;81,51
13/12/2023 12:00;81,59;81,68;81,55;81,58
13/12/2023 11:30;81,46;81,62;81,28;81,61
13/12/2023 11:00;81,72;81,81;81,41;81,49
13/12/2023 10:30;81,71;81,82;81,66;81,73
13/12/2023 10:00;81,61;81,83;81,55;81,72
13/12/2023 09:30;81,65;81,95;81,59;81,61
13/12/2023 09:00;81,28;81,7;81,03;81,65
12/12/2023 17:05;81,61;81,68;81,37;81,63
12/12/2023 16:00;81,61;81,73;81,51;81,62
12/12/2023 15:30;81,73;81,84;81,43;81,64
12/12/2023 15:00;81,95;81,98;81,65;81,82
12/12/2023 14:30;82,01;82,14;81,88;81,95
12/12/2023 14:00;81,9;82,04;81,62;81,95
12/12/2023 13:30;81,9;82,01;81,84;81,92
12/12/2023 13:00;81,87;82,07;81,68;81,9
12/12/2023 12:30;81,56;82,02;81,53;81,9
12/12/2023 12:00;81,34;81,59;81,23;81,5
12/12/2023 11:30;81,51;81,62;81,21;81,35
12/12/2023 11:00;81,73;81,84;81,28;81,51
12/12/2023 10:30;81,73;81,95;81,58;81,73
12/12/2023 10:00;81,17;82,5;81,13;81,7
12/12/2023 09:30;80,78;81,28;80,74;81,18
12/12/2023 09:00;80,08;80,86;79,93;80,8
11/12/2023 17:05;79,69;79,99;79,63;79,63
11/12/2023 16:00;79,72;80,03;79,42;79,67
11/12/2023 15:30;79,61;79,71;79,59;79,71
11/12/2023 15:00;79,49;79,78;79,4;79,62
11/12/2023 14:30;79,35;79,55;79,19;79,48
11/12/2023 14:00;79,45;79,45;79,19;79,35
11/12/2023 13:30;79,43;79,59;79,22;79,45
11/12/2023 13:00;79,93;80,01;79,2;79,43
11/12/2023 12:30;79,82;79,89;79,8;79,87
11/12/2023 12:00;79,84;79,9;79,76;79,8
11/12/2023 11:30;80,02;80,09;79,83;79,86
11/12/2023 11:00;80,05;80,1;79,91;80,01
11/12/2023 10:30;79,83;80,15;79,79;80,05
11/12/2023 10:00;79,77;79,89;79,69;79,83
11/12/2023 09:30;79,61;79,88;79,61;79,72
11/12/2023 09:00;79,45;79,86;79,39;79,6
08/12/2023 17:05;79,83;79,92;79,5;79,5
08/12/2023 16:00;79,57;79,83;79,53;79,77
08/12/2023 15:30;79,53;79,63;79,46;79,57
08/12/2023 15:00;79,58;79,67;79,46;79,55
08/12/2023 14:30;79,42;79,63;79,4;79,59
08/12/2023 14:00;79,67;79,82;79,23;79,46
08/12/2023 13:30;79,5;79,7;79,48;79,67
08/12/2023 13:00;79,38;79,5;79,38;79,49
08/12/2023 12:30;79,36;79,5;79,35;79,38
08/12/2023 12:00;79,48;79,5;79,29;79,34
08/12/2023 11:30;79,43;79,63;79,38;79,48
08/12/2023 11:00;79,21;79,53;79,16;79,41
08/12/2023 10:30;79,21;79,55;79,16;79,24
08/12/2023 10:00;79,23;79,44;79,22;79,26
08/12/2023 09:30;79,2;79,36;79,15;79,25
08/12/2023 09:00;79,3;79,39;78,97;79,2
07/12/2023 17:05;79,42;79,86;79,27;79,33
07/12/2023 16:00;79,01;79,44;79,01;79,42
07/12/2023 15:30;79,15;79,22;79;79,01
07/12/2023 15:00;79,17;79,27;78,94;79,14
07/12/2023 14:30;78,68;79,2;78,61;79,17
07/12/2023 14:00;78,4;78,92;78,39;78,65
07/12/2023 13:30;78,28;78,46;78,25;78,39
07/12/2023 13:00;78,38;78,4;78,21;78,3
07/12/2023 12:30;78,12;78,37;78,06;78,37
07/12/2023 12:00;78,47;78,55;77,86;78,1
07/12/2023 11:30;78,5;78,58;78,24;78,46
07/12/2023 11:00;78,33;78,59;78,28;78,55
07/12/2023 10:30;78,44;78,47;78,17;78,34
07/12/2023 10:00;78,49;78,55;78,33;78,48
07/12/2023 09:30;78,68;78,82;78,27;78,52
07/12/2023 09:00;78,48;78,97;78,34;78,71
06/12/2023 17:05;78,11;78,36;77,82;78,27
06/12/2023 16:00;78,75;78,86;78,05;78,11
06/12/2023 15:30;78,42;78,78;78,25;78,76
06/12/2023 15:00;79,5;79,5;78,33;78,4
06/12/2023 14:30;79,35;79,6;79,33;79,5
06/12/2023 14:00;79,53;79,59;79,21;79,29
06/12/2023 13:30;79,39;79,72;79,29;79,54
06/12/2023 13:00;79,05;79,44;78,96;79,39
06/12/2023 12:30;79,05;79,17;78,91;79,05
06/12/2023 12:00;79,12;79,26;78,84;79,04
06/12/2023 11:30;79,61;79,71;79;79,13
06/12/2023 11:00;79,45;79,61;79,2;79,59
06/12/2023 10:30;79,78;79,84;79,15;79,46
06/12/2023 10:00;79,72;79,91;79,61;79,76
06/12/2023 09:30;79,89;79,89;79,63;79,74
06/12/2023 09:00;79,86;79,99;79,4;79,89
05/12/2023 17:05;79,03;79,26;78,83;78,97
05/12/2023 16:00;78,65;79,04;78,55;79,04
05/12/2023 15:30;78,56;78,78;78,54;78,62
05/12/2023 15:00;78,66;78,71;78,53;78,56
05/12/2023 14:30;78,62;78,88;78,62;78,65
05/12/2023 14:00;78,93;78,97;78,46;78,62
05/12/2023 13:30;78,94;79,14;78,77;78,92
05/12/2023 13:00;79,2;79,27;78,83;78,92
05/12/2023 12:30;79,09;79,39;79,06;79,2
05/12/2023 12:00;79,54;79,78;79,06;79,06
05/12/2023 11:30;78,66;79,61;78,66;79,57
05/12/2023 11:00;78,65;78,68;78,38;78,64
05/12/2023 10:30;78,75;78,76;78,59;78,68
05/12/2023 10:00;78,56;78,83;78,56;78,74
05/12/2023 09:30;78,67;78,77;78,55;78,57
05/12/2023 09:00;78,17;79,02;77,97;78,71
04/12/2023 17:05;78,08;78,28;78,08;78,26
04/12/2023 16:00;77,81;78,21;77,81;78,09
04/12/2023 15:30;77,76;77,99;77,73;77,82
04/12/2023 15:00;77,54;77,8;77,53;77,73
04/12/2023 14:30;77,56;77,67;77,48;77,53
04/12/2023 14:00;77,5;77,71;77,44;77,57
04/12/2023 13:30;77,08;77,58;77,02;77,51
04/12/2023 13:00;77,38;77,49;76,99;77,04
04/12/2023 12:30;77,14;77,38;77,12;77,35
04/12/2023 12:00;77,18;77,27;76,99;77,15
04/12/2023 11:30;77,24;77,31;77,02;77,19
04/12/2023 11:00;77,05;77,25;76,96;77,21
04/12/2023 10:30;77,32;77,39;76,77;77,05
04/12/2023 10:00;77,02;77,4;76,96;77,27
04/12/2023 09:30;77,69;77,82;76,49;77,04
04/12/2023 09:00;77,5;78,04;77,46;77,64
01/12/2023 17:05;78,1;78,1;77,83;78,05
01/12/2023 16:00;77,92;78,14;77,83;78,04
01/12/2023 15:30;78,08;78,1;77,9;77,9
01/12/2023 15:00;78,21;78,25;77,83;78,1
01/12/2023 14:30;77,98;78,43;77,91;78,27
01/12/2023 14:00;77,39;77,99;77,34;77,96
01/12/2023 13:30;77,81;77,87;77,29;77,39
01/12/2023 13:00;77,78;78,05;77,72;77,82
01/12/2023 12:30;77,8;77,8;77,7;77,77
01/12/2023 12:00;77,8;77,94;77,66;77,77
01/12/2023 11:30;77,52;77,87;77,44;77,81
01/12/2023 11:00;77,47;77,6;77,41;77,49
01/12/2023 10:30;77,5;77,6;77,38;77,49
01/12/2023 10:00;77,56;77,58;77,18;77,53
01/12/2023 09:30;77,68;77,92;77,51;77,51
01/12/2023 09:00;77,89;78,06;77,18;77,66
30/11/2023 17:05;77,95;77,95;77,73;77,78
30/11/2023 16:00;77,71;78,15;77,58;77,95
30/11/2023 15:30;77,43;77,71;77,12;77,7
30/11/2023 15:00;77,24;77,61;77,24;77,48
30/11/2023 14:30;76,73;77,63;76,71;77,22
30/11/2023 14:00;76,82;76,93;76,66;76,75
30/11/2023 13:30;76,82;77,19;76,79;76,82
30/11/2023 13:00;76,72;76,95;76,54;76,79
30/11/2023 12:30;76,71;76,75;76,48;76,71
30/11/2023 12:00;76,54;76,84;76,43;76,73
30/11/2023 11:30;76,46;76,75;76,42;76,54
30/11/2023 11:00;76,64;76,71;76,3;76,48
30/11/2023 10:30;76,01;76,87;75,99;76,64
30/11/2023 10:00;75,71;76,01;75,68;76,01
30/11/2023 09:30;75,84;75,93;75,51;75,69
30/11/2023 09:00;75,65;76,06;75,48;75,86
29/11/2023 17:05;75,71;76,06;75,7;76,04
29/11/2023 16:00;76,04;76,09;75,7;75,78
29/11/2023 15:30;75,88;76,05;75,64;76,04
29/11/2023 15:00;76,54;76,54;75,81;75,81
29/11/2023 14:30;76,61;76,71;76,41;76,54
29/11/2023 14:00;76,44;76,87;76,19;76,63
29/11/2023 13:30;76,91;77,12;76,37;76,43
29/11/2023 13:00;76,87;76,99;76,74;76,9
29/11/2023 12:30;76,84;76,93;76,51;76,93
29/11/2023 12:00;76,96;77,01;76,65;76,84
29/11/2023 11:30;77,05;77,11;76,72;76,96
29/11/2023 11:00;76,92;77,23;76,87;77,03
29/11/2023 10:30;76,68;76,93;76,61;76,9
29/11/2023 10:00;76,47;76,82;76,47;76,68
29/11/2023 09:30;76,05;76,49;76,01;76,46
29/11/2023 09:00;76,28;76,99;75,85;76,05
28/11/2023 17:05;76,26;76,27;75,85;76,12
28/11/2023 16:00;76,16;76,39;75,93;76,26
28/11/2023 15:30;75,17;76,24;74,88;76,15
28/11/2023 15:00;74,36;75,22;74,36;75,17
28/11/2023 14:30;74,28;74,47;74,04;74,36
28/11/2023 14:00;73,93;74,33;73,87;74,3
28/11/2023 13:30;73,7;74,11;73,7;73,92
28/11/2023 13:00;73,76;73,84;73,69;73,7
28/11/2023 12:30;73,88;73,9;73,48;73,79
28/11/2023 12:00;74,14;74,35;73,87;73,88
28/11/2023 11:30;74,18;74,19;73,93;74,14
28/11/2023 11:00;74,11;74,21;74,08;74,16
28/11/2023 10:30;74,11;74,14;74,05;74,08
28/11/2023 10:00;73,95;74,14;73,85;74,11
28/11/2023 09:30;74,02;74,05;73,71;73,98
28/11/2023 09:00;73,87;74,25;73,66;74,03
27/11/2023 17:05;73,26;73,79;73,25;73,67
27/11/2023 16:00;73,52;73,64;73,28;73,41
27/11/2023 15:30;73,38;73,57;73,22;73,52
27/11/2023 15:00;73,69;73,7;73,35;73,36
27/11/2023 14:30;73,3;73,78;73,26;73,69
27/11/2023 14:00;73,37;73,38;73,16;73,29
27/11/2023 13:30;73,46;73,46;73,32;73,36
27/11/2023 13:00;73,55;73,55;73,3;73,47
27/11/2023 12:30;73,26;73,54;73,25;73,52
27/11/2023 12:00;73,41;73,41;73,22;73,28
27/11/2023 11:30;73,75;73,75;73,29;73,41
27/11/2023 11:00;73,67;73,8;73,58;73,74
27/11/2023 10:30;74,13;74,17;73,61;73,67
27/11/2023 10:00;74,17;74,27;73,93;74,09
27/11/2023 09:30;74,11;74,33;73,96;74,18
27/11/2023 09:00;74,36;74,44;73,97;74,09
24/11/2023 17:05;74,36;74,52;74,14;74,45
24/11/2023 16:00;74,48;74,64;74,43;74,56
24/11/2023 15:30;74,54;74,65;74,46;74,53
24/11/2023 15:00;74,41;74,59;74,36;74,55
24/11/2023 14:30;74,09;74,43;74,08;74,41
24/11/2023 14:00;74,69;74,75;73,92;74,08
24/11/2023 13:30;74,53;74,71;74,53;74,65
24/11/2023 13:00;74,86;74,89;74,37;74,53
24/11/2023 12:30;74,84;74,97;74,82;74,88
24/11/2023 12:00;75,15;75,15;74,81;74,84
24/11/2023 11:30;75,53;75,59;74,81;75,17
24/11/2023 11:00;75,56;75,61;75,34;75,61
24/11/2023 10:30;75,65;75,7;75,53;75,56
24/11/2023 10:00;75,51;75,68;75,48;75,66
24/11/2023 09:30;75,66;75,69;75,4;75,49
24/11/2023 09:00;75,49;75,89;75,24;75,66
23/11/2023 17:05;75,22;75,53;75,19;75,31
23/11/2023 16:00;75,85;75,91;75,37;75,5
23/11/2023 15:30;76,13;76,2;75,76;75,84
23/11/2023 15:00;76,22;76,22;75,87;76,12
23/11/2023 14:30;76,28;76,32;76,22;76,23
23/11/2023 14:00;76,26;76,34;76,15;76,29
23/11/2023 13:30;76,35;76,39;76,22;76,24
23/11/2023 13:00;76,43;76,51;76,37;76,37
23/11/2023 12:30;76,43;76,44;76,27;76,44
23/11/2023 12:00;76,18;76,46;76,14;76,43
23/11/2023 11:30;76,43;76,46;76,06;76,2
23/11/2023 11:00;76,26;76,45;76,12;76,39
23/11/2023 10:30;76,16;76,51;76,16;76,27
23/11/2023 10:00;76,22;76,22;76,06;76,14
23/11/2023 09:30;76,14;76,23;76,01;76,16
23/11/2023 09:00;76,48;76,81;75,84;76,14
22/11/2023 17:05;76,83;77,03;76,66;76,66
22/11/2023 16:00;76,83;76,93;76,73;76,84
22/11/2023 15:30;76,92;76,94;76,8;76,84
22/11/2023 15:00;76,76;76,89;76,72;76,89
22/11/2023 14:30;76,67;76,87;76,64;76,76
22/11/2023 14:00;76,73;76,92;76,58;76,66
22/11/2023 13:30;76,71;76,84;76,68;76,72
22/11/2023 13:00;76,92;76,95;76,61;76,71
22/11/2023 12:30;76,87;76,94;76,53;76,87
22/11/2023 12:00;76,89;77,1;76,75;76,93
22/11/2023 11:30;75,79;77,48;75,78;76,91
22/11/2023 11:00;76,49;76,49;75,75;75,85
22/11/2023 10:30;76,52;76,63;76,43;76,54
22/11/2023 10:00;76,25;76,6;76,13;76,44
22/11/2023 09:30;76,91;77,04;76,13;76,26
22/11/2023 09:00;76,56;77,32;76,48;76,87
21/11/2023 17:05;76,8;76,93;76,68;76,81
21/11/2023 16:00;77,01;77,18;76,81;76,91
21/11/2023 15:30;76,77;77,22;76,6;77,06
21/11/2023 15:00;76,74;76,92;76,64;76,81
21/11/2023 14:30;76,42;76,75;76,37;76,74
21/11/2023 14:00;76,2;76,43;76,15;76,43
21/11/2023 13:30;76,34;76,37;76,2;76,2
21/11/2023 13:00;76,13;76,34;76;76,34
21/11/2023 12:30;76,04;76,16;76,04;76,12
21/11/2023 12:00;76,48;76,48;75,93;76,08
21/11/2023 11:30;76,55;76,6;76,35;76,48
21/11/2023 11:00;76,32;76,64;76,15;76,47
21/11/2023 10:30;76,09;76,47;76,09;76,34
21/11/2023 10:00;76,08;76,29;76;76,1
21/11/2023 09:30;75,93;76,12;75,7;76,08
21/11/2023 09:00;75,75;76,16;75,23;75,91
20/11/2023 17:05;75,78;75,81;75,55;75,65
20/11/2023 16:00;75,59;75,77;75,56;75,77
20/11/2023 15:30;75,65;75,65;75,37;75,59
20/11/2023 15:00;75,67;75,7;75,57;75,62
20/11/2023 14:30;75,62;75,69;75,6;75,69
20/11/2023 14:00;75,58;75,65;75,48;75,62
20/11/2023 13:30;75,65;75,76;75,52;75,6
20/11/2023 13:00;75,34;75,8;75,34;75,65
20/11/2023 12:30;75,31;75,34;75,17;75,33
20/11/2023 12:00;74,99;75,36;74,94;75,29
20/11/2023 11:30;75,14;75,28;74,99;75
20/11/2023 11:00;75,2;75,51;75,05;75,12
20/11/2023 10:30;74,78;75,22;74,66;75,15
20/11/2023 10:00;74,53;74,84;74,5;74,79
20/11/2023 09:30;74,74;74,74;74,46;74,53
20/11/2023 09:00;74,64;75,03;74,16;74,74
17/11/2023 17:05;74,79;74,92;74,25;74,34
17/11/2023 16:00;74,84;75,01;74,65;74,8
17/11/2023 15:30;75,05;75,09;74,88;74,88
17/11/2023 15:00;74,86;75,14;74,73;75,05
17/11/2023 14:30;74,91;74,92;74,83;74,88
17/11/2023 14:00;74,89;75,03;74,71;74,91
17/11/2023 13:30;75,1;75,14;74,83;74,91
17/11/2023 13:00;75,46;75,48;75,1;75,1
17/11/2023 12:30;75,53;75,58;75,31;75,42
17/11/2023 12:00;75,39;75,56;75,29;75,5
17/11/2023 11:30;75,1;75,5;75,07;75,37
17/11/2023 11:00;75,11;75,19;75,04;75,11
17/11/2023 10:30;75,2;75,24;75,01;75,11
17/11/2023 10:00;74,73;75,22;74,64;75,2
17/11/2023 09:30;75,09;75,09;74,59;74,72
17/11/2023 09:00;74,59;75,37;74,47;75,11
16/11/2023 17:05;74,71;74,91;74,61;74,75
16/11/2023 16:00;74,92;75,08;74,83;74,91
16/11/2023 15:30;75,26;75,29;74,89;74,91
16/11/2023 15:00;75,21;75,52;75,19;75,26
16/11/2023 14:30;75,17;75,26;75,09;75,2
16/11/2023 14:00;75,37;75,39;75,15;75,19
16/11/2023 13:30;74,95;75,4;74,95;75,36
16/11/2023 13:00;74,76;75,32;74,71;74,92
16/11/2023 12:30;74,69;74,89;74,3;74,75
16/11/2023 12:00;74,09;74,7;73,97;74,59
16/11/2023 11:30;74,47;74,71;73,92;74,08
16/11/2023 11:00;74,97;74,97;74,15;74,48
16/11/2023 10:30;75,09;75,11;74,81;74,98
16/11/2023 10:00;75,65;75,65;74,72;75,09
16/11/2023 09:30;75,62;75,77;75,53;75,64
16/11/2023 09:00;75,72;76,04;75,32;75,61
14/11/2023 17:05;75,93;76,12;75,68;75,97
14/11/2023 16:00;76,15;76,44;76,12;76,2
14/11/2023 15:30;76,45;76,68;76,15;76,15
14/11/2023 15:00;76,3;76,49;76,3;76,48
14/11/2023 14:30;76,45;76,52;76,18;76,32
14/11/2023 14:00;77,04;77,38;76,08;76,45
14/11/2023 13:30;76,54;77,08;76,29;77,08
14/11/2023 13:00;75,81;76,58;75,8;76,53
14/11/2023 12:30;75,85;75,87;75,65;75,84
14/11/2023 12:00;75,3;76;75,26;75,86
14/11/2023 11:30;75,65;75,87;75,03;75,42
14/11/2023 11:00;75,78;75,87;75,49;75,64
14/11/2023 10:30;75,91;76,04;75,74;75,77
14/11/2023 10:00;75,78;75,99;75,67;75,93
14/11/2023 09:30;75,4;75,8;75,4;75,77
14/11/2023 09:00;75,81;75,81;75,14;75,39
13/11/2023 17:05;76,27;76,47;76,04;76,33
13/11/2023 16:00;76,12;76,12;75,97;76,12
13/11/2023 15:30;76,12;76,12;75,81;76,05
13/11/2023 15:00;76,12;76,12;76,12;76,12
13/11/2023 14:30;76,12;76,12;76,12;76,12
13/11/2023 14:00;75,3;76,12;75,3;76,12
13/11/2023 13:30;75,04;75,3;75,02;75,3
13/11/2023 13:00;74,59;75,4;74,57;75,05
13/11/2023 12:30;74,12;74,59;74,11;74,53
13/11/2023 12:00;73,8;74,25;73,66;74,12
13/11/2023 11:30;73,64;73,79;73,55;73,79
13/11/2023 11:00;73,55;73,82;73,52;73,64
13/11/2023 10:30;73,32;73,86;73,3;73,57
13/11/2023 10:00;73,52;73,52;73,31;73,36
13/11/2023 09:30;73,54;73,63;73,25;73,48
13/11/2023 09:00;72,58;73,5;72,55;73,49
10/11/2023 17:05;72,35;72,46;72,13;72,35
10/11/2023 16:00;72,2;72,63;72,12;72,26
10/11/2023 15:30;72,12;72,24;72,05;72,16
10/11/2023 15:00;72,01;72,12;71,98;72,12
10/11/2023 14:30;71,83;72,04;71,81;72,03
10/11/2023 14:00;71,88;71,96;71,79;71,81
10/11/2023 13:30;71,77;71,93;71,77;71,88
10/11/2023 13:00;71,73;71,73;71,68;71,72
10/11/2023 12:30;71,72;71,75;71,68;71,73
10/11/2023 12:00;71,78;71,82;71,59;71,7
10/11/2023 11:30;72,08;72,1;71,59;71,76
10/11/2023 11:00;72,1;72,27;72,04;72,1
10/11/2023 10:30;71,89;72,16;71,89;72,08
10/11/2023 10:00;71,88;72,02;71,84;71,91
10/11/2023 09:30;71,73;71,94;71,65;71,87
10/11/2023 09:00;71,38;71,79;71,24;71,76
09/11/2023 17:05;71,4;71,57;71,4;71,47
09/11/2023 16:00;71,28;71,4;71,26;71,37
09/11/2023 15:30;71,36;71,41;71,2;71,27
09/11/2023 15:00;71,38;71,46;71,29;71,37
09/11/2023 14:30;71,45;71,46;71,25;71,39
09/11/2023 14:00;71,09;71,46;70,81;71,46
09/11/2023 13:30;71,31;71,34;70,9;71,14
09/11/2023 13:00;71,29;71,35;71,21;71,34
09/11/2023 12:30;71,34;71,41;71,26;71,29
09/11/2023 12:00;71,24;71,39;71,2;71,31
09/11/2023 11:30;71,38;71,39;71,16;71,24
09/11/2023 11:00;71,4;71,5;71,29;71,37
09/11/2023 10:30;71,31;71,58;71,24;71,4
09/11/2023 10:00;71,28;71,38;71,27;71,34
09/11/2023 09:30;71,3;71,35;71,24;71,24
09/11/2023 09:00;70,97;71,46;70,97;71,35
08/11/2023 17:05;71,46;71,46;71,24;71,35
08/11/2023 16:00;71,24;71,49;71,24;71,4
08/11/2023 15:30;71,26;71,3;71,24;71,24
08/11/2023 15:00;71,27;71,34;71,15;71,25
08/11/2023 14:30;71,35;71,38;71,2;71,27
08/11/2023 14:00;71,59;71,62;71,3;71,36
08/11/2023 13:30;71,64;71,68;71,45;71,57
08/11/2023 13:00;71,44;71,67;71,44;71,65
08/11/2023 12:30;71,4;71,66;71,4;71,44
08/11/2023 12:00;71,35;71,44;71,25;71,43
08/11/2023 11:30;71,12;71,44;71,12;71,35
08/11/2023 11:00;71,01;71,21;71;71,12
08/11/2023 10:30;70,99;71,01;70,88;71,01
08/11/2023 10:00;71;71,01;70,96;71
08/11/2023 09:30;70,96;71,09;70,96;71,01
08/11/2023 09:00;70,78;71,39;70,58;70,96
07/11/2023 17:05;70,62;70,72;70,52;70,68
07/11/2023 16:00;70,79;70,9;70,62;70,64
07/11/2023 15:30;70,85;70,95;70,74;70,76
07/11/2023 15:00;70,86;70,93;70,68;70,83
07/11/2023 14:30;71,25;71,34;70,42;70,87
07/11/2023 14:00;71,56;71,64;71,24;71,24
07/11/2023 13:30;71,76;71,76;71,5;71,51
07/11/2023 13:00;71,98;72,07;71,64;71,77
07/11/2023 12:30;72,2;72,24;71,98;72,02
07/11/2023 12:00;72,13;72,24;72,1;72,23
07/11/2023 11:30;71,72;72,17;71,72;72,14
07/11/2023 11:00;71,66;71,74;71,64;71,68
07/11/2023 10:30;71,68;71,73;71,6;71,64
07/11/2023 10:00;71,6;71,75;71,54;71,7
07/11/2023 09:30;71,77;71,77;71,58;71,63
07/11/2023 09:00;71,46;72,01;71,46;71,7
06/11/2023 17:05;71,85;72,02;71,75;72,02
06/11/2023 16:00;71,92;71,94;71,68;71,91
06/11/2023 15:30;71,83;72,07;71,69;71,92
06/11/2023 15:00;71,92;71,95;71,81;71,82
06/11/2023 14:30;71,98;71,98;71,87;71,89
06/11/2023 14:00;71,87;71,98;71,84;71,98
06/11/2023 13:30;71,88;71,93;71,81;71,84
06/11/2023 13:00;72;72,02;71,84;71,84
06/11/2023 12:30;71,89;72,01;71,89;71,96
06/11/2023 12:00;71,87;71,95;71,76;71,89
06/11/2023 11:30;72,12;72,24;71,81;71,86
06/11/2023 11:00;71,86;72,13;71,83;72,12
06/11/2023 10:30;72,02;72,02;71,86;71,86
06/11/2023 10:00;72,07;72,18;71,95;71,98
06/11/2023 09:30;71,68;72,34;71,67;72,06
06/11/2023 09:00;70,81;71,7;70,81;71,7
03/11/2023 17:05;70,81;70,92;70,74;70,78
03/11/2023 16:00;70,94;71,02;70,78;70,81
03/11/2023 15:30;70,78;71,04;70,73;70,95
03/11/2023 15:00;70,81;70,85;70,75;70,75
03/11/2023 14:30;71,06;71,06;70,81;70,81
03/11/2023 14:00;71,17;71,27;70,99;71,07
03/11/2023 13:30;71,04;71,14;70,98;71,14
03/11/2023 13:00;71,12;71,18;70,99;71,04
03/11/2023 12:30;70,89;71,21;70,79;71,09
03/11/2023 12:00;70,74;70,98;70,73;70,88
03/11/2023 11:30;70,76;70,86;70,72;70,74
03/11/2023 11:00;70,67;70,91;70,62;70,75
03/11/2023 10:30;70,66;70,81;70,59;70,67
03/11/2023 10:00;70,79;70,82;70,65;70,66
03/11/2023 09:30;70,68;70,91;70,6;70,76
03/11/2023 09:00;70,51;70,82;70,42;70,69
01/11/2023 17:05;70,88;71,02;70,88;71,01
01/11/2023 16:00;71,04;71,09;70,88;70,91
01/11/2023 15:30;71,18;71,18;70,88;71,04
01/11/2023 15:00;71,33;71,4;71,12;71,18
01/11/2023 14:30;71,39;71,45;71,21;71,33
01/11/2023 14:00;71,48;71,51;71,24;71,41
01/11/2023 13:30;71,77;71,8;71,45;71,48
01/11/2023 13:00;71,72;71,83;71,71;71,74
01/11/2023 12:30;71,65;71,85;71,65;71,71
01/11/2023 12:00;71,68;71,83;71,46;71,65
01/11/2023 11:30;71,34;71,72;71,29;71,68
01/11/2023 11:00;71,15;71,48;71,05;71,33
01/11/2023 10:30;71,78;71,78;71,04;71,13
01/11/2023 10:00;71,87;71,92;71,78;71,79
01/11/2023 09:30;71,85;72,1;71,8;71,88
01/11/2023 09:00;71,73;71,92;71,59;71,85
31/10/2023 17:05;71,55;71,55;71;71,45
31/10/2023 16:00;71,81;71,84;71,45;71,46
31/10/2023 15:30;71,65;71,91;71,64;71,79
31/10/2023 15:00;71,63;71,73;71,51;71,65
31/10/2023 14:30;71,73;71,73;71,63;71,63
31/10/2023 14:00;71,72;71,85;71,71;71,73
31/10/2023 13:30;71,63;71,8;71,6;71,7
31/10/2023 13:00;71,63;71,74;71,61;71,64
31/10/2023 12:30;71,65;71,73;71,64;71,64
31/10/2023 12:00;71,77;72,01;71,59;71,68
31/10/2023 11:30;71,68;71,92;71,68;71,75
31/10/2023 11:00;71,72;71,84;71,58;71,73
31/10/2023 10:30;71,54;71,74;71,42;71,7
31/10/2023 10:00;71,39;71,65;71,34;71,53
31/10/2023 09:30;71,27;71,47;71,26;71,39
31/10/2023 09:00;71,35;71,53;71,09;71,28
30/10/2023 17:05;71,7;71,74;71,45;71,57
30/10/2023 16:00;71,52;71,91;71,39;71,75
30/10/2023 15:30;71,41;71,85;71,33;71,57
30/10/2023 15:00;70,92;71,52;70,86;71,37
30/10/2023 14:30;70,56;70,93;70,51;70,92
30/10/2023 14:00;70,45;70,56;70,41;70,56
30/10/2023 13:30;70,45;70,45;70,32;70,43
30/10/2023 13:00;70,46;70,6;70,39;70,46
30/10/2023 12:30;70,35;70,61;70,34;70,48
30/10/2023 12:00;70,4;70,4;70,21;70,38
30/10/2023 11:30;70,42;70,49;70,36;70,38
30/10/2023 11:00;70,38;70,51;70,35;70,42
30/10/2023 10:30;70,47;70,51;70,21;70,39
30/10/2023 10:00;70,58;70,58;70,4;70,49
30/10/2023 09:30;70,56;70,67;70,53;70,56
30/10/2023 09:00;70,79;70,88;70,52;70,56
27/10/2023 17:05;71,01;71,07;70,84;71,07
27/10/2023 16:00;70,79;71,09;70,74;71,02
27/10/2023 15:30;70,42;71,04;70,42;70,79
27/10/2023 15:00;70,33;70,69;70,33;70,39
27/10/2023 14:30;70,28;70,39;70,26;70,32
27/10/2023 14:00;70,15;70,3;70,15;70,27
27/10/2023 13:30;70,29;70,38;70,09;70,14
27/10/2023 13:00;70,23;70,33;70,2;70,3
27/10/2023 12:30;70,07;70,41;70,07;70,23
27/10/2023 12:00;70;70,07;69,99;70,06
27/10/2023 11:30;70;70,05;69,99;70,03
27/10/2023 11:00;70,03;70,07;69,96;70,01
27/10/2023 10:30;69,95;70,1;69,92;70,03
27/10/2023 10:00;70,02;70,06;69,93;69,95
27/10/2023 09:30;70,03;70,07;69,94;70,02
27/10/2023 09:00;69,94;70,2;69,83;70,07
26/10/2023 17:05;70,05;70,13;69,92;70,03
26/10/2023 16:00;70,06;70,17;69,92;70,03
26/10/2023 15:30;70,01;70,08;69,95;70,03
26/10/2023 15:00;69,93;70,07;69,92;70,03
26/10/2023 14:30;70;70,02;69,92;69,93
26/10/2023 14:00;69,95;69,99;69,8;69,95
26/10/2023 13:30;70,23;70,23;69,92;69,96
26/10/2023 13:00;70,34;70,4;70,23;70,23
26/10/2023 12:30;70,38;70,38;70,21;70,34
26/10/2023 12:00;70,45;70,52;70,39;70,39
26/10/2023 11:30;70,38;70,51;70,28;70,46
26/10/2023 11:00;70,53;70,55;70,28;70,38
26/10/2023 10:30;70,48;70,61;70,4;70,53
26/10/2023 10:00;70,59;70,71;70,45;70,47
26/10/2023 09:30;70,47;70,74;70,47;70,58
26/10/2023 09:00;69,92;70,55;69,83;70,45
25/10/2023 17:05;70,03;70,05;69,88;69,92
25/10/2023 16:00;69,86;70,12;69,8;70,08
25/10/2023 15:30;69,89;69,97;69,79;69,9
25/10/2023 15:00;69,68;70,15;69,68;69,87
25/10/2023 14:30;69,64;69,74;69,59;69,69
25/10/2023 14:00;69,61;69,69;69,57;69,64
25/10/2023 13:30;69,67;69,7;69,56;69,6
25/10/2023 13:00;69,66;69,84;69,62;69,66
25/10/2023 12:30;69,72;69,74;69,62;69,66
25/10/2023 12:00;69,66;69,89;69,62;69,73
25/10/2023 11:30;69,57;69,67;69,51;69,66
25/10/2023 11:00;69,63;69,69;69,47;69,57
25/10/2023 10:30;69,69;69,75;69,4;69,61
25/10/2023 10:00;69,79;69,81;69,68;69,69
25/10/2023 09:30;69,72;69,84;69,68;69,8
25/10/2023 09:00;69,68;69,97;69,68;69,74
24/10/2023 17:05;69,8;70,12;69,74;69,87
24/10/2023 16:00;69,79;69,86;69,68;69,8
24/10/2023 15:30;69,77;69,81;69,68;69,8
24/10/2023 15:00;69,96;69,99;69,76;69,76
24/10/2023 14:30;69,95;70,03;69,88;69,97
24/10/2023 14:00;70,21;70,28;69,93;69,97
24/10/2023 13:30;70,26;70,35;70,2;70,21
24/10/2023 13:00;70,22;70,34;70,19;70,26
24/10/2023 12:30;70,13;70,29;70,1;70,21
24/10/2023 12:00;70,12;70,15;70,05;70,1
24/10/2023 11:30;70,08;70,15;70,01;70,12
24/10/2023 11:00;70,46;70,51;69,89;70,06
24/10/2023 10:30;70,59;70,62;70,34;70,45
24/10/2023 10:00;70,52;70,68;70,47;70,61
24/10/2023 09:30;70,58;70,62;70,48;70,55
24/10/2023 09:00;70,48;70,62;70,41;70,59
23/10/2023 17:05;70,72;70,8;70,65;70,72
23/10/2023 16:00;70,99;71;70,6;70,6
23/10/2023 15:30;70,56;71,19;70,53;71
23/10/2023 15:00;70,78;70,8;70,55;70,56
23/10/2023 14:30;70,72;70,86;70,67;70,74
23/10/2023 14:00;70,95;70,98;70,51;70,72
23/10/2023 13:30;70,87;71,01;70,84;70,94
23/10/2023 13:00;71,13;71,13;70,88;70,91
23/10/2023 12:30;71,07;71,14;71,02;71,12
23/10/2023 12:00;71,09;71,25;71,06;71,11
23/10/2023 11:30;71,11;71,2;71,02;71,08
23/10/2023 11:00;71,15;71,15;71,02;71,09
23/10/2023 10:30;71,04;71,26;70,98;71,14
23/10/2023 10:00;71,4;71,4;70,99;71,09
23/10/2023 09:30;71,45;71,5;71,32;71,41
23/10/2023 09:00;71,19;71,57;71,11;71,45
20/10/2023 17:05;71,37;71,5;71,22;71,39
20/10/2023 16:00;71,79;71,8;71,34;71,37
20/10/2023 15:30;71,73;71,8;71,71;71,77
20/10/2023 15:00;71,67;71,77;71,57;71,74
20/10/2023 14:30;71,78;71,8;71,67;71,67
20/10/2023 14:00;72,03;72,03;71,68;71,83
20/10/2023 13:30;71,94;72,21;71,9;72,06
20/10/2023 13:00;71,85;72;71,79;71,96
20/10/2023 12:30;71,91;71,93;71,72;71,83
20/10/2023 12:00;71,8;71,9;71,6;71,9
20/10/2023 11:30;71,86;72;71,79;71,8
20/10/2023 11:00;71,91;72,12;71,85;71,88
20/10/2023 10:30;71,7;72,06;71,66;71,9
20/10/2023 10:00;71,97;71,98;71,59;71,7
20/10/2023 09:30;72,2;72,2;71,99;71,99
20/10/2023 09:00;72,44;72,47;71,92;72,21
19/10/2023 17:05;72,06;72,44;72,05;72,39
19/10/2023 16:00;72,07;72,58;71,97;72,17
19/10/2023 15:30;72,03;72,08;71,88;72,08
19/10/2023 15:00;72,04;72,1;71,86;72
19/10/2023 14:30;71,22;72,36;71,17;72,03
19/10/2023 14:00;71,21;71,37;71,15;71,22
19/10/2023 13:30;71,04;71,22;71;71,2
19/10/2023 13:00;71,07;71,08;70,99;71,02
19/10/2023 12:30;71,17;71,17;71,05;71,11
19/10/2023 12:00;71,14;71,22;71,09;71,15
19/10/2023 11:30;71,09;71,17;71,01;71,12
19/10/2023 11:00;71,11;71,15;70,98;71,11
19/10/2023 10:30;70,94;71,33;70,92;71,09
19/10/2023 10:00;70,92;70,96;70,86;70,95
19/10/2023 09:30;70,96;70,98;70,89;70,93
19/10/2023 09:00;70,88;71,05;70,81;70,99
18/10/2023 17:05;71,28;71,51;71,22;71,51
18/10/2023 16:00;71,39;71,42;71,17;71,27
18/10/2023 15:30;71,45;71,46;71,31;71,38
18/10/2023 15:00;71,18;71,46;71,06;71,44
18/10/2023 14:30;71,13;71,27;71,06;71,19
18/10/2023 14:00;71,08;71,13;71;71,13
18/10/2023 13:30;71,26;71,32;70,98;71,07
18/10/2023 13:00;71,34;71,35;71,25;71,26
18/10/2023 12:30;71,25;71,46;71,25;71,37
18/10/2023 12:00;71,2;71,32;71,2;71,29
18/10/2023 11:30;71,26;71,34;71,12;71,21
18/10/2023 11:00;71,44;71,54;71,19;71,26
18/10/2023 10:30;71,06;71,55;70,95;71,42
18/10/2023 10:00;70,98;71,12;70,88;71,02
18/10/2023 09:30;71,02;71,04;70,74;70,98
18/10/2023 09:00;71,27;71,65;70,87;71,02
17/10/2023 17:05;71,51;71,86;71,39;71,59
17/10/2023 16:00;71,25;71,74;71,14;71,37
17/10/2023 15:30;72,3;72,3;71,21;71,26
17/10/2023 15:00;72,26;72,33;72,18;72,3
17/10/2023 14:30;72,32;72,36;72,16;72,24
17/10/2023 14:00;72,46;72,49;72,21;72,29
17/10/2023 13:30;72,57;72,62;72,42;72,45
17/10/2023 13:00;72,53;72,58;72,49;72,57
17/10/2023 12:30;72,46;72,54;72,42;72,52
17/10/2023 12:00;72,46;72,5;72,39;72,45
17/10/2023 11:30;72,51;72,54;72,16;72,45
17/10/2023 11:00;72,54;72,59;72,47;72,51
17/10/2023 10:30;72,44;72,6;72,39;72,58
17/10/2023 10:00;72,37;72,45;72,3;72,39
17/10/2023 09:30;72,27;72,43;72,25;72,36
17/10/2023 09:00;72,24;72,56;72,24;72,27
16/10/2023 17:05;72,85;72,86;72,69;72,72
16/10/2023 16:00;72,92;73,05;72,89;72,98
16/10/2023 15:30;72,96;72,97;72,86;72,92
16/10/2023 15:00;73,08;73,08;72,83;72,95
16/10/2023 14:30;73;73,03;72,97;73
16/10/2023 14:00;73,03;73,03;72,92;73
16/10/2023 13:30;73,23;73,26;72,99;73,03
16/10/2023 13:00;73,12;73,23;73,08;73,23
16/10/2023 12:30;72,98;73,2;72,98;73,12
16/10/2023 12:00;72,9;73;72,8;72,97
16/10/2023 11:30;72,92;73,05;72,87;72,92
16/10/2023 11:00;72,99;72,99;72,8;72,9
16/10/2023 10:30;72,91;73,03;72,8;72,97
16/10/2023 10:00;73,16;73,41;72,82;72,9
16/10/2023 09:30;72,78;73,18;72,77;73,16
16/10/2023 09:00;72,96;73,28;72,63;72,83
13/10/2023 17:05;73,32;73,45;73,16;73,28
13/10/2023 16:00;73,38;73,45;73,18;73,28
13/10/2023 15:30;73,37;73,45;73,31;73,37
13/10/2023 15:00;73,32;73,43;73,3;73,39
13/10/2023 14:30;73,36;73,45;73,25;73,33
13/10/2023 14:00;73,42;73,45;73,26;73,39
13/10/2023 13:30;73,31;73,49;73,22;73,39
13/10/2023 13:00;73,33;73,39;73,23;73,33
13/10/2023 12:30;73,28;73,45;73,26;73,32
13/10/2023 12:00;73,3;73,54;73,22;73,24
13/10/2023 11:30;73,25;73,39;72,98;73,33
13/10/2023 11:00;73,45;73,54;73,26;73,26
13/10/2023 10:30;73,61;73,68;73,22;73,46
13/10/2023 10:00;73,61;73,68;73,49;73,58
13/10/2023 09:30;73,81;73,92;73,31;73,65
13/10/2023 09:00;72,96;74,02;72,8;73,78
11/10/2023 17:05;72,27;72,43;72,2;72,39
11/10/2023 16:00;72,26;72,45;72,2;72,31
11/10/2023 15:30;72,16;72,31;72,03;72,27
11/10/2023 15:00;72,2;72,26;72,11;72,16
11/10/2023 14:30;72,1;72,21;72,1;72,18
11/10/2023 14:00;72;72,13;71,94;72,12
11/10/2023 13:30;72,04;72,04;71,93;72
11/10/2023 13:00;72,11;72,25;72,03;72,04
11/10/2023 12:30;71,97;72,1;71,92;72,1
11/10/2023 12:00;72,08;72,12;71,92;71,97
11/10/2023 11:30;71,87;72,13;71,85;72,06
11/10/2023 11:00;71,97;72,19;71,86;71,91
11/10/2023 10:30;71,86;72,08;71,75;71,97
11/10/2023 10:00;71,57;71,85;71,52;71,85
11/10/2023 09:30;71,63;71,65;71,45;71,55
11/10/2023 09:00;71,92;71,92;71,55;71,63
10/10/2023 17:05;71,15;71,64;71,14;71,22
10/10/2023 16:00;71,17;71,37;71,14;71,31
10/10/2023 15:30;71,27;71,32;71,11;71,14
10/10/2023 15:00;71,18;71,52;71,18;71,29
10/10/2023 14:30;71,22;71,27;71,06;71,19
10/10/2023 14:00;71,18;71,31;71,15;71,22
10/10/2023 13:30;71,09;71,25;71,08;71,17
10/10/2023 13:00;71,05;71,13;70,95;71,12
10/10/2023 12:30;71,37;71,41;70,86;70,99
10/10/2023 12:00;71,27;71,44;71,21;71,34
10/10/2023 11:30;71,26;71,32;71,09;71,25
10/10/2023 11:00;71,55;71,55;71,25;71,26
10/10/2023 10:30;71,48;71,59;71,21;71,53
10/10/2023 10:00;71,54;71,58;70,99;71,53
10/10/2023 09:30;71,86;71,96;71,47;71,51
10/10/2023 09:00;71,96;72,08;71,7;71,86
09/10/2023 17:05;72,24;72,27;71,98;72,04
09/10/2023 16:00;72,03;72,32;71,86;72,19
09/10/2023 15:30;72,16;72,16;71,92;72
09/10/2023 15:00;72,21;72,25;72,13;72,16
09/10/2023 14:30;72,21;72,43;72,11;72,24
09/10/2023 14:00;72,14;72,26;72,14;72,21
09/10/2023 13:30;72,13;72,2;72,08;72,12
09/10/2023 13:00;72,25;72,26;72,1;72,11
09/10/2023 12:30;72,06;72,27;72,05;72,27
09/10/2023 12:00;72,2;72,24;71,9;72,04
09/10/2023 11:30;72,01;72,24;71,99;72,18
09/10/2023 11:00;71,94;72,14;71,88;71,99
09/10/2023 10:30;72,56;72,62;71,87;71,96
09/10/2023 10:00;72,42;72,59;72,37;72,58
09/10/2023 09:30;71,99;72,54;71,94;72,42
09/10/2023 09:00;72,04;72,14;71,83;71,97
06/10/2023 17:05;71,52;71,68;71,51;71,68
06/10/2023 16:00;71,68;71,68;71,47;71,53
06/10/2023 15:30;71,7;71,73;71,42;71,68
06/10/2023 15:00;71,65;71,77;71,42;71,68
06/10/2023 14:30;71,66;71,71;71,63;71,66
06/10/2023 14:00;71,8;71,91;71,63;71,66
06/10/2023 13:30;71,84;71,87;71,51;71,79
06/10/2023 13:00;71,68;71,92;71,65;71,84
06/10/2023 12:30;71,79;71,86;71,63;71,68
06/10/2023 12:00;71,75;71,81;71,57;71,81
06/10/2023 11:30;72,25;72,25;71,71;71,75
06/10/2023 11:00;71,8;72,45;71,71;72,23
06/10/2023 10:30;71,98;72,01;71,72;71,81
06/10/2023 10:00;71,88;71,98;71,77;71,97
06/10/2023 09:30;71,61;72,16;71,61;71,85
06/10/2023 09:00;71,86;71,86;71,27;71,6
05/10/2023 17:05;71,71;71,86;71,63;71,68
05/10/2023 16:00;71,84;71,85;71,64;71,71
05/10/2023 15:30;71,68;71,92;71,64;71,86
05/10/2023 15:00;71,54;71,68;71,48;71,68
05/10/2023 14:30;71,59;71,68;71,51;71,55
05/10/2023 14:00;71,42;71,73;71,34;71,59
05/10/2023 13:30;71,27;71,55;71,27;71,44
05/10/2023 13:00;71,14;71,33;70,98;71,27
05/10/2023 12:30;70,74;71,29;70,72;71,17
05/10/2023 12:00;70,76;70,86;70,68;70,73
05/10/2023 11:30;70,66;70,8;70,61;70,8
05/10/2023 11:00;70,46;70,62;70,46;70,62
05/10/2023 10:30;70,32;70,52;70,28;70,49
05/10/2023 10:00;70,39;70,41;70,17;70,34
05/10/2023 09:30;70,62;70,66;70,32;70,39
05/10/2023 09:00;70,74;71,17;70,52;70,61
04/10/2023 17:05;70,74;70,89;70,58;70,62
04/10/2023 16:00;70,38;70,74;70,3;70,74
04/10/2023 15:30;70,32;70,39;70,22;70,38
04/10/2023 15:00;70,61;70,61;70,26;70,3
04/10/2023 14:30;70,61;70,73;70,59;70,62
04/10/2023 14:00;70,47;70,72;70,45;70,61
04/10/2023 13:30;70,19;70,93;70,17;70,45
04/10/2023 13:00;70,19;70,23;70,1;70,19
04/10/2023 12:30;70,13;70,22;70,06;70,17
04/10/2023 12:00;70,23;70,23;70,09;70,14
04/10/2023 11:30;70,13;70,29;70,09;70,22
04/10/2023 11:00;70;70,25;69,97;70,13
04/10/2023 10:30;70,19;70,19;69,93;70,01
04/10/2023 10:00;70,14;70,19;69,94;70,17
04/10/2023 09:30;70,35;70,35;70,06;70,15
04/10/2023 09:00;70,32;70,63;70,23;70,35
03/10/2023 17:05;70,62;70,95;70,53;70,92
03/10/2023 16:00;70,39;70,51;70,32;70,51
03/10/2023 15:30;70,42;70,51;70,4;70,43
03/10/2023 15:00;70,36;70,45;70,29;70,42
03/10/2023 14:30;70,49;70,51;70,33;70,36
03/10/2023 14:00;70,42;70,51;70,38;70,49
03/10/2023 13:30;70,36;70,43;70,33;70,42
03/10/2023 13:00;70,32;70,42;70,19;70,36
03/10/2023 12:30;70,29;70,38;70,27;70,32
03/10/2023 12:00;70,27;70,45;70,21;70,32
03/10/2023 11:30;70,19;70,33;70,15;70,29
03/10/2023 11:00;69,88;70,25;69,81;70,2
03/10/2023 10:30;70,2;70,21;69,82;69,82
03/10/2023 10:00;70,08;70,22;69,8;70,2
03/10/2023 09:30;70,1;70,26;70,06;70,09
03/10/2023 09:00;70,01;70,51;69,94;70,14
02/10/2023 17:05;69,96;70,12;69,86;70,1
02/10/2023 16:00;69,89;70,06;69,79;69,97
02/10/2023 15:30;69,77;69,93;69,75;69,9
02/10/2023 15:00;69,75;69,88;69,74;69,77
02/10/2023 14:30;69,81;69,84;69,75;69,77
02/10/2023 14:00;69,68;69,87;69,62;69,81
02/10/2023 13:30;69,56;69,68;69,51;69,66
02/10/2023 13:00;69,59;69,68;69,55;69,59
02/10/2023 12:30;69,43;69,68;69,4;69,61
02/10/2023 12:00;69,43;69,5;69,35;69,42
02/10/2023 11:30;69,36;69,5;69,35;69,43
02/10/2023 11:00;69,28;69,38;69,26;69,36
02/10/2023 10:30;69,07;69,29;69,05;69,27
02/10/2023 10:00;69,14;69,3;69,02;69,03
02/10/2023 09:30;69,17;69,21;69,05;69,14
02/10/2023 09:00;69,03;69,51;69,01;69,17
29/09/2023 17:05;68,81;68,85;68,56;68,74
29/09/2023 16:00;68,62;68,83;68,62;68,81
29/09/2023 15:30;68,43;68,78;68,42;68,61
29/09/2023 15:00;68,38;68,56;68,34;68,43
29/09/2023 14:30;68,39;68,44;68,34;68,39
29/09/2023 14:00;68,38;68,48;68,3;68,38
29/09/2023 13:30;68,41;68,45;68,28;68,37
29/09/2023 13:00;68,57;68,8;68,21;68,43
29/09/2023 12:30;68,51;68,57;68,38;68,57
29/09/2023 12:00;68,61;68,62;68,44;68,5
29/09/2023 11:30;68,77;68,77;68,51;68,6
29/09/2023 11:00;68,7;68,8;68,64;68,77
29/09/2023 10:30;68,84;68,91;68,51;68,69
29/09/2023 10:00;68,74;68,89;68,7;68,82
29/09/2023 09:30;68,98;68,98;68,64;68,72
29/09/2023 09:00;68,97;69,02;68,63;69,01
28/09/2023 17:05;69,04;69,11;68,91;69,02
28/09/2023 16:00;69,03;69,16;68,97;69,05
28/09/2023 15:30;69,08;69,28;69,01;69,04
28/09/2023 15:00;68,89;69,22;68,75;69,08
28/09/2023 14:30;68,67;68,89;68,63;68,85
28/09/2023 14:00;68,69;68,78;68,63;68,65
28/09/2023 13:30;68,61;68,69;68,61;68,68
28/09/2023 13:00;68,45;68,71;68,43;68,6
28/09/2023 12:30;68,62;68,7;68,38;68,48
28/09/2023 12:00;68,69;68,74;68,56;68,62
28/09/2023 11:30;68,64;68,78;68,64;68,71
28/09/2023 11:00;68,9;68,97;68,6;68,65
28/09/2023 10:30;68,54;69;68,5;68,91
28/09/2023 10:00;68,48;68,55;68,35;68,54
28/09/2023 09:30;68,55;68,57;68,3;68,49
28/09/2023 09:00;68,77;68,9;68,21;68,55
27/09/2023 17:05;69,02;69,07;68,88;68,96
27/09/2023 16:00;68,96;68,97;68,74;68,84
27/09/2023 15:30;69,17;69,24;68,75;68,96
27/09/2023 15:00;69,07;69,22;68,84;69,18
27/09/2023 14:30;69,08;69,18;69;69,09
27/09/2023 14:00;69,1;69,13;69;69,09
27/09/2023 13:30;68,95;69,24;68,93;69,1
27/09/2023 13:00;68,63;68,96;68,6;68,96
27/09/2023 12:30;68,67;68,68;68,61;68,64
27/09/2023 12:00;68,85;68,89;68,51;68,67
27/09/2023 11:30;68,7;68,84;68,68;68,84
27/09/2023 11:00;68,56;68,78;68,54;68,71
27/09/2023 10:30;68,44;68,67;68,35;68,58
27/09/2023 10:00;68,62;68,68;68,3;68,43
27/09/2023 09:30;68,69;68,74;68,56;68,56
27/09/2023 09:00;68,16;68,94;68,14;68,7
26/09/2023 17:05;68,09;68,09;67,9;68,01
26/09/2023 16:00;68,23;68,26;68,06;68,08
26/09/2023 15:30;68,24;68,26;68,21;68,24
26/09/2023 15:00;68,25;68,26;68,12;68,22
26/09/2023 14:30;68,22;68,45;68,19;68,25
26/09/2023 14:00;68,06;68,23;68,05;68,22
26/09/2023 13:30;67,98;68,1;67,85;68,05
26/09/2023 13:00;68,12;68,24;67,85;67,99
26/09/2023 12:30;68,11;68,15;68,03;68,12
26/09/2023 12:00;67,91;68,15;67,83;68,11
26/09/2023 11:30;68,02;68,05;67,91;67,91
26/09/2023 11:00;68,12;68,12;67,91;68,03
26/09/2023 10:30;68,09;68,26;68,04;68,1
26/09/2023 10:00;68,14;68,19;67,95;68,09
26/09/2023 09:30;68,24;68,25;68,06;68,12
26/09/2023 09:00;68,61;68,63;68,16;68,24
25/09/2023 17:05;68,37;68,38;68,12;68,26
25/09/2023 16:00;68,23;68,51;68,21;68,44
25/09/2023 15:30;68,12;68,42;68,12;68,26
25/09/2023 15:00;68,11;68,15;67,91;68,12
25/09/2023 14:30;67,59;68,23;67,59;68,12
25/09/2023 14:00;67,7;67,72;67,53;67,59
25/09/2023 13:30;67,59;67,78;67,57;67,7
25/09/2023 13:00;67,52;67,6;67,49;67,59
25/09/2023 12:30;67,58;67,58;67,46;67,5
25/09/2023 12:00;67,42;67,69;67,42;67,58
25/09/2023 11:30;67,51;67,51;67,26;67,43
25/09/2023 11:00;67,52;67,53;67,42;67,51
25/09/2023 10:30;67,55;67,65;67,44;67,51
25/09/2023 10:00;67,42;67,72;67,42;67,55
25/09/2023 09:30;67,3;67,55;67,3;67,43
25/09/2023 09:00;67,22;67,42;67,16;67,29
22/09/2023 17:05;67,09;67,19;66,97;66,97
22/09/2023 16:00;66,89;67,2;66,85;67,09
22/09/2023 15:30;66,94;67,07;66,91;66,91
22/09/2023 15:00;67,02;67,06;66,85;66,93
22/09/2023 14:30;67;67,12;66,98;66,99
22/09/2023 14:00;66,86;67,03;66,8;66,99
22/09/2023 13:30;66,98;67,02;66,83;66,85
22/09/2023 13:00;66,99;67,04;66,97;66,97
22/09/2023 12:30;66,92;67;66,91;66,98
22/09/2023 12:00;66,92;66,96;66,87;66,91
22/09/2023 11:30;66,87;66,92;66,86;66,92
22/09/2023 11:00;67,04;67,06;66,87;66,89
22/09/2023 10:30;66,91;67,07;66,89;67,05
22/09/2023 10:00;66,96;67;66,87;66,9
22/09/2023 09:30;66,87;66,99;66,79;66,97
22/09/2023 09:00;66,85;67,04;66,71;66,91
21/09/2023 17:05;66,85;66,9;66,56;66,89
21/09/2023 16:00;67,06;67,1;66,85;66,89
21/09/2023 15:30;67,12;67,16;67,03;67,04
21/09/2023 15:00;67,12;67,17;67,09;67,11
21/09/2023 14:30;67,03;67,22;67;67,14
21/09/2023 14:00;66,99;67,07;66,98;67,03
21/09/2023 13:30;66,98;67,03;66,97;67
21/09/2023 13:00;67,11;67,13;66,97;66,98
21/09/2023 12:30;67,19;67,19;67,09;67,12
21/09/2023 12:00;67,31;67,38;67,17;67,18
21/09/2023 11:30;67,16;67,31;67,13;67,31
21/09/2023 11:00;67,13;67,2;67,1;67,2
21/09/2023 10:30;67,17;67,17;67,09;67,13
21/09/2023 10:00;67,12;67,19;67,04;67,19
21/09/2023 09:30;66,94;67,14;66,86;67,12
21/09/2023 09:00;67,32;67,49;66,89;66,91
20/09/2023 17:05;67,42;67,58;67,39;67,56
20/09/2023 16:00;67,22;67,49;67,2;67,38
20/09/2023 15:30;67,36;67,38;67,2;67,22
20/09/2023 15:00;67,35;67,46;67,31;67,35
20/09/2023 14:30;67,35;67,36;67,29;67,32
20/09/2023 14:00;67,3;67,4;67,26;67,33
20/09/2023 13:30;67,32;67,43;67,23;67,3
20/09/2023 13:00;67,24;67,36;67,2;67,32
20/09/2023 12:30;67,22;67,27;67,2;67,24
20/09/2023 12:00;67,27;67,31;67,14;67,25
20/09/2023 11:30;67,14;67,37;67,12;67,27
20/09/2023 11:00;67,18;67,2;67,11;67,17
20/09/2023 10:30;67,36;67,39;67,03;67,2
20/09/2023 10:00;67,32;67,36;67,31;67,36
20/09/2023 09:30;67,24;67,45;67,24;67,33
20/09/2023 09:00;67,44;67,57;67,16;67,24
19/09/2023 17:05;67,31;67,4;67,03;67,09
19/09/2023 16:00;67,56;67,64;67,2;67,24
19/09/2023 15:30;67,26;67,84;67,26;67,53
19/09/2023 15:00;67,38;67,47;67,16;67,26
19/09/2023 14:30;67,11;67,52;67,05;67,38
19/09/2023 14:00;66,93;67,44;66,93;67,13
19/09/2023 13:30;66,97;66,97;66,86;66,93
19/09/2023 13:00;66,93;66,98;66,86;66,96
19/09/2023 12:30;66,86;67,02;66,85;66,94
19/09/2023 12:00;66,84;66,86;66,78;66,83
19/09/2023 11:30;66,76;66,92;66,61;66,84
19/09/2023 11:00;66,92;66,93;66,73;66,74
19/09/2023 10:30;66,99;67,13;66,89;66,93
19/09/2023 10:00;66,76;67,03;66,73;67,02
19/09/2023 09:30;67,27;67,27;66,47;66,79
19/09/2023 09:00;67,42;67,66;66,99;67,3
18/09/2023 17:05;67,58;67,62;67,32;67,42
18/09/2023 16:00;67,88;67,92;67,62;67,68
18/09/2023 15:30;67,85;67,92;67,82;67,88
18/09/2023 15:00;67,83;67,89;67,82;67,88
18/09/2023 14:30;67,93;67,93;67,82;67,83
18/09/2023 14:00;67,86;67,97;67,83;67,93
18/09/2023 13:30;67,85;67,89;67,82;67,89
18/09/2023 13:00;67,86;67,9;67,82;67,83
18/09/2023 12:30;67,88;67,91;67,88;67,88
18/09/2023 12:00;67,91;67,95;67,82;67,89
18/09/2023 11:30;67,88;67,96;67,82;67,91
18/09/2023 11:00;67,83;67,91;67,82;67,85
18/09/2023 10:30;68,21;68,21;67,69;67,83
18/09/2023 10:00;68,24;68,5;68,18;68,19
18/09/2023 09:30;68,26;68,38;68,23;68,23
18/09/2023 09:00;68,5;68,81;68,15;68,22
15/09/2023 17:05;68,61;68,74;68,5;68,68
15/09/2023 16:00;68,44;68,62;68,22;68,58
15/09/2023 15:30;68,12;68,68;68,06;68,42
15/09/2023 15:00;67,97;68,17;67,97;68,11
15/09/2023 14:30;67,76;67,97;67,69;67,97
15/09/2023 14:00;67,73;67,78;67,71;67,76
15/09/2023 13:30;67,77;67,83;67,71;67,72
15/09/2023 13:00;67,57;67,83;67,57;67,77
15/09/2023 12:30;67,56;67,68;67,51;67,55
15/09/2023 12:00;67,72;67,73;67,42;67,56
15/09/2023 11:30;67,81;67,85;67,69;67,72
15/09/2023 11:00;67,84;67,92;67,84;67,85
15/09/2023 10:30;67,76;67,9;67,65;67,86
15/09/2023 10:00;67,81;68,01;67,73;67,76
15/09/2023 09:30;67,75;67,89;67,63;67,82
15/09/2023 09:00;67,95;68,23;67,56;67,75
14/09/2023 17:05;67,76;67,95;67,75;67,91
14/09/2023 16:00;67,69;67,7;67,47;67,68
14/09/2023 15:30;67,25;67,79;67,25;67,69
14/09/2023 15:00;67,36;67,37;67,22;67,25
14/09/2023 14:30;67,26;67,38;67,26;67,33
14/09/2023 14:00;67,27;67,38;67,26;67,27
14/09/2023 13:30;67,36;67,36;67,22;67,27
14/09/2023 13:00;67,29;67,38;67,22;67,37
14/09/2023 12:30;67,31;67,31;67,27;67,3
14/09/2023 12:00;67,29;67,32;67,26;67,31
14/09/2023 11:30;67,29;67,3;67,25;67,29
14/09/2023 11:00;67,32;67,33;67,27;67,29
14/09/2023 10:30;67,32;67,4;67,3;67,33
14/09/2023 10:00;67,32;67,6;67,32;67,33
14/09/2023 09:30;67,29;67,38;67,26;67,32
14/09/2023 09:00;67,46;67,65;67,11;67,27
13/09/2023 17:05;67,27;67,79;67,09;67,65
13/09/2023 16:00;67,27;67,32;67,23;67,27
13/09/2023 15:30;67,29;67,35;67,24;67,26
13/09/2023 15:00;67,26;67,46;67,2;67,26
13/09/2023 14:30;67,29;67,35;67,23;67,26
13/09/2023 14:00;67,33;67,38;67,26;67,26
13/09/2023 13:30;67,33;67,44;67,32;67,33
13/09/2023 13:00;67,27;67,43;67,26;67,32
13/09/2023 12:30;67,27;67,29;67,24;67,26
13/09/2023 12:00;67,32;67,38;67,23;67,27
13/09/2023 11:30;67,26;67,33;67,25;67,3
13/09/2023 11:00;67,47;67,47;67,2;67,31
13/09/2023 10:30;67,6;67,73;67,36;67,51
13/09/2023 10:00;67,5;67,72;67,5;67,6
13/09/2023 09:30;67,43;67,66;67,33;67,53
13/09/2023 09:00;67,3;67,58;67,03;67,44
12/09/2023 17:05;67,39;67,5;67,26;67,5
12/09/2023 16:00;67,5;67,6;67,39;67,5
12/09/2023 15:30;67,54;67,55;67,45;67,5
12/09/2023 15:00;67,51;67,67;67,42;67,49
12/09/2023 14:30;67,33;67,8;67,31;67,51
12/09/2023 14:00;67,18;67,31;67,11;67,28
12/09/2023 13:30;67,1;67,33;67,07;67,24
12/09/2023 13:00;67,13;67,21;67;67,08
12/09/2023 12:30;67,28;67,37;67,11;67,29
12/09/2023 12:00;67,15;67,3;67,07;67,28
12/09/2023 11:30;67,03;67,16;67;67,14
12/09/2023 11:00;67,07;67,13;67;67,03
12/09/2023 10:30;67,16;67,19;67,03;67,08
12/09/2023 10:00;67,29;67,36;66,84;67,18
12/09/2023 09:30;67,47;67,47;67,19;67,24
12/09/2023 09:00;67,75;67,76;67,33;67,47
11/09/2023 17:05;68,12;68,4;67,87;68,24
11/09/2023 16:00;68,06;68,12;68,01;68,12
11/09/2023 15:30;68,11;68,11;68,03;68,06
11/09/2023 15:00;68,08;68,11;67,93;68,11
11/09/2023 14:30;67,94;68,11;67,93;68,08
11/09/2023 14:00;67,87;67,99;67,87;67,97
11/09/2023 13:30;67,77;67,87;67,75;67,87
11/09/2023 13:00;67,75;67,82;67,72;67,81
11/09/2023 12:30;67,72;67,75;67,68;67,75
11/09/2023 12:00;67,51;67,75;67,42;67,72
11/09/2023 11:30;67,77;67,8;67,34;67,5
11/09/2023 11:00;67,85;67,86;67,71;67,76
11/09/2023 10:30;67,72;67,87;67,68;67,82
11/09/2023 10:00;67,6;67,75;67,54;67,73
11/09/2023 09:30;67,71;67,75;67,51;67,62
11/09/2023 09:00;67,85;67,97;67,62;67,71
08/09/2023 17:05;67,56;67,57;67,26;67,5
08/09/2023 16:00;67,92;67,92;67,56;67,56
08/09/2023 15:30;67,92;68,01;67,82;67,93
08/09/2023 15:00;67,93;67,93;67,87;67,93
08/09/2023 14:30;67,91;67,93;67,77;67,93
08/09/2023 14:00;67,93;67,93;67,83;67,92
08/09/2023 13:30;67,96;68,06;67,85;67,93
08/09/2023 13:00;67,86;67,99;67,81;67,94
08/09/2023 12:30;67,85;67,97;67,82;67,86
08/09/2023 12:00;67,8;67,92;67,73;67,85
08/09/2023 11:30;67,76;67,85;67,73;67,77
08/09/2023 11:00;67,72;67,86;67,6;67,75
08/09/2023 10:30;67,62;67,86;67,47;67,72
08/09/2023 10:00;67,71;67,72;67,47;67,63
08/09/2023 09:30;67,87;67,87;67,62;67,67
08/09/2023 09:00;67,56;68,03;67,56;67,88
06/09/2023 17:05;67,91;68,18;67,87;68,08
06/09/2023 16:00;68,07;68,11;67,99;68,04
06/09/2023 15:30;67,99;68,09;67,91;68,07
06/09/2023 15:00;68,04;68,09;67,96;67,99
06/09/2023 14:30;67,8;68,12;67,71;68,02
06/09/2023 14:00;67,49;67,81;67,44;67,77
06/09/2023 13:30;67,42;67,49;67,39;67,47
06/09/2023 13:00;67,24;67,49;67,24;67,41
06/09/2023 12:30;67,3;67,31;67,23;67,25
06/09/2023 12:00;67,18;67,31;67,16;67,3
06/09/2023 11:30;67,16;67,25;67,16;67,18
06/09/2023 11:00;67,24;67,31;67,09;67,16
06/09/2023 10:30;67,24;67,25;67,13;67,25
06/09/2023 10:00;67,23;67,25;67,05;67,25
06/09/2023 09:30;67,21;67,33;67,2;67,23
06/09/2023 09:00;67,19;67,37;67,08;67,21
05/09/2023 17:05;66,88;67;66,82;66,93
05/09/2023 16:00;66,84;66,88;66,76;66,88
05/09/2023 15:30;66,76;66,9;66,76;66,82
05/09/2023 15:00;66,45;66,76;66,45;66,76
05/09/2023 14:30;66,32;66,45;66,26;66,45
05/09/2023 14:00;66,37;66,38;66,27;66,3
05/09/2023 13:30;66,38;66,41;66,36;66,38
05/09/2023 13:00;66,32;66,38;66,31;66,38
05/09/2023 12:30;66,24;66,33;66,22;66,3
05/09/2023 12:00;66,24;66,35;66,19;66,24
05/09/2023 11:30;66,22;66,27;66,19;66,26
05/09/2023 11:00;66,21;66,28;66,2;66,22
05/09/2023 10:30;66,22;66,3;66,19;66,21
05/09/2023 10:00;66,15;66,31;66,1;66,25
05/09/2023 09:30;66,41;66,45;66,2;66,2
05/09/2023 09:00;66,26;66,45;66,2;66,42
04/09/2023 17:05;66,22;66,31;66,1;66,1
04/09/2023 16:00;66,17;66,32;66,16;66,22
04/09/2023 15:30;66,19;66,2;66,04;66,19
04/09/2023 15:00;66,14;66,25;66,11;66,17
04/09/2023 14:30;66,11;66,16;66,02;66,1
04/09/2023 14:00;66,19;66,35;66,12;66,12
04/09/2023 13:30;66,26;66,3;66,16;66,19
04/09/2023 13:00;66,24;66,26;66,21;66,25
04/09/2023 12:30;66,35;66,35;66,14;66,22
04/09/2023 12:00;66,22;66,38;66,21;66,38
04/09/2023 11:30;66,21;66,3;66,2;66,21
04/09/2023 11:00;66,12;66,35;66,12;66,24
04/09/2023 10:30;66,06;66,24;66,05;66,1
04/09/2023 10:00;66,07;66,15;66,05;66,07
04/09/2023 09:30;66,2;66,26;66,02;66,02
04/09/2023 09:00;66,3;66,51;66,05;66,21
01/09/2023 17:05;65,78;65,94;65,75;65,83
01/09/2023 16:00;65,95;65,96;65,79;65,89
01/09/2023 15:30;65,95;65,96;65,88;65,9
01/09/2023 15:00;65,96;65,96;65,86;65,91
01/09/2023 14:30;65,9;65,99;65,89;65,93
01/09/2023 14:00;65,95;65,96;65,89;65,95
01/09/2023 13:30;65,8;66;65,72;65,89
01/09/2023 13:00;65,79;65,88;65,73;65,81
01/09/2023 12:30;65,8;65,83;65,79;65,8
01/09/2023 12:00;65,75;65,85;65,64;65,79
01/09/2023 11:30;65,74;65,78;65,52;65,75
01/09/2023 11:00;65,74;65,86;65,7;65,74
01/09/2023 10:30;65,95;65,95;65,7;65,73
01/09/2023 10:00;65,98;66,01;65,95;65,96
01/09/2023 09:30;65,99;66,05;65,84;66,01
01/09/2023 09:00;66,01;66,22;65,91;65,95
31/08/2023 17:05;65,88;66,01;65,83;65,99
31/08/2023 16:00;65,79;65,89;65,76;65,83
31/08/2023 15:30;65,76;65,83;65,76;65,83
31/08/2023 15:00;65,89;65,93;65,76;65,78
31/08/2023 14:30;65,99;66,01;65,86;65,95
31/08/2023 14:00;65,95;66,05;65,93;66,01
31/08/2023 13:30;66,04;66,15;65,95;65,98
31/08/2023 13:00;66,07;66,17;66,04;66,11
31/08/2023 12:30;65,95;66,1;65,95;66,07
31/08/2023 12:00;65,86;66,04;65,85;65,95
31/08/2023 11:30;65,8;65,89;65,78;65,86
31/08/2023 11:00;65,72;65,83;65,7;65,83
31/08/2023 10:30;65,88;65,88;65,7;65,72
31/08/2023 10:00;65,83;65,91;65,81;65,89
31/08/2023 09:30;65,75;65,85;65,72;65,81
31/08/2023 09:00;66,24;66,3;65,7;65,76
30/08/2023 17:05;65,7;65,78;65,7;65,78
30/08/2023 16:00;65,74;65,76;65,69;65,7
30/08/2023 15:30;65,73;65,76;65,68;65,7
30/08/2023 15:00;65,81;65,81;65,68;65,7
30/08/2023 14:30;65,8;65,84;65,75;65,8
30/08/2023 14:00;65,81;65,85;65,74;65,79
30/08/2023 13:30;65,79;65,95;65,78;65,8
30/08/2023 13:00;65,78;65,86;65,78;65,84
30/08/2023 12:30;65,85;65,85;65,73;65,78
30/08/2023 12:00;65,73;65,94;65,72;65,89
30/08/2023 11:30;65,8;65,83;65,69;65,73
30/08/2023 11:00;65,98;65,99;65,79;65,84
30/08/2023 10:30;66;66,07;65,93;65,98
30/08/2023 10:00;66,33;66,36;65,8;66
30/08/2023 09:30;66,38;66,46;66,26;66,33
30/08/2023 09:00;66,42;66,45;66,16;66,36
29/08/2023 17:05;66,19;66,38;66,11;66,26
29/08/2023 16:00;66,45;66,47;65,95;66,22
29/08/2023 15:30;66,45;66,48;66,38;66,47
29/08/2023 15:00;66,69;66,69;66,38;66,48
29/08/2023 14:30;66,69;66,74;66,62;66,69
29/08/2023 14:00;66,63;66,71;66,62;66,71
29/08/2023 13:30;66,72;66,74;66,58;66,66
29/08/2023 13:00;66,64;66,71;66,63;66,71
29/08/2023 12:30;66,71;66,71;66,63;66,69
29/08/2023 12:00;66,71;66,79;66,69;66,71
29/08/2023 11:30;66,72;66,82;66,63;66,71
29/08/2023 11:00;66,71;66,82;66,63;66,82
29/08/2023 10:30;66,69;66,72;66,57;66,69
29/08/2023 10:00;66,58;66,76;66,51;66,69
29/08/2023 09:30;66,53;66,62;66,46;66,56
29/08/2023 09:00;66,76;66,8;66,46;66,54
28/08/2023 17:05;66,8;66,97;66,63;66,69
28/08/2023 16:00;66,94;67,13;66,78;66,82
28/08/2023 15:30;66,95;66,98;66,88;66,97
28/08/2023 15:00;66,88;67,02;66,88;66,94
28/08/2023 14:30;66,82;67,08;66,73;66,88
28/08/2023 14:00;66,58;66,88;66,53;66,82
28/08/2023 13:30;66,63;66,67;66,53;66,61
28/08/2023 13:00;66,63;66,69;66,57;66,66
28/08/2023 12:30;66,69;66,71;66,57;66,66
28/08/2023 12:00;66,68;66,71;66,63;66,68
28/08/2023 11:30;66,69;66,77;66,64;66,71
28/08/2023 11:00;66,83;66,87;66,69;66,69
28/08/2023 10:30;66,59;66,87;66,57;66,87
28/08/2023 10:00;66,72;66,74;66,54;66,62
28/08/2023 09:30;66,78;66,82;66,66;66,73
28/08/2023 09:00;66,8;66,88;66,63;66,8
25/08/2023 17:05;66,88;66,88;66,73;66,88
25/08/2023 16:00;67,07;67,19;67,04;67,11
25/08/2023 15:30;66,97;67,13;66,89;67,11
25/08/2023 15:00;66,98;67;66,88;66,97
25/08/2023 14:30;67,09;67,19;66,98;67
25/08/2023 14:00;66,97;67,07;66,97;67,07
25/08/2023 13:30;67,09;67,14;66,95;66,98
25/08/2023 13:00;67,07;67,11;67,02;67,09
25/08/2023 12:30;66,92;67,13;66,9;67,07
25/08/2023 12:00;66,9;66,99;66,88;66,9
25/08/2023 11:30;66,88;66,95;66,8;66,88
25/08/2023 11:00;66,76;67;66,76;66,88
25/08/2023 10:30;66,57;66,83;66,53;66,76
25/08/2023 10:00;66,53;66,59;66,51;66,59
25/08/2023 09:30;66,47;66,61;66,45;66,59
25/08/2023 09:00;66,58;66,64;66,2;66,62
24/08/2023 17:05;67,03;67,15;66,97;67,1
24/08/2023 16:00;66,82;67,07;66,79;66,94
24/08/2023 15:30;66,63;66,83;66,61;66,8
24/08/2023 15:00;66,9;66,9;66,62;66,62
24/08/2023 14:30;66,9;66,97;66,87;66,9
24/08/2023 14:00;66,98;67,05;66,85;66,94
24/08/2023 13:30;67,05;67,19;66,97;67,02
24/08/2023 13:00;67,04;67,11;67;67,07
24/08/2023 12:30;66,88;67,14;66,88;67,04
24/08/2023 12:00;66,58;66,88;66,58;66,88
24/08/2023 11:30;66,61;66,63;66,4;66,57
24/08/2023 11:00;66,62;66,66;66,5;66,61
24/08/2023 10:30;66,59;66,68;66,27;66,62
24/08/2023 10:00;66,48;66,63;66,36;66,61
24/08/2023 09:30;66,61;66,69;66,36;66,5
24/08/2023 09:00;66,68;66,88;66,4;66,64
23/08/2023 17:05;66,26;66,47;66,14;66,2
23/08/2023 16:00;66,28;66,47;66,27;66,3
23/08/2023 15:30;66,45;66,53;66,26;66,3
23/08/2023 15:00;66,57;66,79;66,37;66,45
23/08/2023 14:30;66,92;67;66,51;66,57
23/08/2023 14:00;66,31;66,97;66,26;66,92
23/08/2023 13:30;66,4;66,4;66,31;66,31
23/08/2023 13:00;66,26;66,46;66,17;66,4
23/08/2023 12:30;66,45;66,46;66;66,26
23/08/2023 12:00;66,51;66,57;66,46;66,46
23/08/2023 11:30;66,59;66,64;66,46;66,5
23/08/2023 11:00;66,61;66,64;66,57;66,62
23/08/2023 10:30;66,56;66,87;66,56;66,57
23/08/2023 10:00;66,56;66,59;66,43;66,56
23/08/2023 09:30;66,53;66,69;66,53;66,58
23/08/2023 09:00;66,61;67;66,32;66,48
22/08/2023 17:05;66,62;66,62;66,43;66,43
22/08/2023 16:00;66,59;66,73;66,51;66,69
22/08/2023 15:30;66,48;66,62;66,37;66,62
22/08/2023 15:00;65,86;66,67;65,86;66,51
22/08/2023 14:30;65,9;65,93;65,84;65,84
22/08/2023 14:00;65,89;65,95;65,89;65,9
22/08/2023 13:30;65,96;66;65,89;65,9
22/08/2023 13:00;65,85;65,99;65,83;65,96
22/08/2023 12:30;65,79;65,88;65,76;65,85
22/08/2023 12:00;65,91;65,91;65,75;65,79
22/08/2023 11:30;65,76;65,95;65,68;65,93
22/08/2023 11:00;66,05;66,09;65,73;65,74
22/08/2023 10:30;66,37;66,37;66,05;66,05
22/08/2023 10:00;66,33;66,43;66,21;66,38
22/08/2023 09:30;66,4;66,4;65,73;66,27
22/08/2023 09:00;66,35;66,5;66,06;66,4
21/08/2023 17:05;66,5;66,5;66,01;66,25
21/08/2023 16:00;66,25;66,33;66,15;66,26
21/08/2023 15:30;66,41;66,5;66,24;66,26
21/08/2023 15:00;66,47;66,47;66,17;66,41
21/08/2023 14:30;66,56;66,57;66,42;66,51
21/08/2023 14:00;66,53;66,67;66,4;66,58
21/08/2023 13:30;66,71;66,78;66,45;66,51
21/08/2023 13:00;66,98;67,08;66,63;66,73
21/08/2023 12:30;67,5;67,62;66,93;66,98
21/08/2023 12:00;67,62;67,67;67,16;67,5
21/08/2023 11:30;67,71;67,75;67,55;67,61
21/08/2023 11:00;67,85;67,89;67,62;67,72
21/08/2023 10:30;67,82;67,91;67,75;67,85
21/08/2023 10:00;67,78;67,97;67,71;67,8
21/08/2023 09:30;67,66;68,06;67,65;67,75
21/08/2023 09:00;67,66;67,81;67,3;67,65
18/08/2023 17:05;67,25;67,62;67,14;67,5
18/08/2023 16:00;67,23;67,4;67,08;67,3
18/08/2023 15:30;67,3;67,33;67,03;67,21
18/08/2023 15:00;67,3;67,41;67,24;67,29
18/08/2023 14:30;67,11;67,34;67,11;67,3
18/08/2023 14:00;67,07;67,29;66,97;67,14
18/08/2023 13:30;67,18;67,25;67,04;67,04
18/08/2023 13:00;67,23;67,25;67,03;67,13
18/08/2023 12:30;67,3;67,34;67,2;67,24
18/08/2023 12:00;67;67,36;66,95;67,26
18/08/2023 11:30;67,29;67,5;66,98;67
18/08/2023 11:00;66,9;67,36;66,9;67,3
18/08/2023 10:30;66,84;67;66,78;66,89
18/08/2023 10:00;66,67;66,88;66,53;66,83
18/08/2023 09:30;66,8;66,88;66,63;66,68
18/08/2023 09:00;66,84;67,13;66,73;66,85
17/08/2023 17:05;66,38;67,14;66,24;66,74
17/08/2023 16:00;66,33;66,48;66,28;66,45
17/08/2023 15:30;66,2;66,52;66,16;66,3
17/08/2023 15:00;66,02;66,17;65,83;66,17
17/08/2023 14:30;66,22;66,22;65,95;66,01
17/08/2023 14:00;66,15;66,3;66,15;66,22
17/08/2023 13:30;66,22;66,22;66,05;66,16
17/08/2023 13:00;66,22;66,33;66,15;66,24
17/08/2023 12:30;66,46;66,46;66,22;66,26
17/08/2023 12:00;66,32;66,59;66,26;66,46
17/08/2023 11:30;65,81;66,45;65,78;66,31
17/08/2023 11:00;65,62;65,99;65,6;65,81
17/08/2023 10:30;65,45;65,62;65,29;65,58
17/08/2023 10:00;65,42;65,49;65,36;65,43
17/08/2023 09:30;65,62;65,63;65,36;65,5
17/08/2023 09:00;65,45;65,68;65,27;65,6
16/08/2023 17:05;65,89;65,89;65,39;65,78
16/08/2023 16:00;65,76;65,88;65,7;65,8
16/08/2023 15:30;65,67;65,74;65,59;65,7
16/08/2023 15:00;65,74;65,84;65,64;65,65
16/08/2023 14:30;65,83;65,94;65,7;65,7
16/08/2023 14:00;65,73;66,09;65,73;65,83
16/08/2023 13:30;65,69;65,76;65,64;65,75
16/08/2023 13:00;65,64;65,69;65,64;65,67
16/08/2023 12:30;65,65;65,7;65,64;65,65
16/08/2023 12:00;65,64;65,68;65,62;65,65
16/08/2023 11:30;65,65;65,72;65,57;65,63
16/08/2023 11:00;65,63;65,7;65,58;65,69
16/08/2023 10:30;65,43;65,74;65,33;65,63
16/08/2023 10:00;65,63;65,68;65,39;65,45
16/08/2023 09:30;65,62;65,8;65,49;65,65
16/08/2023 09:00;65,53;65,98;65,43;65,59
15/08/2023 17:05;65,24;65,39;65,21;65,22
15/08/2023 16:00;65,31;65,39;65,18;65,23
15/08/2023 15:30;65,33;65,41;65,24;65,29
15/08/2023 15:00;65,37;65,43;65,33;65,33
15/08/2023 14:30;65,42;65,45;65,33;65,39
15/08/2023 14:00;65,49;65,52;65,33;65,43
15/08/2023 13:30;65,45;65,58;65,43;65,49
15/08/2023 13:00;65,58;65,65;65,36;65,47
15/08/2023 12:30;65,67;65,78;65,58;65,58
15/08/2023 12:00;65,59;65,73;65,58;65,65
15/08/2023 11:30;65,68;65,7;65,48;65,62
15/08/2023 11:00;65,68;65,88;65,57;65,73
15/08/2023 10:30;65,67;65,83;65,54;65,73
15/08/2023 10:00;65,5;65,74;65,5;65,68
15/08/2023 09:30;65,63;65,72;65,48;65,49
15/08/2023 09:00;65,64;65,64;65,16;65,6
14/08/2023 17:05;65,54;65,65;65,42;65,64
14/08/2023 16:00;65,8;65,89;65,65;65,73
14/08/2023 15:30;65,7;65,8;65,68;65,76
14/08/2023 15:00;65,68;65,74;65,65;65,72
14/08/2023 14:30;65,73;65,93;65,64;65,68
14/08/2023 14:00;65,62;65,81;65,54;65,73
14/08/2023 13:30;65,64;65,7;65,43;65,62
14/08/2023 13:00;65,84;65,89;65,64;65,64
14/08/2023 12:30;66,01;66,06;65,84;65,84
14/08/2023 12:00;66,02;66,02;65,79;66,02
14/08/2023 11:30;66,19;66,21;65,84;66,02
14/08/2023 11:00;66,14;66,36;66,1;66,15
14/08/2023 10:30;66;66,17;66;66,06
14/08/2023 10:00;66,14;66,14;65,84;65,94
14/08/2023 09:30;66,19;66,48;66,01;66,11
14/08/2023 09:00;66,26;66,64;65,75;66,2
11/08/2023 17:05;66,4;66,62;66,32;66,59
11/08/2023 16:00;66,28;66,76;66,09;66,52
11/08/2023 15:30;66,35;66,35;65,84;66,3
11/08/2023 15:00;66,53;66,53;66,26;66,31
11/08/2023 14:30;66,69;66,78;66,33;66,51
11/08/2023 14:00;67,23;67,28;66,64;66,67
11/08/2023 13:30;67,1;67,44;66,94;67,23
11/08/2023 13:00;67,45;67,75;66,46;67,08
11/08/2023 12:30;67,62;67,65;67,39;67,39
11/08/2023 12:00;67,7;67,72;67,51;67,63
11/08/2023 11:30;67,71;67,73;67,62;67,71
11/08/2023 11:00;67,81;67,85;67,65;67,72
11/08/2023 10:30;67,86;67,87;67,72;67,83
11/08/2023 10:00;67,73;67,96;67,7;67,86
11/08/2023 09:30;67,73;67,77;67,65;67,77
11/08/2023 09:00;67,99;67,99;67,65;67,72
10/08/2023 17:05;67,89;68,07;67,87;68,02
10/08/2023 16:00;68,11;68,19;67,87;67,87
10/08/2023 15:30;68,27;68,32;68,02;68,09
10/08/2023 15:00;68,35;68,43;68,07;68,27
10/08/2023 14:30;67,77;68,4;67,77;68,4
10/08/2023 14:00;67,76;67,81;67,75;67,77
10/08/2023 13:30;67,81;67,87;67,76;67,76
10/08/2023 13:00;67,81;67,87;67,76;67,81
10/08/2023 12:30;67,85;67,88;67,77;67,81
10/08/2023 12:00;67,83;67,89;67,8;67,85
10/08/2023 11:30;67,91;67,93;67,75;67,81
10/08/2023 11:00;68,07;68,23;67,87;67,92
10/08/2023 10:30;67,99;68,12;67,87;68,07
10/08/2023 10:00;68,08;68,08;67,87;67,99
10/08/2023 09:30;68,24;68,25;68,07;68,08
10/08/2023 09:00;68,09;68,48;68,01;68,23
09/08/2023 17:05;68,15;68,37;67,96;68,23
09/08/2023 16:00;68,42;68,45;68,24;68,24
09/08/2023 15:30;68,5;68,51;68,3;68,38
09/08/2023 15:00;68,58;68,69;68,5;68,5
09/08/2023 14:30;68,79;68,8;68,51;68,6
09/08/2023 14:00;68,82;68,89;68,74;68,77
09/08/2023 13:30;68,82;68,84;68,74;68,82
09/08/2023 13:00;68,84;68,86;68,76;68,82
09/08/2023 12:30;68,86;68,89;68,8;68,84
09/08/2023 12:00;68,82;68,9;68,8;68,87
09/08/2023 11:30;68,95;68,95;68,79;68,8
09/08/2023 11:00;68,87;69,11;68,87;68,97
09/08/2023 10:30;68,82;68,87;68,74;68,87
09/08/2023 10:00;69,02;69,02;68,79;68,79
09/08/2023 09:30;68,75;69,05;68,74;69,02
09/08/2023 09:00;68,94;68,94;68,66;68,74
08/08/2023 17:05;69,02;69,29;68,96;69,11
08/08/2023 16:00;68,92;69,11;68,84;69,05
08/08/2023 15:30;68,86;68,98;68,79;68,92
08/08/2023 15:00;68,89;68,92;68,72;68,85
08/08/2023 14:30;68,85;69,02;68,85;68,9
08/08/2023 14:00;68,77;69,11;68,77;68,85
08/08/2023 13:30;68,94;68,95;68,64;68,76
08/08/2023 13:00;68,87;69,03;68,84;68,95
08/08/2023 12:30;69,31;69,34;68,84;68,9
08/08/2023 12:00;68,58;69,36;68,56;69,31
08/08/2023 11:30;68,55;68,61;68,51;68,6
08/08/2023 11:00;68,56;68,74;68,51;68,55
08/08/2023 10:30;68,32;68,74;68,2;68,61
08/08/2023 10:00;68,32;68,37;68,28;68,33
08/08/2023 09:30;68,37;68,51;68,22;68,3
08/08/2023 09:00;67,99;68,54;67,99;68,37
07/08/2023 17:05;68,24;68,48;68,03;68,48
07/08/2023 16:00;68,12;68,37;67,99;68,3
07/08/2023 15:30;67,99;68,22;67,99;68,09
07/08/2023 15:00;67,87;68,02;67,81;67,98
07/08/2023 14:30;67,61;67,87;67,61;67,87
07/08/2023 14:00;67,63;67,71;67,6;67,62
07/08/2023 13:30;67,71;67,71;67,59;67,63
07/08/2023 13:00;67,66;67,71;67,5;67,71
07/08/2023 12:30;67,86;67,87;67,66;67,66
07/08/2023 12:00;67,51;68,03;67,51;67,82
07/08/2023 11:30;67,44;67,56;67,4;67,52
07/08/2023 11:00;67,46;67,54;67,44;67,45
07/08/2023 10:30;67,62;67,62;67,39;67,49
07/08/2023 10:00;67,62;67,65;67,61;67,62
07/08/2023 09:30;67,54;67,68;67,5;67,62
07/08/2023 09:00;67,73;67,73;67,31;67,54
04/08/2023 17:05;67,93;68,04;67,71;67,75
04/08/2023 16:00;68,22;68,38;67,62;67,94
04/08/2023 15:30;68,61;68,61;68,14;68,19
04/08/2023 15:00;68,58;68,7;68,43;68,61
04/08/2023 14:30;68,43;68,66;68,34;68,61
04/08/2023 14:00;68,76;68,82;68,25;68,43
04/08/2023 13:30;68,77;68,8;68,71;68,76
04/08/2023 13:00;68,77;68,87;68,7;68,75
04/08/2023 12:30;68,84;68,91;68,61;68,79
04/08/2023 12:00;68,91;69,05;68,8;68,85
04/08/2023 11:30;68,97;68,97;68,87;68,92
04/08/2023 11:00;68,75;69,1;68,71;69
04/08/2023 10:30;68,81;68,85;68,71;68,8
04/08/2023 10:00;68,77;68,84;68,75;68,77
04/08/2023 09:30;68,85;68,86;68,7;68,77
04/08/2023 09:00;69,27;69,27;68,8;68,86
03/08/2023 17:05;68,7;68,96;68,61;68,81
03/08/2023 16:00;68,69;68,79;68,55;68,59
03/08/2023 15:30;68,66;68,77;68,61;68,74
03/08/2023 15:00;68,55;68,68;68,49;68,68
03/08/2023 14:30;68,54;68,61;68,4;68,55
03/08/2023 14:00;68,56;68,68;68,49;68,54
03/08/2023 13:30;68,58;68,6;68,44;68,55
03/08/2023 13:00;68,6;68,61;68,53;68,6
03/08/2023 12:30;68,65;68,68;68,5;68,6
03/08/2023 12:00;68,76;68,8;68,65;68,66
03/08/2023 11:30;68,65;68,81;68,65;68,76
03/08/2023 11:00;68,59;68,72;68,59;68,65
03/08/2023 10:30;68,74;68,74;68,54;68,63
03/08/2023 10:00;68,66;68,77;68,56;68,72
03/08/2023 09:30;68,56;68,65;68,49;68,64
03/08/2023 09:00;68,24;68,55;68,2;68,55
02/08/2023 17:05;68,61;68,84;68,43;68,44
02/08/2023 16:00;68,51;68,9;68,37;68,63
02/08/2023 15:30;68,33;68,55;68,27;68,51
02/08/2023 15:00;68,24;68,37;68,24;68,33
02/08/2023 14:30;68,19;68,29;68,19;68,24
02/08/2023 14:00;68,37;68,46;68,19;68,19
02/08/2023 13:30;68,24;68,49;68,23;68,37
02/08/2023 13:00;68,29;68,29;68,2;68,24
02/08/2023 12:30;68,27;68,37;68,27;68,29
02/08/2023 12:00;68,22;68,35;68,18;68,32
02/08/2023 11:30;68,23;68,37;68,06;68,23
02/08/2023 11:00;68,5;68,5;68,12;68,19
02/08/2023 10:30;68,61;68,74;68,43;68,5
02/08/2023 10:00;68,54;68,68;68,49;68,64
02/08/2023 09:30;68,65;68,76;68,33;68,49
02/08/2023 09:00;68,87;69,03;68,49;68,6
01/08/2023 17:05;68,76;68,91;68,49;68,65
01/08/2023 16:00;68,77;68,91;68,66;68,75
01/08/2023 15:30;68,63;68,84;68,58;68,77
01/08/2023 15:00;68,51;68,71;68,42;68,65
01/08/2023 14:30;68,22;68,54;68,22;68,51
01/08/2023 14:00;68,18;68,3;68,14;68,2
01/08/2023 13:30;68,25;68,33;68,13;68,18
01/08/2023 13:00;68,13;68,33;68,08;68,29
01/08/2023 12:30;68,23;68,23;68,03;68,13
01/08/2023 12:00;68,12;68,23;68,01;68,23
01/08/2023 11:30;68,2;68,24;68,06;68,11
01/08/2023 11:00;68,2;68,29;68,14;68,24
01/08/2023 10:30;68,2;68,45;68,06;68,2
01/08/2023 10:00;68,06;68,2;68,01;68,2
01/08/2023 09:30;68,22;68,22;68,03;68,06
01/08/2023 09:00;68,04;68,37;67,8;68,22
31/07/2023 17:05;68,84;69,22;68,64;68,8
31/07/2023 16:00;68,25;68,74;68,24;68,61
31/07/2023 15:30;68,18;68,37;68,18;68,24
31/07/2023 15:00;68,19;68,22;68,11;68,18
31/07/2023 14:30;68,28;68,32;67,99;68,18
31/07/2023 14:00;68,19;68,3;68,12;68,24
31/07/2023 13:30;68,24;68,34;68,19;68,19
31/07/2023 13:00;68,12;68,34;68,12;68,24
31/07/2023 12:30;68,45;68,46;68,12;68,12
31/07/2023 12:00;68,43;68,51;68,43;68,48
31/07/2023 11:30;68,43;68,5;68,37;68,43
31/07/2023 11:00;68,45;68,49;68,43;68,44
31/07/2023 10:30;68,44;68,63;68,43;68,44
31/07/2023 10:00;68,38;68,51;68,37;68,51
31/07/2023 09:30;68,42;68,42;68,33;68,39
31/07/2023 09:00;68,49;68,65;68,24;68,4
28/07/2023 17:05;68,94;69,11;68,86;68,89
28/07/2023 16:00;69,13;69,28;69,11;69,23
28/07/2023 15:30;69,17;69,28;69;69,13
28/07/2023 15:00;69,33;69,34;69,06;69,17
28/07/2023 14:30;69,44;69,57;69,36;69,36
28/07/2023 14:00;69,44;69,57;69,37;69,46
28/07/2023 13:30;69,33;69,48;69,29;69,43
28/07/2023 13:00;69,57;69,57;69,31;69,36
28/07/2023 12:30;69,32;69,85;69,31;69,6
28/07/2023 12:00;69,27;69,59;69,18;69,32
28/07/2023 11:30;69,31;69,42;69,23;69,26
28/07/2023 11:00;69,2;69,36;69,15;69,27
28/07/2023 10:30;69,27;69,28;69,05;69,18
28/07/2023 10:00;69,24;69,34;69,11;69,26
28/07/2023 09:30;69,33;69,54;69,18;69,23
28/07/2023 09:00;70,21;70,57;69,16;69,32
27/07/2023 17:05;70,89;70,98;70,5;70,73
27/07/2023 16:00;70,26;70,97;70,15;70,72
27/07/2023 15:30;69,79;70,29;69,79;70,22
27/07/2023 15:00;69,81;69,88;69,75;69,8
27/07/2023 14:30;69,85;69,94;69,79;69,81
27/07/2023 14:00;70,16;70,22;69,73;69,86
27/07/2023 13:30;70,16;70,31;70,1;70,19
27/07/2023 13:00;70,25;70,25;70,16;70,16
27/07/2023 12:30;70,19;70,32;70,16;70,25
27/07/2023 12:00;70,17;70,31;70,15;70,2
27/07/2023 11:30;70,31;70,35;70,16;70,16
27/07/2023 11:00;70,27;70,35;70,19;70,29
27/07/2023 10:30;70,27;70,43;70,17;70,29
27/07/2023 10:00;70,16;70,22;70,14;70,22
27/07/2023 09:30;70,32;70,36;70,12;70,19
27/07/2023 09:00;70,11;70,55;69,99;70,33
26/07/2023 17:05;69,86;70,1;69,79;69,98
26/07/2023 16:00;70,15;70,29;69,98;70,19
26/07/2023 15:30;70,12;70,22;69,91;70,22
26/07/2023 15:00;70,27;70,29;70,1;70,14
26/07/2023 14:30;70,33;70,42;70,22;70,29
26/07/2023 14:00;70,2;70,33;70,19;70,33
26/07/2023 13:30;70,21;70,35;70,06;70,26
26/07/2023 13:00;70,01;70,22;70;70,21
26/07/2023 12:30;70,06;70,26;69,98;70,06
26/07/2023 12:00;70,43;70,46;70,01;70,01
26/07/2023 11:30;70,42;70,56;70,36;70,41
26/07/2023 11:00;70,58;70,69;70,38;70,46
26/07/2023 10:30;70,1;70,72;70,06;70,58
26/07/2023 10:00;70,07;70,16;69,85;70,1
26/07/2023 09:30;70,33;70,33;70,07;70,1
26/07/2023 09:00;70,59;70,59;70;70,33
25/07/2023 17:05;70,77;71,04;70,72;70,73
25/07/2023 16:00;71,18;71,19;70,9;71,03
25/07/2023 15:30;71,21;71,29;70,99;71,21
25/07/2023 15:00;71,16;71,41;70,99;71,24
25/07/2023 14:30;71,36;71,4;71,03;71,14
25/07/2023 14:00;71,38;71,45;71,34;71,4
25/07/2023 13:30;71,31;71,52;71,28;71,4
25/07/2023 13:00;71,46;71,46;71,25;71,29
25/07/2023 12:30;71,59;71,71;71,41;71,51
25/07/2023 12:00;71,38;71,59;71,21;71,59
25/07/2023 11:30;71,34;71,38;71,21;71,34
25/07/2023 11:00;71,33;71,46;71,21;71,34
25/07/2023 10:30;71,14;71,59;71,04;71,34
25/07/2023 10:00;71,21;71,25;71,03;71,11
25/07/2023 09:30;71,35;71,35;71,21;71,24
25/07/2023 09:00;71,82;71,82;70,81;71,36
24/07/2023 17:05;72,19;72,2;71,65;71,9
24/07/2023 16:00;71,92;72,08;71,83;72,04
24/07/2023 15:30;71,99;72,04;71,56;71,91
24/07/2023 15:00;72,35;72,45;71,52;71,97
24/07/2023 14:30;71,96;72,55;71,96;72,37
24/07/2023 14:00;72,02;72,03;71,83;71,96
24/07/2023 13:30;72,03;72,08;71,92;72,02
24/07/2023 13:00;72,04;72,06;71,94;72,01
24/07/2023 12:30;72,06;72,08;71,83;72,04
24/07/2023 12:00;72,16;72,25;71,98;72,07
24/07/2023 11:30;72,25;72,3;72,12;72,14
24/07/2023 11:00;72,22;72,38;72,2;72,25
24/07/2023 10:30;72,22;72,43;72,04;72,24
24/07/2023 10:00;72,39;72,49;72,16;72,22
24/07/2023 09:30;72,11;72,49;72,11;72,38
24/07/2023 09:00;73,06;73,06;71,91;72,11
21/07/2023 17:05;70,93;71,03;70,67;70,83
21/07/2023 16:00;70,71;71,18;70,59;70,82
21/07/2023 15:30;70,14;70,76;70,14;70,66
21/07/2023 15:00;70,07;70,82;70,03;70,19
21/07/2023 14:30;70,06;70,16;69,79;70,1
21/07/2023 14:00;69,99;70,09;69,98;70,06
21/07/2023 13:30;69,86;70,01;69,85;70
21/07/2023 13:00;69,84;69,99;69,7;69,86
21/07/2023 12:30;69,99;70,07;69,79;69,86
21/07/2023 12:00;70,1;70,35;69,96;69,98
21/07/2023 11:30;70,05;70,1;70,01;70,06
21/07/2023 11:00;70,05;70,11;69,86;70,05
21/07/2023 10:30;69,68;70,57;69,67;70,01
21/07/2023 10:00;69,73;69,74;69,6;69,69
21/07/2023 09:30;69,72;69,83;69,63;69,76
21/07/2023 09:00;69,98;70,1;69,42;69,7
20/07/2023 17:05;71,42;71,68;71,35;71,5
20/07/2023 16:00;71,15;71,46;71,09;71,4
20/07/2023 15:30;71,25;71,25;70,97;71,19
20/07/2023 15:00;71,11;71,35;71,1;71,3
20/07/2023 14:30;71,44;71,44;70,84;71,09
20/07/2023 14:00;71,28;71,56;71,24;71,39
20/07/2023 13:30;71,66;71,68;71,2;71,29
20/07/2023 13:00;71,42;71,93;71,42;71,68
20/07/2023 12:30;71,41;71,52;70,85;71,42
20/07/2023 12:00;71,4;71,52;71,1;71,41
20/07/2023 11:30;71,11;71,52;71,04;71,34
20/07/2023 11:00;71,75;71,81;70,79;71,15
20/07/2023 10:30;72,8;72,89;71,6;71,72
20/07/2023 10:00;72,94;73,01;72,61;72,82
20/07/2023 09:30;73,18;73,38;72,7;72,91
20/07/2023 09:00;72,96;73,47;72,02;73,22
19/07/2023 17:05;73,73;73,73;73,12;73,12
19/07/2023 16:00;73,91;73,94;73,36;73,55
19/07/2023 15:30;73,69;73,93;73,44;73,93
19/07/2023 15:00;73,57;73,75;73,33;73,69
19/07/2023 14:30;73,42;73,57;73,26;73,57
19/07/2023 14:00;74,01;74,1;73,08;73,43
19/07/2023 13:30;73,88;74,15;73,84;74,05
19/07/2023 13:00;74,06;74,15;73,57;73,88
19/07/2023 12:30;74;74,56;73,85;74,06
19/07/2023 12:00;73,21;74,31;73,15;73,95
19/07/2023 11:30;73,07;73,57;72,85;73,21
19/07/2023 11:00;73,73;73,75;72,99;73,07
19/07/2023 10:30;74,36;74,43;73,47;73,73
19/07/2023 10:00;74,31;74,62;74,25;74,31
19/07/2023 09:30;74,31;74,68;74,01;74,3
19/07/2023 09:00;73,23;74,57;73,21;74,31
18/07/2023 17:05;71,81;71,82;71,59;71,59
18/07/2023 16:00;71,54;71,56;71,33;71,46
18/07/2023 15:30;71,57;71,6;71,24;71,57
18/07/2023 15:00;71,9;72,02;71,31;71,54
18/07/2023 14:30;71,77;71,98;71,73;71,92
18/07/2023 14:00;71,77;72,04;71,59;71,75
18/07/2023 13:30;71,38;71,78;71,35;71,77
18/07/2023 13:00;71;71,5;70,92;71,31
18/07/2023 12:30;71,07;71,09;70,88;71,03
18/07/2023 12:00;71,02;71,19;70,77;71,05
18/07/2023 11:30;70,97;71,21;70,76;71,03
18/07/2023 11:00;70,12;71,08;70,12;71,03
18/07/2023 10:30;70,05;70,27;70,05;70,12
18/07/2023 10:00;70,1;70,22;70,04;70,1
18/07/2023 09:30;70,05;70,17;69,94;70,1
18/07/2023 09:00;69,74;70,35;69,47;70,03
17/07/2023 17:05;68,89;69,34;68,86;69,02
17/07/2023 16:00;68,51;69,46;68,49;69,18
17/07/2023 15:30;68,86;68,94;68,5;68,51
17/07/2023 15:00;69,59;69,65;68,74;68,86
17/07/2023 14:30;69,72;69,72;69,48;69,57
17/07/2023 14:00;69,67;69,76;69,67;69,75
17/07/2023 13:30;69,68;69,68;69,55;69,62
17/07/2023 13:00;69,72;69,78;69,6;69,7
17/07/2023 12:30;69,73;69,85;69,63;69,7
17/07/2023 12:00;69,59;69,7;69,39;69,7
17/07/2023 11:30;69,64;69,72;69,37;69,53
17/07/2023 11:00;69,7;69,84;69,43;69,6
17/07/2023 10:30;70,32;70,35;69,69;69,7
17/07/2023 10:00;70,3;70,41;70,22;70,31
17/07/2023 09:30;70,4;70,52;70,22;70,31
17/07/2023 09:00;70,42;70,46;69,89;70,36
14/07/2023 17:05;69,79;69,85;69,63;69,85
14/07/2023 16:00;69,64;69,85;69,62;69,78
14/07/2023 15:30;69,72;69,85;69,6;69,67
14/07/2023 15:00;69,79;69,83;69,6;69,7
14/07/2023 14:30;69,6;69,83;69,59;69,79
14/07/2023 14:00;69,52;69,6;69,48;69,6
14/07/2023 13:30;69,52;69,55;69,49;69,52
14/07/2023 13:00;69,46;69,5;69,37;69,48
14/07/2023 12:30;69,43;69,5;69,33;69,46
14/07/2023 12:00;69,43;69,44;69,26;69,42
14/07/2023 11:30;69,53;69,57;69,42;69,48
14/07/2023 11:00;69,44;69,57;69,36;69,52
14/07/2023 10:30;69,39;69,54;69,11;69,48
14/07/2023 10:00;69,63;69,7;69,36;69,47
14/07/2023 09:30;69,83;69,85;69,43;69,67
14/07/2023 09:00;69,88;70,07;69,53;69,84
13/07/2023 17:05;69,48;69,67;69,38;69,48
13/07/2023 16:00;69,49;69,6;69,36;69,5
13/07/2023 15:30;69,44;69,6;69,37;69,52
13/07/2023 15:00;69,23;69,48;69,23;69,43
13/07/2023 14:30;69,08;69,33;68,98;69,31
13/07/2023 14:00;69,23;69,36;68,9;69,02
13/07/2023 13:30;69,29;69,39;69,18;69,23
13/07/2023 13:00;69,01;69,48;69,01;69,36
13/07/2023 12:30;69,02;69,16;68,91;69,01
13/07/2023 12:00;68,96;69,2;68,94;68,98
13/07/2023 11:30;68,76;69,27;68,69;68,96
13/07/2023 11:00;68,74;68,9;68,64;68,76
13/07/2023 10:30;68,7;69,08;68,61;68,79
13/07/2023 10:00;68,69;68,82;68,63;68,74
13/07/2023 09:30;68,6;68,86;68,58;68,74
13/07/2023 09:00;68,71;68,89;68,38;68,6
12/07/2023 17:05;68,58;69,11;68,38;68,4
12/07/2023 16:00;68,49;68,61;68,37;68,61
12/07/2023 15:30;68,5;68,55;68,46;68,49
12/07/2023 15:00;68,49;68,61;68,46;68,49
12/07/2023 14:30;68,68;68,69;68,46;68,49
12/07/2023 14:00;68,45;68,72;68,38;68,68
12/07/2023 13:30;68,56;68,74;68,43;68,46
12/07/2023 13:00;69,57;69,6;68,24;68,58
12/07/2023 12:30;69,98;70;69,48;69,55
12/07/2023 12:00;69,93;70,53;69,79;69,96
12/07/2023 11:30;69,48;69,93;69,44;69,91
12/07/2023 11:00;69,33;69,48;69,23;69,48
12/07/2023 10:30;69,49;69,49;69,16;69,27
12/07/2023 10:00;69,52;69,59;69,36;69,54
12/07/2023 09:30;69,85;69,85;69,52;69,52
12/07/2023 09:00;69,96;69,96;69,47;69,85
11/07/2023 17:05;69,85;70,09;69,43;69,54
11/07/2023 16:00;69,59;69,73;69,55;69,7
11/07/2023 15:30;69,57;69,6;69,48;69,6
11/07/2023 15:00;69,36;69,6;69,26;69,54
11/07/2023 14:30;69,08;69,37;68,82;69,37
11/07/2023 14:00;69,37;69,52;69,07;69,1
11/07/2023 13:30;69,23;69,6;69,18;69,38
11/07/2023 13:00;69,24;69,46;69,13;69,21
11/07/2023 12:30;69,37;69,46;69,26;69,27
11/07/2023 12:00;69,16;69,36;69;69,36
11/07/2023 11:30;69,42;69,44;69,15;69,21
11/07/2023 11:00;69,48;69,6;69,43;69,48
11/07/2023 10:30;69,58;69,58;69,38;69,48
11/07/2023 10:00;69,73;69,75;69,29;69,59
11/07/2023 09:30;69,34;69,78;69,29;69,72
11/07/2023 09:00;68,98;69,53;68,61;69,34
10/07/2023 17:05;69,17;69,17;68,12;68,18
10/07/2023 16:00;69,24;69,46;69,05;69,36
10/07/2023 15:30;69,41;69,41;69;69,21
10/07/2023 15:00;69,76;69,76;69,36;69,39
10/07/2023 14:30;69,79;69,84;69,74;69,76
10/07/2023 14:00;70,07;70,29;69,79;69,84
10/07/2023 13:30;69,67;70,22;69,64;70,1
10/07/2023 13:00;69,6;69,73;69,59;69,67
10/07/2023 12:30;69,6;69,73;69,6;69,62
10/07/2023 12:00;69,58;69,65;69,44;69,6
10/07/2023 11:30;69,41;69,68;69,41;69,62
10/07/2023 11:00;69,43;69,67;69,31;69,42
10/07/2023 10:30;69,58;69,9;69,37;69,37
10/07/2023 10:00;69,44;69,91;69,42;69,55
10/07/2023 09:30;69,49;69,58;69,34;69,47
10/07/2023 09:00;69,6;69,83;68,92;69,5
07/07/2023 17:05;68,53;68,74;68,5;68,61
07/07/2023 16:00;68,74;68,86;68,61;68,63
07/07/2023 15:30;68,66;68,75;68,61;68,69
07/07/2023 15:00;68,68;68,86;68,61;68,64
07/07/2023 14:30;68,63;68,7;68,61;68,64
07/07/2023 14:00;68,64;68,84;68,61;68,61
07/07/2023 13:30;68,77;68,79;68,63;68,63
07/07/2023 13:00;68,86;68,87;68,74;68,74
07/07/2023 12:30;68,95;69,02;68,89;68,89
07/07/2023 12:00;68,89;69,05;68,74;68,94
07/07/2023 11:30;68,59;68,98;68,55;68,89
07/07/2023 11:00;68,76;68,85;68,55;68,59
07/07/2023 10:30;68,94;69,12;68,61;68,79
07/07/2023 10:00;69,24;69,26;68,95;68,96
07/07/2023 09:30;69,11;69,46;68,8;69,24
07/07/2023 09:00;69,36;69,36;68,87;69,08
06/07/2023 17:05;70,11;70,53;70,1;70,1
06/07/2023 16:00;69,85;70,16;69,79;70,09
06/07/2023 15:30;69,84;69,88;69,78;69,85
06/07/2023 15:00;69,85;69,9;69,78;69,81
06/07/2023 14:30;69,79;69,88;69,75;69,85
06/07/2023 14:00;69,83;69,98;69,65;69,78
06/07/2023 13:30;69,57;69,85;69,57;69,84
06/07/2023 13:00;69,53;69,85;69,46;69,55
06/07/2023 12:30;69,54;69,54;69,48;69,54
06/07/2023 12:00;69,32;69,6;69,31;69,52
06/07/2023 11:30;69,2;69,38;69,2;69,31
06/07/2023 11:00;69,39;69,41;69,17;69,18
06/07/2023 10:30;69,37;69,48;69,26;69,36
06/07/2023 10:00;69,42;69,5;69,24;69,36
06/07/2023 09:30;69,27;69,5;69,17;69,42
06/07/2023 09:00;69,42;69,69;69,13;69,29
05/07/2023 17:05;68,7;69,36;68,61;68,98
05/07/2023 16:00;68,68;68,74;68,44;68,66
05/07/2023 15:30;68,92;68,96;68,55;68,65
05/07/2023 15:00;69,23;69,23;68,8;68,92
05/07/2023 14:30;69,15;69,68;69,15;69,31
05/07/2023 14:00;69,2;69,27;68,8;69,1
05/07/2023 13:30;69,03;69,28;68,95;69,2
05/07/2023 13:00;68,98;69,29;68,85;68,98
05/07/2023 12:30;68,68;69,07;68,6;69,03
05/07/2023 12:00;68,54;68,84;68,37;68,68
05/07/2023 11:30;68,81;68,86;68,37;68,54
05/07/2023 11:00;70,01;70,32;68,74;68,81
05/07/2023 10:30;69,23;70,45;69,13;70,04
05/07/2023 10:00;69,72;69,72;68,6;69,26
05/07/2023 09:30;69,73;69,85;69,53;69,69
05/07/2023 09:00;69,81;70,29;69,48;69,78
04/07/2023 17:05;69,68;69,98;69,52;69,98
04/07/2023 16:00;70,58;70,59;69,73;69,98
04/07/2023 15:30;70,12;70,72;70,1;70,58
04/07/2023 15:00;69,1;70,32;69,05;70,11
04/07/2023 14:30;68,63;69,11;68,43;69,1
04/07/2023 14:00;68,34;68,66;68,3;68,63
04/07/2023 13:30;68,2;68,38;68,06;68,37
04/07/2023 13:00;68,46;68,49;67,99;68,24
04/07/2023 12:30;68,48;68,55;68,43;68,48
04/07/2023 12:00;68,66;68,74;68,39;68,48
04/07/2023 11:30;68,66;68,74;68,63;68,66
04/07/2023 11:00;68,68;68,9;68,63;68,7
04/07/2023 10:30;68,72;68,72;68,6;68,68
04/07/2023 10:00;68,75;69,1;68,5;68,74
04/07/2023 09:30;68,7;68,81;68,46;68,75
04/07/2023 09:00;68,68;68,97;68,25;68,69
03/07/2023 17:05;68,38;68,66;68,18;68,39
03/07/2023 16:00;68,13;68,49;68,04;68,49
03/07/2023 15:30;68,13;68,28;68,07;68,07
03/07/2023 15:00;68,09;68,19;67,87;68,07
03/07/2023 14:30;68,18;68,37;67,93;68,13
03/07/2023 14:00;67,63;68,71;67,56;68,15
03/07/2023 13:30;67,68;67,8;67,57;67,63
03/07/2023 13:00;67,62;67,75;67,56;67,7
03/07/2023 12:30;67,91;67,92;67,57;67,63
03/07/2023 12:00;67,91;67,99;67,86;67,94
03/07/2023 11:30;68,09;68,12;67,78;67,89
03/07/2023 11:00;67,83;68,06;67,68;68,06
03/07/2023 10:30;68,03;68,37;67,81;67,82
03/07/2023 10:00;68,03;68,11;67,67;67,99
03/07/2023 09:30;67,86;68,03;67,51;67,99
03/07/2023 09:00;69,15;69,85;67,3;67,86
30/06/2023 17:05;68,12;68,69;68,12;68,68
30/06/2023 16:00;68,3;68,56;68,02;68,53
30/06/2023 15:30;68,48;68,71;68,14;68,35
30/06/2023 15:00;68,49;68,7;68,27;68,46
30/06/2023 14:30;68,25;68,6;67,99;68,49
30/06/2023 14:00;67,99;68,48;67,87;68,25
30/06/2023 13:30;69,24;69,34;67,71;67,99
30/06/2023 13:00;70,55;70,72;68,51;69,18
30/06/2023 12:30;70,55;70,72;70,26;70,52
30/06/2023 12:00;70,42;70,72;70,42;70,58
30/06/2023 11:30;70,42;70,79;70,38;70,46
30/06/2023 11:00;70,76;70,89;70,17;70,38
30/06/2023 10:30;70,71;71,08;70,62;70,74
30/06/2023 10:00;70,41;70,92;70,41;70,71
30/06/2023 09:30;70,42;70,57;70,15;70,4
30/06/2023 09:00;69,86;70,56;69,75;70,45
29/06/2023 17:05;70,1;70,1;69,63;69,73
29/06/2023 16:00;70,07;70,16;69,85;70,07
29/06/2023 15:30;70,15;70,29;69,89;70,09
29/06/2023 15:00;69,95;70,35;69,73;70,16
29/06/2023 14:30;69,74;70,27;69,65;69,94
29/06/2023 14:00;69,44;70,09;69,43;69,76
29/06/2023 13:30;69,53;69,57;69,38;69,43
29/06/2023 13:00;69,68;69,75;69,49;69,49
29/06/2023 12:30;69,85;69,88;69,6;69,68
29/06/2023 12:00;70,16;70,19;69,73;69,84
29/06/2023 11:30;70,12;70,21;69,95;70,16
29/06/2023 11:00;70,06;70,36;69,83;70,1
29/06/2023 10:30;70,05;70,38;69,85;70,06
29/06/2023 10:00;70,01;70,22;69,91;70,06
29/06/2023 09:30;70,09;70,1;69,74;70,03
29/06/2023 09:00;70,93;70,93;70,04;70,09
28/06/2023 17:05;71;71,08;70,84;70,97
28/06/2023 16:00;71,08;71,21;70,97;71,08
28/06/2023 15:30;70,97;71,2;70,9;71,09
28/06/2023 15:00;71,05;71,21;70,97;70,99
28/06/2023 14:30;71,04;71,3;70,93;71,05
28/06/2023 14:00;71,33;71,65;70,87;71,05
28/06/2023 13:30;71,15;71,34;71,02;71,33
28/06/2023 13:00;71,3;71,59;71,13;71,16
28/06/2023 12:30;71,07;71,36;70,85;71,28
28/06/2023 12:00;71,03;71,09;70,92;71,07
28/06/2023 11:30;71,4;71,51;71,02;71,08
28/06/2023 11:00;70,9;71,44;70,73;71,4
28/06/2023 10:30;71,29;71,36;70,72;70,93
28/06/2023 10:00;71,11;71,5;71,07;71,35
28/06/2023 09:30;70,81;71,13;70,72;71,13
28/06/2023 09:00;71,25;71,4;70,52;70,81
27/06/2023 17:05;72,38;72,89;71,73;71,75
27/06/2023 16:00;72,09;72,45;71,86;72,39
27/06/2023 15:30;72,08;72,22;72,01;72,08
27/06/2023 15:00;71,9;72,32;71,86;72,08
27/06/2023 14:30;71,86;72,09;71,8;71,88
27/06/2023 14:00;71,99;72,22;71,71;71,81
27/06/2023 13:30;71,88;72,07;71,88;71,96
27/06/2023 13:00;71,96;72,07;71,83;71,86
27/06/2023 12:30;72,08;72,13;71,92;71,97
27/06/2023 12:00;72,29;72,29;71,91;72,09
27/06/2023 11:30;72,32;72,39;72,02;72,25
27/06/2023 11:00;72,23;72,45;72,08;72,28
27/06/2023 10:30;72,13;72,23;71,57;72,22
27/06/2023 10:00;72,11;72,2;72,08;72,14
27/06/2023 09:30;72,51;72,55;72,11;72,12
27/06/2023 09:00;71,71;72,56;71,42;72,55
26/06/2023 17:05;75,07;76,6;75,07;75,92
26/06/2023 16:00;74,48;74,93;73,75;74,81
26/06/2023 15:30;73,18;74,47;73,12;74,47
26/06/2023 15:00;73,2;73,48;73,2;73,2
26/06/2023 14:30;73,1;73,37;73,1;73,23
26/06/2023 14:00;73,07;73,31;72,99;73,07
26/06/2023 13:30;73,11;73,17;72,86;73,01
26/06/2023 13:00;73,12;73,21;72,84;73,15
26/06/2023 12:30;72,92;73,44;72,92;73,13
26/06/2023 12:00;72,74;73,1;72,65;72,87
26/06/2023 11:30;72,87;73,13;72,58;72,73
26/06/2023 11:00;73,65;73,73;72,82;72,9
26/06/2023 10:30;73,23;73,95;73,03;73,68
26/06/2023 10:00;73,88;73,89;72,95;73,32
26/06/2023 09:30;74,19;74,24;73,78;73,89
26/06/2023 09:00;74,06;74,86;73,55;74,19
23/06/2023 17:05;74,12;74,32;73,88;74,17
23/06/2023 16:00;74,42;74,61;74,19;74,2
23/06/2023 15:30;74,95;74,97;74,36;74,4
23/06/2023 15:00;75,15;75,52;74,97;75,04
23/06/2023 14:30;74,6;75,33;74,56;75,12
23/06/2023 14:00;74,47;74,89;74,41;74,66
23/06/2023 13:30;74,34;74,6;74,22;74,56
23/06/2023 13:00;74,74;74,89;74,32;74,32
23/06/2023 12:30;74,57;74,81;74,57;74,77
23/06/2023 12:00;74,53;74,93;74,5;74,62
23/06/2023 11:30;74,43;74,63;74,36;74,56
23/06/2023 11:00;74,41;74,76;74,14;74,48
23/06/2023 10:30;75,82;75,86;74,35;74,41
23/06/2023 10:00;76,13;76,13;75,7;75,87
23/06/2023 09:30;76,25;76,4;76,07;76,14
23/06/2023 09:00;76,17;76,84;75,93;76,18
22/06/2023 17:05;77,9;77,9;76,68;77,26
22/06/2023 16:00;78,29;78,61;77,42;77,82
22/06/2023 15:30;78,19;78,37;78,14;78,32
22/06/2023 15:00;78,09;78,21;77,99;78,16
22/06/2023 14:30;78,2;78,37;77,91;78,11
22/06/2023 14:00;78,37;78,52;78,09;78,15
22/06/2023 13:30;78,31;78,4;78,21;78,38
22/06/2023 13:00;78,15;78,37;78,09;78,3
22/06/2023 12:30;78,03;78,43;77,98;78,15
22/06/2023 12:00;78,2;78,21;77,78;78,03
22/06/2023 11:30;78,74;78,74;77,98;78,15
22/06/2023 11:00;78,57;78,88;78,42;78,77
22/06/2023 10:30;78,74;79,13;77,96;78,56
22/06/2023 10:00;78,22;79,19;78,1;78,77
22/06/2023 09:30;78,34;78,38;77,86;78,17
22/06/2023 09:00;78,03;78,51;77,65;78,31
21/06/2023 17:05;80,17;80,17;79,6;80,01
21/06/2023 16:00;79,85;79,85;79,82;79,85
21/06/2023 15:30;79,85;79,85;79,76;79,85
21/06/2023 15:00;79,85;79,85;79,67;79,85
21/06/2023 14:30;79,26;79,85;79,24;79,85
21/06/2023 14:00;79,26;79,38;79,15;79,3
21/06/2023 13:30;79,26;79,39;79,13;79,28
21/06/2023 13:00;79,23;79,34;79,13;79,28
21/06/2023 12:30;79,08;79,21;78,86;79,21
21/06/2023 12:00;78,84;79,09;78,81;79,08
21/06/2023 11:30;78,98;79,04;78,66;78,84
21/06/2023 11:00;79,34;79,38;78,88;78,95
21/06/2023 10:30;78,72;79,39;78,68;79,34
21/06/2023 10:00;78,79;78,95;78,57;78,71
21/06/2023 09:30;79,24;79,33;78,73;78,78
21/06/2023 09:00;79,1;79,7;78,65;79,24
20/06/2023 17:05;76,23;78,46;76,11;78,26
20/06/2023 16:00;76,11;76,19;75,81;76,11
20/06/2023 15:30;76,07;76,14;75,99;76,11
20/06/2023 15:00;75,86;76,08;75,86;76,08
20/06/2023 14:30;75,75;76,17;75,66;75,87
20/06/2023 14:00;75,42;75,81;75,26;75,75
20/06/2023 13:30;75,08;75,65;75;75,42
20/06/2023 13:00;75,3;75,42;75,02;75,05
20/06/2023 12:30;75,56;75,7;75,2;75,3
20/06/2023 12:00;75,82;76,11;75,31;75,49
20/06/2023 11:30;75,29;76,03;75,29;75,82
20/06/2023 11:00;74,81;75,54;74,69;75,21
20/06/2023 10:30;76,34;76,38;74,43;74,81
20/06/2023 10:00;76,13;76,54;76,13;76,4
20/06/2023 09:30;75,33;76,4;75,25;76,11
20/06/2023 09:00;74,71;75,41;74,56;75,3
19/06/2023 17:05;75,93;76,09;75,55;75,76
19/06/2023 16:00;75,57;75,88;75,42;75,88
19/06/2023 15:30;75,78;75,91;75,56;75,56
19/06/2023 15:00;75,78;76,01;75,67;75,78
19/06/2023 14:30;75,75;75,8;75,3;75,78
19/06/2023 14:00;75,96;76,24;75,55;75,76
19/06/2023 13:30;75,5;76,09;75,5;75,95
19/06/2023 13:00;75,14;75,82;75,14;75,52
19/06/2023 12:30;74,99;75,26;74,95;75,13
19/06/2023 12:00;74,98;75,02;74,58;75
19/06/2023 11:30;75,02;75,18;74,93;74,99
19/06/2023 11:00;74,88;75,35;74,83;75,04
19/06/2023 10:30;74,21;75,13;74,14;74,87
19/06/2023 10:00;74,15;74,2;73,78;74,16
19/06/2023 09:30;74,19;74,51;74,11;74,14
19/06/2023 09:00;75,92;75,97;73,7;74,14
16/06/2023 17:05;76,35;76,8;76,23;76,79
16/06/2023 16:00;76,48;76,79;76,48;76,69
16/06/2023 15:30;76,53;76,71;76,32;76,44
16/06/2023 15:00;75,98;76,6;75,95;76,49
16/06/2023 14:30;75,67;76,08;75,66;75,99
16/06/2023 14:00;75,75;75,96;75,61;75,67
16/06/2023 13:30;75,82;75,92;75,64;75,69
16/06/2023 13:00;75,88;76,04;75,64;75,86
16/06/2023 12:30;76,02;76,13;75,56;75,91
16/06/2023 12:00;76,34;76,68;75,91;76,06
16/06/2023 11:30;75,86;76,44;75,7;76,33
16/06/2023 11:00;75,61;75,9;75,23;75,88
16/06/2023 10:30;75,86;76,04;75,42;75,64
16/06/2023 10:00;76,22;76,34;75,64;75,92
16/06/2023 09:30;74,9;76,48;74,9;76,24
16/06/2023 09:00;74,31;75,13;74,22;74,9
15/06/2023 17:05;73,54;74,16;73,26;74,05
15/06/2023 16:00;73,34;73,65;73,12;73,37
15/06/2023 15:30;73,41;73,62;72,85;73,34
15/06/2023 15:00;73,25;73,44;73,06;73,41
15/06/2023 14:30;72,69;73,55;72,6;73,22
15/06/2023 14:00;72,44;72,81;72,3;72,69
15/06/2023 13:30;72,28;72,45;71,91;72,44
15/06/2023 13:00;72,64;72,7;72,25;72,27
15/06/2023 12:30;72,69;72,82;72,2;72,64
15/06/2023 12:00;72,6;73,01;72,53;72,69
15/06/2023 11:30;72,42;72,64;72,4;72,63
15/06/2023 11:00;72,2;72,71;72,08;72,37
15/06/2023 10:30;72,01;72,27;72,01;72,2
15/06/2023 10:00;71,77;72,25;71,77;71,97
15/06/2023 09:30;71,8;71,9;71,68;71,82
15/06/2023 09:00;71,82;72,28;71,62;71,8
14/06/2023 17:05;71,35;71,64;70,89;70,93
14/06/2023 16:00;71,34;71,59;71,09;71,52
14/06/2023 15:30;71,77;71,83;71,2;71,31
14/06/2023 15:00;71,08;71,8;71,03;71,8
14/06/2023 14:30;71,03;71,31;70,97;71,02
14/06/2023 14:00;71,04;71,38;70,95;71,04
14/06/2023 13:30;70,92;71,09;70,92;71,03
14/06/2023 13:00;70,92;70,97;70,9;70,94
14/06/2023 12:30;70,77;70,95;70,77;70,94
14/06/2023 12:00;70,92;71,02;70,72;70,78
14/06/2023 11:30;70,92;71,19;70,87;70,95
14/06/2023 11:00;70,67;70,97;70,66;70,9
14/06/2023 10:30;70,87;70,9;70,59;70,67
14/06/2023 10:00;70,82;71,07;70,79;70,89
14/06/2023 09:30;70,81;70,85;70,66;70,78
14/06/2023 09:00;70,59;70,93;70,59;70,78
13/06/2023 17:05;71,09;71,13;70,31;70,93
13/06/2023 16:00;71,64;71,65;71,23;71,23
13/06/2023 15:30;71,86;71,94;71,6;71,64
13/06/2023 15:00;71,91;71,91;71,71;71,86
13/06/2023 14:30;71,96;72,24;71,77;71,96
13/06/2023 14:00;72,11;72,18;71,71;71,96
13/06/2023 13:30;72,38;72,44;72,08;72,11
13/06/2023 13:00;72,39;72,45;72,27;72,32
13/06/2023 12:30;72,2;72,45;72,2;72,42
13/06/2023 12:00;72,33;72,38;72,07;72,16
13/06/2023 11:30;72,27;72,39;72,27;72,33
13/06/2023 11:00;72,29;72,32;72,18;72,29
13/06/2023 10:30;72,27;72,32;72,02;72,27
13/06/2023 10:00;72,13;72,43;72,11;72,29
13/06/2023 09:30;72,32;72,38;71,91;72,13
13/06/2023 09:00;72,16;72,69;71,67;72,27
12/06/2023 17:05;71,64;71,68;71,47;71,62
12/06/2023 16:00;71,8;71,96;71,59;71,71
12/06/2023 15:30;71,86;71,9;71,64;71,81
12/06/2023 15:00;71,59;71,94;71,47;71,88
12/06/2023 14:30;71,64;71,68;71,21;71,6
12/06/2023 14:00;71,77;71,78;71,64;71,64
12/06/2023 13:30;71,81;71,83;71,75;71,75
12/06/2023 13:00;71,86;71,86;71,76;71,8
12/06/2023 12:30;71,97;72,07;71,83;71,9
12/06/2023 12:00;71,9;72,08;71,83;71,98
12/06/2023 11:30;71,71;71,96;71,54;71,86
12/06/2023 11:00;71,86;71,97;71,61;71,77
12/06/2023 10:30;71,78;72,08;71,71;71,91
12/06/2023 10:00;71,85;71,96;71,72;71,73
12/06/2023 09:30;71,86;72,07;71,49;71,85
12/06/2023 09:00;72,09;72,76;71,72;71,93
09/06/2023 17:05;71,23;71,59;71,19;71,5
09/06/2023 16:00;71,51;71,56;71,09;71,21
09/06/2023 15:30;71,33;71,57;71,2;71,57
09/06/2023 15:00;71,65;71,72;71,09;71,3
09/06/2023 14:30;71,77;71,77;71,56;71,65
09/06/2023 14:00;71,44;71,81;71,36;71,77
09/06/2023 13:30;70,98;71,46;70,89;71,42
09/06/2023 13:00;71,21;71,34;70,85;70,95
09/06/2023 12:30;71,36;71,36;71,11;71,21
09/06/2023 12:00;71,49;71,57;71,34;71,38
09/06/2023 11:30;71,46;71,66;71,4;71,57
09/06/2023 11:00;71,82;71,91;71,46;71,5
09/06/2023 10:30;71,56;71,9;71,4;71,87
09/06/2023 10:00;71,77;72,14;71,39;71,62
09/06/2023 09:30;71,24;72,51;71,19;71,8
09/06/2023 09:00;71,28;71,52;71,03;71,25
07/06/2023 17:05;71,42;71,59;71,28;71,28
07/06/2023 16:00;71,23;71,51;71,03;71,34
07/06/2023 15:30;70,77;71,28;70,74;71,24
07/06/2023 15:00;70,89;71,03;70,76;70,77
07/06/2023 14:30;70,78;70,94;70,77;70,87
07/06/2023 14:00;70,78;70,92;70,67;70,77
07/06/2023 13:30;70,88;71,03;70,68;70,78
07/06/2023 13:00;71,07;71,14;70,78;70,89
07/06/2023 12:30;70,85;71,13;70,66;71,07
07/06/2023 12:00;71,05;71,16;70,79;70,87
07/06/2023 11:30;71,09;71,19;71,03;71,03
07/06/2023 11:00;71,31;71,31;71,03;71,1
07/06/2023 10:30;71,24;71,59;71,05;71,26
07/06/2023 10:00;71,24;71,24;71,21;71,23
07/06/2023 09:30;71,24;71,35;71,21;71,21
07/06/2023 09:00;71,28;71,7;71,03;71,24
06/06/2023 17:05;70,87;70,94;70,76;70,9
06/06/2023 16:00;70,76;70,92;70,59;70,83
06/06/2023 15:30;70,78;70,89;70,63;70,79
06/06/2023 15:00;70,64;70,88;70,59;70,83
06/06/2023 14:30;70,64;70,76;70,62;70,64
06/06/2023 14:00;70,51;70,76;70,29;70,67
06/06/2023 13:30;70,95;70,95;70,17;70,52
06/06/2023 13:00;71,08;71,09;70,77;70,97
06/06/2023 12:30;71,45;71,46;70,83;71,03
06/06/2023 12:00;71,42;71,56;70,97;71,45
06/06/2023 11:30;71,46;71,56;71,4;71,46
06/06/2023 11:00;71,34;71,52;71,29;71,5
06/06/2023 10:30;71,54;71,64;71,2;71,3
06/06/2023 10:00;71,52;71,76;71,4;71,56
06/06/2023 09:30;71,14;71,55;71,14;71,55
06/06/2023 09:00;71,25;71,81;70,92;71,13
05/06/2023 17:05;70,62;70,9;70,61;70,79
05/06/2023 16:00;70,81;70,87;70,59;70,72
05/06/2023 15:30;70,76;70,92;70,66;70,83
05/06/2023 15:00;70,78;70,97;70,72;70,74
05/06/2023 14:30;70,74;70,9;70,72;70,82
05/06/2023 14:00;70,68;71,02;70,64;70,74
05/06/2023 13:30;71,26;71,4;70,69;70,69
05/06/2023 13:00;70,83;71,41;70,66;71,24
05/06/2023 12:30;71,04;71,04;70,55;70,85
05/06/2023 12:00;71,55;71,57;70,72;71,04
05/06/2023 11:30;71,52;71,57;71,34;71,57
05/06/2023 11:00;71,67;71,67;71,23;71,52
05/06/2023 10:30;71,33;71,75;71,28;71,75
05/06/2023 10:00;71,83;71,86;71,21;71,33
05/06/2023 09:30;71,7;72,32;71,7;71,83
05/06/2023 09:00;71,5;72,32;71,11;71,64
02/06/2023 17:05;71,78;72,2;71,52;71,59
02/06/2023 16:00;72,27;72,27;71,46;71,77
02/06/2023 15:30;73,03;73,07;71,04;72,38
02/06/2023 15:00;72,95;73,2;72,89;73,01
02/06/2023 14:30;73,05;73,06;72,85;72,94
02/06/2023 14:00;72,77;73,22;72,77;73,07
02/06/2023 13:30;72,77;72,86;72,35;72,77
02/06/2023 13:00;71,98;72,91;71,98;72,8
02/06/2023 12:30;71,77;72,07;71,72;71,99
02/06/2023 12:00;71,67;71,83;71,59;71,77
02/06/2023 11:30;71,93;71,96;71,66;71,71
02/06/2023 11:00;71,71;72,08;71,62;71,91
02/06/2023 10:30;71,52;72,12;71,38;71,76
02/06/2023 10:00;72,01;72,01;71,28;71,41
02/06/2023 09:30;72,44;72,58;72,01;72,04
02/06/2023 09:00;71,87;72,8;71,87;72,42
01/06/2023 17:05;72,79;72,79;72,35;72,58
01/06/2023 16:00;72,7;73,01;72,69;72,82
01/06/2023 15:30;72,43;72,91;72,2;72,7
01/06/2023 15:00;71,98;72,7;71,87;72,46
01/06/2023 14:30;71,66;72,34;71,56;71,97
01/06/2023 14:00;71,51;71,83;71,41;71,66
01/06/2023 13:30;71,42;71,56;71,3;71,51
01/06/2023 13:00;71,56;71,6;71,21;71,46
01/06/2023 12:30;71,4;71,7;71,35;71,57
01/06/2023 12:00;71,65;71,91;71,3;71,38
01/06/2023 11:30;71,61;71,8;71,52;71,66
01/06/2023 11:00;71,57;71,9;71,47;71,59
01/06/2023 10:30;71,49;71,92;71,49;71,64
01/06/2023 10:00;71,02;72,04;70,92;71,49
01/06/2023 09:30;71,16;71,25;70,78;70,97
01/06/2023 09:00;70,97;71,78;70,84;71,15
31/05/2023 17:05;71,19;71,42;70,41;70,41
31/05/2023 16:00;70,72;71;70,41;70,97
31/05/2023 15:30;70,35;70,84;70,33;70,72
31/05/2023 15:00;70,35;70,52;70,21;70,32
31/05/2023 14:30;70,31;70,45;70,1;70,33
31/05/2023 14:00;70,41;70,42;69,99;70,3
31/05/2023 13:30;70,56;70,64;70,38;70,41
31/05/2023 13:00;70,47;70,88;70,45;70,57
31/05/2023 12:30;70,51;70,81;70,38;70,45
31/05/2023 12:00;71;71,09;70,19;70,52
31/05/2023 11:30;70,74;71,59;70,58;71
31/05/2023 11:00;70,68;70,83;70,37;70,72
31/05/2023 10:30;70,27;70,94;70,1;70,64
31/05/2023 10:00;70,22;70,29;69,98;70,24
31/05/2023 09:30;69,9;70,33;69,85;70,21
31/05/2023 09:00;69,37;70,1;69,37;69,91
30/05/2023 17:05;71,83;72,43;71,13;71,35
30/05/2023 16:00;72,8;72,82;72,8;72,8
30/05/2023 15:30;72,9;72,91;72,8;72,8
30/05/2023 15:00;73,03;73,13;72,84;72,86
30/05/2023 14:30;73,08;73,26;73,01;73,02
30/05/2023 14:00;73,28;73,37;73,01;73,08
30/05/2023 13:30;73,18;73,32;73,16;73,32
30/05/2023 13:00;73,39;73,42;72,96;73,16
30/05/2023 12:30;73,78;73,78;73,07;73,39
30/05/2023 12:00;74,53;74,55;73,7;73,81
30/05/2023 11:30;74,56;74,67;74,43;74,56
30/05/2023 11:00;74,52;74,56;74,42;74,5
30/05/2023 10:30;74,38;74,93;74,31;74,43
30/05/2023 10:00;74,95;74,95;74,32;74,42
30/05/2023 09:30;75,14;75,23;74,73;74,95
30/05/2023 09:00;76,23;76,23;74,07;75,13
29/05/2023 17:05;76,54;76,66;76,39;76,6
29/05/2023 16:00;76,51;76,71;76,43;76,6
29/05/2023 15:30;76,5;76,77;76,37;76,51
29/05/2023 15:00;76,25;76,7;76,13;76,54
29/05/2023 14:30;76,04;76,38;75,8;76,25
29/05/2023 14:00;76,03;76,08;75,92;76,03
29/05/2023 13:30;76,12;76,25;75,98;76,12
29/05/2023 13:00;76,04;76,14;75,59;76,14
29/05/2023 12:30;75,9;76,04;75,77;76,04
29/05/2023 12:00;76,25;76,4;75,81;75,96
29/05/2023 11:30;75,66;76,7;75,66;76,18
29/05/2023 11:00;75,78;75,98;75,42;75,67
29/05/2023 10:30;74,94;75,81;74,72;75,77
29/05/2023 10:00;76,29;76,32;74,87;74,94
29/05/2023 09:30;76,48;76,59;76,04;76,35
29/05/2023 09:00;75,78;77,13;75,28;76,44
26/05/2023 17:05;75,9;76,14;75,7;75,71
26/05/2023 16:00;75,73;76,12;75,72;75,92
26/05/2023 15:30;75,81;76,09;75,61;75,75
26/05/2023 15:00;74,67;76,09;74,61;75,81
26/05/2023 14:30;75,92;75,92;74,43;74,67
26/05/2023 14:00;75,81;76,35;75,57;75,92
26/05/2023 13:30;75,86;75,92;75,8;75,8
26/05/2023 13:00;74,83;76,07;74,83;75,86
26/05/2023 12:30;74,6;74,92;74,36;74,81
26/05/2023 12:00;73,99;74,78;73,99;74,57
26/05/2023 11:30;73,9;74,07;73,84;73,99
26/05/2023 11:00;74,01;74,11;73,81;73,9
26/05/2023 10:30;74;74,27;73,83;74,04
26/05/2023 10:00;73,89;74,14;73,81;73,99
26/05/2023 09:30;73,84;73,95;73,69;73,85
26/05/2023 09:00;73,94;74,45;73,62;73,84
25/05/2023 17:05;72,97;72,97;72,53;72,9
25/05/2023 16:00;73,13;73,29;72,64;72,82
25/05/2023 15:30;73,05;73,32;72,92;73,17
25/05/2023 15:00;72,6;73,33;72,54;73,05
25/05/2023 14:30;72,33;72,7;72,32;72,6
25/05/2023 14:00;72,3;72,37;72,08;72,33
25/05/2023 13:30;72,49;72,6;72,22;72,24
25/05/2023 13:00;72,61;72,66;72,22;72,49
25/05/2023 12:30;72,97;72,97;72,51;72,63
25/05/2023 12:00;72,86;73,07;72,85;73,01
25/05/2023 11:30;73,31;73,44;72,74;72,86
25/05/2023 11:00;73,22;73,47;72,7;73,23
25/05/2023 10:30;72,76;73,49;72,76;73,2
25/05/2023 10:00;72,48;72,95;72,45;72,76
25/05/2023 09:30;72,16;72,55;72,12;72,45
25/05/2023 09:00;72,32;72,69;71,6;72,16
24/05/2023 17:05;73,02;73,2;72,34;72,58
24/05/2023 16:00;73,41;73,94;72,95;72,95
24/05/2023 15:30;73,01;73,44;72,82;73,38
24/05/2023 15:00;73,11;73,28;72,84;73,01
24/05/2023 14:30;72,95;73,17;72,9;73,06
24/05/2023 14:00;73,1;73,18;72,71;72,99
24/05/2023 13:30;73,69;73,7;72,97;73,12
24/05/2023 13:00;73,25;73,94;73,25;73,67
24/05/2023 12:30;74;74,06;72,77;73,23
24/05/2023 12:00;73,05;74,31;72,99;74,04
24/05/2023 11:30;72,11;73,18;72,08;73,02
24/05/2023 11:00;71,99;72,19;71,92;72,09
24/05/2023 10:30;71,77;72,17;71,73;71,97
24/05/2023 10:00;72,24;72,27;71,71;71,71
24/05/2023 09:30;71,66;72,28;71,66;72,24
24/05/2023 09:00;72,58;72,69;71,35;71,62
23/05/2023 17:05;73,37;73,38;72,48;72,94
23/05/2023 16:00;72,29;73,44;72,29;73,2
23/05/2023 15:30;71,65;73,37;71,65;72,29
23/05/2023 15:00;71,07;71,82;71,07;71,65
23/05/2023 14:30;70,81;71,21;70,81;71,07
23/05/2023 14:00;70,64;70,9;70,64;70,83
23/05/2023 13:30;70,41;70,77;70,22;70,71
23/05/2023 13:00;70,31;70,46;70,29;70,42
23/05/2023 12:30;70,29;70,37;70,1;70,35
23/05/2023 12:00;70,26;70,3;70,06;70,25
23/05/2023 11:30;70,32;70,32;70,22;70,26
23/05/2023 11:00;70,19;70,35;70,1;70,32
23/05/2023 10:30;70,16;70,25;70,01;70,22
23/05/2023 10:00;70,15;70,25;69,98;70,15
23/05/2023 09:30;70,14;70,26;70,06;70,12
23/05/2023 09:00;69,75;70,15;69,38;70,11
22/05/2023 17:05;70,63;70,63;69,55;69,83
22/05/2023 16:00;70,85;70,89;70,57;70,66
22/05/2023 15:30;71,31;71,44;70,83;70,85
22/05/2023 15:00;70,93;71,44;70,85;71,34
22/05/2023 14:30;70,92;70,94;70,77;70,94
22/05/2023 14:00;70,68;71,18;70,64;70,89
22/05/2023 13:30;70,35;70,68;70,31;70,59
22/05/2023 13:00;70,59;70,82;70,32;70,33
22/05/2023 12:30;70,67;70,97;70,59;70,59
22/05/2023 12:00;70,51;70,67;70,36;70,67
22/05/2023 11:30;70,29;70,48;70,04;70,48
22/05/2023 11:00;70,5;70,5;70,11;70,3
22/05/2023 10:30;70,87;70,97;70,36;70,47
22/05/2023 10:00;71,46;71,67;70,63;70,82
22/05/2023 09:30;71,73;72,01;71,46;71,46
22/05/2023 09:00;71,54;72,02;71,21;71,76
19/05/2023 17:05;71,11;71,7;70,9;71,36
19/05/2023 16:00;70,62;71,31;70,59;70,92
19/05/2023 15:30;70,47;71,11;70,31;70,58
19/05/2023 15:00;70,79;70,97;70,14;70,35
19/05/2023 14:30;71,46;71,46;70,37;70,73
19/05/2023 14:00;70,35;71,49;70,32;70,67
19/05/2023 13:30;70,2;70,35;69,99;70,35
19/05/2023 13:00;70,4;70,43;70;70,19
19/05/2023 12:30;70;70,78;70;70,37
19/05/2023 12:00;70,31;70,57;69,85;69,99
19/05/2023 11:30;70,12;71,56;70,04;70,29
19/05/2023 11:00;70,05;70,27;69,85;70,16
19/05/2023 10:30;69,39;70,46;69,36;70,1
19/05/2023 10:00;69,29;69,59;69,11;69,41
19/05/2023 09:30;69,12;69,9;69,12;69,29
19/05/2023 09:00;68,86;69,53;68,86;69,15
18/05/2023 17:05;69,83;69,83;68,95;69,05
18/05/2023 16:00;69,88;70,05;69,52;69,73
18/05/2023 15:30;69,27;69,98;69,15;69,89
18/05/2023 15:00;69,11;69,48;69,1;69,31
18/05/2023 14:30;68,92;69,16;68,92;69,11
18/05/2023 14:00;68,81;69,1;68,74;68,92
18/05/2023 13:30;69,21;69,29;68,74;68,74
18/05/2023 13:00;68,96;69,24;68,86;69,21
18/05/2023 12:30;68,77;69,26;68,74;68,86
18/05/2023 12:00;68,49;68,85;68,27;68,75
18/05/2023 11:30;69,18;69,33;68,4;68,53
18/05/2023 11:00;68,81;69,34;68,64;69,23
18/05/2023 10:30;68,13;68,86;67,86;68,86
18/05/2023 10:00;68,82;68,84;68,12;68,12
18/05/2023 09:30;68,09;68,86;67,99;68,79
18/05/2023 09:00;70,3;70,51;67,55;68,09
17/05/2023 17:05;70,98;71,08;70,81;70,81
17/05/2023 16:00;71,03;71,21;70,95;71,09
17/05/2023 15:30;70,97;71,03;70,92;71,03
17/05/2023 15:00;71,04;71,05;70,9;70,98
17/05/2023 14:30;71,31;71,38;71,03;71,05
17/05/2023 14:00;71,31;71,34;71,21;71,3
17/05/2023 13:30;71,38;71,44;71,3;71,34
17/05/2023 13:00;71,46;71,49;71,35;71,4
17/05/2023 12:30;71,56;71,57;71,24;71,47
17/05/2023 12:00;71,51;71,93;71,4;71,55
17/05/2023 11:30;71,46;71,62;71,25;71,54
17/05/2023 11:00;71,52;71,59;71,3;71,45
17/05/2023 10:30;71,55;71,6;71,4;71,51
17/05/2023 10:00;71,68;71,71;71,52;71,59
17/05/2023 09:30;71,62;71,78;71,46;71,7
17/05/2023 09:00;72,08;72,35;71,59;71,62
16/05/2023 17:05;72,3;72,58;72,3;72,58
16/05/2023 16:00;72,14;72,59;72,11;72,44
16/05/2023 15:30;72,24;72,39;72,06;72,13
16/05/2023 15:00;72,6;72,6;71,99;72,27
16/05/2023 14:30;72,69;72,69;72,09;72,58
16/05/2023 14:00;73,07;73,16;72,44;72,68
16/05/2023 13:30;73,11;73,2;72,9;73,07
16/05/2023 13:00;72,84;73,32;72,82;73,16
16/05/2023 12:30;72,44;72,91;72,44;72,82
16/05/2023 12:00;72,45;72,55;72,35;72,43
16/05/2023 11:30;72,63;72,68;72,33;72,42
16/05/2023 11:00;72,71;72,82;72,58;72,64
16/05/2023 10:30;72,85;72,86;72,58;72,73
16/05/2023 10:00;73,08;73,6;72,76;72,9
16/05/2023 09:30;72,73;73,07;72,68;73,07
16/05/2023 09:00;72,45;73,2;71,96;72,84
15/05/2023 17:05;73,05;73,42;73,01;73,18
15/05/2023 16:00;72,65;73;72,53;72,85
15/05/2023 15:30;74,09;74,19;72,49;72,75
15/05/2023 15:00;74,06;74,3;74;74,09
15/05/2023 14:30;74,29;74,29;73,93;74,04
15/05/2023 14:00;74,84;74,87;74,2;74,26
15/05/2023 13:30;74,93;75,02;74,69;74,81
15/05/2023 13:00;74,94;75,14;74,93;74,93
15/05/2023 12:30;74,74;75,08;74,74;74,94
15/05/2023 12:00;74,95;75,18;74,64;74,71
15/05/2023 11:30;74,95;75;74,87;74,94
15/05/2023 11:00;74,81;75,16;74,81;74,94
15/05/2023 10:30;75,26;75,41;74,74;74,76
15/05/2023 10:00;75,13;75,42;74,9;75,26
15/05/2023 09:30;74,71;75,2;74,5;75,16
15/05/2023 09:00;74,73;75,55;74,22;74,72
12/05/2023 17:05;74,17;74,27;74;74,19
12/05/2023 16:00;74,31;74,41;74,19;74,19
12/05/2023 15:30;74,5;74,62;74,19;74,4
12/05/2023 15:00;73,88;74,56;73,88;74,47
12/05/2023 14:30;73,99;74,11;73,88;73,88
12/05/2023 14:00;74,19;74,81;73,83;74,05
12/05/2023 13:30;74;74,46;73,93;74,27
12/05/2023 13:00;74,09;74,62;73,57;74
12/05/2023 12:30;74,16;74,19;74,01;74,19
12/05/2023 12:00;74,55;74,55;74,07;74,19
12/05/2023 11:30;74,57;74,73;74,43;74,6
12/05/2023 11:00;74,9;74,9;74,43;74,58
12/05/2023 10:30;74,93;75,2;74,86;74,93
12/05/2023 10:00;75,28;75,38;74,87;74,95
12/05/2023 09:30;75,25;75,61;75,16;75,29
12/05/2023 09:00;74,99;75,38;74,42;75,24
11/05/2023 17:05;75,54;75,87;75,45;75,87
11/05/2023 16:00;75,87;75,9;75,67;75,67
11/05/2023 15:30;75,72;76,02;75,55;75,83
11/05/2023 15:00;75,52;75,81;75,14;75,8
11/05/2023 14:30;75,51;75,61;75,3;75,54
11/05/2023 14:00;75,64;75,65;75,02;75,47
11/05/2023 13:30;75,65;75,87;75,61;75,66
11/05/2023 13:00;75,61;75,82;75,55;75,67
11/05/2023 12:30;76,09;76,09;75,61;75,61
11/05/2023 12:00;75,96;76,25;75,81;76,12
11/05/2023 11:30;76,23;76,42;75,92;75,97
11/05/2023 11:00;75,91;76,37;75,8;76,18
11/05/2023 10:30;75,57;76,09;75,39;75,92
11/05/2023 10:00;75,59;75,67;75,39;75,61
11/05/2023 09:30;75,61;75,81;75,4;75,61
11/05/2023 09:00;75,73;76,64;75,14;75,46
10/05/2023 17:05;75,78;75,83;75,42;75,73
10/05/2023 16:00;75,7;75,88;75,56;75,8
10/05/2023 15:30;75,31;76,16;75,18;75,7
10/05/2023 15:00;75,33;75,49;75,09;75,3
10/05/2023 14:30;75,21;75,38;75,14;75,3
10/05/2023 14:00;75,05;75,42;74,97;75,21
10/05/2023 13:30;74,81;75,07;74,78;75,05
10/05/2023 13:00;75,54;75,54;74,58;74,81
10/05/2023 12:30;75,3;75,6;75,19;75,51
10/05/2023 12:00;75,8;75,8;75,3;75,3
10/05/2023 11:30;75,67;75,92;75,64;75,8
10/05/2023 11:00;75,7;75,73;75,55;75,57
10/05/2023 10:30;75,77;76,01;75,55;75,67
10/05/2023 10:00;75,62;75,86;75,6;75,8
10/05/2023 09:30;76,01;76,04;75,19;75,55
10/05/2023 09:00;76,17;76,17;75,55;76,04
09/05/2023 17:05;77,06;77,38;76,64;76,85
09/05/2023 16:00;77,54;77,62;77,02;77,07
09/05/2023 15:30;78,03;78,09;77,47;77,48
09/05/2023 15:00;77,9;78,26;77,85;78,05
09/05/2023 14:30;77,95;78,26;77,65;77,86
09/05/2023 14:00;78,35;78,51;77,67;78,05
09/05/2023 13:30;79,17;79,17;78,3;78,4
09/05/2023 13:00;79,33;79,43;79,05;79,18
09/05/2023 12:30;79,15;79,57;79,15;79,33
09/05/2023 12:00;79,52;79,52;79,05;79,13
09/05/2023 11:30;80,12;80,22;79,31;79,51
09/05/2023 11:00;80,01;80,38;79,9;80,09
09/05/2023 10:30;80,39;80,39;79,96;80,01
09/05/2023 10:00;80,64;80,82;80,21;80,39
09/05/2023 09:30;80,43;80,69;80,32;80,63
09/05/2023 09:00;80,03;80,73;79,88;80,44
08/05/2023 17:05;81,05;81,28;80,76;80,91
08/05/2023 16:00;81,32;81,32;80,94;81,1
08/05/2023 15:30;81,3;81,36;81,13;81,35
08/05/2023 15:00;81;81,43;80,96;81,32
08/05/2023 14:30;80,65;81,12;80,56;81
08/05/2023 14:00;80,42;80,65;80,42;80,65
08/05/2023 13:30;80,27;80,45;80,18;80,44
08/05/2023 13:00;80,28;80,38;80,27;80,27
08/05/2023 12:30;80,44;80,44;80,26;80,26
08/05/2023 12:00;80,44;80,58;80,09;80,49
08/05/2023 11:30;80,13;80,7;80,07;80,49
08/05/2023 11:00;79,82;80,19;79,77;80,12
08/05/2023 10:30;79,83;79,88;79,64;79,76
08/05/2023 10:00;79,76;79,88;79,62;79,85
08/05/2023 09:30;79,96;80,07;79,76;79,82
08/05/2023 09:00;79,24;80,22;78,91;80,02
05/05/2023 17:05;79,15;79,43;78,93;79,24
05/05/2023 16:00;79,15;79,19;79,12;79,14
05/05/2023 15:30;79,18;79,18;79,1;79,13
05/05/2023 15:00;79,07;79,25;79;79,12
05/05/2023 14:30;79,18;79,2;79,02;79,05
05/05/2023 14:00;79,14;79,25;79,1;79,18
05/05/2023 13:30;79,08;79,14;79,03;79,14
05/05/2023 13:00;79,14;79,14;79,02;79,02
05/05/2023 12:30;79,1;79,18;79,05;79,12
05/05/2023 12:00;79,08;79,12;79,04;79,12
05/05/2023 11:30;79,08;79,31;78,95;79,08
05/05/2023 11:00;79,2;79,25;79,08;79,08
05/05/2023 10:30;79,07;79,49;79,05;79,2
05/05/2023 10:00;79,02;79,07;78,94;79,07
05/05/2023 09:30;78,95;79,2;78,92;79,03
05/05/2023 09:00;78,53;79,26;78,52;78,99
04/05/2023 17:05;78,95;79,4;78,91;79,26
04/05/2023 16:00;79,12;79,31;78,91;79,14
04/05/2023 15:30;78,65;79,33;78,6;79,03
04/05/2023 15:00;78,65;78,82;78,58;78,63
04/05/2023 14:30;78,84;78,89;78,52;78,58
04/05/2023 14:00;78,46;79,12;78,25;78,81
04/05/2023 13:30;78,66;78,66;78,04;78,41
04/05/2023 13:00;78,78;78,89;78,61;78,68
04/05/2023 12:30;78,71;78,88;78,71;78,76
04/05/2023 12:00;78,51;78,82;78,36;78,71
04/05/2023 11:30;78,46;78,68;78,35;78,52
04/05/2023 11:00;78,56;78,71;78,19;78,47
04/05/2023 10:30;78,51;78,99;78,31;78,52
04/05/2023 10:00;78,6;78,65;78,41;78,58
04/05/2023 09:30;79,1;79,1;78,4;78,58
04/05/2023 09:00;78,04;79,26;78,04;79,17
03/05/2023 17:05;78,63;78,63;78;78,03
03/05/2023 16:00;78,76;78,89;78,45;78,52
03/05/2023 15:30;78,68;79,07;78,06;78,71
03/05/2023 15:00;79,26;79,39;78,37;78,71
03/05/2023 14:30;79,14;79,51;79,02;79,35
03/05/2023 14:00;78,81;79,14;78,68;79,14
03/05/2023 13:30;78,35;78,89;78,31;78,84
03/05/2023 13:00;78,65;78,89;78,1;78,35
03/05/2023 12:30;78,06;78,77;78,03;78,65
03/05/2023 12:00;77,9;78,15;77,88;78,06
03/05/2023 11:30;77,91;77,98;77,88;77,9
03/05/2023 11:00;77,83;78,03;77,78;77,93
03/05/2023 10:30;77,85;77,9;77,78;77,83
03/05/2023 10:00;77,78;78,03;77,72;77,89
03/05/2023 09:30;77,83;77,85;77,59;77,78
03/05/2023 09:00;78,32;78,37;77,32;77,85
02/05/2023 17:05;79,02;79,39;78,83;79,14
02/05/2023 16:00;79,17;79,25;79,08;79,2
02/05/2023 15:30;79,2;79,25;79,14;79,14
02/05/2023 15:00;79,45;79,49;79,04;79,2
02/05/2023 14:30;79,34;79,45;79,34;79,45
02/05/2023 14:00;79,3;79,39;79,26;79,39
02/05/2023 13:30;79,24;79,33;79,21;79,29
02/05/2023 13:00;79,23;79,26;79,21;79,24
02/05/2023 12:30;79,35;79,35;79,2;79,24
02/05/2023 12:00;79,28;79,36;79,26;79,28
02/05/2023 11:30;79,28;79,38;79,26;79,28
02/05/2023 11:00;79,39;79,57;79,26;79,36
02/05/2023 10:30;79,09;79,5;79,09;79,39
02/05/2023 10:00;79,03;79,14;79,02;79,09
02/05/2023 09:30;79,1;79,26;78,95;79,04
02/05/2023 09:00;78,88;79,51;78,42;79
28/04/2023 17:05;79,88;80,33;79,88;80,01
28/04/2023 16:00;80,43;80,5;80,23;80,27
28/04/2023 15:30;80,24;80,56;80,24;80,42
28/04/2023 15:00;80,26;80,79;80,07;80,23
28/04/2023 14:30;80,24;80,35;80,09;80,29
28/04/2023 14:00;80,38;80,48;80,19;80,26
28/04/2023 13:30;80,23;80,63;79,95;80,34
28/04/2023 13:00;81,1;81,12;79,82;80,23
28/04/2023 12:30;79,95;81,49;79,87;81,11
28/04/2023 12:00;79,87;79,95;79,73;79,95
28/04/2023 11:30;79,82;79,95;79,75;79,81
28/04/2023 11:00;79,64;79,95;79,64;79,82
28/04/2023 10:30;80,01;80,01;79,45;79,65
28/04/2023 10:00;80,18;80,32;79,88;80,01
28/04/2023 09:30;80,04;80,19;80,02;80,14
28/04/2023 09:00;80,5;80,56;79,65;80,01
27/04/2023 17:05;80,52;80,94;80,52;80,92
27/04/2023 16:00;80,65;81;80,63;80,89
27/04/2023 15:30;80,66;80,8;80,63;80,63
27/04/2023 15:00;80,73;80,85;80,63;80,65
27/04/2023 14:30;80,69;80,81;80,58;80,65
27/04/2023 14:00;80,6;80,8;80,6;80,69
27/04/2023 13:30;80,9;81;80,56;80,6
27/04/2023 13:00;81,18;81,2;80,87;80,95
27/04/2023 12:30;81,27;81,27;81,18;81,18
27/04/2023 12:00;81,23;81,37;81,18;81,27
27/04/2023 11:30;81,3;81,32;81,21;81,25
27/04/2023 11:00;81,18;81,37;81,18;81,25
27/04/2023 10:30;81,22;81,28;81,12;81,25
27/04/2023 10:00;81,31;81,47;81,22;81,23
27/04/2023 09:30;81,21;81,61;81,2;81,31
27/04/2023 09:00;81,62;81,62;80,63;81,25
26/04/2023 17:05;82,43;82,55;81,87;82,46
26/04/2023 16:00;82,52;82,86;82,41;82,86
26/04/2023 15:30;82,63;82,89;82,4;82,6
26/04/2023 15:00;83,02;83,17;82,62;82,62
26/04/2023 14:30;82,74;83,35;82,73;83,02
26/04/2023 14:00;83,61;83,67;82,62;82,74
26/04/2023 13:30;84,08;84,16;83,6;83,6
26/04/2023 13:00;83,76;84,22;83,71;84,14
26/04/2023 12:30;84,06;84,08;83,33;83,77
26/04/2023 12:00;84,43;84,47;83,85;83,97
26/04/2023 11:30;84,99;85,17;83,98;84,38
26/04/2023 11:00;83,98;84,96;83,93;84,96
26/04/2023 10:30;84,47;84,48;82,98;84
26/04/2023 10:00;84,57;84,65;84,47;84,47
26/04/2023 09:30;85,07;85,21;84,52;84,54
26/04/2023 09:00;83,19;85,57;82,98;85,07
25/04/2023 17:05;83,41;83,78;82,98;83,14
25/04/2023 16:00;83,07;83,41;83,07;83,41
25/04/2023 15:30;82,98;83,1;82,87;83,1
25/04/2023 15:00;82,77;83,05;82,74;82,96
25/04/2023 14:30;82,58;83,04;82,56;82,77
25/04/2023 14:00;82,56;83,19;82,55;82,74
25/04/2023 13:30;81,79;82,89;81,59;82,73
25/04/2023 13:00;81,87;82,05;81,75;81,79
25/04/2023 12:30;82,16;82,34;81,49;81,78
25/04/2023 12:00;81,87;82,14;81,49;82,14
25/04/2023 11:30;81,42;82,15;81,35;81,88
25/04/2023 11:00;81,53;81,8;81,3;81,33
25/04/2023 10:30;82,4;82,45;81,43;81,61
25/04/2023 10:00;82,67;82,79;82;82,42
25/04/2023 09:30;82,13;82,79;82,06;82,66
25/04/2023 09:00;80,32;83,59;80,32;82,1
24/04/2023 17:05;80,74;80,87;80,06;80,13
24/04/2023 16:00;80,82;81;80,81;80,87
24/04/2023 15:30;80,82;81,16;80,75;80,75
24/04/2023 15:00;80,95;81;80,84;80,87
24/04/2023 14:30;80,8;80,99;80,69;80,99
24/04/2023 14:00;80,63;80,87;80,56;80,85
24/04/2023 13:30;80,99;81,05;80,61;80,63
24/04/2023 13:00;81,01;81,35;80,87;81
24/04/2023 12:30;81,04;81,12;80,92;81
24/04/2023 12:00;81,31;81,31;80,87;81,04
24/04/2023 11:30;80,91;81,49;80,87;81,33
24/04/2023 11:00;80,71;81,36;80,68;80,87
24/04/2023 10:30;80,7;80,8;80,26;80,66
24/04/2023 10:00;80,96;81,05;80,61;80,68
24/04/2023 09:30;81,15;81,36;80,87;80,96
24/04/2023 09:00;82,36;82,46;80,33;80,97
20/04/2023 17:05;83,66;83,9;83,66;83,72
20/04/2023 16:00;83,85;83,86;83,45;83,74
20/04/2023 15:30;83,76;83,97;83,71;83,87
20/04/2023 15:00;84,21;84,34;83,61;83,65
20/04/2023 14:30;83,22;84,33;83,14;84,22
20/04/2023 14:00;83,38;83,51;82,61;83,33
20/04/2023 13:30;84,16;84,19;83,15;83,3
20/04/2023 13:00;84,44;84,44;84,12;84,19
20/04/2023 12:30;84,69;84,75;84,43;84,47
20/04/2023 12:00;84,84;84,87;84,48;84,65
20/04/2023 11:30;84,96;85;84,71;84,9
20/04/2023 11:00;85,33;85,36;84,9;84,96
20/04/2023 10:30;85,58;85,72;85,27;85,33
20/04/2023 10:00;85,7;85,83;85,58;85,58
20/04/2023 09:30;86,03;86,03;85,7;85,7
20/04/2023 09:00;86,16;86,32;85,68;86,06
19/04/2023 17:05;86,71;86,91;86,71;86,82
19/04/2023 16:00;86,52;86,81;86,46;86,71
19/04/2023 15:30;86,41;86,67;86,37;86,51
19/04/2023 15:00;86,42;86,56;86,34;86,48
19/04/2023 14:30;86,76;87,07;86,2;86,39
19/04/2023 14:00;86,74;86,93;86,65;86,7
19/04/2023 13:30;86,65;86,74;86,65;86,74
19/04/2023 13:00;86,74;86,93;86,63;86,63
19/04/2023 12:30;86,63;86,94;86,45;86,71
19/04/2023 12:00;86,46;86,93;86,46;86,57
19/04/2023 11:30;86,41;86,46;86,36;86,46
19/04/2023 11:00;86,46;86,68;86,34;86,46
19/04/2023 10:30;86,61;86,76;86,39;86,45
19/04/2023 10:00;86,63;86,81;86,57;86,57
19/04/2023 09:30;86,79;86,88;86,63;86,63
19/04/2023 09:00;87,8;87,98;86,57;86,86
18/04/2023 17:05;88,45;88,7;88,4;88,49
18/04/2023 16:00;88,55;88,59;88,36;88,54
18/04/2023 15:30;88,7;88,7;88,26;88,55
18/04/2023 15:00;88,54;88,77;88,48;88,7
18/04/2023 14:30;88,4;88,63;88,29;88,63
18/04/2023 14:00;88,39;88,39;88,14;88,39
18/04/2023 13:30;88,79;88,82;88,06;88,39
18/04/2023 13:00;88,89;88,89;88,63;88,83
18/04/2023 12:30;89,51;89,59;88,76;88,76
18/04/2023 12:00;89,44;89,63;89,34;89,46
18/04/2023 11:30;90,32;90,35;89,43;89,46
18/04/2023 11:00;90,35;90,39;90,28;90,39
18/04/2023 10:30;90,59;90,6;90,25;90,39
18/04/2023 10:00;90,68;90,68;90,35;90,59
18/04/2023 09:30;90,98;90,99;90,65;90,75
18/04/2023 09:00;90,6;91,43;90,47;90,98
17/04/2023 17:05;90,82;90,9;90,35;90,35
17/04/2023 16:00;90,94;91,04;90,74;90,98
17/04/2023 15:30;91,07;91,09;90,92;90,94
17/04/2023 15:00;91,23;91,3;90,95;91,07
17/04/2023 14:30;91,35;91,36;91,07;91,27
17/04/2023 14:00;91,16;91,36;91,03;91,33
17/04/2023 13:30;91,3;91,36;90,79;90,98
17/04/2023 13:00;91,42;91,43;91,24;91,24
17/04/2023 12:30;90,99;91,42;90,98;91,41
17/04/2023 12:00;91,36;91,4;90,83;90,98
17/04/2023 11:30;91,43;91,61;91,31;91,42
17/04/2023 11:00;91,35;91,61;91,19;91,61
17/04/2023 10:30;91,61;91,66;91,19;91,35
17/04/2023 10:00;91,59;91,84;91,42;91,84
17/04/2023 09:30;91,55;91,67;91,11;91,51
17/04/2023 09:00;92,81;92,81;91,28;91,7
14/04/2023 17:05;93,47;93,71;93,13;93,25
14/04/2023 16:00;93,05;93,47;93;93,47
14/04/2023 15:30;93,04;93,51;92,94;92,98
14/04/2023 15:00;93,1;93,34;92,87;93,34
14/04/2023 14:30;93,32;93,38;93,08;93,14
14/04/2023 14:00;93,38;93,49;93,32;93,32
14/04/2023 13:30;93,25;93,48;92,81;93,38
14/04/2023 13:00;93,39;93,51;93,13;93,13
14/04/2023 12:30;92,6;93,43;92,36;93,43
14/04/2023 12:00;92,98;93;92,24;92,57
14/04/2023 11:30;93,32;93,63;92,89;93,05
14/04/2023 11:00;93,05;93,66;92,98;93,29
14/04/2023 10:30;92,81;94,01;92,58;93,06
14/04/2023 10:00;92,56;93,06;92,47;92,81
14/04/2023 09:30;92,04;92,69;91,86;92,53
14/04/2023 09:00;92,12;92,8;91,79;91,93
13/04/2023 17:05;92,53;92,84;92,38;92,8
13/04/2023 16:00;93,09;93,25;92,03;92,39
13/04/2023 15:30;92,53;93,13;92,38;93,1
13/04/2023 15:00;92,05;92,55;92,05;92,55
13/04/2023 14:30;92,07;92,23;91,93;92,05
13/04/2023 14:00;91,99;92,18;91,95;92,07
13/04/2023 13:30;91,93;92,03;91,79;91,93
13/04/2023 13:00;91,93;92,03;91,83;91,83
13/04/2023 12:30;92,23;92,24;91,64;91,89
13/04/2023 12:00;92,21;92,24;92,14;92,24
13/04/2023 11:30;92,33;92,34;91,95;92,22
13/04/2023 11:00;92,56;92,67;92,21;92,32
13/04/2023 10:30;92,71;92,71;92,56;92,69
13/04/2023 10:00;92,69;92,98;92,36;92,81
13/04/2023 09:30;93,32;93,32;92,5;92,69
13/04/2023 09:00;94,25;94,29;93,25;93,33
12/04/2023 17:05;94,43;94,52;94,32;94,32
12/04/2023 16:00;94,45;94,63;94,26;94,44
12/04/2023 15:30;93,76;94,71;93,76;94,45
12/04/2023 15:00;94,14;94,14;93,72;93,78
12/04/2023 14:30;94,33;94,39;94,11;94,14
12/04/2023 14:00;94,26;94,39;94,16;94,26
12/04/2023 13:30;94,23;94,32;93,91;94,19
12/04/2023 13:00;94,29;94,39;94,21;94,25
12/04/2023 12:30;94,45;94,45;94,26;94,26
12/04/2023 12:00;94,47;94,52;94,44;94,45
12/04/2023 11:30;94,43;94,77;94,29;94,47
12/04/2023 11:00;94,29;94,58;94,21;94,39
12/04/2023 10:30;94,47;94,58;94,29;94,29
12/04/2023 10:00;94,52;94,61;94,26;94,47
12/04/2023 09:30;95,02;95,07;94,3;94,52
12/04/2023 09:00;95,78;95,79;94,1;94,99
11/04/2023 17:05;96,34;96,34;96,12;96,13
11/04/2023 16:00;96,12;96,53;96,12;96,34
11/04/2023 15:30;96,59;96,59;96,03;96,1
11/04/2023 15:00;96,79;96,79;96,56;96,59
11/04/2023 14:30;96,74;96,86;96,73;96,79
11/04/2023 14:00;96,94;97,11;96,73;96,74
11/04/2023 13:30;96,98;97,11;96,69;96,92
11/04/2023 13:00;97,2;97,2;96,46;97,02
11/04/2023 12:30;97,16;97,23;97,11;97,23
11/04/2023 12:00;97,03;97,52;97,03;97,15
11/04/2023 11:30;97,03;97,18;96,92;96,98
11/04/2023 11:00;97,15;97,42;96,86;97,06
11/04/2023 10:30;96,91;97,64;96,73;97,16
11/04/2023 10:00;98,25;98,25;96,7;96,91
11/04/2023 09:30;98,35;98,42;98,21;98,25
11/04/2023 09:00;98,94;99,14;98,32;98,35
10/04/2023 17:05;99,38;99,45;99,31;99,31
10/04/2023 16:00;99,46;99,51;99,33;99,38
10/04/2023 15:30;99,33;99,43;99,32;99,36
10/04/2023 15:00;99,46;99,57;99,26;99,32
10/04/2023 14:30;99,65;99,67;99,45;99,51
10/04/2023 14:00;99,72;99,77;99,64;99,65
10/04/2023 13:30;99,9;99,93;99,74;99,75
10/04/2023 13:00;99,93;100,01;99,9;99,91
10/04/2023 12:30;99,94;99,98;99,93;99,93
10/04/2023 12:00;99,89;100,01;99,84;99,96
10/04/2023 11:30;100,03;100,08;99,86;99,91
10/04/2023 11:00;100,25;100,29;99,91;100,04
10/04/2023 10:30;100,34;100,34;100,2;100,2
10/04/2023 10:00;100,22;100,41;100,18;100,33
10/04/2023 09:30;100,22;100,33;100,22;100,23
10/04/2023 09:00;100,39;100,46;100,09;100,27
06/04/2023 17:05;100,65;100,9;100,52;100,81
06/04/2023 16:00;100,66;101,03;100,6;100,71
06/04/2023 15:30;100,68;100,71;100,54;100,62
06/04/2023 15:00;100,52;100,7;100,52;100,7
06/04/2023 14:30;100,53;100,66;100,52;100,52
06/04/2023 14:00;100,67;100,67;100,51;100,57
06/04/2023 13:30;100,77;100,77;100,62;100,62
06/04/2023 13:00;100,71;100,76;100,67;100,76
06/04/2023 12:30;100,7;100,84;100,7;100,72
06/04/2023 12:00;100,58;100,77;100,58;100,66
06/04/2023 11:30;100,61;100,68;100,52;100,63
06/04/2023 11:00;100,96;101,04;100,52;100,62
06/04/2023 10:30;101,03;101,03;100,85;100,96
06/04/2023 10:00;101,16;101,2;101,04;101,08
06/04/2023 09:30;101,52;101,53;100,91;101,1
06/04/2023 09:00;101,1;101,54;100,9;101,51
05/04/2023 17:05;101,15;101,21;100,89;101,09
05/04/2023 16:00;100,61;101,3;100,61;101,3
05/04/2023 15:30;100,54;100,71;100,53;100,65
05/04/2023 15:00;100,38;100,58;100,37;100,53
05/04/2023 14:30;100,39;100,75;100,33;100,39
05/04/2023 14:00;100,96;101,03;100,37;100,41
05/04/2023 13:30;100,9;101,06;100,71;100,94
05/04/2023 13:00;101,09;101,11;100,73;100,9
05/04/2023 12:30;101,33;101,33;100,97;101,06
05/04/2023 12:00;100,87;101,34;100,87;101,3
05/04/2023 11:30;100,85;101,05;100,85;100,91
05/04/2023 11:00;101,05;101,21;100,81;100,85
05/04/2023 10:30;100,82;101,06;100,82;101,06
05/04/2023 10:00;100,75;101,04;100,6;100,82
05/04/2023 09:30;100,61;100,84;100,48;100,8
05/04/2023 09:00;100,08;100,63;99,64;100,58
04/04/2023 17:05;100,65;100,87;100,46;100,48
04/04/2023 16:00;100,9;101,21;100,84;100,84
04/04/2023 15:30;100,92;101,14;100,85;100,87
04/04/2023 15:00;101,01;101,28;100,84;100,96
04/04/2023 14:30;101,8;101,8;100,97;101
04/04/2023 14:00;101,85;102,02;101,49;101,75
04/04/2023 13:30;102,5;102,69;101,8;101,85
04/04/2023 13:00;102,81;102,84;102,49;102,57
04/04/2023 12:30;102,78;102,86;102,66;102,82
04/04/2023 12:00;102,39;102,98;102,36;102,78
04/04/2023 11:30;102,23;102,48;102,21;102,43
04/04/2023 11:00;102,18;102,68;102,16;102,23
04/04/2023 10:30;101,78;102,21;101,68;102,16
04/04/2023 10:00;101,64;102,04;101,58;101,78
04/04/2023 09:30;101,49;101,72;101,47;101,61
04/04/2023 09:00;101,77;102,05;101,24;101,51
03/04/2023 17:05;102,09;102,3;101,86;102,09
03/04/2023 16:00;101,39;102,09;101,35;102,02
03/04/2023 15:30;101,03;101,59;101,03;101,43
03/04/2023 15:00;100,96;100,97;100,85;100,94
03/04/2023 14:30;101,08;101,16;100,9;100,97
03/04/2023 14:00;100,86;101,28;100,84;101,03
03/04/2023 13:30;100,84;100,86;100,71;100,86
03/04/2023 13:00;100,8;100,94;100,67;100,81
03/04/2023 12:30;101,47;101,47;100,71;100,85
03/04/2023 12:00;101,52;101,71;101,51;101,52
03/04/2023 11:30;101,69;101,72;101,4;101,61
03/04/2023 11:00;101,47;101,97;101,47;101,68
03/04/2023 10:30;101,25;101,47;101,18;101,47
03/04/2023 10:00;101,14;101,28;100,92;101,21
03/04/2023 09:30;101,34;101,53;101,11;101,13
03/04/2023 09:00;100,84;101,78;100,84;101,39
31/03/2023 17:05;100,82;101,14;100,82;100,96
31/03/2023 16:00;100,96;101,3;100,3;100,57
31/03/2023 15:30;100,95;101,14;100,49;100,96
31/03/2023 15:00;101,71;101,77;100,71;100,91
31/03/2023 14:30;101,91;101,91;101,58;101,71
31/03/2023 14:00;102,01;102,02;101,91;101,91
31/03/2023 13:30;101,9;102,06;101,85;102,01
31/03/2023 13:00;102,18;102,42;101,72;101,9
31/03/2023 12:30;102,14;102,24;102,14;102,18
31/03/2023 12:00;102,23;102,26;102,07;102,12
31/03/2023 11:30;102,1;102,25;101,99;102,23
31/03/2023 11:00;102;102,47;101,91;102,1
31/03/2023 10:30;102,12;102,12;101,9;101,93
31/03/2023 10:00;102,2;102,23;102,06;102,07
31/03/2023 09:30;102,14;102,33;102,07;102,18
31/03/2023 09:00;102,16;102,72;101,97;102,14
30/03/2023 17:05;102,33;102,43;102,1;102,23
30/03/2023 16:00;102,91;102,96;102,18;102,35
30/03/2023 15:30;102,91;102,92;102,59;102,86
30/03/2023 15:00;103,24;103,24;102,77;102,86
30/03/2023 14:30;103,4;103,44;103,24;103,24
30/03/2023 14:00;103,4;103,49;103,35;103,4
30/03/2023 13:30;103,48;103,54;103,35;103,44
30/03/2023 13:00;103,55;103,55;103,43;103,48
30/03/2023 12:30;103,54;103,63;103,54;103,55
30/03/2023 12:00;103,34;103,7;103,3;103,54
30/03/2023 11:30;103,31;103,55;103,26;103,32
30/03/2023 11:00;103,87;104,02;103,31;103,31
30/03/2023 10:30;103,94;103,99;103,87;103,87
30/03/2023 10:00;103,98;104,41;103,88;103,93
30/03/2023 09:30;103,89;103,93;103,79;103,87
30/03/2023 09:00;104,17;104,21;103,49;103,92
29/03/2023 17:05;104,12;104,15;103,87;103,97
29/03/2023 16:00;103,78;104,23;103,64;103,99
29/03/2023 15:30;103,68;103,87;103,43;103,81
29/03/2023 15:00;103,44;103,74;103,41;103,62
29/03/2023 14:30;103,4;103,51;103,36;103,45
29/03/2023 14:00;103,41;103,48;103,14;103,36
29/03/2023 13:30;103,45;103,55;103,4;103,43
29/03/2023 13:00;103,4;103,5;103,36;103,45
29/03/2023 12:30;103,39;103,55;103,36;103,36
29/03/2023 12:00;103,45;103,48;103,36;103,39
29/03/2023 11:30;103,5;103,62;103,43;103,45
29/03/2023 11:00;103,45;103,64;103,36;103,51
29/03/2023 10:30;103,68;103,79;103,44;103,48
29/03/2023 10:00;103,83;103,84;103,64;103,68
29/03/2023 09:30;103,75;103,93;103,74;103,81
29/03/2023 09:00;104,25;104,4;103,74;103,77
28/03/2023 17:05;104,25;104,37;104,25;104,37
28/03/2023 16:00;104,39;104,63;104,25;104,25
28/03/2023 15:30;104,59;104,63;104,37;104,37
28/03/2023 15:00;104,51;104,68;104,49;104,56
28/03/2023 14:30;104,58;104,68;104,49;104,5
28/03/2023 14:00;104,69;104,74;104,55;104,6
28/03/2023 13:30;104,88;104,88;104,63;104,66
28/03/2023 13:00;104,77;104,9;104,75;104,89
28/03/2023 12:30;104,82;104,97;104,69;104,77
28/03/2023 12:00;105,17;105,17;104,79;104,82
28/03/2023 11:30;105,36;105,37;105,12;105,13
28/03/2023 11:00;105,37;105,49;105,33;105,37
28/03/2023 10:30;105,36;105,46;105,26;105,35
28/03/2023 10:00;105,61;105,73;105,21;105,21
28/03/2023 09:30;105,95;105,98;105,64;105,64
28/03/2023 09:00;105,89;106,19;105,8;105,95
27/03/2023 17:05;105,84;106,04;105,76;106,03
27/03/2023 16:00;106,27;106,27;105,76;105,76
27/03/2023 15:30;106,56;106,56;106,27;106,28
27/03/2023 15:00;106,64;106,69;106,56;106,56
27/03/2023 14:30;106,62;106,69;106,61;106,65
27/03/2023 14:00;106,67;106,71;106,6;106,64
27/03/2023 13:30;106,7;106,7;106,56;106,65
27/03/2023 13:00;106,76;106,8;106,71;106,74
27/03/2023 12:30;106,86;106,9;106,77;106,79
27/03/2023 12:00;106,81;106,89;106,8;106,86
27/03/2023 11:30;106,65;106,85;106,64;106,77
27/03/2023 11:00;106,77;106,77;106,6;106,66
27/03/2023 10:30;107,14;107,2;106,72;106,85
27/03/2023 10:00;107,25;107,57;107,14;107,14
27/03/2023 09:30;106,85;107,25;106,79;107,22
27/03/2023 09:00;106,34;106,9;106,34;106,84
24/03/2023 17:05;105,98;106,08;105,97;106,02
24/03/2023 16:00;106,09;106,32;105,98;106,14
24/03/2023 15:30;106,02;106,12;105,89;106,12
24/03/2023 15:00;106,1;106,14;106,02;106,02
24/03/2023 14:30;106;106,14;106;106,08
24/03/2023 14:00;106,29;106,29;105,97;105,97
24/03/2023 13:30;106,26;106,34;106,17;106,24
24/03/2023 13:00;106,46;106,46;106,1;106,24
24/03/2023 12:30;106,43;106,46;106,37;106,45
24/03/2023 12:00;106,18;106,46;106,14;106,46
24/03/2023 11:30;106,22;106,37;106,13;106,23
24/03/2023 11:00;106,19;106,32;106,16;106,29
24/03/2023 10:30;106,1;106,48;106,09;106,28
24/03/2023 10:00;105,81;106,19;105,76;106,02
24/03/2023 09:30;105,93;105,94;105,73;105,78
24/03/2023 09:00;105,92;106,04;105,52;105,94
23/03/2023 17:05;106,21;106,22;106,02;106,07
23/03/2023 16:00;105,76;106,37;105,7;106,22
23/03/2023 15:30;106,05;106,12;105,74;105,76
23/03/2023 15:00;105,9;106,02;105,66;106,02
23/03/2023 14:30;106;106,13;105,85;105,89
23/03/2023 14:00;106,46;106,48;105,92;106
23/03/2023 13:30;106,42;106,47;106,27;106,47
23/03/2023 13:00;106,27;106,52;106,27;106,46
23/03/2023 12:30;106,22;106,33;106,21;106,27
23/03/2023 12:00;106,38;106,42;106,14;106,27
23/03/2023 11:30;106,41;106,43;106,09;106,43
23/03/2023 11:00;106,58;106,64;106,27;106,4
23/03/2023 10:30;106,28;106,64;106,09;106,57
23/03/2023 10:00;106,16;106,32;106,03;106,28
23/03/2023 09:30;106,08;106,5;106,08;106,18
23/03/2023 09:00;106,27;106,4;105,92;106,12
22/03/2023 17:05;106,03;106,4;106,03;106,27
22/03/2023 16:00;106,14;106,21;105,78;106,02
22/03/2023 15:30;106,27;106,47;105,89;106,14
22/03/2023 15:00;106,37;106,52;106,14;106,27
22/03/2023 14:30;106,58;106,62;106,36;106,36
22/03/2023 14:00;106,66;106,71;106,46;106,58
22/03/2023 13:30;107,04;107,05;106,65;106,67
22/03/2023 13:00;107,07;107,07;106,94;107,04
22/03/2023 12:30;107,09;107,13;107,05;107,09
22/03/2023 12:00;107;107,12;106,98;107,12
22/03/2023 11:30;106,94;107,15;106,9;107,03
22/03/2023 11:00;106,96;107,01;106,9;106,93
22/03/2023 10:30;107,2;107,23;106,96;107
22/03/2023 10:00;107,28;107,29;107,15;107,2
22/03/2023 09:30;107,41;107,52;107,28;107,28
22/03/2023 09:00;107,19;107,52;107,19;107,38
21/03/2023 17:05;107,72;107,72;107,53;107,56
21/03/2023 16:00;107,6;107,72;107,53;107,72
21/03/2023 15:30;107,63;107,66;107,47;107,56
21/03/2023 15:00;107,68;107,72;107,6;107,62
21/03/2023 14:30;107,73;107,82;107,65;107,65
21/03/2023 14:00;107,73;107,76;107,56;107,72
21/03/2023 13:30;107,77;107,79;107,73;107,73
21/03/2023 13:00;107,79;107,79;107,75;107,77
21/03/2023 12:30;107,66;107,85;107,66;107,81
21/03/2023 12:00;107,81;107,82;107,66;107,72
21/03/2023 11:30;108,04;108,04;107,75;107,85
21/03/2023 11:00;108;108,05;107,97;108,03
21/03/2023 10:30;108,06;108,1;107,97;108,03
21/03/2023 10:00;108;108,09;108;108,08
21/03/2023 09:30;108,11;108,15;107,96;108,01
21/03/2023 09:00;108,04;108,24;107,92;108,1
20/03/2023 17:05;108,56;108,56;108,35;108,35
20/03/2023 16:00;108,51;108,58;108,43;108,52
20/03/2023 15:30;108,48;108,53;108,46;108,48
20/03/2023 15:00;108,44;108,51;108,42;108,48
20/03/2023 14:30;108,35;108,48;108,35;108,42
20/03/2023 14:00;108,4;108,43;108,29;108,35
20/03/2023 13:30;108,43;108,47;108,35;108,4
20/03/2023 13:00;108,47;108,48;108,42;108,42
20/03/2023 12:30;108,51;108,51;108,39;108,39
20/03/2023 12:00;108,34;108,59;108,33;108,54
20/03/2023 11:30;108,42;108,44;108,34;108,39
20/03/2023 11:00;108,38;108,48;108,34;108,39
20/03/2023 10:30;108,48;108,58;108,34;108,34
20/03/2023 10:00;108,61;108,66;108,42;108,54
20/03/2023 09:30;108,61;108,67;108,54;108,62
20/03/2023 09:00;108,56;108,91;108,42;108,61
17/03/2023 17:05;109,07;109,19;109,05;109,05
17/03/2023 16:00;109,14;109,24;109,11;109,16
17/03/2023 15:30;109,15;109,21;109,11;109,16
17/03/2023 15:00;109,25;109,28;109,11;109,14
17/03/2023 14:30;109,21;109,43;109,18;109,23
17/03/2023 14:00;109,2;109,2;109,07;109,2
17/03/2023 13:30;109,16;109,28;109,15;109,18
17/03/2023 13:00;109,35;109,4;109,15;109,18
17/03/2023 12:30;109,42;109,43;109,35;109,42
17/03/2023 12:00;109,18;109,52;109,14;109,4
17/03/2023 11:30;109,19;109,24;109,18;109,19
17/03/2023 11:00;109,26;109,29;109,18;109,21
17/03/2023 10:30;109,28;109,28;109,12;109,26
17/03/2023 10:00;109,19;109,33;109,16;109,24
17/03/2023 09:30;109,25;109,39;109,19;109,21
17/03/2023 09:00;109,64;109,78;109,11;109,24
16/03/2023 17:05;109,59;109,63;109,34;109,62
16/03/2023 16:00;109,64;109,68;109,57;109,62
16/03/2023 15:30;109,62;109,68;109,58;109,63
16/03/2023 15:00;109,58;109,66;109,55;109,6
16/03/2023 14:30;109,79;109,81;109,55;109,6
16/03/2023 14:00;110;110,02;109,73;109,81
16/03/2023 13:30;109,88;110,11;109,88;110
16/03/2023 13:00;109,88;109,88;109,82;109,86
16/03/2023 12:30;109,91;109,92;109,81;109,88
16/03/2023 12:00;109,93;109,93;109,81;109,88
16/03/2023 11:30;109,78;109,98;109,76;109,93
16/03/2023 11:00;109,73;109,92;109,55;109,74
16/03/2023 10:30;109,93;109,98;109,68;109,69
16/03/2023 10:00;109,92;110;109,81;109,91
16/03/2023 09:30;109,91;109,95;109,81;109,87
16/03/2023 09:00;110,05;110,27;109,57;109,88
15/03/2023 17:05;110,19;110,35;109,95;110,21
15/03/2023 16:00;110,38;110,4;110,16;110,21
15/03/2023 15:30;110,74;110,77;110,31;110,39
15/03/2023 15:00;110,81;110,82;110,73;110,75
15/03/2023 14:30;110,74;110,88;110,69;110,82
15/03/2023 14:00;110,65;110,79;110,62;110,73
15/03/2023 13:30;110,51;110,65;110,49;110,63
15/03/2023 13:00;110,5;110,63;110,49;110,55
15/03/2023 12:30;110,5;110,57;110,44;110,49
15/03/2023 12:00;110,35;110,54;110,29;110,51
15/03/2023 11:30;110,51;110,63;110,27;110,38
15/03/2023 11:00;110,75;110,75;110,5;110,54
15/03/2023 10:30;110,69;110,87;110,68;110,78
15/03/2023 10:00;110,57;110,69;110,5;110,68
15/03/2023 09:30;110,57;110,65;110,5;110,57
15/03/2023 09:00;110,82;110,98;110,48;110,58
14/03/2023 17:05;111,01;111,12;110,93;111,06
14/03/2023 16:00;110,99;111,13;110,91;111,01
14/03/2023 15:30;110,96;111,01;110,96;111,01
14/03/2023 15:00;111,03;111,05;110,91;110,94
14/03/2023 14:30;111,05;111,11;111,03;111,03
14/03/2023 14:00;110,96;111,06;110,94;111,05
14/03/2023 13:30;110,88;111,01;110,88;110,97
14/03/2023 13:00;110,91;110,93;110,82;110,92
14/03/2023 12:30;110,92;110,97;110,87;110,92
14/03/2023 12:00;110,96;110,99;110,88;110,91
14/03/2023 11:30;110,97;110,97;110,94;110,96
14/03/2023 11:00;110,88;111,06;110,75;110,97
14/03/2023 10:30;110,88;110,93;110,72;110,88
14/03/2023 10:00;110,77;110,88;110,65;110,88
14/03/2023 09:30;110,82;110,97;110,65;110,77
14/03/2023 09:00;111,2;111,26;110,72;110,84
13/03/2023 17:05;111,01;111,18;110,82;111,07
13/03/2023 16:00;110,82;111,13;110,82;111,07
13/03/2023 15:30;110,69;110,93;110,64;110,87
13/03/2023 15:00;110,59;110,92;110,58;110,7
13/03/2023 14:30;110,46;110,65;110,43;110,57
13/03/2023 14:00;110,39;110,5;110,35;110,5
13/03/2023 13:30;110,31;110,44;110,31;110,38
13/03/2023 13:00;110,31;110,38;110,26;110,31
13/03/2023 12:30;110,33;110,36;110,26;110,31
13/03/2023 12:00;110,33;110,39;110,33;110,39
13/03/2023 11:30;110,35;110,44;110,3;110,38
13/03/2023 11:00;110,38;110,43;110,27;110,31
13/03/2023 10:30;110,1;110,38;110,09;110,38
13/03/2023 10:00;110,27;110,38;110,07;110,07
13/03/2023 09:30;110,02;110,3;110,02;110,25
13/03/2023 09:00;109,95;110,15;109,83;110
10/03/2023 17:05;110,19;110,38;110,19;110,25
10/03/2023 16:00;110,3;110,35;110,24;110,26
10/03/2023 15:30;110,27;110,38;110,25;110,31
10/03/2023 15:00;110,22;110,38;110,21;110,27
10/03/2023 14:30;110,26;110,34;110,19;110,24
10/03/2023 14:00;110,38;110,4;110,24;110,29
10/03/2023 13:30;110,3;110,39;110,27;110,39
10/03/2023 13:00;110,19;110,31;110,19;110,27
10/03/2023 12:30;110,15;110,21;110,11;110,21
10/03/2023 12:00;110,2;110,21;110,12;110,12
10/03/2023 11:30;110,2;110,29;110,1;110,17
10/03/2023 11:00;110,12;110,19;110,1;110,19
10/03/2023 10:30;110,05;110,2;110,03;110,15
10/03/2023 10:00;110,01;110,1;109,97;110,09
10/03/2023 09:30;110,03;110,11;109,93;110,02
10/03/2023 09:00;109,93;110,16;109,77;110,01
09/03/2023 17:05;110,31;110,53;110,27;110,34
09/03/2023 16:00;110,5;110,51;110,21;110,33
09/03/2023 15:30;110,58;110,63;110,38;110,5
09/03/2023 15:00;110,77;110,79;110,6;110,62
09/03/2023 14:30;110,89;110,97;110,7;110,73
09/03/2023 14:00;111,01;111,03;110,82;110,93
09/03/2023 13:30;110,82;111,06;110,82;110,96
09/03/2023 13:00;110,73;110,82;110,69;110,75
09/03/2023 12:30;110,79;110,92;110,78;110,78
09/03/2023 12:00;110,78;110,87;110,57;110,75
09/03/2023 11:30;111,03;111,07;110,69;110,78
09/03/2023 11:00;111,39;111,41;110,98;111,01
09/03/2023 10:30;110,81;111,53;110,81;111,45
09/03/2023 10:00;110,5;110,94;110,46;110,78
09/03/2023 09:30;110,48;110,51;110,39;110,51
09/03/2023 09:00;110,2;110,51;110,17;110,44
08/03/2023 17:05;110,19;110,22;110,02;110,06
08/03/2023 16:00;110,33;110,38;110,1;110,19
08/03/2023 15:30;110,25;110,34;110,2;110,33
08/03/2023 15:00;110,41;110,41;110,16;110,24
08/03/2023 14:30;110,07;110,54;109,98;110,39
08/03/2023 14:00;110,4;110,44;109,96;110,07
08/03/2023 13:30;110,46;110,53;110,39;110,45
08/03/2023 13:00;110,49;110,51;110,44;110,49
08/03/2023 12:30;110,48;110,57;110,44;110,5
08/03/2023 12:00;110,26;110,49;110,26;110,48
08/03/2023 11:30;110,35;110,36;110,22;110,27
08/03/2023 11:00;110,24;110,43;110,15;110,38
08/03/2023 10:30;110,19;110,22;110,15;110,22
08/03/2023 10:00;110,06;110,22;110,02;110,2
08/03/2023 09:30;110,19;110,24;110;110,03
08/03/2023 09:00;110,25;110,38;110,06;110,19
07/03/2023 17:05;110,33;110,55;110,33;110,43
07/03/2023 16:00;110,1;110,55;110,1;110,53
07/03/2023 15:30;110,03;110,16;110,01;110,14
07/03/2023 15:00;109,98;110,07;109,92;110,06
07/03/2023 14:30;109,96;110,06;109,93;110
07/03/2023 14:00;110,1;110,1;109,93;109,95
07/03/2023 13:30;110,25;110,29;110,02;110,07
07/03/2023 13:00;110,31;110,44;110,22;110,25
07/03/2023 12:30;110,31;110,31;110,16;110,31
07/03/2023 12:00;110,09;110,34;110,06;110,31
07/03/2023 11:30;110,05;110,11;109,97;110,1
07/03/2023 11:00;109,95;110,17;109,91;110,05
07/03/2023 10:30;109,95;109,97;109,92;109,96
07/03/2023 10:00;109,9;109,96;109,87;109,93
07/03/2023 09:30;109,95;109,98;109,87;109,92
07/03/2023 09:00;109,91;110;109,79;109,93
06/03/2023 17:05;110,02;110,06;109,98;109,98
06/03/2023 16:00;110,05;110,12;110;110,02
06/03/2023 15:30;110;110,07;110;110,05
06/03/2023 15:00;110;110,06;109,95;110
06/03/2023 14:30;110,16;110,17;109,93;109,98
06/03/2023 14:00;110,33;110,34;110,16;110,16
06/03/2023 13:30;110,3;110,33;110,22;110,31
06/03/2023 13:00;110,36;110,36;110,27;110,27
06/03/2023 12:30;110,35;110,41;110,31;110,33
06/03/2023 12:00;110,3;110,43;110,27;110,35
06/03/2023 11:30;110,25;110,31;110,15;110,3
06/03/2023 11:00;110,25;110,33;110,1;110,24
06/03/2023 10:30;110,24;110,44;110,2;110,29
06/03/2023 10:00;110,12;110,31;110,06;110,19
06/03/2023 09:30;110,11;110,19;110,11;110,11
06/03/2023 09:00;109,93;110,16;109,93;110,06
03/03/2023 17:05;110,36;110,36;110,09;110,14
03/03/2023 16:00;110,24;110,3;110,16;110,24
03/03/2023 15:30;110,33;110,34;110,25;110,26
03/03/2023 15:00;110,36;110,36;110,24;110,33
03/03/2023 14:30;110,36;110,36;110,24;110,36
03/03/2023 14:00;110,36;110,39;110,29;110,36
03/03/2023 13:30;110,41;110,55;110,34;110,36
03/03/2023 13:00;110,33;110,44;110,25;110,43
03/03/2023 12:30;110,39;110,43;110,24;110,31
03/03/2023 12:00;110,41;110,76;110,36;110,36
03/03/2023 11:30;110,41;110,45;110,31;110,41
03/03/2023 11:00;110,36;110,45;110,29;110,43
03/03/2023 10:30;110,39;110,49;110,31;110,41
03/03/2023 10:00;110,51;110,57;110,36;110,36
03/03/2023 09:30;110,39;110,57;110,36;110,36
03/03/2023 09:00;110,33;110,58;110,24;110,38
02/03/2023 17:05;110,24;110,24;110,11;110,24
02/03/2023 16:00;110,2;110,3;110,15;110,24
02/03/2023 15:30;109,91;110,24;109,91;110,21
02/03/2023 15:00;110,19;110,2;109,82;109,93
02/03/2023 14:30;110,24;110,3;110,14;110,2
02/03/2023 14:00;110,16;110,26;110,16;110,24
02/03/2023 13:30;110,1;110,17;110,07;110,12
02/03/2023 13:00;109,97;110,1;109,93;110,1
02/03/2023 12:30;110,1;110,11;109,97;109,97
02/03/2023 12:00;110,11;110,12;110,02;110,11
02/03/2023 11:30;110,29;110,29;110,02;110,1
02/03/2023 11:00;110,21;110,35;110,11;110,27
02/03/2023 10:30;110,31;110,41;110,09;110,22
02/03/2023 10:00;110,34;110,45;110,2;110,29
02/03/2023 09:30;110,03;110,36;110,02;110,36
02/03/2023 09:00;109,81;110,02;109,77;110,02
01/03/2023 17:05;109,96;110,15;109,57;109,67
01/03/2023 16:00;110,14;110,2;109,79;109,91
01/03/2023 15:30;110,03;110,17;109,98;110,14
01/03/2023 15:00;109,87;110,07;109,86;110,01
01/03/2023 14:30;109,78;109,95;109,76;109,88
01/03/2023 14:00;109,77;109,78;109,68;109,74
01/03/2023 13:30;109,63;109,82;109,63;109,77
01/03/2023 13:00;109,67;109,67;109,63;109,63
01/03/2023 12:30;109,62;109,67;109,6;109,66
01/03/2023 12:00;109,62;109,66;109,5;109,58
01/03/2023 11:30;109,78;109,79;109,55;109,67
01/03/2023 11:00;109,76;109,79;109,73;109,78
01/03/2023 10:30;109,87;109,87;109,73;109,76
01/03/2023 10:00;109,97;109,98;109,79;109,87
01/03/2023 09:30;110,07;110,16;109,93;109,97
01/03/2023 09:00;110,09;110,33;110,05;110,11
28/02/2023 17:05;110,35;110,68;110,31;110,68
28/02/2023 16:00;110,31;110,58;110,17;110,41
28/02/2023 15:30;110,36;110,43;110,25;110,3
28/02/2023 15:00;110,46;110,48;110,36;110,36
28/02/2023 14:30;110,44;110,48;110,25;110,48
28/02/2023 14:00;110,45;110,48;110,36;110,44
28/02/2023 13:30;110,54;110,54;110,39;110,48
28/02/2023 13:00;110,6;110,64;110,45;110,5
28/02/2023 12:30;110,6;110,65;110,51;110,6
28/02/2023 12:00;110,55;110,6;110,51;110,58
28/02/2023 11:30;110,51;110,62;110,44;110,55
28/02/2023 11:00;110,55;110,55;110,5;110,51
28/02/2023 10:30;110,54;110,62;110,51;110,57
28/02/2023 10:00;110,54;110,57;110,39;110,49
28/02/2023 09:30;110,68;110,68;110,53;110,53
28/02/2023 09:00;110,74;110,87;110,49;110,69
27/02/2023 17:05;110,24;110,59;110,07;110,55
27/02/2023 16:00;110,15;110,4;110,15;110,24
27/02/2023 15:30;110,34;110,44;110,12;110,12
27/02/2023 15:00;110,62;110,62;110,29;110,36
27/02/2023 14:30;110,69;110,74;110,6;110,62
27/02/2023 14:00;110,7;110,74;110,67;110,7
27/02/2023 13:30;110,72;110,74;110,62;110,7
27/02/2023 13:00;110,67;110,74;110,5;110,72
27/02/2023 12:30;110,62;110,69;110,57;110,67
27/02/2023 12:00;110,63;110,74;110,5;110,62
27/02/2023 11:30;110,44;110,62;110,36;110,6
27/02/2023 11:00;110,73;110,74;110,38;110,44
27/02/2023 10:30;110,87;110,92;110,67;110,73
27/02/2023 10:00;110,92;110,92;110,76;110,87
27/02/2023 09:30;110,83;110,96;110,82;110,92
27/02/2023 09:00;110,76;110,94;110,6;110,86
24/02/2023 17:05;111,02;111,12;110,89;110,92
24/02/2023 16:00;111,48;111,48;111,11;111,12
24/02/2023 15:30;111,49;111,5;111,39;111,48
24/02/2023 15:00;111,44;111,49;111,39;111,48
24/02/2023 14:30;111,58;111,61;111,4;111,43
24/02/2023 14:00;111,58;111,63;111,54;111,61
24/02/2023 13:30;111,36;111,6;111,36;111,58
24/02/2023 13:00;111,37;111,44;111,25;111,34
24/02/2023 12:30;111,31;111,37;111,25;111,36
24/02/2023 12:00;111,31;111,37;111,27;111,37
24/02/2023 11:30;111,16;111,41;111,16;111,27
24/02/2023 11:00;110,98;111,21;110,98;111,17
24/02/2023 10:30;111,2;111,21;110,98;111
24/02/2023 10:00;111,22;111,31;111,15;111,21
24/02/2023 09:30;111,44;111,44;111,07;111,18
24/02/2023 09:00;111,37;111,75;111,36;111,46
23/02/2023 17:05;111,56;111,64;111,46;111,54
23/02/2023 16:00;111,56;111,8;111,56;111,61
23/02/2023 15:30;111,55;111,61;111,44;111,56
23/02/2023 15:00;111,61;111,61;111,53;111,53
23/02/2023 14:30;111,55;111,63;111,54;111,6
23/02/2023 14:00;111,88;111,88;111,53;111,56
23/02/2023 13:30;111,84;111,89;111,78;111,89
23/02/2023 13:00;111,89;111,97;111,79;111,83
23/02/2023 12:30;111,91;112,02;111,77;111,88
23/02/2023 12:00;112,02;112,03;111,88;111,88
23/02/2023 11:30;112,16;112,18;111,83;112,1
23/02/2023 11:00;112,02;112,2;111,92;112,17
23/02/2023 10:30;111,94;112,1;111,85;112,04
23/02/2023 10:00;111,75;111,99;111,67;111,94
23/02/2023 09:30;111,5;111,84;111,5;111,75
23/02/2023 09:00;111,49;111,73;111,35;111,58
22/02/2023 17:05;111,39;111,53;111,25;111,49
22/02/2023 16:00;111,94;112,06;111,53;111,55
22/02/2023 15:30;112,16;112,2;112,04;112,07
22/02/2023 15:00;111,84;112,18;111,75;112,16
22/02/2023 14:30;111,96;112,18;111,69;111,78
22/02/2023 14:00;112,36;112,37;111,94;111,96
22/02/2023 13:30;112,26;112,39;112,16;112,37
22/02/2023 13:00;112,04;112,34;111,72;112,3
17/02/2023 17:05;112,32;112,51;112,27;112,51
17/02/2023 16:00;112,28;112,5;112,23;112,49
17/02/2023 15:30;112,23;112,32;112,2;112,32
17/02/2023 15:00;112,27;112,4;112,2;112,26
17/02/2023 14:30;112,13;112,23;112,02;112,17
17/02/2023 14:00;112,39;112,39;112,12;112,21
17/02/2023 13:30;112,49;112,55;112,36;112,39
17/02/2023 13:00;112,51;112,61;112,49;112,49
17/02/2023 12:30;112,45;112,64;112,45;112,51
17/02/2023 12:00;112,52;112,61;112,39;112,46
17/02/2023 11:30;112,32;112,61;112,32;112,54
17/02/2023 11:00;112,31;112,37;112,2;112,26
17/02/2023 10:30;112,02;112,39;111,96;112,2
17/02/2023 10:00;112,08;112,26;112,02;112,02
17/02/2023 09:30;112,27;112,27;111,91;112,08
17/02/2023 09:00;112,4;112,7;112,25;112,32
16/02/2023 17:05;112,23;112,41;112,07;112,3
16/02/2023 16:00;111,29;112,39;111,16;112,37
16/02/2023 15:30;111,06;111,37;111,03;111,27
16/02/2023 15:00;110,94;111,18;110,93;111,02
16/02/2023 14:30;110,97;111;110,93;110,93
16/02/2023 14:00;111,03;111,06;110,87;111
16/02/2023 13:30;111,2;111,3;111,02;111,06
16/02/2023 13:00;111,41;111,43;111,27;111,27
16/02/2023 12:30;111,31;111,4;111,07;111,4
16/02/2023 12:00;111,46;111,46;111,32;111,41
16/02/2023 11:30;111,18;111,49;111,17;111,44
16/02/2023 11:00;111,11;111,25;111,11;111,22
16/02/2023 10:30;111,2;111,31;111,07;111,12
16/02/2023 10:00;111,31;111,32;111,12;111,18
16/02/2023 09:30;111,3;111,41;111,1;111,34
16/02/2023 09:00;111,44;111,46;110,89;111,32
15/02/2023 17:05;111,58;111,68;111,51;111,63
15/02/2023 16:00;111,77;111,98;111,7;111,75
15/02/2023 15:30;111,68;111,89;111,56;111,74
15/02/2023 15:00;112,27;112,3;111,49;111,77
15/02/2023 14:30;112,13;112,32;112,11;112,31
15/02/2023 14:00;112,15;112,17;111,98;112,15
15/02/2023 13:30;112,15;112,2;112,15;112,16
15/02/2023 13:00;112,18;112,2;112,12;112,15
15/02/2023 12:30;112,18;112,27;112,15;112,18
15/02/2023 12:00;112,01;112,26;111,96;112,26
15/02/2023 11:30;111,96;112,02;111,88;111,96
15/02/2023 11:00;112,2;112,2;111,77;111,96
15/02/2023 10:30;112,27;112,42;112,2;112,21
15/02/2023 10:00;112,25;112,32;112,08;112,31
15/02/2023 09:30;112,01;112,32;111,94;112,21
15/02/2023 09:00;112,07;112,23;111,83;111,97
14/02/2023 17:05;112,39;112,46;111,93;112,07
14/02/2023 16:00;112,65;112,73;112,21;112,32
14/02/2023 15:30;112,4;112,64;112,34;112,64
14/02/2023 15:00;112,31;112,47;112,31;112,35
14/02/2023 14:30;111,97;112,42;111,93;112,31
14/02/2023 14:00;111,79;112,01;111,72;111,99
14/02/2023 13:30;111,97;111,99;111,69;111,75
14/02/2023 13:00;112,01;112,01;111,83;111,93
14/02/2023 12:30;112,07;112,11;111,94;111,94
14/02/2023 12:00;111,96;112,06;111,75;112,02
14/02/2023 11:30;112,11;112,12;111,88;111,97
14/02/2023 11:00;112,01;112,13;111,89;112,07
14/02/2023 10:30;112,49;112,5;112,01;112,03
14/02/2023 10:00;112,44;112,51;112,13;112,41
14/02/2023 09:30;112,64;112,71;112,44;112,45
14/02/2023 09:00;112,75;112,87;112,42;112,6
13/02/2023 17:05;112,97;113,06;112,9;113,02
13/02/2023 16:00;113,02;113,07;112,85;112,99
13/02/2023 15:30;112,82;113,13;112,78;113,02
13/02/2023 15:00;112,77;112,83;112,75;112,8
13/02/2023 14:30;112,66;112,77;112,65;112,73
13/02/2023 14:00;112,8;112,83;112,68;112,68
13/02/2023 13:30;112,75;112,83;112,73;112,8
13/02/2023 13:00;112,8;112,83;112,73;112,73
13/02/2023 12:30;112,7;112,83;112,64;112,78
13/02/2023 12:00;112,58;112,74;112,54;112,7
13/02/2023 11:30;112,66;112,8;112,51;112,58
13/02/2023 11:00;112,74;112,77;112,54;112,66
13/02/2023 10:30;112,79;112,83;112,7;112,73
13/02/2023 10:00;112,69;112,83;112,63;112,79
13/02/2023 09:30;113,07;113,08;112,61;112,69
13/02/2023 09:00;112,31;113,11;112,26;113,08
10/02/2023 17:05;112,5;112,63;112,45;112,47
10/02/2023 16:00;112,01;112,5;112,01;112,5
10/02/2023 15:30;112,08;112,13;111,83;111,98
10/02/2023 15:00;112,17;112,32;112,07;112,07
10/02/2023 14:30;112,27;112,31;112,08;112,17
10/02/2023 14:00;112,36;112,45;112,18;112,27
10/02/2023 13:30;111,8;112,37;111,8;112,31
10/02/2023 13:00;111,73;111,79;111,65;111,79
10/02/2023 12:30;111,59;111,79;111,53;111,74
10/02/2023 12:00;111,61;111,64;111,49;111,61
10/02/2023 11:30;111,31;111,63;111,31;111,6
10/02/2023 11:00;111,43;111,43;111,16;111,34
10/02/2023 10:30;111,5;111,5;111,34;111,43
10/02/2023 10:00;111,58;111,61;111,4;111,49
10/02/2023 09:30;111,58;111,61;111,36;111,56
10/02/2023 09:00;111,31;111,84;111,31;111,61
09/02/2023 17:05;110,59;110,79;110,34;110,73
09/02/2023 16:00;110,54;110,55;110,45;110,55
09/02/2023 15:30;110,53;110,62;110,51;110,53
09/02/2023 15:00;110,44;110,57;110,38;110,53
09/02/2023 14:30;110,53;110,6;110,49;110,5
09/02/2023 14:00;110,58;110,62;110,45;110,62
09/02/2023 13:30;110,46;110,59;110,43;110,57
09/02/2023 13:00;110,67;110,86;110,45;110,45
09/02/2023 12:30;110,55;110,78;110,54;110,68
09/02/2023 12:00;110,48;110,62;110,48;110,57
09/02/2023 11:30;110,43;110,55;110,41;110,48
09/02/2023 11:00;110,34;110,44;110,2;110,44
09/02/2023 10:30;110,44;110,46;110,3;110,36
09/02/2023 10:00;110,45;110,53;110,29;110,44
09/02/2023 09:30;110,35;110,62;110,35;110,48
09/02/2023 09:00;110,27;110,45;109,98;110,3
08/02/2023 17:05;110,53;110,6;110,2;110,24
08/02/2023 16:00;110,25;110,55;110,21;110,39
08/02/2023 15:30;110,27;110,33;110,2;110,27
08/02/2023 15:00;110,62;110,62;110,26;110,29
08/02/2023 14:30;110,62;110,67;110,49;110,58
08/02/2023 14:00;110,78;110,86;110,44;110,65
08/02/2023 13:30;110,93;110,94;110,69;110,78
08/02/2023 13:00;111;111,17;110,91;110,96
08/02/2023 12:30;110,53;111,32;110,53;111,02
08/02/2023 12:00;110,36;110,59;110,36;110,54
08/02/2023 11:30;110,43;110,45;110,34;110,4
08/02/2023 11:00;110,43;110,53;110,38;110,46
08/02/2023 10:30;110,29;110,43;110,25;110,38
08/02/2023 10:00;110,27;110,41;110,2;110,3
08/02/2023 09:30;110,43;110,45;110,3;110,3
08/02/2023 09:00;110,58;110,62;110,24;110,4
07/02/2023 17:05;110,87;110,93;110,74;110,87
07/02/2023 16:00;110,98;111,12;110,89;110,93
07/02/2023 15:30;111;111,18;110,96;110,98
07/02/2023 15:00;110,93;111,05;110,81;110,98
07/02/2023 14:30;111,1;111,15;110,86;111
07/02/2023 14:00;111,26;111,32;111,05;111,11
07/02/2023 13:30;111,4;111,43;111,25;111,27
07/02/2023 13:00;111,4;111,43;111,36;111,4
07/02/2023 12:30;111,45;111,5;111,4;111,43
07/02/2023 12:00;111,5;111,55;111,45;111,45
07/02/2023 11:30;111,48;111,6;111,43;111,5
07/02/2023 11:00;111,53;111,6;111,4;111,48
07/02/2023 10:30;111,67;111,67;111,53;111,54
07/02/2023 10:00;111,5;111,79;111,45;111,67
07/02/2023 09:30;111,85;111,87;111,5;111,5
07/02/2023 09:00;112,04;112,23;111,78;111,87
06/02/2023 17:05;112,07;112,18;111,88;112,04
06/02/2023 16:00;111,96;112,2;111,91;112,13
06/02/2023 15:30;111,83;112,01;111,8;111,96
06/02/2023 15:00;111,88;111,93;111,82;111,82
06/02/2023 14:30;111,97;112,01;111,88;111,89
06/02/2023 14:00;111,82;112,01;111,82;111,98
06/02/2023 13:30;111,83;111,89;111,82;111,88
06/02/2023 13:00;111,89;111,94;111,75;111,85
06/02/2023 12:30;111,93;111,94;111,88;111,89
06/02/2023 12:00;112,01;112,04;111,91;111,94
06/02/2023 11:30;111,94;112,01;111,88;111,99
06/02/2023 11:00;111,89;112,02;111,87;111,96
06/02/2023 10:30;111,94;111,94;111,82;111,91
06/02/2023 10:00;111,82;112,04;111,8;111,94
06/02/2023 09:30;112,1;112,26;111,69;111,82
06/02/2023 09:00;112,13;112,44;111,97;112,13
03/02/2023 17:05;112,23;112,58;112,2;112,39
03/02/2023 16:00;112,21;112,32;112,11;112,17
03/02/2023 15:30;112,58;112,61;112,08;112,21
03/02/2023 15:00;112,52;112,7;112,52;112,59
03/02/2023 14:30;112,6;112,75;112,51;112,51
03/02/2023 14:00;112,32;112,64;112,28;112,59
03/02/2023 13:30;112,32;112,42;112,31;112,31
03/02/2023 13:00;112,27;112,39;112,26;112,34
03/02/2023 12:30;112,32;112,37;112,21;112,3
03/02/2023 12:00;112,31;112,34;112,16;112,22
03/02/2023 11:30;112,45;112,55;112,3;112,31
03/02/2023 11:00;112,11;112,46;111,96;112,44
03/02/2023 10:30;111,78;112,18;111,69;112,11
03/02/2023 10:00;111,8;111,87;111,69;111,8
03/02/2023 09:30;112,03;112,04;111,7;111,83
03/02/2023 09:00;111,6;112,1;111,43;112,03
02/02/2023 17:05;112,15;112,3;112,03;112,28
02/02/2023 16:00;112,88;112,89;112,2;112,31
02/02/2023 15:30;112,44;112,89;112,39;112,89
02/02/2023 15:00;112,34;112,45;112,3;112,42
02/02/2023 14:30;112,26;112,39;112,25;112,37
02/02/2023 14:00;112,2;112,27;112,15;112,27
02/02/2023 13:30;112,18;112,32;112,18;112,26
02/02/2023 13:00;112,31;112,37;112,15;112,2
02/02/2023 12:30;112,32;112,37;112,26;112,32
02/02/2023 12:00;112,34;112,34;112,08;112,31
02/02/2023 11:30;112,37;112,47;112,26;112,32
02/02/2023 11:00;112,39;112,39;112,04;112,36
02/02/2023 10:30;112,58;112,58;112,32;112,32
02/02/2023 10:00;112,93;112,98;112,31;112,61
02/02/2023 09:30;113,06;113,21;112,93;113,01
02/02/2023 09:00;113,61;113,84;112,79;113,02
01/02/2023 17:05;113,4;113,46;113,35;113,38
01/02/2023 16:00;112,94;113,4;112,92;113,38
01/02/2023 15:30;112,89;112,93;112,83;112,93
01/02/2023 15:00;112,94;112,98;112,77;112,89
01/02/2023 14:30;112,77;113,02;112,75;112,92
01/02/2023 14:00;112,68;112,8;112,66;112,78
01/02/2023 13:30;112,89;112,89;112,66;112,68
01/02/2023 13:00;112,99;113,02;112,84;112,89
01/02/2023 12:30;113,02;113,03;112,92;113,02
01/02/2023 12:00;112,85;113,01;112,83;113,01
01/02/2023 11:30;112,99;112,99;112,77;112,85
01/02/2023 11:00;112,92;113,08;112,89;112,99
01/02/2023 10:30;112,83;113,02;112,77;112,89
01/02/2023 10:00;112,82;112,83;112,64;112,8
01/02/2023 09:30;112,32;112,8;112,32;112,77
01/02/2023 09:00;112,36;112,69;112,15;112,37
31/01/2023 17:05;112,39;112,46;112,2;112,25
31/01/2023 16:00;112,45;112,7;112,34;112,4
31/01/2023 15:30;112,23;112,61;112,18;112,46
31/01/2023 15:00;112,55;112,55;112,03;112,26
31/01/2023 14:30;112,39;112,64;112,39;112,52
31/01/2023 14:00;112,12;112,44;112,01;112,37
31/01/2023 13:30;112,56;112,56;111,96;112,07
31/01/2023 13:00;113,04;113,04;112,51;112,58
31/01/2023 12:30;112,93;113,08;112,92;113,06
31/01/2023 12:00;113,02;113,14;112,89;112,93
31/01/2023 11:30;112,87;113,04;112,87;113,02
31/01/2023 11:00;112,94;112,94;112,7;112,89
31/01/2023 10:30;113,07;113,12;112,88;112,97
31/01/2023 10:00;112,99;113,11;112,98;113,07
31/01/2023 09:30;113,12;113,27;112,87;112,95
31/01/2023 09:00;112,65;113,38;112,65;113,14
30/01/2023 17:05;112,39;112,75;112,08;112,63
30/01/2023 16:00;112,34;112,45;112,27;112,42
30/01/2023 15:30;112,25;112,49;112,25;112,34
30/01/2023 15:00;112,3;112,39;112,2;112,25
30/01/2023 14:30;112,37;112,37;112,2;112,3
30/01/2023 14:00;112,12;112,51;112,12;112,32
30/01/2023 13:30;111,68;112,18;111,67;112,07
30/01/2023 13:00;111,36;111,79;111,35;111,74
30/01/2023 12:30;111,27;111,37;111,24;111,36
30/01/2023 12:00;111,27;111,31;111,24;111,31
30/01/2023 11:30;111,34;111,35;111,06;111,3
30/01/2023 11:00;111,35;111,44;111,25;111,34
30/01/2023 10:30;111,39;111,39;111,24;111,35
30/01/2023 10:00;111,17;111,5;111,17;111,39
30/01/2023 09:30;110,93;111,24;110,88;111,12
30/01/2023 09:00;110,96;111,6;110,96;110,97
27/01/2023 17:05;111,06;111,06;110,88;111
27/01/2023 16:00;110,91;111,12;110,89;111,06
27/01/2023 15:30;110,84;110,89;110,81;110,83
27/01/2023 15:00;110,87;110,97;110,83;110,87
27/01/2023 14:30;111;111,01;110,72;110,87
27/01/2023 14:00;111,27;111,27;110,93;111,01
27/01/2023 13:30;111,36;111,43;111,25;111,29
27/01/2023 13:00;111,43;111,5;111,31;111,37
27/01/2023 12:30;111,4;111,53;111,32;111,48
27/01/2023 12:00;111,7;111,72;111,35;111,45
27/01/2023 11:30;111,77;111,82;111,7;111,72
27/01/2023 11:00;111,75;111,82;111,7;111,77
27/01/2023 10:30;111,82;111,87;111,69;111,77
27/01/2023 10:00;111,82;111,85;111,82;111,83
27/01/2023 09:30;111,91;111,99;111,82;111,83
27/01/2023 09:00;111,75;111,96;111,63;111,93
26/01/2023 17:05;112,34;112,34;112,13;112,2
26/01/2023 16:00;112,44;112,46;112,26;112,32
26/01/2023 15:30;112,28;112,47;112,26;112,41
26/01/2023 15:00;112,34;112,4;112,26;112,27
26/01/2023 14:30;112,3;112,39;112,27;112,34
26/01/2023 14:00;112,37;112,39;112,26;112,28
26/01/2023 13:30;112,5;112,51;112,31;112,42
26/01/2023 13:00;112,42;112,61;112,42;112,5
26/01/2023 12:30;112,07;112,54;112,06;112,4
26/01/2023 12:00;112,15;112,2;112,02;112,07
26/01/2023 11:30;112,21;112,31;112,16;112,17
26/01/2023 11:00;112,2;112,26;112,13;112,23
26/01/2023 10:30;112,16;112,42;112,13;112,2
26/01/2023 10:00;112,55;112,58;112,11;112,17
26/01/2023 09:30;112,7;112,78;112,51;112,54
26/01/2023 09:00;112,93;112,93;112,51;112,7
25/01/2023 17:05;112,64;112,74;112,64;112,69
25/01/2023 16:00;112,68;112,77;112,64;112,64
25/01/2023 15:30;112,6;112,78;112,59;112,68
25/01/2023 15:00;112,55;112,66;112,51;112,58
25/01/2023 14:30;112,54;112,63;112,51;112,58
25/01/2023 14:00;112,55;112,7;112,51;112,54
25/01/2023 13:30;112,68;112,73;112,51;112,56
25/01/2023 13:00;112,74;112,82;112,68;112,7
25/01/2023 12:30;112,9;112,92;112,73;112,74
25/01/2023 12:00;112,93;112,94;112,73;112,88
25/01/2023 11:30;113,14;113,18;112,9;112,92
25/01/2023 11:00;113,08;113,37;112,9;113,14
25/01/2023 10:30;113,17;113,18;113,08;113,08
25/01/2023 10:00;113,19;113,25;113,14;113,19
25/01/2023 09:30;113,25;113,27;113,14;113,19
25/01/2023 09:00;113,14;113,31;112,93;113,25
24/01/2023 17:05;113,5;113,52;113,16;113,33
24/01/2023 16:00;113,47;113,59;113,42;113,5
24/01/2023 15:30;113,41;113,54;113,4;113,46
24/01/2023 15:00;113,45;113,51;113,4;113,4
24/01/2023 14:30;113,32;113,45;113,31;113,41
24/01/2023 14:00;113,28;113,41;113,27;113,33
24/01/2023 13:30;113,33;113,33;113,21;113,27
24/01/2023 13:00;113,42;113,42;113,31;113,36
24/01/2023 12:30;113,49;113,55;113,4;113,4
24/01/2023 12:00;113,47;113,59;113,46;113,46
24/01/2023 11:30;113,59;113,65;113,46;113,49
24/01/2023 11:00;113,7;113,7;113,51;113,59
24/01/2023 10:30;113,76;113,78;113,68;113,71
24/01/2023 10:00;113,79;113,8;113,66;113,76
24/01/2023 09:30;113,71;114,02;113,66;113,78
24/01/2023 09:00;114,03;114,24;113,71;113,73
23/01/2023 17:05;113,89;114,08;113,88;113,98
23/01/2023 16:00;113,57;113,92;113,52;113,9
23/01/2023 15:30;113,51;113,57;113,47;113,57
23/01/2023 15:00;113,47;113,55;113,47;113,49
23/01/2023 14:30;113,5;113,59;113,46;113,52
23/01/2023 14:00;113,54;113,56;113,47;113,49
23/01/2023 13:30;113,47;113,59;113,47;113,57
23/01/2023 13:00;113,47;113,52;113,44;113,51
23/01/2023 12:30;113,65;113,7;113,46;113,47
23/01/2023 12:00;113,62;113,78;113,41;113,65
23/01/2023 11:30;114,08;114,09;113,61;113,62
23/01/2023 11:00;114,16;114,17;114,09;114,09
23/01/2023 10:30;114,21;114,22;114,14;114,16
23/01/2023 10:00;114,07;114,22;114,07;114,22
23/01/2023 09:30;114,26;114,26;114,03;114,04
23/01/2023 09:00;114,41;114,66;114,21;114,26
20/01/2023 17:05;114,41;114,45;114,28;114,28
20/01/2023 16:00;114,31;114,41;114,22;114,41
20/01/2023 15:30;114,32;114,41;114,28;114,32
20/01/2023 15:00;114,38;114,42;114,21;114,28
20/01/2023 14:30;114,59;114,59;114,35;114,38
20/01/2023 14:00;114,56;114,6;114,48;114,57
20/01/2023 13:30;114,64;114,66;114,54;114,55
20/01/2023 13:00;114,71;114,71;114,54;114,62
20/01/2023 12:30;114,54;114,79;114,48;114,67
20/01/2023 12:00;114,5;114,54;114,47;114,51
20/01/2023 11:30;114,52;114,61;114,46;114,47
20/01/2023 11:00;114,54;114,54;114,43;114,48
20/01/2023 10:30;114,46;114,6;114,46;114,54
20/01/2023 10:00;114,75;114,76;114,41;114,46
20/01/2023 09:30;114,71;114,98;114,64;114,75
20/01/2023 09:00;114,35;114,74;114,08;114,67
19/01/2023 17:05;114,56;114,9;114,54;114,61
19/01/2023 16:00;114,89;114,93;114,67;114,72
19/01/2023 15:30;114,93;114,98;114,88;114,89
19/01/2023 15:00;114,91;114,94;114,8;114,93
19/01/2023 14:30;114,9;114,98;114,89;114,94
19/01/2023 14:00;115,12;115,13;114,8;114,9
19/01/2023 13:30;115,51;115,55;115,1;115,1
19/01/2023 13:00;115,39;115,61;115,36;115,48
19/01/2023 12:30;115,41;115,42;115,37;115,37
19/01/2023 12:00;115,41;115,47;115,29;115,41
19/01/2023 11:30;115,36;115,47;115,29;115,42
19/01/2023 11:00;115,29;115,53;115,27;115,36
19/01/2023 10:30;115,1;115,29;114,94;115,28
19/01/2023 10:00;115,29;115,33;115,08;115,12
19/01/2023 09:30;115,21;115,38;115,14;115,28
19/01/2023 09:00;115,41;115,51;115,05;115,21
18/01/2023 17:05;115,7;115,8;115,66;115,69
18/01/2023 16:00;115,8;115,89;115,63;115,77
18/01/2023 15:30;115,8;115,82;115,67;115,81
18/01/2023 15:00;115,76;115,8;115,63;115,8
18/01/2023 14:30;115,75;115,79;115,63;115,74
18/01/2023 14:00;115,65;115,89;115,61;115,77
18/01/2023 13:30;115,5;115,69;115,45;115,65
18/01/2023 13:00;115,46;115,61;115,36;115,48
18/01/2023 12:30;115,56;115,57;115,38;115,46
18/01/2023 12:00;115,58;115,61;115,53;115,56
18/01/2023 11:30;115,55;115,66;115,43;115,57
18/01/2023 11:00;115,48;115,76;115,43;115,55
18/01/2023 10:30;115,55;115,65;115,29;115,48
18/01/2023 10:00;115,8;115,93;115,34;115,48
18/01/2023 09:30;115,89;115,91;115,75;115,8
18/01/2023 09:00;116,2;116,24;115,8;115,85
17/01/2023 17:05;116,08;116,37;116,08;116,18
17/01/2023 16:00;116,18;116,3;116,08;116,15
17/01/2023 15:30;116,25;116,32;116,14;116,14
17/01/2023 15:00;116,03;116,27;115,94;116,27
17/01/2023 14:30;116,28;116,36;115,95;115,99
17/01/2023 14:00;116,25;116,33;116,22;116,28
17/01/2023 13:30;116,27;116,3;116,24;116,25
17/01/2023 13:00;116,38;116,38;116,3;116,3
17/01/2023 12:30;116,36;116,49;116,36;116,38
17/01/2023 12:00;116,34;116,41;116,3;116,38
17/01/2023 11:30;116,24;116,41;116,18;116,32
17/01/2023 11:00;116,27;116,32;116,18;116,24
17/01/2023 10:30;116,3;116,41;116,23;116,23
17/01/2023 10:00;116,32;116,34;116,18;116,28
17/01/2023 09:30;116,41;116,48;116,3;116,32
17/01/2023 09:00;116,53;116,7;116,36;116,37
16/01/2023 17:05;117,06;117,29;116,75;116,84
16/01/2023 16:00;116,94;117,05;116,76;117
16/01/2023 15:30;117,13;117,14;116,79;116,94
16/01/2023 15:00;116,73;117,13;116,7;117,13
16/01/2023 14:30;116,81;116,81;116,66;116,76
16/01/2023 14:00;116,97;117,05;116,73;116,8
16/01/2023 13:30;116,76;117,32;116,76;116,94
16/01/2023 13:00;116,51;116,84;116,46;116,77
16/01/2023 12:30;116,52;116,58;116,47;116,47
16/01/2023 12:00;116,41;116,53;116,37;116,51
16/01/2023 11:30;116,25;116,41;116,24;116,41
16/01/2023 11:00;116,3;116,41;116,23;116,27
16/01/2023 10:30;116,24;116,33;116,09;116,33
16/01/2023 10:00;116,44;116,51;116,18;116,24
16/01/2023 09:30;116,18;116,65;116,12;116,36
16/01/2023 09:00;116,23;116,46;116,06;116,14
13/01/2023 17:05;116,37;116,56;116,32;116,43
13/01/2023 16:00;116,56;116,75;116,47;116,49
13/01/2023 15:30;116,65;116,68;116,46;116,56
13/01/2023 15:00;116,66;116,68;116,36;116,65
13/01/2023 14:30;116,56;116,68;116,53;116,66
13/01/2023 14:00;116,51;116,56;116,44;116,55
13/01/2023 13:30;116,48;116,61;116,44;116,51
13/01/2023 13:00;116,6;116,75;116,41;116,47
13/01/2023 12:30;116,42;116,63;116,37;116,56
13/01/2023 12:00;116,39;116,43;116,3;116,42
13/01/2023 11:30;116,25;116,46;116,22;116,34
13/01/2023 11:00;116,32;116,32;116,09;116,25
13/01/2023 10:30;116,52;116,53;116,18;116,3
13/01/2023 10:00;116,62;116,66;116,43;116,53
13/01/2023 09:30;116,75;116,82;116,62;116,63
13/01/2023 09:00;116,49;116,73;116,49;116,73
12/01/2023 17:05;116,94;117,08;116,71;116,75
12/01/2023 16:00;116,91;117;116,81;116,94
12/01/2023 15:30;116,81;116,91;116,76;116,87
12/01/2023 15:00;117,05;117,13;116,75;116,76
12/01/2023 14:30;116,8;117,05;116,76;117,05
12/01/2023 14:00;116,37;117,06;116,37;116,81
12/01/2023 13:30;116,68;116,68;116,36;116,37
12/01/2023 13:00;116,68;116,9;116,68;116,72
12/01/2023 12:30;116,75;116,77;116,57;116,72
12/01/2023 12:00;116,62;116,73;116,55;116,73
12/01/2023 11:30;116,43;116,62;116,36;116,62
12/01/2023 11:00;116,56;116,79;116,41;116,41
12/01/2023 10:30;116,95;116,96;116,48;116,57
12/01/2023 10:00;117,27;117,42;116,91;116,92
12/01/2023 09:30;116,76;117,29;116,73;117,25
12/01/2023 09:00;116,39;116,82;116,25;116,75
11/01/2023 17:05;116,49;116,61;116,32;116,44
11/01/2023 16:00;116,57;116,63;116,44;116,49
11/01/2023 15:30;116,61;116,66;116,49;116,57
11/01/2023 15:00;116,51;116,71;116,43;116,57
11/01/2023 14:30;116,6;116,68;116,47;116,49
11/01/2023 14:00;116,57;116,67;116,43;116,62
11/01/2023 13:30;116,76;116,76;116,56;116,56
11/01/2023 13:00;116,63;116,79;116,58;116,7
11/01/2023 12:30;116,65;116,9;116,56;116,62
11/01/2023 12:00;116,71;116,92;116,65;116,67
11/01/2023 11:30;117,03;117,1;116,63;116,71
11/01/2023 11:00;117,19;117,24;117,03;117,06
11/01/2023 10:30;117,14;117,24;117,05;117,22
11/01/2023 10:00;117,18;117,18;117,01;117,13
11/01/2023 09:30;117,33;117,33;117,13;117,19
11/01/2023 09:00;117,38;117,42;116,86;117,32
10/01/2023 17:05;117,22;117,39;117,15;117,23
10/01/2023 16:00;117,46;117,56;117,22;117,22
10/01/2023 15:30;117,34;117,44;117,24;117,42
10/01/2023 15:00;117,32;117,42;117,25;117,37
10/01/2023 14:30;117,34;117,39;117,14;117,34
10/01/2023 14:00;117,27;117,57;117,27;117,38
10/01/2023 13:30;117,04;117,28;117,04;117,28
10/01/2023 13:00;117,01;117,19;117,01;117,06
10/01/2023 12:30;117,35;117,39;116,95;117,01
10/01/2023 12:00;117,22;117,39;117,2;117,39
10/01/2023 11:30;117,37;117,44;117,19;117,25
10/01/2023 11:00;117,18;117,48;117,08;117,43
10/01/2023 10:30;117,27;117,3;117,13;117,16
10/01/2023 10:00;117,72;117,81;117,25;117,32
10/01/2023 09:30;117,61;117,7;117,38;117,7
10/01/2023 09:00;117,2;118,23;117,18;117,57
09/01/2023 17:05;117,32;118,07;117,32;118,07
09/01/2023 16:00;117,27;117,42;117,04;117,42
09/01/2023 15:30;117,2;117,29;117,11;117,25
09/01/2023 15:00;117,46;117,51;117,06;117,16
09/01/2023 14:30;117,24;117,51;117,19;117,42
09/01/2023 14:00;117,4;117,43;117,09;117,19
09/01/2023 13:30;117,19;117,44;117,06;117,43
09/01/2023 13:00;116,79;117,19;116,77;117,13
09/01/2023 12:30;116,71;116,81;116,65;116,79
09/01/2023 12:00;116,67;116,81;116,66;116,73
09/01/2023 11:30;116,55;116,66;116,37;116,66
09/01/2023 11:00;116,48;116,56;116,36;116,53
09/01/2023 10:30;116,3;116,47;116,12;116,47
09/01/2023 10:00;116,17;116,3;116,1;116,3
09/01/2023 09:30;116,08;116,3;116,06;116,19
09/01/2023 09:00;115,9;116,23;115,62;116,1
06/01/2023 17:05;115,79;116,08;115,74;115,74
06/01/2023 16:00;115,89;115,91;115,62;115,69
06/01/2023 15:30;115,61;115,93;115,5;115,86
06/01/2023 15:00;115,62;115,77;115,6;115,61
06/01/2023 14:30;115,81;115,82;115,6;115,63
06/01/2023 14:00;115,76;115,85;115,67;115,77
06/01/2023 13:30;115,9;115,98;115,72;115,74
06/01/2023 13:00;116,06;116,09;115,8;115,91
06/01/2023 12:30;116,19;116,19;115,93;116,04
06/01/2023 12:00;116,24;116,28;116,12;116,2
06/01/2023 11:30;116,33;116,41;116,14;116,22
06/01/2023 11:00;116,12;116,39;116,04;116,34
06/01/2023 10:30;116,32;116,32;116;116,1
06/01/2023 10:00;116,24;116,37;116,22;116,37
06/01/2023 09:30;116,36;116,43;116,18;116,18
06/01/2023 09:00;116,52;116,62;116,18;116,34
05/01/2023 17:05;115,87;115,87;115,74;115,81
05/01/2023 16:00;115,99;116,06;115,86;115,94
05/01/2023 15:30;116,08;116,11;115,94;116
05/01/2023 15:00;115,99;116,12;115,86;116,08
05/01/2023 14:30;115,78;115,99;115,77;115,99
05/01/2023 14:00;115,98;116;115,74;115,78
05/01/2023 13:30;115,9;116,04;115,78;115,96
05/01/2023 13:00;115,7;115,89;115,69;115,89
05/01/2023 12:30;115,77;115,78;115,67;115,71
05/01/2023 12:00;115,89;115,98;115,74;115,81
05/01/2023 11:30;115,89;115,94;115,87;115,87
05/01/2023 11:00;115,91;115,95;115,87;115,9
05/01/2023 10:30;115,98;115,99;115,91;115,95
05/01/2023 10:00;115,96;116,04;115,91;115,99
05/01/2023 09:30;116,16;116,19;115,87;116,02
05/01/2023 09:00;116,49;116,49;116,16;116,16
04/01/2023 17:05;116,44;116,48;116,2;116,41
04/01/2023 16:00;116,35;116,53;116,18;116,44
04/01/2023 15:30;116,52;116,53;116,35;116,4
04/01/2023 15:00;116,45;116,6;116,43;116,52
04/01/2023 14:30;116,44;116,49;116,38;116,44
04/01/2023 14:00;116,16;116,51;116,11;116,43
04/01/2023 13:30;116,03;116,2;116;116,14
04/01/2023 13:00;115,87;116,1;115,83;116
04/01/2023 12:30;115,91;115,93;115,79;115,89
04/01/2023 12:00;115,91;115,99;115,87;115,91
04/01/2023 11:30;116;116,04;115,87;115,91
04/01/2023 11:00;116,19;116,19;116,02;116,03
04/01/2023 10:30;116,16;116,27;116,14;116,22
04/01/2023 10:00;115,98;116,2;115,9;116,16
04/01/2023 09:30;116,04;116,14;115,94;115,99
04/01/2023 09:00;116,27;116,56;116;116,03
03/01/2023 17:05;116,6;116,64;116,56;116,56
03/01/2023 16:00;116,73;116,79;116,43;116,55
03/01/2023 15:30;116,63;116,87;116,61;116,73
03/01/2023 15:00;116,48;116,67;116,44;116,65
03/01/2023 14:30;116,45;116,53;116,22;116,52
03/01/2023 14:00;116,19;116,45;116,16;116,45
03/01/2023 13:30;116,2;116,22;116,03;116,15
03/01/2023 13:00;116,44;116,48;115,98;116,23
03/01/2023 12:30;116,73;116,73;116,4;116,47
03/01/2023 12:00;116,96;116,96;116,59;116,75
03/01/2023 11:30;116,97;117,06;116,85;116,93
03/01/2023 11:00;116,93;117,05;116,93;116,97
03/01/2023 10:30;116,92;117,05;116,88;116,97
03/01/2023 10:00;116,83;117;116,8;116,94
03/01/2023 09:30;116,88;117,06;116,84;116,84
03/01/2023 09:00;117,77;117,87;116,84;116,93
02/01/2023 17:05;117,61;117,73;117,47;117,57
02/01/2023 16:00;117,88;117,99;117,66;117,67
02/01/2023 15:30;118,16;118,24;117,86;117,88
02/01/2023 15:00;118,11;118,3;117,95;118,08
02/01/2023 14:30;118,08;118,18;118,04;118,11
02/01/2023 14:00;118,14;118,18;118,07;118,08
02/01/2023 13:30;118,2;118,24;118,12;118,12
02/01/2023 13:00;118,18;118,26;118,12;118,26
02/01/2023 12:30;118,26;118,26;118,08;118,18
02/01/2023 12:00;118,26;118,32;118,22;118,27
02/01/2023 11:30;118,26;118,26;118,19;118,23
02/01/2023 11:00;118,23;118,34;118;118,27
02/01/2023 10:30;118,26;118,28;118,2;118,28
02/01/2023 10:00;118,3;118,35;118,2;118,24
02/01/2023 09:30;118,31;118,32;118,12;118,26
02/01/2023 09:00;118,51;118,79;118,12;118,26
29/12/2022 17:05;118,86;119,05;118,83;118,83
29/12/2022 16:00;118,44;119,33;118,41;119,09
29/12/2022 15:30;118,44;118,52;118,35;118,47
29/12/2022 15:00;118,39;118,51;118,37;118,48
29/12/2022 14:30;118,36;118,48;118,3;118,45
29/12/2022 14:00;118,19;118,36;118,11;118,36
29/12/2022 13:30;118,03;118,19;118,03;118,15
29/12/2022 13:00;117,96;118,12;117,88;118
29/12/2022 12:30;117,98;118,02;117,87;117,96
29/12/2022 12:00;117,99;118,06;117,94;117,99
29/12/2022 11:30;118,02;118,02;117,88;117,92
29/12/2022 11:00;117,86;118,23;117,82;118,02
29/12/2022 10:30;117,79;118,02;117,75;117,77
29/12/2022 10:00;117,79;117,83;117,61;117,78
29/12/2022 09:30;117,87;117,99;117,81;117,81
29/12/2022 09:00;118,12;118,19;117,63;117,88
28/12/2022 17:05;118,18;118,45;118,12;118,41
28/12/2022 16:00;118,12;118,51;118,07;118,45
28/12/2022 15:30;118,12;118,4;118,04;118,11
28/12/2022 15:00;118,26;118,26;117,98;118,12
28/12/2022 14:30;118,24;118,28;118,19;118,26
28/12/2022 14:00;118,22;118,3;118,14;118,2
28/12/2022 13:30;118,03;118,19;118,02;118,19
28/12/2022 13:00;118,19;118,19;118,02;118,07
28/12/2022 12:30;118,08;118,27;118,04;118,16
28/12/2022 12:00;118,27;118,31;118,02;118,02
28/12/2022 11:30;118,28;118,52;117,95;118,28
28/12/2022 11:00;118,07;118,34;117,98;118,2
28/12/2022 10:30;117,77;118,1;117,77;118,08
28/12/2022 10:00;117,45;118,1;117,45;117,77
28/12/2022 09:30;117,16;117,59;117,13;117,46
28/12/2022 09:00;116,92;117,2;116,87;117,08
27/12/2022 17:05;117,17;117,17;116,93;117,01
27/12/2022 16:00;116,64;116,93;116,64;116,92
27/12/2022 15:30;116,61;116,67;116,59;116,64
27/12/2022 15:00;116,63;116,64;116,56;116,61
27/12/2022 14:30;116,72;116,73;116,64;116,64
27/12/2022 14:00;116,72;116,73;116,59;116,69
27/12/2022 13:30;116,73;116,73;116,67;116,72
27/12/2022 13:00;116,73;116,79;116,69;116,72
27/12/2022 12:30;116,67;116,73;116,53;116,71
27/12/2022 12:00;116,69;116,76;116,55;116,67
27/12/2022 11:30;116,73;116,83;116,67;116,71
27/12/2022 11:00;116,8;116,8;116,64;116,68
27/12/2022 10:30;116,72;116,8;116,51;116,79
27/12/2022 10:00;116,75;116,84;116,71;116,72
27/12/2022 09:30;116,64;116,85;116,57;116,79
27/12/2022 09:00;116,34;116,76;116,22;116,67
26/12/2022 17:05;116,41;116,49;116,32;116,45
26/12/2022 16:00;116,56;116,67;116,38;116,45
26/12/2022 15:30;116,64;116,64;116,53;116,53
26/12/2022 14:30;116,63;116,63;116,63;116,63
26/12/2022 14:00;116,65;116,65;116,63;116,63
26/12/2022 13:30;116,6;116,67;116,6;116,67
26/12/2022 13:00;116,59;116,64;116,59;116,64
26/12/2022 12:30;116,57;116,64;116,56;116,59
26/12/2022 12:00;116,67;116,67;116,53;116,53
26/12/2022 11:30;116,67;116,67;116,65;116,67
26/12/2022 11:00;116,59;116,59;116,59;116,59
26/12/2022 10:30;116,61;116,61;116,6;116,6
26/12/2022 10:00;116,67;116,67;116,6;116,61
26/12/2022 09:30;116,56;116,71;116,53;116,67
26/12/2022 09:00;116,53;116,67;116,47;116,49
23/12/2022 17:05;116,57;116,72;116,55;116,64
23/12/2022 16:00;116,56;116,92;116,32;116,73
23/12/2022 15:30;116,44;116,56;116,4;116,53
23/12/2022 15:00;116,53;116,57;116,38;116,44
23/12/2022 14:30;116,6;116,67;116,52;116,56
23/12/2022 14:00;116,57;116,63;116,56;116,6
23/12/2022 13:30;116,47;116,67;116,43;116,6
23/12/2022 13:00;116,43;116,51;116,39;116,45
23/12/2022 12:30;116,4;116,45;116,36;116,41
23/12/2022 12:00;116,4;116,44;116,32;116,41
23/12/2022 11:30;116,6;116,65;116,35;116,39
23/12/2022 11:00;116,56;116,67;116,47;116,6
23/12/2022 10:30;116,52;116,6;116,47;116,55
23/12/2022 10:00;116,49;116,63;116,45;116,49
23/12/2022 09:30;116,36;116,57;116,32;116,51
23/12/2022 09:00;116,44;116,59;116,34;116,36
22/12/2022 17:05;116,65;116,81;116,53;116,61
22/12/2022 16:00;116,3;116,73;116,26;116,73
22/12/2022 15:30;116,24;116,34;116,23;116,32
22/12/2022 15:00;116,26;116,32;116,18;116,23
22/12/2022 14:30;116,39;116,4;116,2;116,24
22/12/2022 14:00;116,36;116,49;116,34;116,4
22/12/2022 13:30;116,45;116,52;116,36;116,4
22/12/2022 13:00;116,36;116,47;116,31;116,45
22/12/2022 12:30;116,36;116,4;116,3;116,34
22/12/2022 12:00;116,43;116,47;116,31;116,34
22/12/2022 11:30;116,55;116,55;116,26;116,4
22/12/2022 11:00;116,52;116,57;116,49;116,56
22/12/2022 10:30;116,53;116,53;116,49;116,51
22/12/2022 10:00;116,43;116,57;116,41;116,53
22/12/2022 09:30;116,49;116,53;116,4;116,44
22/12/2022 09:00;116,49;116,65;116,35;116,48
21/12/2022 17:05;116,68;116,83;116,57;116,73
21/12/2022 16:00;116,38;116,72;116,34;116,67
21/12/2022 15:30;116,28;116,4;116,2;116,4
21/12/2022 15:00;116,31;116,31;116,2;116,28
21/12/2022 14:30;116,24;116,34;116,2;116,31
21/12/2022 14:00;116,34;116,39;116,15;116,24
21/12/2022 13:30;116,23;116,39;116,22;116,34
21/12/2022 13:00;116,16;116,27;116,15;116,24
21/12/2022 12:30;116,08;116,24;116;116,16
21/12/2022 12:00;116,11;116,16;116,02;116,12
21/12/2022 11:30;116,11;116,22;116,1;116,12
21/12/2022 11:00;116,14;116,2;116,07;116,08
21/12/2022 10:30;116,34;116,34;116,06;116,1
21/12/2022 10:00;116,34;116,4;116,19;116,27
21/12/2022 09:30;116,32;116,39;116,3;116,35
21/12/2022 09:00;116,36;116,53;116,15;116,3
20/12/2022 17:05;116,53;116,57;116,41;116,47
20/12/2022 16:00;116,11;116,6;116,07;116,53
20/12/2022 15:30;116,22;116,24;116,07;116,1
20/12/2022 15:00;116,31;116,47;116,23;116,23
20/12/2022 14:30;116,11;116,28;116,06;116,28
20/12/2022 14:00;115,99;116,07;115,95;116,07
20/12/2022 13:30;116,12;116,14;115,99;116,06
20/12/2022 13:00;116,1;116,2;116,07;116,07
20/12/2022 12:30;116,04;116,08;115,94;116,07
20/12/2022 12:00;115,91;116,12;115,87;116,04
20/12/2022 11:30;115,96;116,2;115,87;115,9
20/12/2022 11:00;116,15;116,16;115,9;115,94
20/12/2022 10:30;116,22;116,26;116,08;116,16
20/12/2022 10:00;116,35;116,4;116,22;116,23
20/12/2022 09:30;116,49;116,53;116,26;116,35
20/12/2022 09:00;116,15;116,85;116,15;116,47
19/12/2022 17:05;116,59;116,97;116,53;116,61
19/12/2022 16:00;116,4;116,71;116,27;116,51
19/12/2022 15:30;116,07;116,47;115,94;116,41
19/12/2022 15:00;116,4;116,4;115,96;116
19/12/2022 14:30;116,45;116,47;116,35;116,35
19/12/2022 14:00;116,36;116,48;116,27;116,44
19/12/2022 13:30;116,49;116,52;116,3;116,32
19/12/2022 13:00;116,44;116,72;116,43;116,49
19/12/2022 12:30;116,51;116,53;116,39;116,45
19/12/2022 12:00;116,55;116,6;116,49;116,53
19/12/2022 11:30;116,65;116,69;116,45;116,53
19/12/2022 11:00;116,84;116,84;116,43;116,65
19/12/2022 10:30;116,97;117;116,75;116,85
19/12/2022 10:00;116,93;117,01;116,89;116,97
19/12/2022 09:30;117,09;117,1;116,87;116,93
19/12/2022 09:00;116,53;117,18;116,53;117,01
16/12/2022 17:05;116,65;116,75;116,53;116,71
16/12/2022 16:00;116,47;116,64;116,4;116,6
16/12/2022 15:30;116,52;116,53;116,16;116,4
16/12/2022 15:00;116,39;116,65;116,39;116,52
16/12/2022 14:30;116,4;116,4;116,35;116,4
16/12/2022 14:00;116,4;116,4;116,34;116,4
16/12/2022 13:30;116,38;116,41;116,34;116,38
16/12/2022 13:00;116,47;116,51;116,31;116,38
16/12/2022 12:30;116,44;116,51;116,4;116,45
16/12/2022 12:00;116,47;116,49;116,4;116,41
16/12/2022 11:30;116,47;116,52;116,4;116,47
16/12/2022 11:00;116,48;116,53;116,44;116,44
16/12/2022 10:30;116,48;116,48;116,35;116,47
16/12/2022 10:00;116,45;116,53;116,39;116,45
16/12/2022 09:30;116,26;116,53;116,23;116,45
16/12/2022 09:00;116,24;116,39;116,14;116,26
15/12/2022 17:05;116,41;116,41;116,23;116,34
15/12/2022 16:00;116,4;116,47;116,35;116,39
15/12/2022 15:30;116,4;116,44;116,38;116,4
15/12/2022 15:00;116,35;116,44;116,34;116,43
15/12/2022 14:30;116,31;116,36;116,28;116,36
15/12/2022 14:00;116,38;116,44;116,31;116,31
15/12/2022 13:30;116,4;116,47;116,34;116,38
15/12/2022 13:00;116,36;116,41;116,27;116,39
15/12/2022 12:30;116,44;116,47;116,35;116,36
15/12/2022 12:00;116,36;116,52;116,34;116,4
15/12/2022 11:30;116,3;116,38;116,26;116,32
15/12/2022 11:00;116,36;116,48;116,19;116,27
15/12/2022 10:30;116,2;116,4;116,18;116,35
15/12/2022 10:00;116,08;116,27;116,08;116,2
15/12/2022 09:30;116,35;116,35;116,04;116,08
15/12/2022 09:00;116,39;116,49;116,28;116,34
14/12/2022 17:05;116,49;116,53;116,3;116,4
14/12/2022 16:00;116,4;116,52;116,28;116,52
14/12/2022 15:30;116,23;116,47;116,22;116,4
14/12/2022 15:00;116,14;116,27;116,14;116,27
14/12/2022 14:30;116,1;116,16;116,03;116,12
14/12/2022 14:00;116,14;116,16;116;116
14/12/2022 13:30;116,07;116,24;116;116,12
14/12/2022 13:00;116,04;116,06;115,95;116,06
14/12/2022 12:30;116,27;116,31;115,91;116,03
14/12/2022 12:00;116,2;116,34;116,1;116,24
14/12/2022 11:30;116,16;116,24;116,11;116,2
14/12/2022 11:00;116,07;116,2;116,03;116,16
14/12/2022 10:30;115,77;116,06;115,77;116,06
14/12/2022 10:00;115,94;116;115,67;115,75
14/12/2022 09:30;116,1;116,2;115,94;115,94
14/12/2022 09:00;116,14;116,44;115,93;116,1
13/12/2022 17:05;116,12;116,49;116,12;116,49
13/12/2022 16:00;115,98;116,27;115,89;116,24
13/12/2022 15:30;116,04;116,11;115,89;115,96
13/12/2022 15:00;116,02;116,07;115,96;116
13/12/2022 14:30;116,15;116,15;115,95;116,02
13/12/2022 14:00;116,27;116,28;116,16;116,16
13/12/2022 13:30;116,3;116,36;116,16;116,3
13/12/2022 13:00;116,26;116,31;116,22;116,3
13/12/2022 12:30;116,2;116,26;116,2;116,22
13/12/2022 12:00;116,14;116,19;116,04;116,18
13/12/2022 11:30;116,12;116,31;116,02;116,15
13/12/2022 11:00;116,14;116,28;116,03;116,1
13/12/2022 10:30;116,2;116,2;115,87;116,14
13/12/2022 10:00;116,34;116,39;116,08;116,26
13/12/2022 09:30;116,36;116,72;116,3;116,34
13/12/2022 09:00;116,64;116,64;116,02;116,39
12/12/2022 17:05;116,67;116,73;116,3;116,32
12/12/2022 16:00;116,55;116,85;116,51;116,65
12/12/2022 15:30;116,53;116,6;116,47;116,56
12/12/2022 15:00;116,8;116,87;116,47;116,51
12/12/2022 14:30;116,75;116,81;116,73;116,8
12/12/2022 14:00;116,65;116,79;116,59;116,76
12/12/2022 13:30;116,57;116,65;116,56;116,64
12/12/2022 13:00;116,56;116,67;116,49;116,59
12/12/2022 12:30;116,56;116,73;116,51;116,61
12/12/2022 12:00;116,4;116,67;116,39;116,57
12/12/2022 11:30;116,34;116,44;116,34;116,38
12/12/2022 11:00;116,43;116,45;116,3;116,3
12/12/2022 10:30;116,3;116,47;116,27;116,41
12/12/2022 10:00;116,14;116,4;116,14;116,32
12/12/2022 09:30;116,1;116,18;116,02;116,12
12/12/2022 09:00;116,14;116,35;116,02;116,1
09/12/2022 17:05;115,87;116,06;115,71;116,06
09/12/2022 16:00;115,99;116,08;115,87;115,87
09/12/2022 15:30;115,74;116,06;115,69;115,99
09/12/2022 15:00;115,75;115,75;115,49;115,69
09/12/2022 14:30;115,73;115,93;115,73;115,77
09/12/2022 14:00;116,14;116,19;115,61;115,67
09/12/2022 13:30;115,99;115,99;115,9;115,99
09/12/2022 13:00;115,96;115,98;115,94;115,98
09/12/2022 12:30;116;116,03;116;116
09/12/2022 12:00;116,07;116,14;115,93;115,94
09/12/2022 11:30;116;116,03;115,89;116,02
09/12/2022 11:00;116,2;116,27;115,87;116,04
09/12/2022 10:30;116,36;116,53;116,18;116,27
09/12/2022 10:00;116,07;116,4;116,06;116,39
09/12/2022 09:30;116,06;116,2;115,96;116,06
09/12/2022 09:00;116;116,27;115,63;116,06
08/12/2022 17:05;115,91;116,19;115,82;116,1
08/12/2022 16:00;115,78;116;115,71;116
08/12/2022 15:30;115,49;115,78;115,49;115,77
08/12/2022 15:00;115,4;115,53;115,34;115,49
08/12/2022 14:30;115,45;115,49;115,17;115,4
08/12/2022 14:00;115,37;115,45;115,3;115,41
08/12/2022 13:30;115,22;115,41;115,16;115,36
08/12/2022 13:00;115,21;115,24;115,09;115,24
08/12/2022 12:30;115,38;115,38;115,21;115,24
08/12/2022 12:00;115,3;115,58;115,24;115,42
08/12/2022 11:30;115,71;115,81;115,3;115,3
08/12/2022 11:00;115,75;115,87;115,71;115,71
08/12/2022 10:30;115,71;115,83;115,71;115,75
08/12/2022 10:00;115,73;115,78;115,62;115,78
08/12/2022 09:30;115,79;115,79;115,67;115,75
08/12/2022 09:00;115,61;115,87;115,44;115,83
07/12/2022 17:05;115,37;115,61;115,28;115,61
07/12/2022 16:00;115,46;115,66;115,21;115,61
07/12/2022 15:30;115,38;115,53;115,38;115,45
07/12/2022 15:00;115,67;115,74;115,33;115,34
07/12/2022 14:30;115,58;115,71;115,53;115,65
07/12/2022 14:00;115,89;115,94;115,58;115,61
07/12/2022 13:30;115,75;115,9;115,74;115,87
07/12/2022 13:00;115,74;115,81;115,67;115,71
07/12/2022 12:30;115,91;116;115,69;115,73
07/12/2022 12:00;115,47;115,94;115,44;115,89
07/12/2022 11:30;115,3;115,67;115,3;115,47
07/12/2022 11:00;115,21;115,34;115,14;115,21
07/12/2022 10:30;115,62;115,62;115,08;115,21
07/12/2022 10:00;115,62;115,82;115,59;115,61
07/12/2022 09:30;115,58;115,69;115,44;115,66
07/12/2022 09:00;116,14;116,35;115,54;115,54
06/12/2022 17:05;115,85;116,52;115,67;115,87
06/12/2022 16:00;115,28;116;115,28;115,87
06/12/2022 15:30;114,87;115,26;114,84;115,26
06/12/2022 15:00;114,95;114,96;114,79;114,83
06/12/2022 14:30;114,92;115,05;114,88;114,98
06/12/2022 14:00;114,97;114,98;114,84;114,91
06/12/2022 13:30;115,05;115,08;114,87;114,98
06/12/2022 13:00;115,1;115,18;115,01;115,08
06/12/2022 12:30;115,02;115,12;115,01;115,12
06/12/2022 12:00;115,18;115,24;115,02;115,06
06/12/2022 11:30;115,2;115,4;115,14;115,2
06/12/2022 11:00;115,08;115,26;115,08;115,22
06/12/2022 10:30;115,06;115,21;114,95;115,14
06/12/2022 10:00;115,26;115,28;115,01;115,14
06/12/2022 09:30;115,28;115,32;115,08;115,24
06/12/2022 09:00;115,3;115,82;115,21;115,21
05/12/2022 17:05;115,7;115,71;115,45;115,61
05/12/2022 16:00;115,49;115,58;115,46;115,54
05/12/2022 15:30;115,41;115,54;115,37;115,47
05/12/2022 15:00;115,5;115,61;115,38;115,46
05/12/2022 14:30;115,63;115,74;115,5;115,54
05/12/2022 14:00;115,99;116;115,61;115,67
05/12/2022 13:30;116;116,03;115,89;116
05/12/2022 13:00;115,95;116,08;115,95;116,02
05/12/2022 12:30;115,94;116,14;115,9;115,93
05/12/2022 12:00;115,94;115,96;115,81;115,89
05/12/2022 11:30;115,87;115,96;115,66;115,9
05/12/2022 11:00;115,85;115,98;115,85;115,9
05/12/2022 10:30;115,79;116;115,79;115,81
05/12/2022 10:00;115,87;116,04;115,74;115,75
05/12/2022 09:30;115,79;115,95;115,67;115,87
05/12/2022 09:00;115,46;115,86;115,32;115,83
02/12/2022 17:05;115,67;115,71;115,38;115,65
02/12/2022 16:00;115,85;115,9;115,61;115,62
02/12/2022 15:30;115,54;115,95;115,45;115,77
02/12/2022 15:00;116,28;116,28;115,46;115,55
02/12/2022 14:30;116,36;116,41;116,3;116,32
02/12/2022 14:00;116,34;116,47;116,27;116,36
02/12/2022 13:30;116,61;116,61;116,3;116,34
02/12/2022 13:00;116,45;116,67;116,4;116,65
02/12/2022 12:30;116,32;116,51;116,27;116,43
02/12/2022 12:00;116,32;116,52;116,27;116,27
02/12/2022 11:30;116,45;116,51;116,02;116,34
02/12/2022 11:00;116,32;116,67;116,16;116,45
02/12/2022 10:30;116,9;117;116,32;116,32
02/12/2022 10:00;116,11;116,9;116,07;116,9
02/12/2022 09:30;116,24;116,27;116,07;116,08
02/12/2022 09:00;116,41;116,64;115,98;116,24
01/12/2022 17:05;117,18;117,32;116,67;116,67
01/12/2022 16:00;116,64;117,34;116,6;117,06
01/12/2022 15:30;116,34;116,71;116,31;116,67
01/12/2022 15:00;116,04;116,34;115,94;116,3
01/12/2022 14:30;115,91;116,07;115,77;116
01/12/2022 14:00;115,91;116;115,82;115,89
01/12/2022 13:30;116,02;116,15;115,73;115,89
01/12/2022 13:00;116,31;116,31;116;116,02
01/12/2022 12:30;116,3;116,39;116,27;116,34
01/12/2022 12:00;116,39;116,4;116,14;116,3
01/12/2022 11:30;116,67;116,71;116,2;116,35
01/12/2022 11:00;116,65;116,72;116,56;116,67
01/12/2022 10:30;117,05;117,05;116,6;116,6
01/12/2022 10:00;117,06;117,14;117;117,1
01/12/2022 09:30;117,04;117,16;117;117,08
01/12/2022 09:00;117,36;117,53;116,84;117,1
30/11/2022 17:05;116,96;117,33;116,89;117,21
30/11/2022 16:00;117,02;117,2;117,01;117,14
30/11/2022 15:30;117,08;117,13;116,93;117,04
30/11/2022 15:00;117,79;117,86;117,08;117,08
30/11/2022 14:30;117,61;117,79;117,41;117,79
30/11/2022 14:00;117,25;117,74;117,14;117,69
30/11/2022 13:30;116,87;117,3;116,85;117,26
30/11/2022 13:00;116,79;116,85;116,73;116,85
30/11/2022 12:30;116,9;116,92;116,73;116,79
30/11/2022 12:00;116,76;116,88;116,6;116,88
30/11/2022 11:30;116,73;116,94;116,6;116,75
30/11/2022 11:00;117,04;117,06;116,55;116,68
30/11/2022 10:30;117,13;117,33;117;117,08
30/11/2022 10:00;117,28;117,28;117,04;117,08
30/11/2022 09:30;117,21;117,39;116,97;117,32
30/11/2022 09:00;116,53;117,32;116,35;117,25
29/11/2022 17:05;117,2;117,2;116,8;116,93
29/11/2022 16:00;117,61;117,63;117,2;117,2
29/11/2022 15:30;117,63;117,91;117,53;117,66
29/11/2022 15:00;117,46;117,66;117,33;117,61
29/11/2022 14:30;117,59;117,65;117,33;117,41
29/11/2022 14:00;117,46;117,7;117,22;117,59
29/11/2022 13:30;118,06;118,19;116,63;117,46
29/11/2022 13:00;118,12;118,16;118;118,06
29/11/2022 12:30;118,14;118,18;118,06;118,06
29/11/2022 12:00;118,31;118,37;117,99;118,15
29/11/2022 11:30;118,44;118,64;118,12;118,31
29/11/2022 11:00;118,4;118,52;118,35;118,44
29/11/2022 10:30;118,43;118,52;118,32;118,4
29/11/2022 10:00;118,47;118,57;118,26;118,47
29/11/2022 09:30;118,57;118,69;118,45;118,47
29/11/2022 09:00;119,67;119,67;118,4;118,61
28/11/2022 17:05;119,26;119,43;119,01;119,25
28/11/2022 16:00;119,09;119,51;119,06;119,51
28/11/2022 15:30;119,17;119,34;118,94;119,14
28/11/2022 15:00;118,8;119,29;118,72;119,12
28/11/2022 14:30;118,68;118,98;118,64;118,84
28/11/2022 14:00;118,55;118,67;118,45;118,65
28/11/2022 13:30;118,51;118,59;118,37;118,51
28/11/2022 13:00;118,52;118,52;118,32;118,44
28/11/2022 12:30;118,41;118,64;118,34;118,49
28/11/2022 12:00;118,3;118,45;118,24;118,45
28/11/2022 11:30;118,12;118,31;118,08;118,28
28/11/2022 11:00;118,06;118,23;118,06;118,12
28/11/2022 10:30;117,95;118,19;117,95;118
28/11/2022 10:00;118,28;118,28;117,87;117,95
28/11/2022 09:30;118,28;118,52;117,95;118,3
28/11/2022 09:00;118,93;119,17;118,26;118,31
25/11/2022 17:05;119,53;119,7;119,46;119,58
25/11/2022 16:00;119,59;119,95;119,58;119,65
25/11/2022 15:30;119,71;119,71;119,34;119,59
25/11/2022 15:00;119,78;119,78;119,65;119,71
25/11/2022 14:30;119,7;119,81;119,7;119,77
25/11/2022 14:00;120,1;120,16;119,62;119,73
25/11/2022 13:30;119,98;120,1;119,96;120,07
25/11/2022 13:00;119,99;120;119,92;119,98
25/11/2022 12:30;119,99;120,08;119,98;120,03
25/11/2022 12:00;120,07;120,16;119,91;120,02
25/11/2022 11:30;119,91;120,24;119,91;120,07
25/11/2022 11:00;119,94;119,96;119,87;119,92
25/11/2022 10:30;119,78;119,94;119,78;119,91
25/11/2022 10:00;119,86;119,94;119,74;119,77
25/11/2022 09:30;119,78;119,95;119,67;119,91
25/11/2022 09:00;119,32;119,91;119,16;119,78
24/11/2022 17:05;119,42;119,67;119,05;119,2
24/11/2022 16:00;119,28;119,51;119,12;119,5
24/11/2022 15:30;119,18;119,26;119,12;119,26
24/11/2022 15:00;119,2;119,26;118,98;119,18
24/11/2022 14:30;119,12;119,41;119,12;119,2
24/11/2022 14:00;119,1;119,16;119,04;119,1
24/11/2022 13:30;119,22;119,28;119,09;119,1
24/11/2022 13:00;119,08;119,25;119,08;119,25
24/11/2022 12:30;119,09;119,12;119,05;119,06
24/11/2022 12:00;119,14;119,16;118,98;119,09
24/11/2022 11:30;119,16;119,18;119,1;119,12
24/11/2022 11:00;119,18;119,24;119,04;119,18
24/11/2022 10:30;119,18;119,32;119,12;119,18
24/11/2022 10:00;119,13;119,34;119,08;119,14
24/11/2022 09:30;118,98;119,43;118,97;119,13
24/11/2022 09:00;118,98;119,24;118,6;118,98
23/11/2022 17:05;118,79;119,12;118,76;118,98
23/11/2022 16:00;118,59;118,92;118,52;118,86
23/11/2022 15:30;118,32;118,77;118,27;118,59
23/11/2022 15:00;118,4;118,43;118,23;118,36
23/11/2022 14:30;118,37;118,4;118,27;118,39
23/11/2022 14:00;118,47;118,49;118,36;118,4
23/11/2022 13:30;118,37;118,45;118,36;118,44
23/11/2022 13:00;118,39;118,51;118,34;118,39
23/11/2022 12:30;118,26;118,4;118,15;118,39
23/11/2022 12:00;118,52;118,55;118,19;118,24
23/11/2022 11:30;118,35;118,56;118,35;118,52
23/11/2022 11:00;118,31;118,36;118,19;118,3
23/11/2022 10:30;118,06;118,37;118,02;118,32
23/11/2022 10:00;118,3;118,3;117,94;118,06
23/11/2022 09:30;118,52;118,52;118,22;118,26
23/11/2022 09:00;118,51;118,76;118,23;118,52
22/11/2022 17:05;118,51;118,65;118,45;118,53
22/11/2022 16:00;118,37;118,63;118,12;118,51
22/11/2022 15:30;118,06;118,4;118,06;118,32
22/11/2022 15:00;118,37;118,45;117,99;118,08
22/11/2022 14:30;118,43;118,61;118,32;118,44
22/11/2022 14:00;118,52;118,53;118,4;118,44
22/11/2022 13:30;118,32;118,55;118,32;118,52
22/11/2022 13:00;118,32;118,32;118,16;118,26
22/11/2022 12:30;118,34;118,37;118,12;118,26
22/11/2022 12:00;118,32;118,35;118,19;118,3
22/11/2022 11:30;118,45;118,52;118,32;118,32
22/11/2022 11:00;118,52;118,52;118,3;118,41
22/11/2022 10:30;118,59;118,67;118,41;118,52
22/11/2022 10:00;118,03;118,79;117,98;118,59
22/11/2022 09:30;117,94;118,11;117,83;117,99
22/11/2022 09:00;117,61;118,15;117,36;117,99
21/11/2022 17:05;117,34;117,59;117,22;117,58
21/11/2022 16:00;117,51;117,65;117,34;117,46
21/11/2022 15:30;117,42;117,59;117,39;117,5
21/11/2022 15:00;117,66;117,69;117,39;117,42
21/11/2022 14:30;118,18;118,19;117,39;117,69
21/11/2022 14:00;118,19;118,19;117,66;118,14
21/11/2022 13:30;118,34;118,41;118,16;118,22
21/11/2022 13:00;118,44;118,44;118,22;118,28
21/11/2022 12:30;118,49;118,52;118,37;118,45
21/11/2022 12:00;118,3;118,52;118,16;118,41
21/11/2022 11:30;118,07;118,44;118,03;118,32
21/11/2022 11:00;118,28;118,28;117,98;118,1
21/11/2022 10:30;118,06;118,35;118,02;118,28
21/11/2022 10:00;118,14;118,34;117,96;118,11
21/11/2022 09:30;118,26;118,64;117,86;118,07
21/11/2022 09:00;118,26;118,68;117,57;118,26
18/11/2022 17:05;118,32;118,39;118,15;118,24
18/11/2022 16:00;118,39;118,41;117,95;118,06
18/11/2022 15:30;117,67;118,45;117,67;118,36
18/11/2022 15:00;117,53;117,78;117,53;117,73
18/11/2022 14:30;117,59;117,61;117,32;117,53
18/11/2022 14:00;117,33;117,66;117,25;117,55
18/11/2022 13:30;117,21;117,46;117,21;117,36
18/11/2022 13:00;117,04;117,28;116,98;117,14
18/11/2022 12:30;117,22;117,22;116,98;117
18/11/2022 12:00;117,1;117,32;117,05;117,17
18/11/2022 11:30;117,09;117,36;116,93;117,1
18/11/2022 11:00;116,41;117,2;116,35;117,16
18/11/2022 10:30;116,2;116,53;116,16;116,4
18/11/2022 10:00;116,15;116,35;116,02;116,23
18/11/2022 09:30;116,32;116,63;116,15;116,15
18/11/2022 09:00;116,71;116,85;116;116,27
17/11/2022 17:05;116,65;116,65;116,32;116,4
17/11/2022 16:00;116,07;116,67;116,07;116,41
17/11/2022 15:30;116,12;116,2;116,04;116,11
17/11/2022 15:00;116,11;116,2;115,94;116,12
17/11/2022 14:30;115,71;116,12;115,71;116,1
17/11/2022 14:00;115,86;115,87;115,59;115,71
17/11/2022 13:30;115,83;115,91;115,77;115,87
17/11/2022 13:00;115,81;115,9;115,81;115,82
17/11/2022 12:30;115,62;115,83;115,62;115,83
17/11/2022 12:00;115,66;115,77;115,54;115,66
17/11/2022 11:30;115,53;116,23;115,47;115,66
17/11/2022 11:00;115,47;115,54;115,45;115,49
17/11/2022 10:30;115,49;115,55;115,45;115,47
17/11/2022 10:00;115,51;115,71;115,46;115,5
17/11/2022 09:30;115,69;115,74;115,42;115,47
17/11/2022 09:00;115,13;116,03;115,08;115,65
16/11/2022 17:05;115,47;115,5;115,36;115,46
16/11/2022 16:00;115,34;115,53;115,24;115,47
16/11/2022 15:30;115,04;115,46;115,04;115,34
16/11/2022 15:00;115,04;115,1;115;115,08
16/11/2022 14:30;115,01;115,04;114,97;115,04
16/11/2022 14:00;115,08;115,16;114,95;114,98
16/11/2022 13:30;115,02;115,09;114,96;115,09
16/11/2022 13:00;114,96;115,17;114,95;115,04
16/11/2022 12:30;114,81;115,01;114,79;114,97
16/11/2022 12:00;114,79;115,08;114,76;114,76
16/11/2022 11:30;114,65;114,88;114,57;114,76
16/11/2022 11:00;114,6;114,67;114,56;114,67
16/11/2022 10:30;114,55;114,68;114,52;114,6
16/11/2022 10:00;114,68;114,68;114,38;114,55
16/11/2022 09:30;114,72;114,75;114,57;114,72
16/11/2022 09:00;114,55;115,04;114,55;114,75
14/11/2022 17:05;114,93;114,95;114,71;114,92
14/11/2022 16:00;115,01;115,01;114,68;114,79
14/11/2022 15:30;115,01;115,1;114,55;115
14/11/2022 15:00;115,01;115,09;114,98;115,04
14/11/2022 14:30;115,08;115,09;114,95;115,02
14/11/2022 14:00;115,26;115,32;115,04;115,17
14/11/2022 13:30;115,08;115,22;114,91;115,22
14/11/2022 13:00;115,09;115,28;115,09;115,09
14/11/2022 12:30;115,17;115,28;115,1;115,1
14/11/2022 12:00;115,18;115,24;115,08;115,17
14/11/2022 11:30;115,1;115,37;115,08;115,25
14/11/2022 11:00;114,59;115,13;114,35;115,1
14/11/2022 10:30;114,46;114,64;114,39;114,6
14/11/2022 10:00;114,28;114,44;114,28;114,44
14/11/2022 09:30;114,24;114,42;114,22;114,36
14/11/2022 09:00;114,87;115,28;113,99;114,22
11/11/2022 17:05;115,44;115,65;115,21;115,33
11/11/2022 16:00;115,61;115,75;115,41;115,41
11/11/2022 15:30;115,51;115,78;115,45;115,61
11/11/2022 15:00;115,1;115,62;115,08;115,51
11/11/2022 14:30;115,18;115,18;114,95;115,13
11/11/2022 14:00;115,01;115,22;115,01;115,18
11/11/2022 13:30;115,18;115,21;114,98;115,01
11/11/2022 13:00;115,22;115,34;115,13;115,24
11/11/2022 12:30;115,09;115,3;114,83;115,2
11/11/2022 12:00;115,44;115,46;115,09;115,09
11/11/2022 11:30;115,41;115,71;115,4;115,45
11/11/2022 11:00;115,22;115,47;115,21;115,41
11/11/2022 10:30;115,51;115,51;114,97;115,21
11/11/2022 10:00;116,64;116,67;115,41;115,46
11/11/2022 09:30;116,67;116,76;116,6;116,6
11/11/2022 09:00;117,06;117,16;116,61;116,68
10/11/2022 17:05;116,87;117,02;116,8;116,8
10/11/2022 16:00;116,73;116,8;116,65;116,8
10/11/2022 15:30;116,8;116,84;116,66;116,72
10/11/2022 15:00;116,89;116,89;116,79;116,84
10/11/2022 14:30;116,87;116,95;116,87;116,94
10/11/2022 14:00;116,91;116,96;116,84;116,91
10/11/2022 13:30;116,96;116,96;116,79;116,91
10/11/2022 13:00;116,92;116,99;116,73;116,94
10/11/2022 12:30;116,92;116,95;116,73;116,91
10/11/2022 12:00;116,73;116,94;116,73;116,92
10/11/2022 11:30;116,77;116,87;116,66;116,76
10/11/2022 11:00;116,59;116,85;116,59;116,85
10/11/2022 10:30;116,88;116,88;116,55;116,64
10/11/2022 10:00;116,81;116,88;116,74;116,88
10/11/2022 09:30;116,76;116,92;116,73;116,81
10/11/2022 09:00;116,46;116,74;116,18;116,73
09/11/2022 17:05;117,07;117,11;117,07;117,07
09/11/2022 16:00;117,14;117,14;117,03;117,14
09/11/2022 15:30;117,21;117,21;117,03;117,13
09/11/2022 15:00;117,28;117,29;117,14;117,22
09/11/2022 14:30;117,2;117,35;117,14;117,28
09/11/2022 14:00;117,07;117,25;117;117,21
09/11/2022 13:30;117,11;117,18;117,11;117,11
09/11/2022 13:00;117,07;117,13;117,06;117,11
09/11/2022 12:30;117,07;117,14;117;117,09
09/11/2022 12:00;117,03;117,13;117;117,13
09/11/2022 11:30;117,13;117,13;116,94;117,03
09/11/2022 11:00;117,2;117,21;117,13;117,14
09/11/2022 10:30;117,14;117,21;117,1;117,18
09/11/2022 10:00;117,22;117,22;117,11;117,15
09/11/2022 09:30;117,25;117,3;117,14;117,15
09/11/2022 09:00;117,21;117,47;117;117,28
08/11/2022 17:05;117,15;117,48;117,14;117,21
08/11/2022 16:00;117,17;117,35;117,14;117,28
08/11/2022 15:30;117,26;117,35;117,06;117,17
08/11/2022 15:00;117,29;117,35;117,17;117,29
08/11/2022 14:30;117,35;117,41;117,17;117,29
08/11/2022 14:00;117,03;117,37;116,94;117,33
08/11/2022 13:30;117,07;117,09;116,95;117,04
08/11/2022 13:00;117,17;117,2;117;117,06
08/11/2022 12:30;117,18;117,28;117,1;117,17
08/11/2022 12:00;117,24;117,26;117,21;117,22
08/11/2022 11:30;117,21;117,32;117,21;117,28
08/11/2022 11:00;117,37;117,37;117,14;117,2
08/11/2022 10:30;117,41;117,44;117,36;117,39
08/11/2022 10:00;117,52;117,58;117,29;117,41
08/11/2022 09:30;117,73;117,76;117,5;117,54
08/11/2022 09:00;117,21;117,76;117,21;117,71
07/11/2022 17:05;117,15;117,35;117,14;117,17
07/11/2022 16:00;117,2;117,25;117,1;117,22
07/11/2022 15:30;117,13;117,28;117,06;117,17
07/11/2022 15:00;117,28;117,33;117,06;117,11
07/11/2022 14:30;117,28;117,33;117,11;117,29
07/11/2022 14:00;117,11;117,26;117,09;117,26
07/11/2022 13:30;117,03;117,17;117,03;117,07
07/11/2022 13:00;116,98;117,06;116,94;117,03
07/11/2022 12:30;116,95;117,07;116,81;116,96
07/11/2022 12:00;116,99;117,14;116,88;116,99
07/11/2022 11:30;116,74;117,06;116,73;116,98
07/11/2022 11:00;116,76;116,84;116,73;116,8
07/11/2022 10:30;116,87;116,87;116,66;116,72
07/11/2022 10:00;116,84;116,94;116,8;116,89
07/11/2022 09:30;116,87;116,95;116,7;116,81
07/11/2022 09:00;116,96;117,35;116,81;116,85
04/11/2022 17:05;116,84;116,91;116,73;116,91
04/11/2022 16:00;116,91;117,11;116,88;117,07
04/11/2022 15:30;116,91;116,99;116,87;116,94
04/11/2022 15:00;117,09;117,11;116,87;116,91
04/11/2022 14:30;117,03;117,1;116,89;117,06
04/11/2022 14:00;117,2;117,21;116,99;117,07
04/11/2022 13:30;117,24;117,28;117,07;117,2
04/11/2022 13:00;117,18;117,35;117,11;117,24
04/11/2022 12:30;116,94;117,2;116,89;117,18
04/11/2022 12:00;116,88;117,07;116,66;116,91
04/11/2022 11:30;116,66;116,85;116,62;116,85
04/11/2022 11:00;116,94;116,94;116,66;116,69
04/11/2022 10:30;117,3;117,35;116,94;116,96
04/11/2022 10:00;117,37;117,4;117,28;117,28
04/11/2022 09:30;117,41;117,44;117,24;117,35
04/11/2022 09:00;117,48;117,65;117,18;117,45
03/11/2022 17:05;117,37;117,71;117,37;117,59
03/11/2022 16:00;117,55;117,71;117,36;117,62
03/11/2022 15:30;117,35;117,61;117,29;117,55
03/11/2022 15:00;117,48;117,48;117,07;117,37
03/11/2022 14:30;117,56;117,65;117,44;117,48
03/11/2022 14:00;117,73;117,8;117,47;117,56
03/11/2022 13:30;117,74;117,82;117,63;117,74
03/11/2022 13:00;117,74;117,85;117,66;117,7
03/11/2022 12:30;117,52;117,74;117,39;117,74
03/11/2022 12:00;117,55;117,62;117,48;117,54
03/11/2022 11:30;117,58;117,63;117,55;117,59
03/11/2022 11:00;117,58;117,59;117,55;117,56
03/11/2022 10:30;117,56;117,73;117,55;117,55
03/11/2022 10:00;117,59;117,73;117,35;117,63
03/11/2022 09:30;118,03;118,1;117,52;117,58
03/11/2022 09:00;118,42;118,44;117,97;118,03
01/11/2022 17:05;118,41;118,68;118,41;118,63
01/11/2022 16:00;118,45;118,71;118,34;118,71
01/11/2022 15:30;118,56;118,62;118,32;118,45
01/11/2022 15:00;118,44;118,71;118,34;118,6
01/11/2022 14:30;118,25;118,44;118,22;118,44
01/11/2022 14:00;118,03;118,26;118,03;118,23
01/11/2022 13:30;118,06;118,07;117,89;118,07
01/11/2022 13:00;117,88;118,06;117,8;118,04
01/11/2022 12:30;117,96;118,03;117,78;117,82
01/11/2022 12:00;117,95;118,03;117,93;118,03
01/11/2022 11:30;117,97;118,03;117,89;117,95
01/11/2022 11:00;117,89;118,08;117,69;117,99
01/11/2022 10:30;118,03;118,17;117,8;117,85
01/11/2022 10:00;118,1;118,14;117,97;117,97
01/11/2022 09:30;118,18;118,18;118,01;118,06
01/11/2022 09:00;117,5;118,3;117,5;118,15
31/10/2022 17:05;118,19;118,56;118,19;118,4
31/10/2022 16:00;118,17;118,37;118,1;118,3
31/10/2022 15:30;117,96;118,22;117,76;118,07
31/10/2022 15:00;117,66;117,96;117,51;117,95
31/10/2022 14:30;118,11;118,11;117,66;117,69
31/10/2022 14:00;118,37;118,37;118,04;118,08
31/10/2022 13:30;118,21;118,4;118,1;118,3
31/10/2022 13:00;118,4;118,4;118,19;118,22
31/10/2022 12:30;118,41;118,57;118,19;118,41
31/10/2022 12:00;118,23;118,48;118,06;118,44
31/10/2022 11:30;118,51;118,53;118,19;118,23
31/10/2022 11:00;118,74;118,81;118,47;118,48
31/10/2022 10:30;118,82;118,98;118,68;118,7
31/10/2022 10:00;118,96;119,04;118,74;118,83
31/10/2022 09:30;118,78;118,96;118,57;118,86
31/10/2022 09:00;119,86;120,69;118,57;118,77
28/10/2022 17:05;118,11;118,11;117,96;118,01
28/10/2022 16:00;118,03;118,26;117,99;118,03
28/10/2022 15:30;118,12;118,14;117,97;118,03
28/10/2022 15:00;118,04;118,19;118;118,11
28/10/2022 14:30;118,04;118,08;117,96;118,06
28/10/2022 14:00;117,99;118,04;117,96;118,04
28/10/2022 13:30;118,07;118,07;117,96;117,97
28/10/2022 13:00;118,1;118,12;118;118,08
28/10/2022 12:30;118;118,14;117,97;118,07
28/10/2022 12:00;117,97;118,03;117,96;118
28/10/2022 11:30;117,97;118,03;117,89;117,97
28/10/2022 11:00;118;118;117,8;117,96
28/10/2022 10:30;117,89;118,03;117,77;117,99
28/10/2022 10:00;117,91;118,04;117,82;117,88
28/10/2022 09:30;118,03;118,17;117,89;117,89
28/10/2022 09:00;118,17;118,42;117,89;118
27/10/2022 17:05;118,03;118,08;117,96;118,08
27/10/2022 16:00;118,01;118,07;117,96;118,06
27/10/2022 15:30;118,04;118,12;117,97;118
27/10/2022 15:00;118,03;118,1;118,01;118,03
27/10/2022 14:30;118;118,1;117,96;118,03
27/10/2022 14:00;118,01;118,1;117,97;118
27/10/2022 13:30;118;118,1;117,96;118,06
27/10/2022 13:00;117,91;118,08;117,82;117,97
27/10/2022 12:30;117,78;117,89;117,77;117,89
27/10/2022 12:00;117,82;117,95;117,76;117,82
27/10/2022 11:30;117,82;117,96;117,74;117,82
27/10/2022 11:00;118,01;118,06;117,62;117,82
27/10/2022 10:30;118,08;118,1;117,96;118,03
27/10/2022 10:00;118,19;118,23;118,03;118,08
27/10/2022 09:30;118,1;118,3;118,03;118,18
27/10/2022 09:00;117,88;118,17;117,69;118,03
26/10/2022 17:05;117,89;118,03;117,86;117,93
26/10/2022 16:00;117,92;118;117,76;117,88
26/10/2022 15:30;118,01;118,01;117,88;117,89
26/10/2022 15:00;118,01;118,03;117,91;118,03
26/10/2022 14:30;118,04;118,12;117,97;118
26/10/2022 14:00;117,89;118,14;117,8;118,03
26/10/2022 13:30;117,63;117,89;117,61;117,89
26/10/2022 13:00;117,54;117,65;117,36;117,63
26/10/2022 12:30;117,67;117,69;117,51;117,61
26/10/2022 12:00;117,66;117,7;117,59;117,67
26/10/2022 11:30;117,71;117,8;117,56;117,66
26/10/2022 11:00;117,56;117,76;117,52;117,71
26/10/2022 10:30;117,81;117,89;117,55;117,55
26/10/2022 10:00;117,76;117,91;117,69;117,8
26/10/2022 09:30;117,5;117,82;117,41;117,7
26/10/2022 09:00;117,82;118,1;117,29;117,47
25/10/2022 17:05;117,95;117,95;117,69;117,86
25/10/2022 16:00;117,81;117,96;117,48;117,86
25/10/2022 15:30;117,61;117,81;117,58;117,78
25/10/2022 15:00;117,69;117,89;117,48;117,61
25/10/2022 14:30;117,65;117,73;117,39;117,73
25/10/2022 14:00;117,2;117,7;117,2;117,65
25/10/2022 13:30;117,1;117,21;117,09;117,18
25/10/2022 13:00;116,98;117,2;116,98;117,07
25/10/2022 12:30;116,96;117,03;116,94;116,98
25/10/2022 12:00;116,95;117,04;116,94;116,99
25/10/2022 11:30;116,96;117,04;116,95;116,95
25/10/2022 11:00;117,02;117,07;116,94;116,99
25/10/2022 10:30;117;117,13;116,83;117
25/10/2022 10:00;117,2;117,21;116,94;117
25/10/2022 09:30;116,89;117,28;116,87;117,15
25/10/2022 09:00;116,96;117,3;116,87;116,89
24/10/2022 17:05;117,32;117,62;117,21;117,48
24/10/2022 16:00;117,41;117,52;117,21;117,36
24/10/2022 15:30;117,5;117,5;117,37;117,48
24/10/2022 15:00;117,65;117,65;117,48;117,48
24/10/2022 14:30;117,71;117,76;117,65;117,69
24/10/2022 14:00;117,67;117,76;117,65;117,71
24/10/2022 13:30;117,67;117,77;117,65;117,69
24/10/2022 13:00;117,69;117,7;117,55;117,63
24/10/2022 12:30;117,73;117,77;117,63;117,69
24/10/2022 12:00;117,65;117,76;117,61;117,73
24/10/2022 11:30;117,51;117,74;117,48;117,66
24/10/2022 11:00;117,51;117,55;117,43;117,52
24/10/2022 10:30;117,51;117,62;117,35;117,59
24/10/2022 10:00;117,48;117,7;117,48;117,55
24/10/2022 09:30;117,26;117,65;117,21;117,52
24/10/2022 09:00;117,61;117,85;117,02;117,26
21/10/2022 17:05;117,92;118,03;117,65;117,78
21/10/2022 16:00;117,8;117,89;117,76;117,86
21/10/2022 15:30;117,77;117,86;117,77;117,78
21/10/2022 15:00;117,77;117,77;117,69;117,73
21/10/2022 14:30;117,73;117,78;117,73;117,74
21/10/2022 14:00;117,76;117,76;117,69;117,69
21/10/2022 13:30;117,74;117,8;117,69;117,73
21/10/2022 13:00;117,73;117,81;117,69;117,74
21/10/2022 12:30;117,86;117,95;117,67;117,76
21/10/2022 12:00;117,66;117,86;117,66;117,86
21/10/2022 11:30;117,66;117,82;117,62;117,7
21/10/2022 11:00;117,81;117,91;117,55;117,67
21/10/2022 10:30;118,03;118,23;117,81;117,81
21/10/2022 10:00;118,01;118,1;117,81;118,08
21/10/2022 09:30;117,89;118,27;117,85;118,01
21/10/2022 09:00;118;118,14;117,69;117,92
20/10/2022 17:05;118,17;118,44;118,17;118,36
20/10/2022 16:00;118,41;118,48;118,17;118,17
20/10/2022 15:30;118,37;118,51;118,37;118,41
20/10/2022 15:00;118,37;118,41;118,26;118,34
20/10/2022 14:30;118,38;118,44;118,26;118,37
20/10/2022 14:00;118,27;118,45;118,26;118,41
20/10/2022 13:30;118,26;118,36;118,17;118,27
20/10/2022 13:00;118,32;118,38;118,17;118,3
20/10/2022 12:30;118,41;118,55;118,19;118,36
20/10/2022 12:00;118,52;118,71;118,34;118,42
20/10/2022 11:30;118,78;118,85;118,49;118,52
20/10/2022 11:00;118,94;118,98;118,73;118,79
20/10/2022 10:30;118,94;118,98;118,79;118,96
20/10/2022 10:00;119,2;119,23;118,88;118,93
20/10/2022 09:30;119,34;119,44;119,12;119,12
20/10/2022 09:00;119,27;119,91;119,08;119,26
19/10/2022 17:05;119,41;120,01;119,29;119,41
19/10/2022 16:00;118,88;119,26;118,71;119,26
19/10/2022 15:30;118,94;118,97;118,78;118,83
19/10/2022 15:00;118,7;119,04;118,7;118,92
19/10/2022 14:30;118,88;118,93;118,67;118,67
19/10/2022 14:00;118,77;118,88;118,6;118,86
19/10/2022 13:30;118,79;118,83;118,71;118,78
19/10/2022 13:00;118,9;118,92;118,74;118,85
19/10/2022 12:30;118,89;119,11;118,86;118,9
19/10/2022 12:00;118,97;119,01;118,86;118,92
19/10/2022 11:30;118,86;118,97;118,77;118,97
19/10/2022 11:00;118,66;119,01;118,6;118,85
19/10/2022 10:30;118,68;118,71;118,52;118,63
19/10/2022 10:00;118,57;118,81;118,44;118,63
19/10/2022 09:30;118,62;118,93;118,51;118,55
19/10/2022 09:00;118,97;118,97;118,6;118,62
18/10/2022 17:05;118,66;118,66;118,45;118,64
18/10/2022 16:00;118,75;118,75;118,57;118,75
18/10/2022 15:30;118,62;118,78;118,59;118,71
18/10/2022 15:00;118,64;118,7;118,59;118,6
18/10/2022 14:30;118,92;118,92;118,59;118,64
18/10/2022 14:00;119,05;119,09;118,88;118,98
18/10/2022 13:30;119,12;119,19;119,01;119,01
18/10/2022 13:00;118,97;119,35;118,94;119,12
18/10/2022 12:30;118,88;118,98;118,86;118,94
18/10/2022 12:00;118,9;119,04;118,85;118,85
18/10/2022 11:30;118,77;118,92;118,63;118,9
18/10/2022 11:00;118,47;118,73;118,4;118,71
18/10/2022 10:30;118,74;118,94;118,42;118,42
18/10/2022 10:00;118,42;118,93;118,32;118,78
18/10/2022 09:30;118,47;118,57;118,27;118,41
18/10/2022 09:00;118,82;118,85;118,51;118,51
17/10/2022 17:05;118,92;119,12;118,86;119
17/10/2022 16:00;118,98;119,11;118,86;118,96
17/10/2022 15:30;119,05;119,05;118,98;119
17/10/2022 15:00;118,86;119,08;118,85;119,01
17/10/2022 14:30;118,93;118,93;118,77;118,86
17/10/2022 14:00;118,86;119,05;118,78;118,92
17/10/2022 13:30;118,92;118,96;118,71;118,86
17/10/2022 13:00;119,05;119,07;118,85;118,93
17/10/2022 12:30;119,22;119,26;119;119,01
17/10/2022 12:00;119,45;119,46;119,12;119,23
17/10/2022 11:30;119,67;119,67;119,22;119,45
17/10/2022 11:00;119,72;119,83;119,64;119,67
17/10/2022 10:30;119,85;119,87;119,67;119,74
17/10/2022 10:00;119,67;119,86;119,6;119,86
17/10/2022 09:30;119,78;119,94;119,6;119,65
17/10/2022 09:00;120;120,02;119,53;119,8
14/10/2022 17:05;119,64;119,83;119,64;119,8
14/10/2022 16:00;119,52;119,71;119,42;119,64
14/10/2022 15:30;119,45;119,5;119,39;119,46
14/10/2022 15:00;119,56;119,67;119,44;119,45
14/10/2022 14:30;119,63;119,63;119,53;119,6
14/10/2022 14:00;119,53;119,71;119,53;119,63
14/10/2022 13:30;119,59;119,7;119,53;119,53
14/10/2022 13:00;119,63;119,74;119,57;119,61
14/10/2022 12:30;119,48;119,6;119,45;119,6
14/10/2022 12:00;119,56;119,6;119,33;119,52
14/10/2022 11:30;119,53;119,61;119,46;119,53
14/10/2022 11:00;119,63;119,75;119,52;119,54
14/10/2022 10:30;119,41;119,91;119,37;119,65
14/10/2022 10:00;119,35;119,48;119,27;119,42
14/10/2022 09:30;119,53;119,53;119,26;119,38
14/10/2022 09:00;119,46;119,78;119,18;119,53
13/10/2022 17:05;120,08;120,09;119,38;119,46
13/10/2022 16:00;119,24;119,94;119,15;119,91
13/10/2022 15:30;119,08;119,26;119,07;119,24
13/10/2022 15:00;119,24;119,3;118,86;119,08
13/10/2022 14:30;119,05;119,26;118,93;119,26
13/10/2022 14:00;118,64;119,38;118,64;119,11
13/10/2022 13:30;118,53;118,66;118,44;118,62
13/10/2022 13:00;118,47;118,7;118,22;118,55
13/10/2022 12:30;118,25;118,51;118,19;118,44
13/10/2022 12:00;118,26;118,71;118,21;118,21
13/10/2022 11:30;118,1;118,3;118;118,26
13/10/2022 11:00;117,99;118,11;117,82;118,06
13/10/2022 10:30;118,17;118,26;117,82;117,95
13/10/2022 10:00;118,1;118,29;118,03;118,17
13/10/2022 09:30;117,86;118,17;117,78;118,03
13/10/2022 09:00;117,63;118,17;117,63;117,91
11/10/2022 17:05;118,03;118,37;117,92;118,26
11/10/2022 16:00;118,01;118,1;117,96;118,07
11/10/2022 15:30;117,89;118,12;117,82;117,96
11/10/2022 15:00;117,76;117,93;117,7;117,82
11/10/2022 14:30;117,78;117,82;117,67;117,76
11/10/2022 14:00;117,69;117,82;117,62;117,82
11/10/2022 13:30;117,81;117,88;117,67;117,69
11/10/2022 13:00;117,99;118,03;117,67;117,84
11/10/2022 12:30;118,08;118,08;117,92;118
11/10/2022 12:00;118,07;118,21;117,97;118,06
11/10/2022 11:30;118,03;118,23;117,96;118,07
11/10/2022 11:00;118,29;118,34;118,03;118,03
11/10/2022 10:30;118,48;118,52;118,17;118,27
11/10/2022 10:00;118,48;118,6;118,37;118,42
11/10/2022 09:30;118,42;118,6;118,34;118,47
11/10/2022 09:00;118,47;118,85;118,21;118,42
10/10/2022 17:05;118,18;118,82;118,18;118,82
10/10/2022 16:00;118,34;118,53;118,3;118,3
10/10/2022 15:30;118,79;118,83;118,3;118,37
10/10/2022 15:00;118,75;118,85;118,71;118,73
10/10/2022 14:30;119,05;119,12;118,67;118,78
10/10/2022 14:00;119,08;119,11;118,98;118,98
10/10/2022 13:30;119,09;119,16;118,94;119,05
10/10/2022 13:00;119,11;119,24;119,09;119,12
10/10/2022 12:30;119,14;119,22;119,07;119,12
10/10/2022 12:00;119,2;119,26;119,14;119,2
10/10/2022 11:30;119,23;119,34;119,14;119,2
10/10/2022 11:00;119,11;119,52;119,11;119,16
10/10/2022 10:30;118,67;119,26;118,53;119,09
10/10/2022 10:00;118,9;118,92;118,68;118,71
10/10/2022 09:30;118,92;119,04;118,74;118,85
10/10/2022 09:00;118,85;119,31;118,66;118,98
07/10/2022 17:05;118,36;118,51;117,86;118,12
07/10/2022 16:00;117,96;118,15;117,95;118,15
07/10/2022 15:30;118,07;118,08;117,92;117,93
07/10/2022 15:00;118,08;118,14;118,04;118,04
07/10/2022 14:30;118,07;118,11;118,04;118,08
07/10/2022 14:00;118,07;118,11;118,04;118,07
07/10/2022 13:30;118,08;118,15;118;118,08
07/10/2022 13:00;118,01;118,14;117,96;118,11
07/10/2022 12:30;117,99;118,04;117,96;117,99
07/10/2022 12:00;117,99;118,03;117,95;117,99
07/10/2022 11:30;118,08;118,08;117,85;117,95
07/10/2022 11:00;118,1;118,17;117,82;118,04
07/10/2022 10:30;117,89;118,17;117,81;118,1
07/10/2022 10:00;117,89;118,12;117,89;117,95
07/10/2022 09:30;118,04;118,1;117,71;117,89
07/10/2022 09:00;118,07;118,17;117,88;118,04
06/10/2022 17:05;117,47;117,82;117,47;117,8
06/10/2022 16:00;117,33;117,89;117,3;117,54
06/10/2022 15:30;117,22;117,4;117,21;117,3
06/10/2022 15:00;117,36;117,36;117,21;117,22
06/10/2022 14:30;117,54;117,62;117,35;117,35
06/10/2022 14:00;117,8;117,85;117,48;117,55
06/10/2022 13:30;117,78;117,84;117,74;117,76
06/10/2022 13:00;117,69;117,78;117,67;117,73
06/10/2022 12:30;117,8;117,82;117,7;117,7
06/10/2022 12:00;117,7;117,8;117,65;117,77
06/10/2022 11:30;117,71;117,8;117,63;117,69
06/10/2022 11:00;117,92;118,01;117,69;117,74
06/10/2022 10:30;117,89;118,17;117,89;117,93
06/10/2022 10:00;117,81;118,08;117,71;117,91
06/10/2022 09:30;117,69;117,85;117,55;117,81
06/10/2022 09:00;117,76;117,99;117,54;117,7
05/10/2022 17:05;118,73;118,85;118,3;118,37
05/10/2022 16:00;118,17;118,85;118,17;118,67
05/10/2022 15:30;118,25;118,44;118,08;118,11
05/10/2022 15:00;117,96;118,37;117,86;118,25
05/10/2022 14:30;118,18;118,18;117,77;117,99
05/10/2022 14:00;118,23;118,33;118,17;118,19
05/10/2022 13:30;118,32;118,4;118,3;118,3
05/10/2022 13:00;118,3;118,4;118,3;118,36
05/10/2022 12:30;118,23;118,34;118,23;118,3
05/10/2022 12:00;118,19;118,38;118,17;118,3
05/10/2022 11:30;118,52;118,7;118,21;118,22
05/10/2022 11:00;118,25;118,6;118,21;118,48
05/10/2022 10:30;118,48;118,62;118,18;118,22
05/10/2022 10:00;118,44;118,52;118,37;118,48
05/10/2022 09:30;118,79;118,83;118,3;118,44
05/10/2022 09:00;117,51;118,92;117,51;118,83
04/10/2022 17:05;118,01;118,17;117,86;118,08
04/10/2022 16:00;117,93;118,17;117,91;118,03
04/10/2022 15:30;118,06;118,17;117,92;117,93
04/10/2022 15:00;118,03;118,11;117,92;118,04
04/10/2022 14:30;118,1;118,17;117,92;118,06
04/10/2022 14:00;117,89;118,1;117,76;118,1
04/10/2022 13:30;117,99;117,99;117,76;117,89
04/10/2022 13:00;117,93;118,17;117,93;118
04/10/2022 12:30;117,63;118;117,48;117,91
04/10/2022 12:00;118,37;118,4;117,54;117,62
04/10/2022 11:30;118,49;118,6;118,19;118,38
04/10/2022 11:00;119,46;119,46;118,45;118,48
04/10/2022 10:30;119,38;119,79;119,35;119,46
04/10/2022 10:00;119,35;119,38;119,24;119,37
04/10/2022 09:30;119,31;119,45;119,29;119,35
04/10/2022 09:00;119,53;119,65;119,12;119,33
03/10/2022 17:05;120,08;120,08;119,59;119,64
03/10/2022 16:00;120,16;120,21;119,67;119,93
03/10/2022 15:30;120,21;120,3;120,1;120,15
03/10/2022 15:00;120,36;120,42;119,95;120,21
03/10/2022 14:30;120,62;120,62;120,21;120,35
03/10/2022 14:00;120,36;120,73;120,35;120,62
03/10/2022 13:30;120,41;120,42;120,28;120,35
03/10/2022 13:00;120,43;120,46;120,36;120,39
03/10/2022 12:30;120,31;120,49;120,24;120,45
03/10/2022 12:00;120,35;120,43;120,21;120,31
03/10/2022 11:30;120,42;120,69;120,28;120,35
03/10/2022 11:00;120,58;120,58;120,23;120,35
03/10/2022 10:30;121,91;121,91;120,54;120,57
03/10/2022 10:00;121,51;121,88;121,44;121,88
03/10/2022 09:30;122,2;122,2;121,5;121,51
03/10/2022 09:00;122,4;122,81;121,99;122,22
30/09/2022 17:05;122,74;122,86;122,4;122,55
30/09/2022 16:00;122,4;122,74;122,4;122,67
30/09/2022 15:30;122,37;122,44;122,33;122,4
30/09/2022 15:00;122,25;122,4;122,09;122,36
30/09/2022 14:30;122,41;122,51;122,17;122,32
30/09/2022 14:00;122,39;122,66;122,33;122,45
30/09/2022 13:30;121,39;122,47;121,31;122,4
30/09/2022 13:00;122,18;122,81;121,31;121,38
30/09/2022 12:30;122,33;122,36;122,13;122,26
30/09/2022 12:00;122,4;122,47;122,07;122,29
30/09/2022 11:30;121,96;122,4;121,96;122,4
30/09/2022 11:00;122,15;122,2;121,87;121,92
30/09/2022 10:30;121,91;122,25;121,76;122,13
30/09/2022 10:00;121,96;122,02;121,84;121,91
30/09/2022 09:30;121,99;122,11;121,85;121,94
30/09/2022 09:00;121,73;122,06;121,5;121,99
29/09/2022 17:05;121,84;121,85;121,31;121,33
29/09/2022 16:00;121,62;121,77;121,46;121,62
29/09/2022 15:30;121,59;121,72;121,58;121,62
29/09/2022 15:00;121,85;121,91;121,55;121,58
29/09/2022 14:30;121,92;122,03;121,77;121,85
29/09/2022 14:00;121,8;122;121,77;121,94
29/09/2022 13:30;121,77;121,91;121,73;121,79
29/09/2022 13:00;121,87;121,92;121,54;121,79
29/09/2022 12:30;121,63;121,88;121,58;121,87
29/09/2022 12:00;121,63;121,76;121,58;121,69
29/09/2022 11:30;121,55;121,7;121,55;121,62
29/09/2022 11:00;121,51;121,55;121,27;121,51
29/09/2022 10:30;121,68;121,8;121,44;121,54
29/09/2022 10:00;121,85;122,06;121,55;121,66
29/09/2022 09:30;121,69;121,85;121,69;121,85
29/09/2022 09:00;121,51;121,92;121,44;121,76
28/09/2022 17:05;121,36;121,59;121,28;121,46
28/09/2022 16:00;121,12;121,44;121,07;121,44
28/09/2022 15:30;121,27;121,31;121,07;121,13
28/09/2022 15:00;121,38;121,44;121,17;121,29
28/09/2022 14:30;121,51;121,51;121,33;121,4
28/09/2022 14:00;121,58;121,58;121,31;121,51
28/09/2022 13:30;121,57;121,62;121,51;121,57
28/09/2022 13:00;121,58;121,7;121,51;121,63
28/09/2022 12:30;121,63;121,7;121,58;121,58
28/09/2022 12:00;121,69;121,8;121,54;121,63
28/09/2022 11:30;121,47;121,98;121,44;121,69
28/09/2022 11:00;121,61;121,63;121,39;121,47
28/09/2022 10:30;121,63;121,91;121,58;121,62
28/09/2022 10:00;121,77;121,77;121,55;121,65
28/09/2022 09:30;122,09;122,09;121,69;121,84
28/09/2022 09:00;121,92;122,24;121,77;122,13
27/09/2022 17:05;121,72;121,99;121,65;121,85
27/09/2022 16:00;121,81;121,85;121,65;121,7
27/09/2022 15:30;121,88;121,95;121,79;121,8
27/09/2022 15:00;122;122,14;121,85;121,85
27/09/2022 14:30;122,15;122,24;122;122
27/09/2022 14:00;122,33;122,37;122,1;122,11
27/09/2022 13:30;122,41;122,41;122,33;122,33
27/09/2022 13:00;122,33;122,51;122,26;122,51
27/09/2022 12:30;122,4;122,47;122,33;122,35
27/09/2022 12:00;122,36;122,44;122,32;122,44
27/09/2022 11:30;122,63;122,73;122,37;122,37
27/09/2022 11:00;122,6;122,67;122,54;122,56
27/09/2022 10:30;122,47;122,6;122,4;122,6
27/09/2022 10:00;122,28;122,47;122,28;122,47
27/09/2022 09:30;122,7;122,74;122,28;122,29
27/09/2022 09:00;122,69;123,01;122,43;122,69
26/09/2022 17:05;122,55;122,86;122,51;122,81
26/09/2022 16:00;122,41;122,81;122,35;122,69
26/09/2022 15:30;122,54;122,56;122,4;122,47
26/09/2022 15:00;122,51;122,6;122,26;122,54
26/09/2022 14:30;122,41;122,6;122,4;122,51
26/09/2022 14:00;122,47;122,48;122,28;122,44
26/09/2022 13:30;122,35;122,54;122,33;122,45
26/09/2022 13:00;122,54;122,56;122,37;122,37
26/09/2022 12:30;122,3;122,69;122,3;122,54
26/09/2022 12:00;122,29;122,52;122,17;122,3
26/09/2022 11:30;121,89;122,33;121,88;122,3
26/09/2022 11:00;121,99;122,2;121,85;121,88
26/09/2022 10:30;121,79;122,11;121,77;121,99
26/09/2022 10:00;121,91;121,91;121,65;121,72
26/09/2022 09:30;121,95;122,03;121,85;121,91
26/09/2022 09:00;121,36;122,04;121,2;121,98
23/09/2022 17:05;121,63;122,03;121,59;121,92
23/09/2022 16:00;122,06;122,2;121,65;121,73
23/09/2022 15:30;122,11;122,26;121,85;122,07
23/09/2022 15:00;122,22;122,48;121,88;122,13
23/09/2022 14:30;121,85;122,3;121,79;122,22
23/09/2022 14:00;121,68;121,99;121,68;121,85
23/09/2022 13:30;121,69;121,91;121,58;121,72
23/09/2022 13:00;121,59;121,83;121,59;121,69
23/09/2022 12:30;121,81;121,96;121,57;121,65
23/09/2022 12:00;121,58;121,85;121,51;121,8
23/09/2022 11:30;121,63;121,73;121,5;121,57
23/09/2022 11:00;121,53;121,74;121,48;121,69
23/09/2022 10:30;121,59;121,7;121,44;121,51
23/09/2022 10:00;121,72;121,84;121,5;121,58
23/09/2022 09:30;121,99;122;121,66;121,72
23/09/2022 09:00;122,1;122,32;121,87;121,99
22/09/2022 17:05;122,51;122,67;122,3;122,5
22/09/2022 16:00;122,58;122,67;122,26;122,67
22/09/2022 15:30;122,04;122,63;121,99;122,54
22/09/2022 15:00;121,88;122,04;121,81;122,03
22/09/2022 14:30;122,07;122,13;121,85;121,89
22/09/2022 14:00;122,1;122,13;122,02;122,09
22/09/2022 13:30;121,98;122,18;121,95;122,07
22/09/2022 13:00;121,92;122,06;121,85;121,95
22/09/2022 12:30;122,02;122,02;121,88;121,92
22/09/2022 12:00;122,04;122,06;121,94;122
22/09/2022 11:30;121,91;122,1;121,85;122
22/09/2022 11:00;121,99;122;121,77;121,92
22/09/2022 10:30;122,17;122,22;121,88;122
22/09/2022 10:00;122,14;122,15;122;122,09
22/09/2022 09:30;122,1;122,26;121,99;122,14
22/09/2022 09:00;121,92;122,37;121,73;122,06
21/09/2022 17:05;121,88;122,18;121,73;122,18
21/09/2022 16:00;122,18;122,41;121,96;121,99
21/09/2022 15:30;122,62;122,69;122,18;122,18
21/09/2022 15:00;122,91;122,91;122,41;122,58
21/09/2022 14:30;122,77;122,93;122,77;122,91
21/09/2022 14:00;122,89;122,95;122,63;122,86
21/09/2022 13:30;122,82;123,08;122,71;122,89
21/09/2022 13:00;122,8;122,92;122,74;122,84
21/09/2022 12:30;122,69;122,86;122,65;122,8
21/09/2022 12:00;122,69;122,99;122,6;122,7
21/09/2022 11:30;122,54;122,85;122,47;122,66
21/09/2022 11:00;122,29;122,54;122,22;122,54
21/09/2022 10:30;122,3;122,81;122,26;122,28
21/09/2022 10:00;122,43;122,54;122,26;122,32
21/09/2022 09:30;122,51;122,59;122,28;122,37
21/09/2022 09:00;123,11;123,34;122,47;122,48
20/09/2022 17:05;122,55;122,93;122,41;122,59
20/09/2022 16:00;121,83;122,52;121,73;122,52
20/09/2022 15:30;121,74;121,87;121,73;121,83
20/09/2022 15:00;121,87;122,04;121,66;121,72
20/09/2022 14:30;121,62;121,89;121,58;121,87
20/09/2022 14:00;121,63;121,72;121,33;121,66
20/09/2022 13:30;121,61;121,74;121,54;121,59
20/09/2022 13:00;121,7;121,8;121,57;121,65
20/09/2022 12:30;121,72;121,72;121,51;121,7
20/09/2022 12:00;121,43;121,92;121,36;121,7
20/09/2022 11:30;121,44;121,44;121,38;121,38
20/09/2022 11:00;121,48;121,5;121,21;121,4
20/09/2022 10:30;121,13;121,66;121,05;121,53
20/09/2022 10:00;121,12;121,23;121,06;121,13
20/09/2022 09:30;121,14;121,18;120,98;121,14
20/09/2022 09:00;121,72;121,72;121,09;121,1
19/09/2022 17:05;121,59;121,77;121,44;121,66
19/09/2022 16:00;122,2;122,24;121,58;121,59
19/09/2022 15:30;122,07;122,18;122,04;122,18
19/09/2022 15:00;122,4;122,4;121,87;122,07
19/09/2022 14:30;122,22;122,54;122,21;122,36
19/09/2022 14:00;122,28;122,35;122,13;122,26
19/09/2022 13:30;122,22;122,5;122,14;122,28
19/09/2022 13:00;122,1;122,22;121,85;122,2
19/09/2022 12:30;122,7;122,73;122,13;122,13
19/09/2022 12:00;123,14;123,19;122,71;122,71
19/09/2022 11:30;123,14;123,27;123,12;123,15
19/09/2022 11:00;122,84;123,14;122,81;123,12
19/09/2022 10:30;122,88;123;122,74;122,89
19/09/2022 10:00;122,69;122,91;122,67;122,88
19/09/2022 09:30;123,06;123,08;122,67;122,69
19/09/2022 09:00;122,48;123,21;122,33;123,11
16/09/2022 17:05;123,04;123,04;122,35;122,74
16/09/2022 16:00;123,19;123,22;122,81;122,92
16/09/2022 15:30;123,18;123,25;123,1;123,18
16/09/2022 15:00;123,14;123,32;123,11;123,21
16/09/2022 14:30;123,15;123,25;122,95;123,19
16/09/2022 14:00;123,49;123,57;123,15;123,22
16/09/2022 13:30;123,27;123,52;123,27;123,49
16/09/2022 13:00;123,56;123,71;123,27;123,3
16/09/2022 12:30;123,03;123,62;123,01;123,56
16/09/2022 12:00;123,4;123,47;123,01;123,04
16/09/2022 11:30;122,74;124,13;122,74;123,37
16/09/2022 11:00;122,54;122,92;122,54;122,74
16/09/2022 10:30;122,4;122,54;122,06;122,54
16/09/2022 10:00;122,6;122,6;122,26;122,43
16/09/2022 09:30;122,91;122,93;122,55;122,6
16/09/2022 09:00;123,11;123,14;122,28;122,85
15/09/2022 17:05;123,01;123,01;122,69;122,69
15/09/2022 16:00;122,4;123,15;122,13;123,15
15/09/2022 15:30;122,55;122,67;122,35;122,4
15/09/2022 15:00;122,2;122,71;122,18;122,56
15/09/2022 14:30;121,99;122,25;121,99;122,21
15/09/2022 14:00;121,73;122,07;121,72;121,99
15/09/2022 13:30;121,61;121,77;121,46;121,72
15/09/2022 13:00;121,7;121,8;121,51;121,63
15/09/2022 12:30;121,53;121,81;121,46;121,73
15/09/2022 12:00;121,46;121,57;121,38;121,5
15/09/2022 11:30;121,72;121,92;121,42;121,48
15/09/2022 11:00;121,07;121,79;121,07;121,72
15/09/2022 10:30;121,16;121,18;120,97;121,05
15/09/2022 10:00;121,17;121,28;121,07;121,16
15/09/2022 09:30;121,03;121,29;121,03;121,17
15/09/2022 09:00;121,18;121,31;120,9;121,06
14/09/2022 17:05;120,64;121,1;120,45;120,62
14/09/2022 16:00;121,03;121,09;120,8;120,95
14/09/2022 15:30;120,97;121,09;120,9;121,03
14/09/2022 15:00;120,87;121,06;120,76;120,97
14/09/2022 14:30;120,87;120,91;120,71;120,8
14/09/2022 14:00;121,33;121,35;120,76;120,83
14/09/2022 13:30;121,35;121,44;121,31;121,33
14/09/2022 13:00;121,31;121,35;121,14;121,31
14/09/2022 12:30;121,21;121,36;121,18;121,33
14/09/2022 12:00;121,74;121,74;121,03;121,23
14/09/2022 11:30;121,88;122,1;121,74;121,74
14/09/2022 11:00;121,72;121,89;121,59;121,8
14/09/2022 10:30;121,74;121,85;121,59;121,66
14/09/2022 10:00;121,72;121,72;121,44;121,72
14/09/2022 09:30;121,85;121,85;121,72;121,72
14/09/2022 09:00;121,8;122,33;121,44;121,85
13/09/2022 17:05;122,26;122,37;122,09;122,26
13/09/2022 16:00;122,43;122,6;122,13;122,26
13/09/2022 15:30;122,82;122,91;122,35;122,41
13/09/2022 15:00;123,03;123,03;122,55;122,85
13/09/2022 14:30;122,85;123,04;122,82;122,97
13/09/2022 14:00;123,37;123,38;122,88;122,91
13/09/2022 13:30;123,26;123,41;123,25;123,37
13/09/2022 13:00;123,51;123,51;123,18;123,22
13/09/2022 12:30;123,42;123,6;123,42;123,53
13/09/2022 12:00;123,49;123,6;123,38;123,44
13/09/2022 11:30;123,27;123,56;123,22;123,48
13/09/2022 11:00;123,38;123,4;122,95;123,29
13/09/2022 10:30;123,37;123,64;123,3;123,38
13/09/2022 10:00;123,62;123,67;123,25;123,4
13/09/2022 09:30;123,25;123,74;123,19;123,62
13/09/2022 09:00;122,69;123,33;122,69;123,26
12/09/2022 17:05;122,44;122,67;122,4;122,62
12/09/2022 16:00;121,96;122,44;121,95;122,44
12/09/2022 15:30;121,98;122,06;121,94;121,98
12/09/2022 15:00;121,81;122,06;121,73;122,04
12/09/2022 14:30;121,84;121,85;121,66;121,85
12/09/2022 14:00;122,26;122,26;121,72;121,85
12/09/2022 13:30;121,98;122,26;121,85;122,25
12/09/2022 13:00;122,39;122,67;121,44;121,94
12/09/2022 12:30;121,28;122,54;121,28;122,2
12/09/2022 12:00;121,29;121,57;121,13;121,25
12/09/2022 11:30;121,18;121,29;121,16;121,29
12/09/2022 11:00;121,1;121,32;121,03;121,23
12/09/2022 10:30;121,23;121,24;121,1;121,1
12/09/2022 10:00;121,17;121,33;121,07;121,17
12/09/2022 09:30;121,16;121,2;121,1;121,17
12/09/2022 09:00;120,91;121,38;120,9;121,17
09/09/2022 17:05;121,09;121,12;120,92;120,97
09/09/2022 16:00;121,1;121,24;121,03;121,1
09/09/2022 15:30;121,12;121,16;121,07;121,1
09/09/2022 15:00;121,16;121,2;121,03;121,09
09/09/2022 14:30;121,17;121,25;121,03;121,12
09/09/2022 14:00;121,21;121,27;121,1;121,2
09/09/2022 13:30;121,28;121,33;121,17;121,25
09/09/2022 13:00;121,39;121,47;121,18;121,31
09/09/2022 12:30;121,39;121,53;121,38;121,4
09/09/2022 12:00;121,43;121,51;121,33;121,39
09/09/2022 11:30;121,47;121,47;121,38;121,38
09/09/2022 11:00;121,5;121,5;121,33;121,47
09/09/2022 10:30;121,65;121,76;121,46;121,51
09/09/2022 10:00;121,44;121,66;121,43;121,65
09/09/2022 09:30;121,54;121,66;121,4;121,5
09/09/2022 09:00;121,58;121,79;121,31;121,48
08/09/2022 17:05;121,36;121,66;121,17;121,38
08/09/2022 16:00;121,29;121,55;121,18;121,55
08/09/2022 15:30;121,36;121,36;121,25;121,27
08/09/2022 15:00;121,38;121,44;121,1;121,33
08/09/2022 14:30;121,23;121,42;121,21;121,38
08/09/2022 14:00;121,18;121,36;121,17;121,23
08/09/2022 13:30;121,39;121,43;121,18;121,2
08/09/2022 13:00;121,39;121,48;121,33;121,39
08/09/2022 12:30;121,5;121,72;121,38;121,38
08/09/2022 12:00;121,44;121,58;121,38;121,51
08/09/2022 11:30;121,51;121,58;121,31;121,48
08/09/2022 11:00;121,62;121,73;121,4;121,51
08/09/2022 10:30;121,57;121,72;121,57;121,59
08/09/2022 10:00;121,68;121,99;121,53;121,54
08/09/2022 09:30;121,58;121,7;121,44;121,65
08/09/2022 09:00;121,03;121,65;120,91;121,58
06/09/2022 17:05;121,43;121,87;121,2;121,31
06/09/2022 16:00;121,55;121,74;121,54;121,65
06/09/2022 15:30;121,53;121,62;121,48;121,53
06/09/2022 15:00;121,68;121,76;121,44;121,48
06/09/2022 14:30;121,65;121,77;121,55;121,66
06/09/2022 14:00;121,66;121,85;121,48;121,7
06/09/2022 13:30;121,4;121,72;121,35;121,7
06/09/2022 13:00;121,4;121,72;121,39;121,4
06/09/2022 12:30;121,23;121,44;121,21;121,44
06/09/2022 12:00;121,17;121,36;121,17;121,23
06/09/2022 11:30;121,29;121,58;121,07;121,24
06/09/2022 11:00;121,03;121,31;121,03;121,25
06/09/2022 10:30;120,68;121,1;120,6;121,03
06/09/2022 10:00;120,68;120,68;120,38;120,64
06/09/2022 09:30;120,76;120,83;120,58;120,65
06/09/2022 09:00;121,1;121,17;120,68;120,76
05/09/2022 17:05;121,1;121,31;121,01;121,23
05/09/2022 16:00;121,21;121,28;121,1;121,14
05/09/2022 15:30;121,2;121,25;121,14;121,18
05/09/2022 15:00;121,24;121,29;121,18;121,18
05/09/2022 14:30;121,17;121,21;121,17;121,17
05/09/2022 14:00;121,13;121,24;121,12;121,13
05/09/2022 13:30;121,24;121,24;121,09;121,14
05/09/2022 13:00;121,42;121,46;121,18;121,18
05/09/2022 12:30;121,24;121,46;121,24;121,44
05/09/2022 12:00;121,1;121,35;121,07;121,25
05/09/2022 11:30;121,13;121,14;120,99;121,1
05/09/2022 11:00;121,36;121,36;121,02;121,16
05/09/2022 10:30;121,55;121,55;121,31;121,38
05/09/2022 10:00;121,36;121,53;121,28;121,53
05/09/2022 09:30;121,51;121,65;121,23;121,38
05/09/2022 09:00;121,77;122,26;121,32;121,5
02/09/2022 17:05;121,55;122,13;121,48;121,72
02/09/2022 16:00;120,97;121,51;120,92;121,51
02/09/2022 15:30;120,95;121,03;120,9;120,98
02/09/2022 15:00;121,24;121,35;120,91;120,98
02/09/2022 14:30;121,18;121,33;121,12;121,28
02/09/2022 14:00;121,4;121,47;121,13;121,18
02/09/2022 13:30;121,28;121,5;121,25;121,44
02/09/2022 13:00;121,47;121,54;121,23;121,31
02/09/2022 12:30;121,59;121,65;121,35;121,48
02/09/2022 12:00;121,53;121,65;121,51;121,65
02/09/2022 11:30;121,48;121,63;121,46;121,55
02/09/2022 11:00;121,69;121,74;121,53;121,53
02/09/2022 10:30;121,39;121,79;121,18;121,69
02/09/2022 10:00;121,28;121,51;121,23;121,38
02/09/2022 09:30;121,25;121,58;121,17;121,31
02/09/2022 09:00;121,2;121,57;120,9;121,25
01/09/2022 17:05;121,21;121,35;121,11;121,3
01/09/2022 16:00;121,3;121,35;121,14;121,21
01/09/2022 15:30;121,3;121,41;121,23;121,25
01/09/2022 15:00;121,55;121,61;121,28;121,28
01/09/2022 14:30;121,51;121,78;121,33;121,55
01/09/2022 14:00;121,34;121,54;121,21;121,45
01/09/2022 13:30;121,6;121,77;121,21;121,33
01/09/2022 13:00;121,64;121,71;121,53;121,57
01/09/2022 12:30;121,77;121,78;121,35;121,64
01/09/2022 12:00;121,78;121,84;121,5;121,71
01/09/2022 11:30;121,96;121,98;121,78;121,8
01/09/2022 11:00;121,96;122,21;121,78;121,93
01/09/2022 10:30;121,86;122,28;121,78;121,78
01/09/2022 10:00;121,71;121,86;121,64;121,86
01/09/2022 09:30;121,73;121,86;121,64;121,76
01/09/2022 09:00;121,93;122,17;121,71;121,77
31/08/2022 17:05;122,41;122,56;122,07;122,08
31/08/2022 16:00;122,36;122,5;122,14;122,36
31/08/2022 15:30;122,2;122,43;122,14;122,36
31/08/2022 15:00;122,16;122,36;122,07;122,16
31/08/2022 14:30;122,16;122,3;122,11;122,21
31/08/2022 14:00;122,11;122,26;122,07;122,21
31/08/2022 13:30;122;122,28;121,93;122,14
31/08/2022 13:00;121,98;122;121,93;122
31/08/2022 12:30;121,93;122,1;121,93;121,98
31/08/2022 12:00;121,84;122;121,78;122
31/08/2022 11:30;121,91;121,93;121,71;121,87
31/08/2022 11:00;122;122,04;121,78;121,87
31/08/2022 10:30;121,98;122,11;121,93;122
31/08/2022 10:00;121,81;122;121,77;121,97
31/08/2022 09:30;121,81;121,96;121,77;121,8
31/08/2022 09:00;121,71;122,14;121,67;121,78
30/08/2022 17:05;122,51;122,71;122,36;122,36
30/08/2022 16:00;122,44;122,57;122,43;122,43
30/08/2022 15:30;122,34;122,59;122,33;122,44
30/08/2022 15:00;122,26;122,43;122,23;122,36
30/08/2022 14:30;122,28;122,36;122,21;122,26
30/08/2022 14:00;122,07;122,36;122;122,26
30/08/2022 13:30;122,21;122,33;122,07;122,07
30/08/2022 13:00;122,41;122,49;122,14;122,18
30/08/2022 12:30;122,83;122,9;122,44;122,49
30/08/2022 12:00;122,36;122,86;122,23;122,86
30/08/2022 11:30;122,46;122,63;122,14;122,36
30/08/2022 11:00;122,2;122,47;122,01;122,46
30/08/2022 10:30;122,2;122,46;121,93;122,2
30/08/2022 10:00;121,94;122,28;121,94;122,16
30/08/2022 09:30;122,08;122,34;121,94;121,94
30/08/2022 09:00;122,06;122,2;121,7;122,07
29/08/2022 17:05;123,32;123,57;122,81;122,9
29/08/2022 16:00;123,44;123,5;123,07;123,24
29/08/2022 15:30;123,5;123,96;123,36;123,44
29/08/2022 15:00;123,52;123,57;123,46;123,5
29/08/2022 14:30;123,64;123,64;123,43;123,54
29/08/2022 14:00;123,64;123,64;123,43;123,64
29/08/2022 13:30;123,7;123,7;123,36;123,64
29/08/2022 13:00;123,62;123,77;123,56;123,74
29/08/2022 12:30;123,89;123,89;123,5;123,62
29/08/2022 12:00;123,72;124,16;123,72;123,89
29/08/2022 11:30;123,34;123,72;123,33;123,69
29/08/2022 11:00;123,59;123,59;123,29;123,4
29/08/2022 10:30;123,57;123,64;123,21;123,56
29/08/2022 10:00;123,47;123,72;123,36;123,62
29/08/2022 09:30;123,63;124,02;123,46;123,47
29/08/2022 09:00;124,29;124,72;123,46;123,52
26/08/2022 17:05;124,29;124,9;124,03;124,56