Data;Abertura;Máxima;Mínima;Fechamento
24/03/2025 13:00;78,9;79,17;78,65;78,7
24/03/2025 11:00;78,45;78,99;78,42;78,9
24/03/2025 09:00;79,9;80,07;78,21;78,45
21/03/2025 17:05;79,66;80;79,65;79,9
21/03/2025 15:00;79,57;79,9;79,46;79,65
21/03/2025 13:00;80,87;80,87;78,91;79,6
21/03/2025 11:00;81,24;81,67;80,83;80,85
21/03/2025 09:00;80,6;81,42;80,53;81,25
20/03/2025 17:05;80,35;80,76;80,1;80,3
20/03/2025 15:00;80,87;80,87;80,17;80,36
20/03/2025 13:00;82,45;82,81;80,53;80,9
20/03/2025 11:00;82,65;82,75;82,25;82,48
20/03/2025 09:00;83,5;83,74;82,45;82,66
19/03/2025 17:05;83,29;83,65;83,04;83,22
19/03/2025 15:00;83,7;83,77;82,9;83,31
19/03/2025 13:00;84,35;84,4;83,43;83,66
19/03/2025 11:00;84,3;84,8;84,16;84,33
19/03/2025 09:00;84,16;84,4;83,7;84,36
18/03/2025 17:05;84,43;84,56;83,73;83,83
18/03/2025 15:00;84,37;84,5;83,81;84,48
18/03/2025 13:00;84,1;84,58;83,93;84,38
18/03/2025 11:00;83,12;84,2;83;84,14
18/03/2025 09:00;82,2;83,5;82,2;83,12
17/03/2025 17:05;82,14;82,8;82,14;82,6
17/03/2025 15:00;80,6;82,49;80,6;82,01
17/03/2025 13:00;80,17;80,85;80,05;80,6
17/03/2025 11:00;80,24;80,4;80,07;80,19
17/03/2025 09:00;80,06;80,45;79,8;80,26
14/03/2025 17:05;79,62;79,94;79,5;79,65
14/03/2025 15:00;80;80,12;79,77;79,83
14/03/2025 13:00;79,89;80,28;79,89;80,01
14/03/2025 11:00;79,79;79,98;79,7;79,89
14/03/2025 09:00;80,28;80,45;79,26;79,79
13/03/2025 17:05;79,88;80;79,52;79,8
13/03/2025 15:00;80;80,08;79,61;79,69
13/03/2025 13:00;79,67;80,27;79,66;79,99
13/03/2025 11:00;79,2;79,88;79;79,7
13/03/2025 09:00;79,72;80,08;78,83;79,22
12/03/2025 17:05;79,6;79,6;79,45;79,5
12/03/2025 15:00;79,65;79,96;79,31;79,5
12/03/2025 13:00;80,39;80,62;79,26;79,65
12/03/2025 11:00;80,23;80,64;79,8;80,4
12/03/2025 09:00;80,43;81,04;79,83;80,2
11/03/2025 17:05;79,66;79,95;79,66;79,94
11/03/2025 15:00;80,11;80,14;79,49;79,72
11/03/2025 13:00;79,88;80,24;79,77;80,11
11/03/2025 11:00;79,9;80,02;79,69;79,91
11/03/2025 09:00;79,99;80,07;79,76;79,95
10/03/2025 17:05;80,09;80,16;79,99;80,13
10/03/2025 15:00;80,07;80,16;79,87;79,99
10/03/2025 13:00;79,82;80,08;79,82;80,07
10/03/2025 11:00;79,67;79,86;79,67;79,83
10/03/2025 09:00;79,7;79,89;79,46;79,67
07/03/2025 17:05;78,43;78,69;78,35;78,66
07/03/2025 15:00;78,28;78,72;78,27;78,32
07/03/2025 13:00;78,52;78,53;78,08;78,26
07/03/2025 11:00;78,42;78,85;78,38;78,5
07/03/2025 09:00;79,15;79,15;77,82;78,44
06/03/2025 17:05;78,87;79,09;78,78;79,08
06/03/2025 15:00;79,26;79,31;78,76;78,88
06/03/2025 13:00;79,31;79,47;79,04;79,23
06/03/2025 11:00;79,24;79,45;78,63;79,36
06/03/2025 09:00;78,83;79,48;78,83;79,25
05/03/2025 17:05;78,7;78,9;78,54;78,84
05/03/2025 15:00;78,52;78,79;78,46;78,59
05/03/2025 13:00;78,76;78,98;78,25;78,53
28/02/2025 17:05;79,06;79,08;78,83;78,93
28/02/2025 15:00;79,1;79,35;78,83;78,86
28/02/2025 13:00;79,17;79,27;78,99;79,11
28/02/2025 11:00;79,28;79,31;79,05;79,17
28/02/2025 09:00;79,18;79,4;79,11;79,26
27/02/2025 17:05;79,13;79,17;78,83;78,99
27/02/2025 15:00;78,65;79,26;78,65;78,95
27/02/2025 13:00;78,36;78,78;78,35;78,67
27/02/2025 11:00;78,45;78,5;78,27;78,36
27/02/2025 09:00;78,86;78,86;77,81;78,46
26/02/2025 17:05;78,76;78,79;78,4;78,4
26/02/2025 15:00;78,92;79,08;78,47;78,63
26/02/2025 13:00;78,65;78,97;78,54;78,91
26/02/2025 11:00;78,73;78,79;78,52;78,64
26/02/2025 09:00;78,6;78,99;78,4;78,74
25/02/2025 17:05;77,51;77,79;77,35;77,7
25/02/2025 15:00;76,2;77,22;76,1;77,22
25/02/2025 13:00;76,35;76,53;76,19;76,19
25/02/2025 11:00;76,68;76,81;76,11;76,34
25/02/2025 09:00;76,94;76,99;76,49;76,7
24/02/2025 17:05;76,13;76,72;76;76,72
24/02/2025 15:00;77,22;77,24;75,83;76,17
24/02/2025 13:00;77,4;77,67;77,13;77,24
24/02/2025 11:00;77,24;77,69;77,12;77,41
24/02/2025 09:00;77,36;77,52;76,92;77,24
21/02/2025 17:05;77,41;77,53;77,04;77,22
21/02/2025 15:00;77,6;77,75;77,28;77,44
21/02/2025 13:00;77,08;77,67;77,02;77,59
21/02/2025 11:00;76,7;77,09;76,5;77,04
21/02/2025 09:00;76,44;76,98;76,44;76,7
20/02/2025 17:05;75,22;75,72;75,22;75,63
20/02/2025 15:00;75,09;75,4;75,09;75,35
20/02/2025 13:00;74,71;75,17;74,67;75,09
20/02/2025 11:00;74,71;74,88;74,57;74,7
20/02/2025 09:00;74,44;74,75;74,3;74,71
19/02/2025 17:05;73,56;73,74;73,53;73,65
19/02/2025 15:00;73,44;73,62;73,35;73,53
19/02/2025 13:00;73,62;73,7;73,3;73,44
19/02/2025 11:00;73,12;73,62;72,94;73,62
19/02/2025 09:00;72,99;73,35;72,8;73,15
18/02/2025 17:05;73,58;73,76;73,5;73,71
18/02/2025 15:00;73,31;73,67;73,27;73,49
18/02/2025 13:00;73,72;73,77;73,17;73,32
18/02/2025 11:00;73,8;73,88;73,49;73,71
18/02/2025 09:00;73,03;73,9;72,9;73,79
17/02/2025 17:05;73,26;73,6;73,23;73,58
17/02/2025 15:00;73,85;73,98;73,15;73,17
17/02/2025 13:00;74,06;74,08;73,51;73,84
17/02/2025 11:00;74,13;74,15;73,97;74,04
17/02/2025 09:00;73,6;74,15;73,6;74,15
14/02/2025 17:05;73,36;73,52;73,26;73,5
14/02/2025 15:00;73,31;73,53;73,31;73,42
14/02/2025 13:00;73,22;73,51;73,13;73,31
14/02/2025 11:00;72,79;73,24;72,76;73,21
14/02/2025 09:00;72,6;72,91;72,46;72,79
13/02/2025 17:05;72,59;72,79;72,53;72,67
13/02/2025 15:00;72,53;72,79;72,5;72,59
13/02/2025 13:00;72,57;72,71;72,29;72,53
13/02/2025 11:00;72,46;72,67;72,46;72,57
13/02/2025 09:00;72,21;72,53;72,17;72,43
12/02/2025 17:05;71,58;71,98;71,47;71,85
12/02/2025 15:00;71,31;71,68;71,19;71,45
12/02/2025 13:00;71,46;71,62;71,3;71,31
12/02/2025 11:00;71,22;71,66;71,13;71,46
12/02/2025 09:00;71,87;71,87;71,1;71,19
11/02/2025 17:05;71,26;71,71;71,26;71,61
11/02/2025 15:00;71,97;72,03;71,26;71,26
11/02/2025 13:00;72,28;72,47;71,83;71,97
11/02/2025 11:00;72,12;72,34;71,94;72,32
11/02/2025 09:00;71,77;72,3;71,68;72,12
10/02/2025 17:05;72,12;72,17;72;72,04
10/02/2025 15:00;72,08;72,29;72,03;72,03
10/02/2025 13:00;71,92;72,15;71,92;72,1
10/02/2025 11:00;71,96;72,07;71,75;71,93
10/02/2025 09:00;71,62;72,03;71,44;71,98
07/02/2025 17:05;71,17;71,27;71,07;71,21
07/02/2025 15:00;71,22;71,44;71,07;71,07
07/02/2025 13:00;71,23;71,4;71;71,27
07/02/2025 11:00;71,07;71,52;71,04;71,23
07/02/2025 09:00;71,17;71,3;70,87;71,08
06/02/2025 17:05;71,17;71,31;71,17;71,31
06/02/2025 15:00;71,35;71,4;70,99;71,05
06/02/2025 13:00;70,81;71,35;70,67;71,34
06/02/2025 11:00;70,44;70,95;70,16;70,82
06/02/2025 09:00;70,97;71,24;69,92;70,43
05/02/2025 17:05;70,97;70,97;70,77;70,85
05/02/2025 15:00;70,63;70,97;70,61;70,9
05/02/2025 13:00;70,36;70,76;70,35;70,63
05/02/2025 11:00;70,66;70,68;70,25;70,36
05/02/2025 09:00;70,03;70,73;69,96;70,67
04/02/2025 17:05;69,8;69,93;69,72;69,86
04/02/2025 15:00;69,45;69,82;69,42;69,78
04/02/2025 13:00;69,35;69,62;69,34;69,47
04/02/2025 11:00;69,45;69,57;69,17;69,36
04/02/2025 09:00;69,04;69,6;69,03;69,47
03/02/2025 17:05;68,84;68,97;68,77;68,79
03/02/2025 15:00;68,71;68,89;68,64;68,84
03/02/2025 13:00;68,53;68,73;68,35;68,66
03/02/2025 11:00;68,96;69,03;68,5;68,57
03/02/2025 09:00;68,44;69,04;68,07;68,96
31/01/2025 17:05;68,72;68,81;68,44;68,53
31/01/2025 15:00;68,83;68,98;68,71;68,71
31/01/2025 13:00;68,9;68,98;68,73;68,82
31/01/2025 11:00;68,65;68,93;68,53;68,92
31/01/2025 09:00;69,25;69,33;68,44;68,64
30/01/2025 17:05;69,24;69,41;69,23;69,39
30/01/2025 15:00;69,03;69,25;69,03;69,19
30/01/2025 13:00;68,96;69,16;68,9;69,02
30/01/2025 11:00;68,95;69,07;68,72;68,96
30/01/2025 09:00;69,07;69,35;68,88;68,95
29/01/2025 17:05;69,03;69,09;68,8;68,8
29/01/2025 15:00;68,53;68,99;68,53;68,91
29/01/2025 13:00;68,42;68,7;68,32;68,52
29/01/2025 11:00;68,5;68,56;68,21;68,42
29/01/2025 09:00;68,44;68,58;68,25;68,49
28/01/2025 17:05;68,1;68,32;68,08;68,22
28/01/2025 15:00;68,07;68,17;67,99;68,12
28/01/2025 13:00;68,06;68,23;68,01;68,08
28/01/2025 11:00;68,08;68,25;68,03;68,08
28/01/2025 09:00;68,37;68,69;67,91;68,07
27/01/2025 17:05;68,14;68,28;67,89;68,01
27/01/2025 15:00;68,01;68,37;67,8;68,3
27/01/2025 13:00;68,03;68,07;67,8;67,98
27/01/2025 11:00;67,95;68,42;67,83;68,03
27/01/2025 09:00;68,3;68,3;67,71;67,96
24/01/2025 17:05;68,35;68,55;68,35;68,46
24/01/2025 15:00;68,19;68,89;68,11;68,39
24/01/2025 13:00;68,41;68,43;68,04;68,21
24/01/2025 11:00;68,33;68,59;68,3;68,39
24/01/2025 09:00;69,16;69,28;68,25;68,32
23/01/2025 17:05;69,46;69,76;69,46;69,48
23/01/2025 15:00;69,52;69,55;69,35;69,55
23/01/2025 13:00;69,92;70,07;69,26;69,52
23/01/2025 11:00;69,78;70,06;69,62;69,9
23/01/2025 09:00;69,34;69,98;68,95;69,82
22/01/2025 17:05;69,22;69,25;69,04;69,11
22/01/2025 15:00;69,35;69,35;69,07;69,26
22/01/2025 13:00;69,54;69,66;69,21;69,31
22/01/2025 11:00;69,89;70,07;69,35;69,55
22/01/2025 09:00;70,49;70,49;69,55;69,89
21/01/2025 17:05;70,49;70,49;70,26;70,32
21/01/2025 15:00;70,77;70,86;70,44;70,49
21/01/2025 13:00;70,61;70,93;70,58;70,77
21/01/2025 11:00;70,94;70,99;70,36;70,61
21/01/2025 09:00;71;71,17;70,17;70,89
20/01/2025 17:05;71,21;71,25;70,98;71,21
20/01/2025 15:00;70,87;71,17;70,71;71,14
20/01/2025 13:00;70,61;71,23;70,52;70,87
20/01/2025 11:00;70,45;70,76;70,36;70,61
20/01/2025 09:00;69,98;70,96;69,31;70,41
17/01/2025 17:05;69,66;69,94;69,26;69,89
17/01/2025 15:00;70,29;70,35;69,71;69,8
17/01/2025 13:00;69,97;70,69;69,81;70,27
17/01/2025 11:00;69,92;70,07;69,63;69,94
17/01/2025 09:00;68,98;70,07;68,7;69,9
16/01/2025 17:05;69,3;69,38;69,14;69,25
16/01/2025 15:00;70,03;70,16;69,26;69,33
16/01/2025 13:00;70,06;70,21;69,69;70,03
16/01/2025 11:00;70,19;70,4;70;70,06
16/01/2025 09:00;70,75;70,85;69,89;70,21
15/01/2025 17:05;70,96;70,97;70,81;70,89
15/01/2025 15:00;71,57;71,59;70,75;70,98
15/01/2025 13:00;71,54;71,68;71,34;71,59
15/01/2025 11:00;71,44;71,83;71,4;71,52
15/01/2025 09:00;71,44;71,77;71,14;71,42
14/01/2025 17:05;72,08;72,14;71,94;72,08
14/01/2025 15:00;72,69;72,71;71,9;72,04
14/01/2025 13:00;72,59;72,99;72,44;72,69
14/01/2025 11:00;72,05;72,94;72,03;72,59
14/01/2025 09:00;72,52;72,52;71,63;72,04
13/01/2025 17:05;72,7;72,71;72,58;72,7
13/01/2025 15:00;72,82;72,85;72,49;72,73
13/01/2025 13:00;72,49;72,99;72,44;72,81
13/01/2025 11:00;71,98;72,49;71,78;72,49
13/01/2025 09:00;71,19;72,52;71,19;71,98
10/01/2025 17:05;70,94;71,02;70,67;70,88
10/01/2025 15:00;70,7;70,98;70,46;70,94
10/01/2025 13:00;70,44;71,07;70,32;70,7
10/01/2025 11:00;70,43;70,65;69,96;70,42
10/01/2025 09:00;70,07;70,51;69,61;70,43
09/01/2025 17:05;69,89;69,99;69,86;69,89
09/01/2025 15:00;69,6;69,96;69,53;69,84
09/01/2025 13:00;69,31;69,74;68,99;69,59
09/01/2025 11:00;68,96;69,42;68,95;69,34
09/01/2025 09:00;68,99;69,23;68,83;68,96
08/01/2025 17:05;69,27;69,35;69,2;69,25
08/01/2025 15:00;69,21;69,34;69,18;69,19
08/01/2025 13:00;69,16;69,44;69,14;69,21
08/01/2025 11:00;69,15;69,2;69,02;69,16
08/01/2025 09:00;69,28;69,35;69,13;69,16
07/01/2025 17:05;68,84;68,98;68,84;68,98
07/01/2025 15:00;68,56;68,9;68,54;68,81
07/01/2025 13:00;68,83;68,85;68,56;68,56
07/01/2025 11:00;68,76;68,99;68,72;68,82
07/01/2025 09:00;69,23;69,23;68,71;68,71
06/01/2025 17:05;69,18;69,36;69,13;69,31
06/01/2025 15:00;68,86;69,15;68,76;69,13
06/01/2025 13:00;68,43;68,93;68,16;68,84
06/01/2025 11:00;68,36;68,6;68,36;68,44
06/01/2025 09:00;68,07;68,56;67,95;68,41
03/01/2025 17:05;68;68,14;67,97;68,06
03/01/2025 15:00;68,37;68,4;67,9;68,01
03/01/2025 13:00;68,39;68,51;68,37;68,38
03/01/2025 11:00;68,51;68,56;68,29;68,38
03/01/2025 09:00;68,5;68,78;68,44;68,51
02/01/2025 17:05;68,39;68,53;68,35;68,45
02/01/2025 15:00;68,82;68,83;68,39;68,49
02/01/2025 13:00;69,33;69,36;68,81;68,84
02/01/2025 11:00;69,34;69,41;69,18;69,26
02/01/2025 09:00;69,23;69,56;68,82;69,32
30/12/2024 17:05;69,13;69,13;68,92;68,99
30/12/2024 15:00;68,81;69,15;68,75;68,9
30/12/2024 13:00;68,86;69,18;68,53;68,75
30/12/2024 11:00;68,7;68,89;68,62;68,88
30/12/2024 09:00;68,81;68,95;68,53;68,66
27/12/2024 17:05;68,56;68,62;68,44;68,61
27/12/2024 15:00;68,34;68,64;68,28;68,44
27/12/2024 13:00;68,37;68,48;68,3;68,37
27/12/2024 11:00;68,29;68,41;68,2;68,38
27/12/2024 09:00;68,16;68,48;68,15;68,3
26/12/2024 17:05;68,41;68,5;68,34;68,43
26/12/2024 15:00;68,58;68,66;68,25;68,43
26/12/2024 13:00;68,38;68,62;68,28;68,56
26/12/2024 11:00;68,65;68,66;68,15;68,42
26/12/2024 09:00;68,69;68,91;68,47;68,62
23/12/2024 17:05;68,71;68,79;68,64;68,69
23/12/2024 15:00;68,56;68,7;68,49;68,67
23/12/2024 13:00;68,77;68,81;68,48;68,59
23/12/2024 11:00;68,84;68,99;68,7;68,79
23/12/2024 09:00;68,63;68,9;68,63;68,83
20/12/2024 17:05;68,45;68,51;68,43;68,44
20/12/2024 15:00;68,56;68,7;68,44;68,57
20/12/2024 13:00;68,55;68,82;68,46;68,55
20/12/2024 11:00;68,82;68,96;68,35;68,56
20/12/2024 09:00;68,84;69,06;68,61;68,81
19/12/2024 17:05;69,18;69,18;68,91;68,91
19/12/2024 15:00;69,4;69,4;68,99;69,13
19/12/2024 13:00;69,71;69,8;69,29;69,42
19/12/2024 11:00;69,74;69,99;69,38;69,7
19/12/2024 09:00;69,7;70,16;69,68;69,74
18/12/2024 17:05;70,11;70,28;69,93;70,02
18/12/2024 15:00;69,37;69,92;69,32;69,91
18/12/2024 13:00;69,43;69,54;69,28;69,38
18/12/2024 11:00;69,16;69,51;69,06;69,42
18/12/2024 09:00;69,44;69,65;68,9;69,18
17/12/2024 17:05;69,77;69,84;69,56;69,7
17/12/2024 15:00;69,42;69,74;69,19;69,74
17/12/2024 13:00;70,09;70,1;69,37;69,4
17/12/2024 11:00;69,86;70,35;69,84;70,1
17/12/2024 09:00;69,18;69,91;69,18;69,85
16/12/2024 17:05;69,01;69,32;68,97;69,13
16/12/2024 15:00;69,49;69,63;69,06;69,18
16/12/2024 13:00;68,74;69,58;68,71;69,48
16/12/2024 11:00;68,86;69,07;68,57;68,74
16/12/2024 09:00;69,46;69,49;68,75;68,89
13/12/2024 17:05;69,58;69,65;69,54;69,54
13/12/2024 15:00;69,8;69,84;69,51;69,64
13/12/2024 13:00;69,56;70,01;69,56;69,82
13/12/2024 11:00;69,89;69,93;69,46;69,56
13/12/2024 09:00;69,88;70,12;69,66;69,89
12/12/2024 17:05;70,17;70,49;69,99;70,38
12/12/2024 15:00;71,16;71,21;70,16;70,3
12/12/2024 13:00;71,14;71,39;70,54;71,19
12/12/2024 11:00;70,31;71,14;70,05;71,14
12/12/2024 09:00;70,8;70,93;69,7;70,33
11/12/2024 17:05;71,5;71,5;71,24;71,24
11/12/2024 15:00;71,93;72,01;71,36;71,47
11/12/2024 13:00;70,94;71,98;70,85;71,93
11/12/2024 11:00;70,19;71;70,12;70,95
11/12/2024 09:00;70,58;71,05;69,85;70,16
10/12/2024 17:05;70,9;71,02;70,77;70,86
10/12/2024 15:00;70,85;71,07;70,72;70,9
10/12/2024 13:00;70,14;70,85;70;70,84
10/12/2024 11:00;69,99;70,2;69,9;70,12
10/12/2024 09:00;70,13;70,35;69,7;70
09/12/2024 17:05;69,93;70,02;69,83;70,02
09/12/2024 15:00;69,88;70,07;69,72;69,98
09/12/2024 13:00;69,5;69,93;69,5;69,88
09/12/2024 11:00;68,98;69,5;68,85;69,45
09/12/2024 09:00;69,32;69,58;68,65;68,96
06/12/2024 17:05;69,18;69,18;69,06;69,07
06/12/2024 15:00;68,91;69,27;68,75;69,13
06/12/2024 13:00;68,29;69,02;68,21;68,93
06/12/2024 11:00;67,68;68,4;67,62;68,29
06/12/2024 09:00;67,76;68,41;67,41;67,66
05/12/2024 17:05;67,75;67,75;67,61;67,73
05/12/2024 15:00;67,08;67,69;67,08;67,64
05/12/2024 13:00;66,83;67,4;66,68;67,07
05/12/2024 11:00;66,21;67,19;65,99;66,81
05/12/2024 09:00;66,2;66,35;65,88;66,23
04/12/2024 17:05;66,58;66,58;66,17;66,24
04/12/2024 15:00;66,7;66,77;66,43;66,52
04/12/2024 13:00;66,78;66,84;66,59;66,7
04/12/2024 11:00;66,9;66,91;66,59;66,76
04/12/2024 09:00;67,4;67,4;66,5;66,89
03/12/2024 17:05;67,61;67,66;67,36;67,44
03/12/2024 15:00;67,7;67,73;67,32;67,59
03/12/2024 13:00;67,52;67,78;67,46;67,69
03/12/2024 11:00;67,52;67,75;67,49;67,52
03/12/2024 09:00;67,59;67,84;67,38;67,51
02/12/2024 17:05;67,9;67,9;67,47;67,55
02/12/2024 15:00;67,53;67,83;67,5;67,82
02/12/2024 13:00;67,36;67,57;67,28;67,53
02/12/2024 11:00;67,57;67,69;67,25;67,35
02/12/2024 09:00;67,12;67,86;67,1;67,57
29/11/2024 17:05;67,09;67,09;66,89;67,07
29/11/2024 15:00;66,46;67;66,42;66,98
29/11/2024 13:00;66,64;66,76;66,35;66,47
29/11/2024 11:00;66,72;66,97;66,53;66,64
29/11/2024 09:00;66,17;67,12;65,68;66,72
28/11/2024 17:05;66,12;66,14;65,77;65,87
28/11/2024 15:00;65,68;66,26;65,57;65,97
28/11/2024 13:00;65,78;66,19;65,57;65,68
28/11/2024 11:00;65,44;65,97;65,35;65,76
28/11/2024 09:00;66,35;66,36;64,93;65,4
27/11/2024 17:05;66,17;66,26;65,89;66,13
27/11/2024 15:00;65,88;66,28;65,58;66,17
27/11/2024 13:00;66,43;66,55;65,72;65,9
27/11/2024 11:00;65,95;66,83;65,95;66,41
27/11/2024 09:00;65,83;66,11;65,57;65,96
26/11/2024 17:05;65,84;65,99;65,83;65,91
26/11/2024 15:00;65,68;65,92;65,51;65,92
26/11/2024 13:00;66,33;66,34;65,59;65,68
26/11/2024 11:00;66,5;66,51;66,12;66,34
26/11/2024 09:00;66,98;67,36;66,28;66,53
25/11/2024 17:05;66,64;66,68;66,52;66,66
25/11/2024 15:00;66,52;66,75;66,33;66,67
25/11/2024 13:00;67,18;67,31;66,31;66,5
25/11/2024 11:00;67,35;67,36;66,89;67,22
25/11/2024 09:00;67,39;68,19;67,11;67,35
22/11/2024 17:05;67,41;67,57;67,3;67,31
22/11/2024 15:00;67,41;67,44;67,03;67,42
22/11/2024 13:00;67,59;67,76;67,35;67,41
22/11/2024 11:00;67,46;67,66;67,4;67,6
22/11/2024 09:00;67,75;67,92;67,28;67,43
21/11/2024 17:05;67,79;67,82;67,6;67,72
21/11/2024 15:00;67,67;67,77;67,59;67,66
21/11/2024 13:00;67,78;67,85;67,69;67,69
21/11/2024 11:00;67,97;67,98;67,74;67,78
21/11/2024 09:00;67,97;68,53;67,46;67,97
19/11/2024 17:05;68,23;68,28;68,11;68,15
19/11/2024 15:00;68,2;68,29;68,06;68,23
19/11/2024 13:00;68,13;68,49;68,06;68,2
19/11/2024 11:00;68,2;68,27;68,07;68,13
19/11/2024 09:00;68,98;69,17;68,04;68,22
18/11/2024 17:05;68,93;69,13;68,93;69,09
18/11/2024 15:00;68,98;69,27;68,85;68,93
18/11/2024 13:00;69,59;69,81;68,84;68,96
18/11/2024 11:00;69,91;69,92;69,27;69,56
18/11/2024 09:00;69,68;70,12;69,49;69,91
14/11/2024 17:05;69,69;70,07;69,62;69,66
14/11/2024 15:00;69,74;70,04;69,62;69,68
14/11/2024 13:00;70,04;70,3;69,66;69,74
14/11/2024 11:00;70,95;71,05;69,56;70,07
14/11/2024 09:00;70,61;71,22;70,61;70,96
13/11/2024 17:05;70,6;70,71;70,6;70,69
13/11/2024 15:00;70,61;70,73;70,57;70,63
13/11/2024 13:00;70,69;70,73;70,51;70,62
13/11/2024 11:00;70,7;70,76;70,63;70,7
13/11/2024 09:00;70,56;70,69;70,47;70,69
12/11/2024 17:05;70,74;70,83;70,74;70,82
12/11/2024 15:00;70,72;70,87;70,56;70,77
12/11/2024 13:00;70,78;70,89;70,64;70,72
12/11/2024 11:00;70,86;70,95;70,72;70,78
12/11/2024 09:00;70,75;70,95;70,69;70,86
11/11/2024 17:05;70,99;71,06;70,96;71,04
11/11/2024 15:00;70,95;71;70,92;70,93
11/11/2024 13:00;70,74;70,95;70,73;70,94
11/11/2024 11:00;70,66;70,81;70,64;70,74
11/11/2024 09:00;70,55;70,73;70,5;70,66
08/11/2024 17:05;70,39;70,41;70,32;70,4
08/11/2024 15:00;70,4;70,43;70,27;70,41
08/11/2024 13:00;70,26;70,43;70,23;70,39
08/11/2024 11:00;70,28;70,39;70,09;70,24
08/11/2024 09:00;70,44;70,49;70,09;70,29
07/11/2024 17:05;70,2;70,3;70,15;70,15
07/11/2024 15:00;69,97;70,2;69,92;70,08
07/11/2024 13:00;69,99;70,2;69,8;69,99
07/11/2024 11:00;69,89;69,97;69,77;69,96
07/11/2024 09:00;69,95;70,11;69,7;69,91
06/11/2024 17:05;69,1;69,28;69,02;69,28
06/11/2024 15:00;68,98;69,11;68,91;69,1
06/11/2024 13:00;68,94;69,03;68,82;68,96
06/11/2024 11:00;69,08;69,09;68,77;68,95
06/11/2024 09:00;69,27;69,31;68,96;69,09
05/11/2024 17:05;68,77;68,91;68,69;68,77
05/11/2024 15:00;68,86;68,93;68,64;68,77
05/11/2024 13:00;69,06;69,14;68,82;68,85
05/11/2024 11:00;69,01;69,28;68,92;69,06
05/11/2024 09:00;69,19;69,3;68,82;69,02
04/11/2024 17:05;69,45;69,46;69,3;69,31
04/11/2024 15:00;69,48;69,55;69,4;69,48
04/11/2024 13:00;69,55;69,61;69,39;69,5
04/11/2024 11:00;69,65;69,8;69,49;69,55
04/11/2024 09:00;69,65;69,98;69,58;69,65
01/11/2024 17:05;69,72;69,74;69,58;69,58
01/11/2024 15:00;69,47;69,63;69,44;69,63
01/11/2024 13:00;69,4;69,52;69,39;69,47
01/11/2024 11:00;69,45;69,6;69,38;69,38
01/11/2024 09:00;69,85;69,92;69,3;69,44
31/10/2024 17:05;69,54;69,65;69,44;69,56
31/10/2024 15:00;69,42;69,58;69,34;69,5
31/10/2024 13:00;69,65;69,65;69,34;69,44
31/10/2024 11:00;69,3;69,69;69,2;69,65
31/10/2024 09:00;69,72;69,98;69,13;69,3
30/10/2024 17:05;69,73;69,81;69,64;69,81
30/10/2024 15:00;70,19;70,22;69,63;69,72
30/10/2024 13:00;70,13;70,44;70,01;70,21
30/10/2024 11:00;70,1;70,25;69,89;70,13
30/10/2024 09:00;69,6;70,56;69,51;70,11
29/10/2024 17:05;69,79;69,96;69,73;69,92
29/10/2024 15:00;69,68;69,95;69,54;69,82
29/10/2024 13:00;69,27;69,87;69,27;69,68
29/10/2024 11:00;69,09;69,3;68,96;69,28
29/10/2024 09:00;69,24;69,3;68,75;69,1
28/10/2024 17:05;68,91;69,03;68,91;69,03
28/10/2024 15:00;68,89;69;68,78;68,91
28/10/2024 13:00;68,96;69,02;68,84;68,89
28/10/2024 11:00;68,91;69,09;68,91;68,97
28/10/2024 09:00;69,11;69,11;68,41;68,93
25/10/2024 17:05;69,15;69,26;69,06;69,12
25/10/2024 15:00;69,02;69,27;68,96;69,15
25/10/2024 13:00;68,98;69,17;68,92;69,02
25/10/2024 11:00;69,25;69,26;68,91;68,98
25/10/2024 09:00;68,81;69,34;68,66;69,25
24/10/2024 17:05;68,81;68,82;68,66;68,82
24/10/2024 15:00;68,99;69,08;68,72;68,81
24/10/2024 13:00;68,57;69,01;68,57;68,98
24/10/2024 11:00;68,88;68,91;68,5;68,58
24/10/2024 09:00;68,35;68,96;68,35;68,89
23/10/2024 17:05;68,25;68,3;68,16;68,26
23/10/2024 15:00;68,07;68,33;68,01;68,25
23/10/2024 13:00;67,92;68,4;67,82;68,09
23/10/2024 11:00;67,59;68,02;67,49;67,97
23/10/2024 09:00;67,62;67,87;67,34;67,59
22/10/2024 17:05;67,63;67,66;67,43;67,63
22/10/2024 15:00;67,5;67,71;67,4;67,62
22/10/2024 13:00;67,58;67,86;67,17;67,53
22/10/2024 11:00;67,38;67,69;67,33;67,6
22/10/2024 09:00;66,9;67,44;66,9;67,36
21/10/2024 17:05;66,87;66,87;66,63;66,67
21/10/2024 15:00;66,71;66,89;66,6;66,77
21/10/2024 13:00;66,45;66,85;66,36;66,72
21/10/2024 11:00;66,4;66,47;66,21;66,46
21/10/2024 09:00;66,16;66,49;65,97;66,39
18/10/2024 17:05;66,01;66,06;65,83;65,96
18/10/2024 15:00;66,14;66,27;65,91;66,01
18/10/2024 13:00;65,88;66,2;65,82;66,14
18/10/2024 11:00;65,84;65,95;65,67;65,89
18/10/2024 09:00;65,74;65,9;65,71;65,84
17/10/2024 17:05;65,79;65,93;65,7;65,87
17/10/2024 15:00;65,69;65,81;65,61;65,79
17/10/2024 13:00;65,66;65,88;65,54;65,69
17/10/2024 11:00;65,57;65,71;65,44;65,67
17/10/2024 09:00;65,53;65,96;65,36;65,61
16/10/2024 17:05;65,3;65,34;65,12;65,33
16/10/2024 15:00;65,48;65,63;65,21;65,25
16/10/2024 13:00;65,37;65,86;65,35;65,48
16/10/2024 11:00;65,62;65,65;65,34;65,37
16/10/2024 09:00;65,47;65,65;65,16;65,63
15/10/2024 17:05;65,42;65,69;65,36;65,37
15/10/2024 15:00;65,01;65,48;65,01;65,39
15/10/2024 13:00;64,45;65,07;64,45;65,04
15/10/2024 11:00;64,66;64,71;64,39;64,45
15/10/2024 09:00;64,09;64,82;63,92;64,65
14/10/2024 17:05;64,2;64,31;64,2;64,22
14/10/2024 15:00;64,29;64,42;64,15;64,23
14/10/2024 13:00;64,63;64,67;64,02;64,27
14/10/2024 11:00;64,54;64,84;64,46;64,65
14/10/2024 09:00;64,88;65,29;64,45;64,54
11/10/2024 17:05;65,28;65,28;64,83;65,14
11/10/2024 15:00;65,34;65,43;65,22;65,29
11/10/2024 13:00;65,45;65,62;65,22;65,34
11/10/2024 11:00;65,55;65,66;65,34;65,45
11/10/2024 09:00;65,78;66,04;65,36;65,58
10/10/2024 17:05;65,66;65,72;65,55;65,66
10/10/2024 15:00;65,53;65,77;65,5;65,6
10/10/2024 13:00;65,31;65,53;65,25;65,51
10/10/2024 11:00;65,2;65,38;65,02;65,31
10/10/2024 09:00;65,2;65,39;65,17;65,25
09/10/2024 17:05;65,1;65,2;65,05;65,17
09/10/2024 15:00;65,2;65,39;64,96;65,05
09/10/2024 13:00;64,72;65,25;64,67;65,19
09/10/2024 11:00;64,41;64,77;64,1;64,7
09/10/2024 09:00;64,93;65,25;64,19;64,43
08/10/2024 17:05;64,68;64,85;64,63;64,79
08/10/2024 15:00;65,01;65,01;64,49;64,59
08/10/2024 13:00;64,08;65,15;63,97;64,99
08/10/2024 11:00;64,14;64,48;64,03;64,03
08/10/2024 09:00;63,66;64,27;63,58;64,09
07/10/2024 17:05;63,86;63,86;63,61;63,69
07/10/2024 15:00;64,2;64,21;63,73;63,86
07/10/2024 13:00;64,49;64,57;64,2;64,2
07/10/2024 11:00;64,37;64,77;64,23;64,48
07/10/2024 09:00;65,13;65,29;63,89;64,36
04/10/2024 17:05;64,83;64,99;64,82;64,91
04/10/2024 15:00;65,22;65,25;64,82;64,83
04/10/2024 13:00;65,42;65,69;65,12;65,22
04/10/2024 11:00;66,06;66,08;65,4;65,43
04/10/2024 09:00;66,1;66,26;65,8;66,06
03/10/2024 17:05;66,34;66,34;66,25;66,25
03/10/2024 15:00;66,25;66,42;66,13;66,26
03/10/2024 13:00;66,38;66,63;66,06;66,26
03/10/2024 11:00;66,53;66,55;66,34;66,4
03/10/2024 09:00;66,36;66,57;66,22;66,53
02/10/2024 17:05;66,35;66,51;66,34;66,48
02/10/2024 15:00;66,56;66,58;66,29;66,39
02/10/2024 13:00;66,22;66,57;66,19;66,56
02/10/2024 11:00;66,45;66,47;66,17;66,2
02/10/2024 09:00;65,86;66,61;65,77;66,39
01/10/2024 17:05;65,72;65,86;65,72;65,82
01/10/2024 15:00;65,72;65,77;65,6;65,77
01/10/2024 13:00;65,73;65,77;65,64;65,69
01/10/2024 11:00;65,51;65,74;65,46;65,72
01/10/2024 09:00;65,74;65,74;65,32;65,45
30/09/2024 17:05;65,66;65,66;65,48;65,48
30/09/2024 15:00;65,67;65,74;65,62;65,67
30/09/2024 13:00;65,56;65,74;65,56;65,66
30/09/2024 11:00;65,65;65,73;65,4;65,59
30/09/2024 09:00;65,48;65,67;65,23;65,64
27/09/2024 17:05;65,5;65,73;65,47;65,5
27/09/2024 15:00;65,27;65,49;65,06;65,48
27/09/2024 13:00;64,9;65,34;64,85;65,27
27/09/2024 11:00;64,64;64,96;64,63;64,9
27/09/2024 09:00;65,05;65,26;64,57;64,64
26/09/2024 17:05;64,92;65;64,86;64,96
26/09/2024 15:00;65,09;65,11;64,71;65
26/09/2024 13:00;65,29;65,55;64,88;65,09
26/09/2024 11:00;64,86;65,42;64,77;65,29
26/09/2024 09:00;64,52;64,89;64,36;64,84
25/09/2024 17:05;64,58;64,7;64,53;64,58
25/09/2024 15:00;64,43;64,65;64,28;64,57
25/09/2024 13:00;64,91;64,99;64,27;64,43
25/09/2024 11:00;65,03;65,1;64,77;64,9
25/09/2024 09:00;64,86;65,08;64,77;65,03
24/09/2024 17:05;64,96;65,09;64,91;65,07
24/09/2024 15:00;64,96;65,04;64,84;65,01
24/09/2024 13:00;64,64;65,01;64,63;64,96
24/09/2024 11:00;64,73;64,77;64,58;64,64
24/09/2024 09:00;64,82;64,98;64,44;64,72
23/09/2024 17:05;64,97;65,01;64,92;65,01
23/09/2024 15:00;64,84;64,96;64,64;64,92
23/09/2024 13:00;64,9;64,98;64,79;64,82
23/09/2024 11:00;64,82;65,01;64,73;64,91
23/09/2024 09:00;64,53;65,1;64,53;64,81
20/09/2024 17:05;64,66;64,66;64,34;64,35
20/09/2024 15:00;64,42;64,82;64,24;64,67
20/09/2024 13:00;63,82;64,53;63,77;64,41
20/09/2024 11:00;64;64,05;63,71;63,81
20/09/2024 09:00;63,72;64,14;63,29;63,98
19/09/2024 17:05;63,79;63,82;63,51;63,71
19/09/2024 15:00;63,62;64,02;63,59;63,8
19/09/2024 13:00;63,23;63,74;63,23;63,62
19/09/2024 11:00;63,17;63,36;63,13;63,26
19/09/2024 09:00;63,05;63,37;62,77;63,19
18/09/2024 17:05;63,29;63,39;63,15;63,19
18/09/2024 15:00;63,49;63,54;63,11;63,2
18/09/2024 13:00;63,62;63,64;63,42;63,52
18/09/2024 11:00;63,68;63,69;63,5;63,64
18/09/2024 09:00;63,77;64,05;63,51;63,68
17/09/2024 17:05;64,11;64,11;63,99;64,01
17/09/2024 15:00;63,91;64,43;63,81;64,1
17/09/2024 13:00;64,12;64,33;63,78;63,9
17/09/2024 11:00;63,86;64,22;63,85;64,12
17/09/2024 09:00;64,07;64,25;63,77;63,9
16/09/2024 17:05;64,29;64,37;64,26;64,33
16/09/2024 15:00;64,39;64,43;64,23;64,3
16/09/2024 13:00;64,42;64,53;64,34;64,39
16/09/2024 11:00;64,33;64,5;64,32;64,41
16/09/2024 09:00;64,04;64,44;63,82;64,34
13/09/2024 17:05;64,64;64,71;64,58;64,65
13/09/2024 15:00;64,64;64,74;64,51;64,63
13/09/2024 13:00;64,27;64,77;64,23;64,64
13/09/2024 11:00;63,98;64,28;63,72;64,26
13/09/2024 09:00;63,89;64,23;63,48;63,98
12/09/2024 17:05;63,5;63,67;63,49;63,67
12/09/2024 15:00;63,98;64,15;63,31;63,58
12/09/2024 13:00;64,48;64,55;63,5;63,97
12/09/2024 11:00;64,28;64,57;64,23;64,54
12/09/2024 09:00;64,3;64,43;64,07;64,29
11/09/2024 17:05;63,86;64,01;63,76;63,99
11/09/2024 15:00;64,21;64,24;63,7;63,86
11/09/2024 13:00;64,16;64,29;64,1;64,21
11/09/2024 11:00;64,25;64,29;64,1;64,16
11/09/2024 09:00;64,29;64,88;64,1;64,23
10/09/2024 17:05;64,15;64,2;63,93;64,13
10/09/2024 15:00;64,24;64,33;64,05;64,09
10/09/2024 13:00;64,69;64,76;64,1;64,24
10/09/2024 11:00;65,01;65,06;64,53;64,69
10/09/2024 09:00;64,39;65,43;63,86;64,97
09/09/2024 17:05;64,23;64,58;64,17;64,54
09/09/2024 15:00;64,48;64,6;64,26;64,3
09/09/2024 13:00;63,83;64,57;63,78;64,48
09/09/2024 11:00;63,56;63,84;63,45;63,83
09/09/2024 09:00;63,11;63,76;63,11;63,57
06/09/2024 17:05;63,02;63,15;63,02;63,07
06/09/2024 15:00;63,01;63,14;62,8;62,98
06/09/2024 13:00;63,28;63,39;62,86;62,99
06/09/2024 11:00;63,15;63,35;62,76;63,27
06/09/2024 09:00;62,75;63,6;62,72;63,16
05/09/2024 17:05;62,53;62,63;62,34;62,56
05/09/2024 15:00;62,96;62,99;62,55;62,55
05/09/2024 13:00;62,94;63,13;62,85;62,95
05/09/2024 11:00;62,81;63,2;62,75;62,92
05/09/2024 09:00;62,91;62,96;62,44;62,78
04/09/2024 17:05;63,14;63,22;62,81;62,99
04/09/2024 15:00;62,89;63,23;62,85;63,14
04/09/2024 13:00;62,39;63,03;62,36;62,89
04/09/2024 11:00;62,32;62,49;62,13;62,39
04/09/2024 09:00;62,21;62,39;62,1;62,33
03/09/2024 17:05;62,06;62,36;61,87;61,97
03/09/2024 15:00;62,18;62,25;61,99;62,14
03/09/2024 13:00;61,89;62,25;61,83;62,18
03/09/2024 11:00;61,88;61,89;61,78;61,87
03/09/2024 09:00;61,81;61,89;61,08;61,87
02/09/2024 17:05;61,6;61,69;61,59;61,63
02/09/2024 15:00;61,72;61,79;61,59;61,73
02/09/2024 13:00;61,77;61,79;61,62;61,73
02/09/2024 11:00;61,6;61,79;61,55;61,77
02/09/2024 09:00;61,78;61,94;61,54;61,63
30/08/2024 17:05;61,7;61,78;61,65;61,76
30/08/2024 15:00;61,62;61,69;61,49;61,69
30/08/2024 13:00;61,44;61,64;61,38;61,62
30/08/2024 11:00;61,44;61,45;61,35;61,42
30/08/2024 09:00;61,02;61,68;60,93;61,41
29/08/2024 17:05;60,98;61,07;60,74;61,03
29/08/2024 15:00;61,08;61,19;60,98;60,98
29/08/2024 13:00;60,97;61,09;60,81;61,09
29/08/2024 11:00;60,96;61,06;60,77;60,98
29/08/2024 09:00;60,23;61,05;60,23;60,98
28/08/2024 17:05;60,44;60,44;60,38;60,42
28/08/2024 15:00;60,39;60,49;60,35;60,44
28/08/2024 13:00;60,43;60,45;60,3;60,39
28/08/2024 11:00;60,39;60,44;60,34;60,43
28/08/2024 09:00;60,37;60,46;60,18;60,39
27/08/2024 17:05;60,39;60,47;60,36;60,42
27/08/2024 15:00;60,24;60,44;60,22;60,44
27/08/2024 13:00;60,4;60,49;60,09;60,24
27/08/2024 11:00;60,08;60,43;60;60,39
27/08/2024 09:00;59,84;60,11;59,72;60,08
26/08/2024 17:05;60,08;60,08;59,95;59,99
26/08/2024 15:00;60,19;60,28;60,04;60,08
26/08/2024 13:00;60,28;60,3;59,94;60,19
26/08/2024 11:00;60,22;60,29;60,11;60,28
26/08/2024 09:00;60,05;60,25;59,88;60,2
23/08/2024 17:05;60,13;60,27;60,06;60,2
23/08/2024 15:00;60,32;60,37;60,2;60,22
23/08/2024 13:00;60,22;60,32;60,19;60,32
23/08/2024 11:00;60,46;60,51;60,14;60,23
23/08/2024 09:00;60,49;60,59;60,43;60,46
22/08/2024 17:05;60,42;60,49;60,37;60,49
22/08/2024 15:00;60,34;60,49;60,29;60,47
22/08/2024 13:00;60,4;60,49;60,33;60,34
22/08/2024 11:00;60,39;60,48;60,28;60,4
22/08/2024 09:00;60,1;60,44;60,05;60,39
21/08/2024 17:05;60,27;60,27;60,04;60,09
21/08/2024 15:00;60,08;60,26;60,05;60,18
21/08/2024 13:00;60,1;60,29;60,04;60,09
21/08/2024 11:00;60,24;60,28;60,02;60,11
21/08/2024 09:00;60,22;60,39;60,17;60,25
20/08/2024 17:05;60,58;60,58;60,36;60,44
20/08/2024 15:00;60,19;60,59;60,16;60,46
20/08/2024 13:00;60,01;60,29;59,94;60,18
20/08/2024 11:00;60,11;60,14;59,89;59,99
20/08/2024 09:00;60,11;60,44;59,99;60,11
19/08/2024 17:05;60,18;60,24;60,01;60,01
19/08/2024 15:00;59,8;60,14;59,72;60,13
19/08/2024 13:00;59,65;59,91;59,52;59,8
19/08/2024 11:00;59,82;60,12;59,64;59,65
19/08/2024 09:00;59,93;59,99;59,68;59,84
16/08/2024 17:05;59,54;59,59;59,5;59,52
16/08/2024 15:00;59,5;59,55;59,32;59,55
16/08/2024 13:00;59,65;59,68;59,49;59,5
16/08/2024 11:00;59,66;59,72;59,49;59,65
16/08/2024 09:00;59,97;59,99;59,63;59,65
15/08/2024 17:05;60,29;60,29;60,14;60,26
15/08/2024 15:00;60,09;60,27;60,04;60,26
15/08/2024 13:00;60,17;60,22;59,99;60,09
15/08/2024 11:00;60,11;60,29;60,04;60,16
15/08/2024 09:00;59,98;60,31;59,8;60,13
14/08/2024 17:05;59,71;59,85;59,64;59,7
14/08/2024 15:00;59,84;59,89;59,67;59,71
14/08/2024 13:00;60,06;60,14;59,8;59,84
14/08/2024 11:00;59,93;60,16;59,76;60,05
14/08/2024 09:00;59,97;60,12;59,71;59,92
13/08/2024 17:05;59,94;59,98;59,81;59,83
13/08/2024 15:00;59,9;60,02;59,79;59,94
13/08/2024 13:00;59,81;59,93;59,79;59,88
13/08/2024 11:00;60,25;60,25;59,76;59,82
13/08/2024 09:00;60,12;60,42;60,03;60,26
12/08/2024 17:05;60,48;60,68;60,23;60,27
12/08/2024 15:00;60,16;60,49;60,06;60,46
12/08/2024 13:00;59,63;60,39;59,49;60,18
12/08/2024 11:00;59,74;59,84;59,59;59,65
12/08/2024 09:00;59,89;60,05;59,59;59,72
09/08/2024 17:05;60,22;60,39;60,14;60,14
09/08/2024 15:00;60,01;60,26;59,9;60,22
09/08/2024 13:00;59,9;60,07;59,89;60,01
09/08/2024 11:00;59,92;59,98;59,84;59,9
09/08/2024 09:00;59,86;60,07;59,67;59,94
08/08/2024 17:05;60,03;60,04;59,99;59,99
08/08/2024 15:00;60,27;60,36;59,93;60,08
08/08/2024 13:00;60,41;60,45;60,09;60,3
08/08/2024 11:00;60,83;60,84;60,39;60,43
08/08/2024 09:00;60,41;61,06;60,24;60,81
07/08/2024 17:05;60,1;60,19;60,02;60,18
07/08/2024 15:00;60,04;60,31;60,02;60,1
07/08/2024 13:00;60,01;60,09;59,97;60,04
07/08/2024 11:00;60,28;60,38;59,9;60
07/08/2024 09:00;60,31;60,59;59,99;60,29
06/08/2024 17:05;60,31;60,63;60,23;60,62
06/08/2024 15:00;60,64;60,73;60,31;60,31
06/08/2024 13:00;60,71;60,87;60,6;60,61
06/08/2024 11:00;60,83;60,92;60,44;60,71
06/08/2024 09:00;61,44;61,44;60,72;60,82
05/08/2024 17:05;61,49;61,62;61,41;61,58
05/08/2024 15:00;61,86;61,95;61,56;61,69
05/08/2024 13:00;61,78;62,21;61,55;61,87
05/08/2024 11:00;61,86;61,94;61,52;61,79
05/08/2024 09:00;61,36;61,96;61,1;61,89
02/08/2024 17:05;61,72;62,09;61,72;62,09
02/08/2024 15:00;61,55;61,89;61,4;61,82
02/08/2024 13:00;61,28;61,59;61,24;61,55
02/08/2024 11:00;60,82;61,41;60,75;61,28
02/08/2024 09:00;60,81;61,26;60,67;60,79
01/08/2024 17:05;60,79;60,79;60,56;60,56
01/08/2024 15:00;60,34;60,67;60,31;60,59
01/08/2024 13:00;60,14;60,59;60,13;60,34
01/08/2024 11:00;59,93;60,15;59,7;60,15
01/08/2024 09:00;59,8;60,2;59,76;59,91
31/07/2024 17:05;59,62;59,69;59,59;59,68
31/07/2024 15:00;59,56;59,67;59,47;59,62
31/07/2024 13:00;59,59;59,83;59,42;59,55
31/07/2024 11:00;59,8;59,8;59,46;59,59
31/07/2024 09:00;60,09;60,24;59,44;59,77
30/07/2024 17:05;59,97;60,13;59,85;60,09
30/07/2024 15:00;60,48;60,53;59,97;60,02
30/07/2024 13:00;60,54;60,59;60,38;60,47
30/07/2024 11:00;60,55;60,62;60,44;60,55
30/07/2024 09:00;60,49;60,79;60,29;60,54
29/07/2024 17:05;60,98;61,03;60,76;60,99
29/07/2024 15:00;61,1;61,49;60,99;61,06
29/07/2024 13:00;60,73;61,26;60,6;61,11
29/07/2024 11:00;60,94;60,98;60,59;60,72
29/07/2024 09:00;60,92;60,99;60,59;60,93
26/07/2024 17:05;61,1;61,19;61,09;61,19
26/07/2024 15:00;61,27;61,37;60,97;61,07
26/07/2024 13:00;60,95;61,43;60,93;61,29
26/07/2024 11:00;60,91;61,09;60,62;60,92
26/07/2024 09:00;61,33;61,33;60,86;60,91
25/07/2024 17:05;61,48;61,49;61,24;61,4
25/07/2024 15:00;61,98;61,99;61,1;61,38
25/07/2024 13:00;62,42;62,46;61,78;61,99
25/07/2024 11:00;62,29;62,49;62,22;62,44
25/07/2024 09:00;61,45;62,34;61,29;62,29
24/07/2024 17:05;61,73;61,73;61,6;61,6
24/07/2024 15:00;61,55;61,77;61,44;61,67
24/07/2024 13:00;61,69;61,99;61,54;61,57
24/07/2024 11:00;60,99;61,77;60,9;61,69
24/07/2024 09:00;61,11;61,24;60,54;60,97
23/07/2024 17:05;60,89;60,98;60,81;60,94
23/07/2024 15:00;60,91;61,07;60,84;60,88
23/07/2024 13:00;60,88;61,29;60,8;60,92
23/07/2024 11:00;61,04;61,09;60,67;60,89
23/07/2024 09:00;60,28;61,39;60,02;61,04
22/07/2024 17:05;60,46;60,57;60,4;60,41
22/07/2024 15:00;60,29;60,59;60,23;60,42
22/07/2024 13:00;60,06;60,29;59,9;60,28
22/07/2024 11:00;60,23;60,39;60;60,05
22/07/2024 09:00;59,73;60,37;59,39;60,22
19/07/2024 17:05;59,13;59,48;59,1;59,26
19/07/2024 15:00;59,04;59,14;58,83;59,13
19/07/2024 13:00;59,21;59,42;58,89;59,04
19/07/2024 11:00;58,77;59,3;58,74;59,22
19/07/2024 09:00;58,29;58,79;58,09;58,76
18/07/2024 17:05;58,23;58,44;57,99;58,12
18/07/2024 15:00;58,55;58,84;58,2;58,24
18/07/2024 13:00;58,48;58,72;58,45;58,56
18/07/2024 11:00;58,74;58,82;58,43;58,48
18/07/2024 09:00;58,87;58,96;58,59;58,73
17/07/2024 17:05;59,13;59,14;58,92;58,99
17/07/2024 15:00;58,96;59,19;58,76;59
17/07/2024 13:00;58,87;58,99;58,74;58,96
17/07/2024 11:00;58,74;58,96;58,69;58,87
17/07/2024 09:00;58,53;58,99;58,49;58,74
16/07/2024 17:05;58,56;58,62;58,39;58,49
16/07/2024 15:00;58,38;58,82;58,33;58,54
16/07/2024 13:00;58,24;58,54;58,04;58,36
16/07/2024 11:00;58,11;58,28;57,99;58,25
16/07/2024 09:00;57,95;58,39;57,75;58,09
15/07/2024 17:05;57,72;57,89;57,64;57,89
15/07/2024 15:00;57,56;58,2;57,55;57,74
15/07/2024 13:00;57,47;57,74;57,42;57,59
15/07/2024 11:00;57,7;57,7;57,34;57,44
15/07/2024 09:00;58,44;58,44;57,65;57,72
12/07/2024 17:05;58,4;58,49;58,31;58,31
12/07/2024 15:00;58,34;58,54;58,2;58,29
12/07/2024 13:00;57,58;58,65;57,54;58,34
12/07/2024 11:00;57,67;57,74;57,53;57,57
12/07/2024 09:00;57,64;58,02;57,52;57,67
11/07/2024 17:05;57,54;57,55;57,4;57,54
11/07/2024 15:00;57,95;57,99;57,5;57,5
11/07/2024 13:00;58,06;58,08;57,89;57,94
11/07/2024 11:00;58,16;58,18;58,06;58,07
11/07/2024 09:00;58,18;58,38;57,89;58,15
10/07/2024 17:05;57,89;57,99;57,89;57,94
10/07/2024 15:00;57,94;58,04;57,89;57,94
10/07/2024 13:00;58,02;58,03;57,89;57,95
10/07/2024 11:00;57,77;58,09;57,74;58,01
10/07/2024 09:00;58,16;58,16;57,61;57,74
09/07/2024 17:05;58,04;58,16;57,87;57,89
09/07/2024 15:00;57,79;58,17;57,77;58,03
09/07/2024 13:00;57,85;57,97;57,66;57,78
09/07/2024 11:00;57,67;57,98;57,49;57,84
09/07/2024 09:00;58;58,02;57,37;57,67
08/07/2024 17:05;57,73;57,93;57,42;57,67
08/07/2024 15:00;57,17;57,88;57,14;57,88
08/07/2024 13:00;57,34;57,37;56,82;57,14
08/07/2024 11:00;57,24;57,44;57,22;57,34
08/07/2024 09:00;57,68;57,83;57,09;57,25
05/07/2024 17:05;57,84;57,99;57,64;57,99
05/07/2024 15:00;58,01;58,15;57,84;57,84
05/07/2024 13:00;58,08;58,16;57,99;58,03
05/07/2024 11:00;58,09;58,16;57,9;58,07
05/07/2024 09:00;57,63;58,18;57,54;58,13
04/07/2024 17:05;57,87;57,87;57,77;57,77
04/07/2024 15:00;57,88;57,91;57,75;57,87
04/07/2024 13:00;57,9;58,04;57,62;57,86
04/07/2024 11:00;57,79;57,94;57,75;57,87
04/07/2024 09:00;58,29;58,34;57,51;57,77
03/07/2024 17:05;58,54;58,59;58,49;58,59
03/07/2024 15:00;58,46;58,71;58,39;58,58
03/07/2024 13:00;58,59;58,64;58,44;58,46
03/07/2024 11:00;58,59;58,65;58,39;58,57
03/07/2024 09:00;59,29;59,42;58,54;58,59
02/07/2024 17:05;59,49;59,7;59,49;59,49
02/07/2024 15:00;59,1;59,74;59,1;59,55
02/07/2024 13:00;59,26;59,27;58,99;59,1
02/07/2024 11:00;59,13;59,29;59,13;59,25
02/07/2024 09:00;59,16;59,43;59,04;59,12
01/07/2024 17:05;58,87;58,97;58,79;58,91
01/07/2024 15:00;58,79;58,99;58,78;58,86
01/07/2024 13:00;58,67;58,84;58,58;58,8
01/07/2024 11:00;58,45;58,83;58,39;58,67
01/07/2024 09:00;59,47;59,47;58,29;58,46
28/06/2024 17:05;59,32;59,51;59,11;59,49
28/06/2024 15:00;59,89;60,11;59,25;59,26
28/06/2024 13:00;61,35;61,39;59,75;59,89
28/06/2024 11:00;61,16;61,61;61,14;61,38
28/06/2024 09:00;61,18;61,3;60,9;61,17
27/06/2024 17:05;60,82;60,89;60,62;60,72
27/06/2024 15:00;60,36;61,01;60,26;60,65
27/06/2024 13:00;60,1;60,53;60,06;60,35
27/06/2024 11:00;60,09;60,24;60,04;60,1
27/06/2024 09:00;60;60,32;59,82;60,08
26/06/2024 17:05;59,94;60,04;59,8;59,85
26/06/2024 15:00;59,86;60,01;59,7;59,94
26/06/2024 13:00;59,84;59,99;59,81;59,86
26/06/2024 11:00;59,8;59,99;59,75;59,85
26/06/2024 09:00;59,98;60,09;59,59;59,85
25/06/2024 17:05;59,75;59,87;59,7;59,7
25/06/2024 15:00;59,77;59,89;59,7;59,75
25/06/2024 13:00;60,03;60,03;59,77;59,78
25/06/2024 11:00;59,96;60,08;59,75;60,03
25/06/2024 09:00;60,1;60,39;59,81;59,93
24/06/2024 17:05;60,85;60,85;60,56;60,59
24/06/2024 15:00;60,79;60,89;60,66;60,75
24/06/2024 13:00;60,37;60,82;60,24;60,79
24/06/2024 11:00;60,14;60,48;59,9;60,38
24/06/2024 09:00;60,29;60,73;60,1;60,13
21/06/2024 17:05;60,56;60,63;60,29;60,37
21/06/2024 15:00;60,45;60,56;60,11;60,49
21/06/2024 13:00;60,45;61,19;60,35;60,43
21/06/2024 11:00;60,54;60,58;60,33;60,46
21/06/2024 09:00;60,64;60,74;60,31;60,56
20/06/2024 17:05;60,34;60,62;60,34;60,49
20/06/2024 15:00;60,49;60,58;60,31;60,49
20/06/2024 13:00;60,79;60,79;60,26;60,49
20/06/2024 11:00;61,09;61,17;60,79;60,79
20/06/2024 09:00;61,15;61,41;60,94;61,11
19/06/2024 17:05;61,53;61,64;61,39;61,39
19/06/2024 15:00;61,14;61,77;61,14;61,49
19/06/2024 13:00;60,66;61,28;60,54;61,13
19/06/2024 11:00;60,6;60,82;60,49;60,66
19/06/2024 09:00;60,6;60,86;60,28;60,64
18/06/2024 17:05;60,64;60,74;60,59;60,62
18/06/2024 15:00;60,55;60,62;60,46;60,59
18/06/2024 13:00;60,84;60,87;60,52;60,57
18/06/2024 11:00;60,66;61,13;60,66;60,85
18/06/2024 09:00;60,66;60,8;60,45;60,65
17/06/2024 17:05;60,48;60,69;60,45;60,69
17/06/2024 15:00;60,52;60,69;60,42;60,48
17/06/2024 13:00;60,7;60,81;60,4;60,52
17/06/2024 11:00;61,07;61,11;60,61;60,7
17/06/2024 09:00;60,99;61,25;60,66;61,07
14/06/2024 17:05;61,24;61,35;61,19;61,29
14/06/2024 15:00;61,99;62;61,11;61,13
14/06/2024 13:00;61,91;62,02;61,64;61,95
14/06/2024 11:00;62,31;62,33;61,75;61,89
14/06/2024 09:00;62,28;62,63;62,03;62,29
13/06/2024 17:05;62,44;62,68;62,22;62,68
13/06/2024 15:00;62,51;62,62;62,48;62,48
13/06/2024 13:00;62,77;62,99;62,39;62,51
13/06/2024 11:00;63,06;63,06;62,75;62,76
13/06/2024 09:00;62,63;63,33;62,38;63,04
12/06/2024 17:05;62,69;62,76;62,59;62,62
12/06/2024 15:00;62,78;62,91;62,59;62,69
12/06/2024 13:00;62,97;62,99;62;62,78
12/06/2024 11:00;62,8;62,99;62,74;62,98
12/06/2024 09:00;62,69;62,85;62,19;62,78
11/06/2024 17:05;62,68;62,78;62,6;62,64
11/06/2024 15:00;62,8;62,94;62,6;62,65
11/06/2024 13:00;62,37;63,15;62,17;62,82
11/06/2024 11:00;62,37;62,53;62,11;62,36
11/06/2024 09:00;62,31;62,7;61,98;62,36
10/06/2024 17:05;62,44;62,44;62,21;62,37
10/06/2024 15:00;62,22;62,49;62,11;62,44
10/06/2024 13:00;62,34;62,63;61,98;62,21
10/06/2024 11:00;61,82;62,49;61,67;62,39
10/06/2024 09:00;61,09;61,88;60,7;61,8
07/06/2024 17:05;61,17;61,32;61,09;61,09
07/06/2024 15:00;60,94;61,26;60,84;61,12
07/06/2024 13:00;60,74;61,09;60,6;60,96
07/06/2024 11:00;60,7;61,04;60,65;60,76
07/06/2024 09:00;60,99;61,19;60,59;60,69
06/06/2024 17:05;61,28;61,37;61,11;61,29
06/06/2024 15:00;61,26;61,53;61,26;61,33
06/06/2024 13:00;61,53;61,61;61,2;61,32
06/06/2024 11:00;61;61,98;60,94;61,52
06/06/2024 09:00;60,77;61,13;60,43;60,99
05/06/2024 17:05;60,14;60,55;60,11;60,31
05/06/2024 15:00;60,24;60,48;60,09;60,19
05/06/2024 13:00;60,19;60,47;60,14;60,24
05/06/2024 11:00;60,18;60,43;60,14;60,19
05/06/2024 09:00;60,15;60,34;60,14;60,17
04/06/2024 17:05;60,33;60,38;60,23;60,34
04/06/2024 15:00;60,37;60,49;60,14;60,34
04/06/2024 13:00;60,26;60,56;60,03;60,36
04/06/2024 11:00;60,36;60,79;60,25;60,26
04/06/2024 09:00;60,44;60,51;60,16;60,36
03/06/2024 17:05;60,59;60,79;60,54;60,63
03/06/2024 15:00;60,65;60,68;60,42;60,49
03/06/2024 13:00;60,71;60,86;60,49;60,62
03/06/2024 11:00;61,37;61,41;60,66;60,7
03/06/2024 09:00;61,5;61,72;61,21;61,36
31/05/2024 17:05;61,54;61,65;61,46;61,46
31/05/2024 15:00;61,65;61,68;61,39;61,45
31/05/2024 13:00;61,8;61,82;61,59;61,64
31/05/2024 11:00;61,89;62,03;61,59;61,8
31/05/2024 09:00;61,87;62,22;61,56;61,89
29/05/2024 17:05;61,82;62,03;61,8;61,86
29/05/2024 15:00;61,73;61,87;61,71;61,8
29/05/2024 13:00;62,05;62,17;61,69;61,74
29/05/2024 11:00;62,3;62,72;62,01;62,05
29/05/2024 09:00;61,99;62,86;61,8;62,32
28/05/2024 17:05;62,21;62,24;62,01;62,04
28/05/2024 15:00;62,9;62,91;62,12;62,19
28/05/2024 13:00;63,05;63,09;62,82;62,91
28/05/2024 11:00;63,14;63,25;62,99;63,05
28/05/2024 09:00;63,44;63,61;62,92;63,13
27/05/2024 17:05;63,61;63,61;63,39;63,46
27/05/2024 15:00;63,01;63,47;63;63,44
27/05/2024 13:00;62,99;63,09;62,93;62,97
27/05/2024 11:00;62,94;62,99;62,92;62,99
27/05/2024 09:00;62,73;63,16;62,62;62,94
24/05/2024 17:05;62,81;62,98;62,71;62,91
24/05/2024 15:00;62,7;62,81;62,59;62,81
24/05/2024 13:00;62,76;62,95;62,69;62,69
24/05/2024 11:00;62,72;62,79;62,63;62,77
24/05/2024 09:00;62,71;62,89;62,63;62,73
23/05/2024 17:05;62,74;62,79;62,56;62,61
23/05/2024 15:00;63,07;63,08;62,71;62,71
23/05/2024 13:00;63,06;63,12;62,95;63,08
23/05/2024 11:00;62,94;63,14;62,91;63,06
23/05/2024 09:00;62,9;63,22;62,71;62,92
22/05/2024 17:05;63,1;63,19;63,05;63,16
22/05/2024 15:00;63,01;63,18;62,99;63,12
22/05/2024 13:00;63,06;63,13;62,47;63,01
22/05/2024 11:00;63,15;63,25;62,92;63,06
22/05/2024 09:00;62,74;63,48;62,65;63,18
21/05/2024 17:05;62,94;63,06;62,94;62,97
21/05/2024 15:00;62,79;63,12;62,74;62,89
21/05/2024 13:00;62,46;62,99;62,39;62,77
21/05/2024 11:00;62,75;62,84;62,36;62,48
21/05/2024 09:00;62,99;63,06;62,54;62,76
20/05/2024 17:05;63,07;63,12;62,89;62,94
20/05/2024 15:00;63;63,15;62,81;63,07
20/05/2024 13:00;62,43;63,11;62,38;63
20/05/2024 11:00;62,39;62,49;62,33;62,43
20/05/2024 09:00;61,93;62,65;61,84;62,39
17/05/2024 17:05;61,49;61,79;61,49;61,62
17/05/2024 15:00;61,76;61,77;61,59;61,65
17/05/2024 13:00;61,84;61,89;61,6;61,74
17/05/2024 11:00;61,92;61,93;61,59;61,84
17/05/2024 09:00;62,19;62,19;61,29;61,94
16/05/2024 17:05;62;62,14;61,91;62,14
16/05/2024 15:00;62,31;62,39;62,07;62,09
16/05/2024 13:00;62,44;62,45;61,89;62,32
16/05/2024 11:00;62,96;63,12;62,4;62,49
16/05/2024 09:00;63,38;63,55;62,9;62,98
15/05/2024 17:05;63,11;63,19;63,11;63,17
15/05/2024 15:00;63,31;63,33;63,07;63,19
15/05/2024 13:00;63,23;63,36;63,14;63,29
15/05/2024 11:00;63,28;63,31;62,91;63,24
15/05/2024 09:00;63,08;63,38;63,01;63,27
14/05/2024 17:05;62,96;63,11;62,73;63,04
14/05/2024 15:00;63,24;63,29;63;63,08
14/05/2024 13:00;63,33;63,38;63,17;63,23
14/05/2024 11:00;63,11;63,38;62,83;63,35
14/05/2024 09:00;63,47;63,83;63,05;63,13
13/05/2024 17:05;63,41;63,49;63,29;63,49
13/05/2024 15:00;63,33;63,49;63,26;63,44
13/05/2024 13:00;62,99;63,61;62,97;63,36
13/05/2024 11:00;62,82;62,99;62,82;62,99
13/05/2024 09:00;62,79;62,84;62,35;62,81
10/05/2024 17:05;62,55;62,55;62,19;62,19
10/05/2024 15:00;62,55;62,62;62,14;62,34
10/05/2024 13:00;62,24;62,8;62,19;62,56
10/05/2024 11:00;62,37;62,38;62;62,23
10/05/2024 09:00;62,34;62,75;62,11;62,35
09/05/2024 17:05;62,36;62,38;62,23;62,34
09/05/2024 15:00;62,31;62,36;62,05;62,33
09/05/2024 13:00;62,19;62,44;62,18;62,31
09/05/2024 11:00;62,22;62,31;62,07;62,19
09/05/2024 09:00;61,94;62,49;61,75;62,22
08/05/2024 17:05;61,69;61,69;61,39;61,59
08/05/2024 15:00;61,99;61,99;61,46;61,69
08/05/2024 13:00;61,82;62,88;61,74;61,99
08/05/2024 11:00;61,56;61,89;61,2;61,81
08/05/2024 09:00;61,7;61,87;61,31;61,57
07/05/2024 17:05;61,89;62,04;61,75;61,93
07/05/2024 15:00;62,31;62,37;61,81;61,99
07/05/2024 13:00;62,28;62,56;62,1;62,31
07/05/2024 11:00;62,18;62,29;62,15;62,27
07/05/2024 09:00;61,66;62,36;61,23;62,17
06/05/2024 17:05;61,56;61,88;61,56;61,84
06/05/2024 15:00;61,21;61,71;61,19;61,56
06/05/2024 13:00;61,14;61,33;61,11;61,2
06/05/2024 11:00;61,11;61,67;60,95;61,16
06/05/2024 09:00;60,59;61,14;60,24;61,1
03/05/2024 17:05;60,04;60,09;59,82;60,09
03/05/2024 15:00;60,05;60,09;59,9;60,03
03/05/2024 13:00;60,04;60,22;59,97;60,06
03/05/2024 11:00;60,18;60,23;59,95;60,05
03/05/2024 09:00;60,58;60,59;59,94;60,13
02/05/2024 17:05;60,21;60,52;60,14;60,29
02/05/2024 15:00;59,84;60,58;59,84;60,09
02/05/2024 13:00;59,57;59,88;59,56;59,82
02/05/2024 11:00;59,54;59,79;59,49;59,59
02/05/2024 09:00;59,79;59,99;59,39;59,54
30/04/2024 17:05;59,54;59,63;59,54;59,55
30/04/2024 15:00;59,78;59,93;59,49;59,49
30/04/2024 13:00;59,8;59,82;59,54;59,78
30/04/2024 11:00;59,87;59,95;59,71;59,79
30/04/2024 09:00;59,59;59,92;59,5;59,87
29/04/2024 17:05;59,59;59,73;59,44;59,59
29/04/2024 15:00;59,31;59,49;59,22;59,49
29/04/2024 13:00;59,28;59,35;59,19;59,29
29/04/2024 11:00;59,23;59,46;59,11;59,32
29/04/2024 09:00;59,07;59,38;59,02;59,19
26/04/2024 17:05;59;59,07;58,96;59,01
26/04/2024 15:00;59,02;59,2;58,94;59,07
26/04/2024 13:00;59,02;59,11;58,96;59,02
26/04/2024 11:00;59,04;59,08;58,89;59,02
26/04/2024 09:00;59,74;59,74;58,94;59,04
25/04/2024 17:05;59,58;59,84;59,54;59,69
25/04/2024 15:00;59,45;59,76;59,4;59,58
25/04/2024 13:00;59,13;59,47;59,11;59,44
25/04/2024 11:00;59,21;59,46;59,11;59,14
25/04/2024 09:00;58,98;59,23;58,98;59,22
24/04/2024 17:05;58,97;59,09;58,97;59,07
24/04/2024 15:00;59,2;59,22;58,97;59,07
24/04/2024 13:00;59,21;59,26;59,16;59,19
24/04/2024 11:00;59,18;59,31;59,17;59,21
24/04/2024 09:00;58,85;59,22;58,83;59,18
23/04/2024 17:05;58,88;59,01;58,76;58,97
23/04/2024 15:00;59,12;59,22;58,91;58,95
23/04/2024 13:00;59,06;59,31;58,94;59,13
23/04/2024 11:00;58,99;59,16;58,94;59,07
23/04/2024 09:00;59,27;59,27;58,82;58,99
22/04/2024 17:05;59,02;59,14;59,02;59,1
22/04/2024 15:00;59,05;59,31;59,03;59,03
22/04/2024 13:00;59,09;59,11;58,91;59,02
22/04/2024 11:00;59,34;59,51;58,97;59,07
22/04/2024 09:00;59,29;59,54;59,04;59,35
19/04/2024 17:05;59,17;59,3;59,07;59,3
19/04/2024 15:00;59,13;59,45;59,05;59,23
19/04/2024 13:00;59,22;59,27;58,95;59,12
19/04/2024 11:00;59,38;59,41;59,14;59,22
19/04/2024 09:00;59,67;59,91;59,12;59,34
18/04/2024 17:05;59,11;59,29;59,07;59,29
18/04/2024 15:00;59,17;59,27;59,02;59,15
18/04/2024 13:00;59,26;59,54;59,12;59,17
18/04/2024 11:00;59,24;59,32;59,19;59,24
18/04/2024 09:00;59,32;59,43;58,93;59,27
17/04/2024 17:05;59,42;59,63;59,19;59,63
17/04/2024 15:00;60,04;60,04;59,22;59,43
17/04/2024 13:00;59,54;60,19;59,48;60,04
17/04/2024 11:00;59,54;59,72;59,45;59,53
17/04/2024 09:00;60,37;60,57;59,12;59,54
16/04/2024 17:05;60,18;60,26;60,05;60,18
16/04/2024 15:00;60,44;60,47;59,96;60,22
16/04/2024 13:00;60,79;60,85;60,14;60,46
16/04/2024 11:00;60,84;60,86;60,59;60,78
16/04/2024 09:00;59,73;61,12;59,73;60,86
15/04/2024 17:05;59,88;59,88;59,63;59,86
15/04/2024 15:00;59,43;59,93;59,38;59,78
15/04/2024 13:00;59,22;59,61;59,07;59,43
15/04/2024 11:00;59,29;59,38;59,18;59,22
15/04/2024 09:00;58,51;59,63;58,31;59,34
12/04/2024 17:05;58,71;58,81;58,52;58,81
12/04/2024 15:00;58,95;59,11;58,39;58,7
12/04/2024 13:00;59,45;59,66;58,82;58,94
12/04/2024 11:00;59,28;60,97;58,95;59,48
12/04/2024 09:00;58,16;59,32;58;59,29
11/04/2024 17:05;58,35;58,35;57,96;58,16
11/04/2024 15:00;58,34;58,51;58,25;58,38
11/04/2024 13:00;58,74;59,07;58,1;58,33
11/04/2024 11:00;59,39;59,43;58,6;58,74
11/04/2024 09:00;58,89;59,42;58,88;59,38
10/04/2024 17:05;58,88;59,12;58,88;59,11
10/04/2024 15:00;59,19;59,47;58,89;59,02
10/04/2024 13:00;58,24;59,53;58,16;59,19
10/04/2024 11:00;58,2;58,33;58,19;58,23
10/04/2024 09:00;58,26;58,49;57,79;58,21
09/04/2024 17:05;58,24;58,35;58,1;58,15
09/04/2024 15:00;58,12;58,33;58,07;58,29
09/04/2024 13:00;58,61;58,75;57,99;58,11
09/04/2024 11:00;58,37;58,77;58,25;58,61
09/04/2024 09:00;59,11;59,12;58,17;58,36
08/04/2024 17:05;59,22;59,4;59,22;59,26
08/04/2024 15:00;60,22;60,22;59,11;59,29
08/04/2024 13:00;60,25;60,32;60,09;60,19
08/04/2024 11:00;60,2;60,34;60,08;60,25
08/04/2024 09:00;60,09;60,35;59,85;60,23
05/04/2024 17:05;60,31;60,47;60,19;60,47
05/04/2024 15:00;60,05;60,43;60,04;60,35
05/04/2024 13:00;60,45;60,58;59,9;60,06
05/04/2024 11:00;60,79;60,9;60,41;60,45
05/04/2024 09:00;60,58;61,06;60,51;60,76
04/04/2024 17:05;60,7;60,79;60,25;60,45
04/04/2024 15:00;60,75;60,85;60,59;60,76
04/04/2024 13:00;60,75;60,96;60,56;60,74
04/04/2024 11:00;60,42;60,93;60,31;60,77
04/04/2024 09:00;60,49;60,65;60,14;60,42
03/04/2024 17:05;60,17;60,4;60,09;60,31
03/04/2024 15:00;60,12;60,35;60,05;60,24
03/04/2024 13:00;60,24;60,4;60,04;60,08
03/04/2024 11:00;60,5;60,55;60,23;60,3
03/04/2024 09:00;60,76;60,76;59,73;60,5
02/04/2024 17:05;60,32;60,43;60,24;60,3
02/04/2024 15:00;60,24;60,4;60,06;60,3
02/04/2024 13:00;60,46;60,62;60,18;60,24
02/04/2024 11:00;60,8;60,8;60,44;60,47
02/04/2024 09:00;61,22;61,22;60,66;60,76
01/04/2024 17:05;61,01;61,04;60,86;60,94
01/04/2024 15:00;61,26;61,3;60,86;60,86
01/04/2024 13:00;61,43;61,54;61,06;61,32
01/04/2024 11:00;61,46;61,83;61,2;61,43
01/04/2024 09:00;61,68;62,32;60,45;61,5
28/03/2024 17:05;61,56;61,74;61,56;61,68
28/03/2024 15:00;61,68;61,94;61,46;61,68
28/03/2024 13:00;61,11;62,18;61,11;61,68
28/03/2024 11:00;60,96;61,21;60,93;60,99
28/03/2024 09:00;61,05;61,37;60,78;60,96
27/03/2024 17:05;61,02;61,32;60,88;61,06
27/03/2024 15:00;61,23;61,24;60,81;61,06
27/03/2024 13:00;61,31;61,36;61,19;61,25
27/03/2024 11:00;61,59;61,88;61,26;61,33
27/03/2024 09:00;60,86;61,75;60,35;61,62
26/03/2024 17:05;61,19;61,46;61,09;61,18
26/03/2024 15:00;61,7;61,75;61,17;61,19
26/03/2024 13:00;62,45;62,52;61,37;61,7
26/03/2024 11:00;62,46;62,65;62,44;62,49
26/03/2024 09:00;62,56;63;61,99;62,46
25/03/2024 17:05;62,7;62,85;62,55;62,84
25/03/2024 15:00;62,3;62,8;62,29;62,7
25/03/2024 13:00;62,29;62,6;62,07;62,35
25/03/2024 11:00;61,66;62,38;61,65;62,29
25/03/2024 09:00;61,6;61,98;61,27;61,67
22/03/2024 17:05;61,56;61,67;61,52;61,6
22/03/2024 15:00;61,5;61,59;61,3;61,51
22/03/2024 13:00;61,26;61,72;61,26;61,48
22/03/2024 11:00;61,42;61,52;61,11;61,27
22/03/2024 09:00;61,26;61,57;61,1;61,38
21/03/2024 17:05;61,72;61,87;61,72;61,8
21/03/2024 15:00;61,93;62;61,78;61,83
21/03/2024 13:00;61,87;62,03;61,68;61,92
21/03/2024 11:00;61,94;62,07;61,86;61,88
21/03/2024 09:00;61,93;62,38;61,63;61,97
20/03/2024 17:05;61,88;62,07;61,76;61,93
20/03/2024 15:00;61,9;62,54;61,78;62,01
20/03/2024 13:00;62,39;62,56;61,57;61,9
20/03/2024 11:00;62,65;62,78;62,39;62,39
20/03/2024 09:00;62,65;63,52;62,13;62,62
19/03/2024 17:05;62,7;63,19;62,65;63,08
19/03/2024 15:00;62,47;63,25;62,47;63,06
19/03/2024 13:00;62,8;63,19;62,39;62,47
19/03/2024 11:00;62,28;63,27;62,16;62,8
19/03/2024 09:00;61,98;62,6;61,09;62,35
18/03/2024 17:05;62,25;62,37;61,63;61,98
18/03/2024 15:00;60,62;63,11;60,5;62,29
18/03/2024 13:00;60,84;60,84;60,36;60,63
18/03/2024 11:00;60,2;61,37;60,15;60,87
18/03/2024 09:00;62,33;62,38;59,94;60,23
15/03/2024 17:05;62,14;62,47;62,1;62,39
15/03/2024 15:00;63,36;63,37;61,94;62,14
15/03/2024 13:00;63,34;63,57;63,15;63,45
15/03/2024 11:00;63,99;63,99;63,12;63,38
15/03/2024 09:00;64,18;64,68;63,75;63,99
14/03/2024 17:05;64,54;64,54;64,25;64,29
14/03/2024 15:00;64,52;64,95;64,49;64,5
14/03/2024 13:00;64,26;64,63;64,1;64,46
14/03/2024 11:00;64,68;64,95;64,03;64,26
14/03/2024 09:00;64,85;64,93;63,96;64,69
13/03/2024 17:05;65,01;65,05;64,5;65,05
13/03/2024 15:00;65,05;65,36;64,87;65,1
13/03/2024 13:00;64,09;65,4;63,9;65,05
13/03/2024 11:00;63,51;64,17;63,46;64,11
13/03/2024 09:00;63,83;64,07;63,08;63,49
12/03/2024 17:05;64,32;64,43;63,9;63,98
12/03/2024 15:00;64,26;64,34;64,09;64,27
12/03/2024 13:00;63,89;64,34;63,67;64,26
12/03/2024 11:00;63,95;64,34;63,72;63,88
12/03/2024 09:00;62,91;64,52;62,91;63,94
11/03/2024 17:05;62,88;63,41;62,85;63,41
11/03/2024 15:00;63,31;63,36;62,83;63,01
11/03/2024 13:00;63,42;63,52;63,01;63,28
11/03/2024 11:00;61,33;63,8;61,23;63,36
11/03/2024 09:00;61,47;62,01;60,99;61,33
08/03/2024 17:05;61,89;62,03;61,88;62,01
08/03/2024 15:00;61,51;62,14;61,32;62,05
08/03/2024 13:00;61,59;61,63;60,96;61,49
08/03/2024 11:00;61,63;61,88;61,11;61,56
08/03/2024 09:00;61,59;62,33;60,76;61,63
07/03/2024 17:05;62,29;62,34;62,09;62,09
07/03/2024 15:00;61,14;62,39;61,14;62,32
07/03/2024 13:00;60,55;61,37;60,41;61,15
07/03/2024 11:00;61,04;61,32;60,55;60,55
07/03/2024 09:00;60,35;61,37;60,18;61,02
06/03/2024 17:05;59,7;59,83;59,62;59,79
06/03/2024 15:00;59,59;59,73;59,39;59,73
06/03/2024 13:00;59,39;59,73;59,3;59,59
06/03/2024 11:00;59,28;59,73;59,12;59,39
06/03/2024 09:00;59,08;59,32;58,67;59,24
05/03/2024 17:05;59,48;59,53;59,47;59,47
05/03/2024 15:00;59,51;59,63;59,14;59,48
05/03/2024 13:00;59,22;59,53;59,17;59,52
05/03/2024 11:00;58,73;59,48;58,58;59,2
05/03/2024 09:00;59,73;59,99;58,51;58,73
04/03/2024 17:05;59,06;59,28;58,87;59,19
04/03/2024 15:00;59,26;59,38;58,9;59,01
04/03/2024 13:00;59,24;59,34;59,03;59,26
04/03/2024 11:00;58,73;59,41;58,73;59,25
04/03/2024 09:00;58,51;59,11;58,43;58,74
01/03/2024 17:05;57,69;57,79;57,54;57,74
01/03/2024 15:00;57,56;57,89;57,39;57,73
01/03/2024 13:00;57,24;57,69;57,09;57,56
01/03/2024 11:00;57,77;57,87;57,04;57,23
01/03/2024 09:00;57,62;58,34;57,62;57,76
29/02/2024 17:05;57,64;57,65;57,49;57,51
29/02/2024 15:00;57,65;57,71;57,41;57,59
29/02/2024 13:00;57,76;57,92;57,59;57,67
29/02/2024 11:00;57,65;57,86;57,54;57,71
29/02/2024 09:00;57,78;58,14;57,41;57,65
28/02/2024 17:05;57,68;57,77;57,59;57,63
28/02/2024 15:00;57,97;58,06;57,39;57,59
28/02/2024 13:00;57,95;58,33;57,84;57,98
28/02/2024 11:00;57,78;58,21;57,75;57,95
28/02/2024 09:00;58,54;58,54;57,63;57,74
27/02/2024 17:05;58,58;58,72;58,25;58,31
27/02/2024 15:00;58,63;58,73;58,11;58,43
27/02/2024 13:00;58,42;58,63;58,21;58,63
27/02/2024 11:00;58,21;58,67;58,19;58,46
27/02/2024 09:00;58,54;59,02;58,03;58,25
26/02/2024 17:05;58,34;58,35;57,98;58,3
26/02/2024 15:00;58,2;58,54;58,01;58,35
26/02/2024 13:00;58,06;58,24;57,87;58,22
26/02/2024 11:00;57,64;58,35;57,58;58,01
26/02/2024 09:00;59,32;59,98;57,33;57,67
23/02/2024 17:05;59,25;59,35;59,19;59,21
23/02/2024 15:00;59,29;59,62;59,08;59,31
23/02/2024 13:00;59,05;59,54;58,78;59,26
23/02/2024 11:00;60,51;60,51;58,92;59,05
23/02/2024 09:00;61,22;61,31;60,47;60,51
22/02/2024 17:05;61,27;61,37;61,16;61,18
22/02/2024 15:00;61,33;61,55;61,13;61,37
22/02/2024 13:00;61,46;61,66;61,27;61,34
22/02/2024 11:00;61,72;61,92;61,25;61,46
22/02/2024 09:00;61,75;61,93;61,66;61,74
21/02/2024 17:05;61,79;61,79;61,61;61,65
21/02/2024 15:00;61,77;61,77;61,55;61,59
21/02/2024 13:00;61,67;61,81;61,62;61,77
21/02/2024 11:00;61,82;61,89;61,62;61,68
21/02/2024 09:00;61,96;61,97;61,51;61,82
20/02/2024 17:05;61,87;61,95;61,8;61,9
20/02/2024 15:00;61,89;62,08;61,7;61,96
20/02/2024 13:00;61,87;62,06;61,84;61,89
20/02/2024 11:00;61,86;62,03;61,79;61,86
20/02/2024 09:00;62,13;62,31;61,63;61,89
19/02/2024 17:05;62,13;62,27;62,11;62,11
19/02/2024 15:00;61,87;62,29;61,86;62,13
19/02/2024 13:00;61,96;61,99;61,82;61,88
19/02/2024 11:00;61,95;62,11;61,86;61,93
19/02/2024 09:00;61,83;62,23;61,62;61,97
16/02/2024 17:05;61,73;61,87;61,73;61,87
16/02/2024 15:00;61,65;61,79;61,56;61,75
16/02/2024 13:00;61,77;61,81;61,61;61,68
16/02/2024 11:00;61,71;61,84;61,68;61,77
16/02/2024 09:00;61,7;61,84;61,54;61,7
15/02/2024 17:05;61,7;61,72;61,61;61,7
15/02/2024 15:00;61,69;61,84;61,55;61,71
15/02/2024 13:00;61,69;61,95;61,55;61,69
15/02/2024 11:00;61,78;61,98;61,64;61,7
15/02/2024 09:00;61,71;62,07;61,62;61,77
14/02/2024 17:05;61,6;61,79;61,53;61,7
14/02/2024 15:00;61,73;61,84;61,61;61,66
14/02/2024 13:00;61,69;61,9;61,46;61,7
09/02/2024 17:05;62,09;62,1;61,91;62,05
09/02/2024 15:00;61,76;62,31;61,75;62,04
09/02/2024 13:00;61,72;61,97;61,7;61,75
09/02/2024 11:00;61,79;62,31;61,65;61,72
09/02/2024 09:00;61,82;62,16;61,57;61,78
08/02/2024 17:05;62,46;62,59;62,24;62,24
08/02/2024 15:00;61,76;62,46;61,41;62,42
08/02/2024 13:00;61,46;61,98;61,41;61,76
08/02/2024 11:00;61,89;61,89;61,32;61,46
08/02/2024 09:00;61,99;62,25;61,8;61,89
07/02/2024 17:05;61,75;61,79;61,45;61,46
07/02/2024 15:00;61,7;61,79;61,46;61,74
07/02/2024 13:00;61,96;62,02;61,55;61,68
07/02/2024 11:00;61,81;61,99;61,65;61,99
07/02/2024 09:00;62,45;62,45;61,52;61,82
06/02/2024 17:05;62,43;62,61;62,42;62,61
06/02/2024 15:00;62,13;62,56;61,99;62,51
06/02/2024 13:00;62,51;62,65;62,1;62,17
06/02/2024 11:00;62,84;62,94;62,38;62,51
06/02/2024 09:00;62,85;63,3;62,45;62,85
05/02/2024 17:05;62,46;62,75;62,37;62,75
05/02/2024 15:00;61,87;62,74;61,87;62,65
05/02/2024 13:00;61,89;61,99;61,7;61,83
05/02/2024 11:00;61,63;62,07;61,43;61,89
05/02/2024 09:00;61,49;61,79;61,38;61,61
02/02/2024 17:05;61,42;61,49;61,11;61,23
02/02/2024 15:00;61,32;61,51;61,22;61,38
02/02/2024 13:00;61,06;61,36;60,95;61,31
02/02/2024 11:00;61,19;61,27;60,88;61,06
02/02/2024 09:00;60,79;61,37;60,79;61,17
01/02/2024 17:05;61,2;61,22;61,03;61,1
01/02/2024 15:00;61,41;61,62;61,22;61,27
01/02/2024 13:00;61,5;61,51;61,29;61,41
01/02/2024 11:00;61,36;61,58;61,27;61,51
01/02/2024 09:00;61,41;61,76;61,22;61,35
31/01/2024 17:05;62,32;62,39;62,03;62,03
31/01/2024 15:00;62,14;62,41;61,79;62,25
31/01/2024 13:00;62,2;62,24;61,77;62,13
31/01/2024 11:00;62,21;62,39;61,88;62,17
31/01/2024 09:00;62,17;62,59;61,99;62,21
30/01/2024 17:05;61,66;61,96;61,55;61,68
30/01/2024 15:00;61,55;61,69;61,22;61,69
30/01/2024 13:00;61,85;61,99;61,36;61,59
30/01/2024 11:00;61,65;61,89;61,27;61,87
30/01/2024 09:00;61,3;61,84;60,89;61,65
29/01/2024 17:05;61,32;61,36;60,98;60,99
29/01/2024 15:00;61,44;61,75;61,23;61,34
29/01/2024 13:00;61,68;61,7;61,28;61,43
29/01/2024 11:00;61,77;61,86;61,55;61,69
29/01/2024 09:00;62,07;62,07;61,43;61,77
26/01/2024 17:05;62,56;62,81;62,27;62,32
26/01/2024 15:00;62,39;62,85;62,28;62,59
26/01/2024 13:00;62,87;62,87;62,02;62,43
26/01/2024 11:00;62,7;63,05;62,56;62,88
26/01/2024 09:00;63,46;63,94;62,34;62,73
25/01/2024 17:05;64,27;64,42;63,99;64,19
25/01/2024 15:00;63,56;64,47;63,55;64,44
25/01/2024 13:00;63,53;63,92;62,94;63,55
25/01/2024 11:00;63,86;64,22;63,32;63,53
25/01/2024 09:00;63,37;64,54;63,37;63,84
24/01/2024 17:05;63,84;63,85;63,51;63,51
24/01/2024 15:00;63,32;64,04;62,94;64
24/01/2024 13:00;62,52;63,9;62,41;63,32
24/01/2024 11:00;62,61;62,91;62,18;62,55
24/01/2024 09:00;62,85;63,31;62,29;62,63
23/01/2024 17:05;63,37;63,47;63,2;63,29
23/01/2024 15:00;63,57;64,36;62,99;63,41
23/01/2024 13:00;61,97;63,57;61,93;63,54
23/01/2024 11:00;61,58;62,13;61,53;61,99
23/01/2024 09:00;61,47;61,7;61,17;61,59
22/01/2024 17:05;61,81;61,87;61,75;61,78
22/01/2024 15:00;61,82;61,94;61,74;61,87
22/01/2024 13:00;61,99;61,99;61,65;61,79
22/01/2024 11:00;61,89;62,17;61,64;62,02
22/01/2024 09:00;61,86;62,62;61,41;61,89
19/01/2024 17:05;62,55;62,65;62,42;62,43
19/01/2024 15:00;62,49;62,84;62,42;62,56
19/01/2024 13:00;62,37;62,59;61,97;62,47
19/01/2024 11:00;62,78;62,79;62,22;62,37
19/01/2024 09:00;63,34;63,51;62,65;62,78
18/01/2024 17:05;63,88;63,97;63,8;63,85
18/01/2024 15:00;64,02;64,04;63,71;63,8
18/01/2024 13:00;63,98;64,21;63,93;64
18/01/2024 11:00;64,03;64,23;63,75;63,99
18/01/2024 09:00;64;64,36;63,66;63,99
17/01/2024 17:05;64,82;64,82;64,59;64,66
17/01/2024 15:00;65,21;65,22;64,79;64,95
17/01/2024 13:00;65,43;65,81;65,07;65,23
17/01/2024 11:00;64,76;65,47;64,57;65,43
17/01/2024 09:00;64,19;65,26;63,54;64,79
16/01/2024 17:05;64,22;64,37;64,05;64,36
16/01/2024 15:00;63,95;64,28;63,85;63,97
16/01/2024 13:00;64,45;64,64;63,57;63,97
16/01/2024 11:00;63,95;64,74;63,89;64,5
16/01/2024 09:00;63,05;64,61;62,54;63,95
15/01/2024 17:05;63,57;63,65;63,49;63,49
15/01/2024 15:00;63,62;63,89;63,52;63,58
15/01/2024 13:00;64,19;64,2;63,5;63,62
15/01/2024 11:00;64,47;64,6;63,95;64,22
15/01/2024 09:00;64,85;65,3;64,22;64,52
12/01/2024 17:05;65,19;65,67;65,18;65,5
12/01/2024 15:00;64,77;65,9;64,64;65,19
12/01/2024 13:00;66,13;66,62;64,64;64,73
12/01/2024 11:00;66,47;66,5;66;66,16
12/01/2024 09:00;67,52;67,52;65,84;66,48
11/01/2024 17:05;68,01;68,09;67,74;67,87
11/01/2024 15:00;67,71;68,2;67,53;68,11
11/01/2024 13:00;67,82;67,83;67,44;67,68
11/01/2024 11:00;67,73;68,28;67,72;67,82
11/01/2024 09:00;68,75;68,75;67,4;67,76
10/01/2024 17:05;68,96;68,97;68,69;68,78
10/01/2024 15:00;68,84;68,94;68,2;68,87
10/01/2024 13:00;69,29;69,31;68,42;68,86
10/01/2024 11:00;68,6;69,4;67,78;69,28
10/01/2024 09:00;70,88;71,06;68,49;68,63
09/01/2024 17:05;71,07;71,08;70,89;70,89
09/01/2024 15:00;71,41;71,49;70,98;71,01
09/01/2024 13:00;71,58;71,74;71,17;71,41
09/01/2024 11:00;71,84;71,86;71,26;71,55
09/01/2024 09:00;71,94;72,33;71,46;71,82
08/01/2024 17:05;72,23;72,56;72,22;72,41
08/01/2024 15:00;72,7;72,79;72,22;72,23
08/01/2024 13:00;72,62;73,11;72,58;72,7
08/01/2024 11:00;72,09;72,63;71,68;72,6
08/01/2024 09:00;73,47;73,63;72,07;72,11
05/01/2024 17:05;73,93;73,93;73,73;73,88
05/01/2024 15:00;73,93;73,94;73,72;73,94
05/01/2024 13:00;73,7;74,13;73,7;73,9
05/01/2024 11:00;73,85;73,95;73,67;73,74
05/01/2024 09:00;74,1;74,27;73,79;73,85
04/01/2024 17:05;73,62;73,66;73,46;73,61
04/01/2024 15:00;73,7;73,82;73,52;73,61
04/01/2024 13:00;73,41;73,84;73,28;73,7
04/01/2024 11:00;73,5;73,56;73,34;73,46
04/01/2024 09:00;73,16;73,57;73,01;73,47
03/01/2024 17:05;73,61;73,85;73,54;73,6
03/01/2024 15:00;73,29;73,59;73,08;73,51
03/01/2024 13:00;72,84;73,54;72,7;73,29
03/01/2024 11:00;72,75;72,97;72,71;72,82
03/01/2024 09:00;73,02;73,2;72,6;72,75
02/01/2024 17:05;73,13;73,16;73,06;73,06
02/01/2024 15:00;72,67;73,06;72,63;73,05
02/01/2024 13:00;72,51;72,75;72,34;72,68
02/01/2024 11:00;72,95;72,96;72,29;72,55
02/01/2024 09:00;72,75;73,34;72,69;72,95
28/12/2023 17:05;72,36;72,45;72,26;72,27
28/12/2023 15:00;71,71;72,35;71,71;72,3
28/12/2023 13:00;71,41;71,78;71,4;71,74
28/12/2023 11:00;71,27;71,53;71,14;71,39
28/12/2023 09:00;70,68;71,35;70,68;71,27
27/12/2023 17:05;70,77;70,91;70,68;70,85
27/12/2023 15:00;70,52;70,77;70,37;70,67
27/12/2023 13:00;71,01;71,05;70,46;70,52
27/12/2023 11:00;71,33;71,33;70,92;70,96
27/12/2023 09:00;71,52;71,81;71,17;71,33
26/12/2023 17:05;71,37;71,51;71,23;71,33
26/12/2023 15:00;71,74;71,92;71,13;71,43
26/12/2023 13:00;71,73;71,82;71,3;71,74
26/12/2023 11:00;71,54;71,93;71,4;71,78
26/12/2023 09:00;71,14;72,01;71,13;71,56
22/12/2023 17:05;71,53;71,64;71,33;71,53
22/12/2023 15:00;71,56;71,63;71,38;71,53
22/12/2023 13:00;71,85;71,92;71,42;71,52
22/12/2023 11:00;72;72,14;71,64;71,8
22/12/2023 09:00;72,05;72,49;71,71;71,99
21/12/2023 17:05;72,47;72,63;72,45;72,63
21/12/2023 15:00;72,45;72,73;72,36;72,4
21/12/2023 13:00;72,58;72,84;72,43;72,45
21/12/2023 11:00;72,3;72,7;72,09;72,57
21/12/2023 09:00;72,66;72,98;72,2;72,35
20/12/2023 17:05;72,65;73,07;72,65;72,9
20/12/2023 15:00;72,36;72,65;72,11;72,65
20/12/2023 13:00;72,12;72,65;72,08;72,36
20/12/2023 11:00;72,08;72,45;71,92;72,12
20/12/2023 09:00;71,62;72,64;71,38;72,07
19/12/2023 17:05;71,34;71,83;71,33;71,83
19/12/2023 15:00;72,4;72,5;71,39;71,47
19/12/2023 13:00;72,67;72,72;72,38;72,41
19/12/2023 11:00;72,89;72,91;72,67;72,68
19/12/2023 09:00;73,16;73,41;72,67;72,89
18/12/2023 17:05;73,83;73,92;73,5;73,65
18/12/2023 15:00;73,65;73,82;73,57;73,62
18/12/2023 13:00;73,72;73,92;73,47;73,62
18/12/2023 11:00;73,82;74,05;73,57;73,74
18/12/2023 09:00;73,82;74,23;73,67;73,77
15/12/2023 17:05;74,52;74,61;74,23;74,53
15/12/2023 15:00;74,28;74,64;74,04;74,47
15/12/2023 13:00;74,24;74,35;74,01;74,25
15/12/2023 11:00;74,15;74,43;74,12;74,23
15/12/2023 09:00;73,1;74,56;72,9;74,13
14/12/2023 17:05;73,59;73,66;73,36;73,36
14/12/2023 15:00;73,69;73,8;73,31;73,38
14/12/2023 13:00;74,33;74,53;73,52;73,72
14/12/2023 11:00;74,4;74,55;74,24;74,33
14/12/2023 09:00;74,73;74,84;73,97;74,4
13/12/2023 17:05;74,27;74,48;74,18;74,48
13/12/2023 15:00;74,43;74,78;74,23;74,34
13/12/2023 13:00;74,2;74,66;74,09;74,44
13/12/2023 11:00;74,37;74,45;73,97;74,18
13/12/2023 09:00;73,97;74,58;73,74;74,38
12/12/2023 17:05;74,27;74,33;74,05;74,29
12/12/2023 15:00;74,58;74,6;74,1;74,28
12/12/2023 13:00;74,5;74,76;74,28;74,58
12/12/2023 11:00;74,38;74,64;73,9;74,53
12/12/2023 09:00;72,88;75,08;72,74;74,38
11/12/2023 17:05;72,52;72,79;72,47;72,47
11/12/2023 15:00;72,34;72,83;72,26;72,5
11/12/2023 13:00;72,74;72,81;72,06;72,33
11/12/2023 11:00;72,84;72,9;72,58;72,68
11/12/2023 09:00;72,31;72,94;72,25;72,84
08/12/2023 17:05;72,65;72,73;72,35;72,35
08/12/2023 15:00;72,42;72,65;72,32;72,59
08/12/2023 13:00;72,24;72,64;72,1;72,43
08/12/2023 11:00;72,08;72,47;72,04;72,24
08/12/2023 09:00;72,16;72,4;71,87;72,11
07/12/2023 17:05;72,28;72,67;72,14;72,19
07/12/2023 15:00;72,05;72,3;71,84;72,28
07/12/2023 13:00;71,33;72,07;71,18;72,05
07/12/2023 11:00;71,28;71,52;70,85;71,32
07/12/2023 09:00;71,42;71,87;71,14;71,29
06/12/2023 17:05;71,09;71,31;70,82;71,23
06/12/2023 15:00;72,35;72,35;71,03;71,09
06/12/2023 13:00;71,94;72,55;71,86;72,35
06/12/2023 11:00;72,31;72,54;71,75;71,94
06/12/2023 09:00;72,67;72,79;72,03;72,32
05/12/2023 17:05;71,92;72,13;71,74;71,87
05/12/2023 15:00;71,59;71,93;71,46;71,93
05/12/2023 13:00;72,07;72,14;71,4;71,57
05/12/2023 11:00;71,57;72,6;71,33;72,07
05/12/2023 09:00;71,14;71,91;70,96;71,61
04/12/2023 17:05;71,06;71,24;71,06;71,22
04/12/2023 15:00;70,57;71,18;70,56;71,07
04/12/2023 13:00;70,42;70,72;70,06;70,56
04/12/2023 11:00;70,12;70,42;70,04;70,4
04/12/2023 09:00;70,53;71,02;69,61;70,12
01/12/2023 17:05;71,08;71,08;70,83;71,03
01/12/2023 15:00;71,18;71,21;70,83;71,02
01/12/2023 13:00;70,78;71,37;70,34;71,23
01/12/2023 11:00;70,5;70,92;70,45;70,77
01/12/2023 09:00;70,88;71,04;70,23;70,52
30/11/2023 17:05;70,93;70,93;70,74;70,78
30/11/2023 15:00;70,29;71,12;70,18;70,93
30/11/2023 13:00;69,82;70,65;69,65;70,27
30/11/2023 11:00;69,75;69,93;69,44;69,81
30/11/2023 09:00;68,84;69,96;68,69;69,75
29/11/2023 17:05;68,9;69,22;68,89;69,2
29/11/2023 15:00;69,65;69,65;68,83;68,96
29/11/2023 13:00;69,96;70,18;69,34;69,65
29/11/2023 11:00;70;70,28;69,62;70,01
29/11/2023 09:00;69,42;70,06;69,02;69,98
28/11/2023 17:05;69,4;69,41;69,02;69,27
28/11/2023 15:00;67,67;69,52;67,67;69,4
28/11/2023 13:00;67,12;67,77;67,06;67,67
28/11/2023 11:00;67,44;67,66;66,87;67,15
28/11/2023 09:00;67,23;67,57;67,03;67,42
27/11/2023 17:05;66,67;67,15;66,66;67,04
27/11/2023 15:00;67,06;67,07;66,64;66,81
27/11/2023 13:00;66,93;67,14;66,58;67,06
27/11/2023 11:00;67,04;67,16;66,64;66,91
27/11/2023 09:00;67,67;67,74;66,99;67,04
24/11/2023 17:05;67,67;67,82;67,47;67,75
24/11/2023 15:00;67,71;67,94;67,67;67,86
24/11/2023 13:00;68,13;68,15;67,27;67,71
24/11/2023 11:00;68,76;68,81;68,08;68,14
24/11/2023 09:00;68,7;69,07;68,48;68,76
23/11/2023 17:05;68,46;68,74;68,42;68,54
23/11/2023 15:00;69,36;69,36;68,59;68,71
23/11/2023 13:00;69,55;69,62;69,3;69,37
23/11/2023 11:00;69,4;69,58;69,22;69,56
23/11/2023 09:00;69,6;69,9;69,01;69,41
22/11/2023 17:05;69,92;70,1;69,77;69,77
22/11/2023 15:00;69,86;70,02;69,82;69,93
22/11/2023 13:00;70;70,03;69,7;69,86
22/11/2023 11:00;69,61;70,51;68,93;69,96
22/11/2023 09:00;69,67;70,37;69,28;69,65
21/11/2023 17:05;69,89;70,01;69,79;69,9
21/11/2023 15:00;69,84;70,27;69,71;69,99
21/11/2023 13:00;69,28;69,85;69,17;69,84
21/11/2023 11:00;69,45;69,75;69,1;69,27
21/11/2023 09:00;68,93;69,59;68,47;69,47
20/11/2023 17:05;68,96;68,99;68,75;68,84
20/11/2023 15:00;68,86;68,95;68,59;68,95
20/11/2023 13:00;68,57;68,98;68,57;68,88
20/11/2023 11:00;68,44;68,72;68,2;68,56
20/11/2023 09:00;67,93;68,46;67,49;68,39
17/11/2023 17:05;68,06;68,18;67,57;67,65
17/11/2023 15:00;68,13;68,38;67,94;68,07
17/11/2023 13:00;68,67;68,69;67,99;68,14
17/11/2023 11:00;68,35;68,78;68,29;68,64
17/11/2023 09:00;67,88;68,59;67,77;68,35
16/11/2023 17:05;67,99;68,17;67,9;68,03
16/11/2023 15:00;68,45;68,73;68,1;68,17
16/11/2023 13:00;68,04;68,62;67,99;68,44
16/11/2023 11:00;68,22;68,22;67,27;68,03
16/11/2023 09:00;68,91;69,2;68;68,23
14/11/2023 17:05;69,1;69,27;68,87;69,14
14/11/2023 15:00;69,44;69,79;69,27;69,35
14/11/2023 13:00;68,99;70,42;68,98;69,45
14/11/2023 11:00;68,96;69,17;68,28;69,01
14/11/2023 09:00;68,99;69,2;68,38;68,95
13/11/2023 17:05;69,41;69,59;69,2;69,46
13/11/2023 15:00;69,27;69,27;68,99;69,27
13/11/2023 13:00;67,88;69,27;67,87;69,27
13/11/2023 11:00;66,93;67,88;66,91;67,83
13/11/2023 09:00;66,05;67,22;66,03;66,95
10/11/2023 17:05;65,84;65,95;65,64;65,84
10/11/2023 15:00;65,53;66,1;65,51;65,76
10/11/2023 13:00;65,27;65,56;65,23;65,55
10/11/2023 11:00;65,61;65,77;65,15;65,27
10/11/2023 09:00;64,96;65,67;64,83;65,6
09/11/2023 17:05;64,98;65,13;64,98;65,04
09/11/2023 15:00;64,96;65,03;64,8;64,95
09/11/2023 13:00;64,88;65,03;64,44;64,97
09/11/2023 11:00;64,98;65,07;64,76;64,88
09/11/2023 09:00;64,58;65,14;64,58;64,98
08/11/2023 17:05;65,03;65,03;64,83;64,93
08/11/2023 15:00;64,86;65,06;64,75;64,98
08/11/2023 13:00;65,01;65,23;64,8;64,86
08/11/2023 11:00;64,62;65,21;64,61;65,01
08/11/2023 09:00;64,41;64,97;64,23;64,62
07/11/2023 17:05;64,27;64,36;64,18;64,32
07/11/2023 15:00;64,48;64,56;64,27;64,29
07/11/2023 13:00;65,51;65,59;64,09;64,49
07/11/2023 11:00;65,21;65,74;65,19;65,54
07/11/2023 09:00;65,03;65,53;65,03;65,19
06/11/2023 17:05;65,39;65,54;65,3;65,54
06/11/2023 15:00;65,45;65,59;65,23;65,44
06/11/2023 13:00;65,52;65,54;65,35;65,43
06/11/2023 11:00;65,4;65,74;65,31;65,49
06/11/2023 09:00;64,44;65,83;64,44;65,4
03/11/2023 17:05;64,44;64,54;64,38;64,41
03/11/2023 15:00;64,44;64,65;64,37;64,44
03/11/2023 13:00;64,72;64,86;64,44;64,44
03/11/2023 11:00;64,31;64,81;64,27;64,7
03/11/2023 09:00;64,16;64,53;64,09;64,31
01/11/2023 17:05;64,51;64,63;64,51;64,62
01/11/2023 15:00;64,91;64,98;64,51;64,53
01/11/2023 13:00;65,27;65,36;64,81;64,91
01/11/2023 11:00;64,75;65,39;64,66;65,26
01/11/2023 09:00;65,28;65,61;64,65;64,73
31/10/2023 17:05;65,12;65,12;64,61;65,02
31/10/2023 15:00;65,18;65,44;65,02;65,03
31/10/2023 13:00;65,18;65,39;65,16;65,18
31/10/2023 11:00;65,27;65,54;65,14;65,19
31/10/2023 09:00;64,94;65,29;64,7;65,25
30/10/2023 17:05;65,25;65,29;65,02;65,13
30/10/2023 15:00;64,54;65,44;64,48;65,3
30/10/2023 13:00;64,12;64,55;63,99;64,54
30/10/2023 11:00;64,04;64,26;63,89;64,14
30/10/2023 09:00;64,42;64,51;63,89;64,06
27/10/2023 17:05;64,62;64,68;64,46;64,68
27/10/2023 15:00;64;64,7;64;64,63
27/10/2023 13:00;63,92;64,06;63,79;63,99
27/10/2023 11:00;63,73;64,08;63,67;63,92
27/10/2023 09:00;63,65;63,88;63,55;63,73
26/10/2023 17:05;63,74;63,82;63,63;63,73
26/10/2023 15:00;63,64;63,86;63,63;63,73
26/10/2023 13:00;64,01;64,07;63,52;63,64
26/10/2023 11:00;64,18;64,21;63,89;64,01
26/10/2023 09:00;63,63;64,38;63,55;64,18
25/10/2023 17:05;63,73;63,74;63,59;63,63
25/10/2023 15:00;63,41;63,84;63,41;63,78
25/10/2023 13:00;63,39;63,56;63,3;63,42
25/10/2023 11:00;63,37;63,6;63,22;63,39
25/10/2023 09:00;63,41;63,68;63,15;63,35
24/10/2023 17:05;63,52;63,81;63,47;63,58
24/10/2023 15:00;63,67;63,69;63,41;63,52
24/10/2023 13:00;63,91;64,02;63,59;63,68
24/10/2023 11:00;64,12;64,16;63,6;63,89
24/10/2023 09:00;64,14;64,32;64,01;64,11
23/10/2023 17:05;64,36;64,43;64,29;64,36
23/10/2023 15:00;64,41;64,79;64,18;64,25
23/10/2023 13:00;64,73;64,73;64,16;64,38
23/10/2023 11:00;64,75;64,84;64,63;64,72
23/10/2023 09:00;64,79;65,13;64,59;64,74
20/10/2023 17:05;64,95;65,06;64,82;64,97
20/10/2023 15:00;65,23;65,34;64,92;64,95
20/10/2023 13:00;65,39;65,72;65,23;65,23
20/10/2023 11:00;65,44;65,63;65,16;65,36
20/10/2023 09:00;65,92;65,95;65,15;65,43
19/10/2023 17:05;65,58;65,92;65,57;65,88
19/10/2023 15:00;65,56;66,05;65,4;65,68
19/10/2023 13:00;64,68;65,85;64,6;65,55
19/10/2023 11:00;64,71;64,82;64,59;64,71
19/10/2023 09:00;64,51;64,91;64,44;64,7
18/10/2023 17:05;64,87;65,07;64,82;65,07
18/10/2023 15:00;64,77;65,03;64,67;64,86
18/10/2023 13:00;64,92;64,94;64,59;64,79
18/10/2023 11:00;65,01;65,11;64,72;64,95
18/10/2023 09:00;64,86;65,2;64,38;65
17/10/2023 17:05;65,07;65,4;64,97;65,15
17/10/2023 15:00;65,76;65,83;64,74;64,95
17/10/2023 13:00;66,01;66,08;65,66;65,74
17/10/2023 11:00;66,02;66,06;65,66;66
17/10/2023 09:00;65,74;66,07;65,74;66,05
16/10/2023 17:05;66,3;66,31;66,15;66,18
16/10/2023 15:00;66,5;66,5;66,28;66,42
16/10/2023 13:00;66,54;66,67;66,36;66,44
16/10/2023 11:00;66,43;66,62;66,26;66,54
16/10/2023 09:00;66,39;66,8;66,09;66,41
13/10/2023 17:05;66,73;66,85;66,58;66,68
13/10/2023 15:00;66,73;66,85;66,6;66,68
13/10/2023 13:00;66,74;66,88;66,63;66,74
13/10/2023 11:00;66,85;66,92;66,42;66,73
13/10/2023 09:00;66,39;67,36;66,26;66,86
11/10/2023 17:05;65,77;65,91;65,71;65,88
11/10/2023 15:00;65,71;65,93;65,55;65,8
11/10/2023 13:00;65,62;65,75;65,46;65,69
11/10/2023 11:00;65,49;65,7;65,39;65,61
11/10/2023 09:00;65,45;65,6;65,02;65,49
10/10/2023 17:05;64,75;65,19;64,74;64,82
10/10/2023 15:00;64,77;65,09;64,71;64,89
10/10/2023 13:00;64,66;64,89;64,57;64,79
10/10/2023 11:00;65,12;65,12;64,48;64,6
10/10/2023 09:00;65,48;65,6;64,6;65,1
09/10/2023 17:05;65,74;65,77;65,5;65,56
09/10/2023 15:00;65,72;65,82;65,4;65,7
09/10/2023 13:00;65,75;65,91;65,6;65,74
09/10/2023 11:00;65,47;65,77;65,42;65,77
09/10/2023 09:00;65,56;66,08;65,36;65,48
06/10/2023 17:05;65,09;65,24;65,07;65,24
06/10/2023 15:00;65,2;65,31;65;65,1
06/10/2023 13:00;65,24;65,45;65,07;65,21
06/10/2023 11:00;65,34;65,93;65,13;65,24
06/10/2023 09:00;65,4;65,66;64,86;65,35
05/10/2023 17:05;65,26;65,4;65,18;65,24
05/10/2023 15:00;65,11;65,45;65,05;65,26
05/10/2023 13:00;64,74;65,28;64,59;65,12
05/10/2023 11:00;64,12;64,88;64,12;64,76
05/10/2023 09:00;64,38;64,76;63,86;64,15
04/10/2023 17:05;64,38;64,52;64,23;64,27
04/10/2023 15:00;64,26;64,38;63,91;64,38
04/10/2023 13:00;63,87;64,55;63,8;64,27
04/10/2023 11:00;63,7;63,97;63,68;63,86
04/10/2023 09:00;63,99;64,28;63,64;63,71
03/10/2023 17:05;64,27;64,57;64,18;64,54
03/10/2023 15:00;64,03;64,16;63,97;64,16
03/10/2023 13:00;63,99;64,16;63,87;64,03
03/10/2023 11:00;63,59;64,11;63,53;63,99
03/10/2023 09:00;63,71;64,16;63,52;63,54
02/10/2023 17:05;63,67;63,81;63,57;63,8
02/10/2023 15:00;63,48;63,76;63,47;63,68
02/10/2023 13:00;63,33;63,58;63,26;63,5
02/10/2023 11:00;63,05;63,41;63,03;63,35
02/10/2023 09:00;62,82;63,26;62,8;63,04
29/09/2023 17:05;62,62;62,66;62,39;62,55
29/09/2023 15:00;62,23;62,64;62,19;62,62
29/09/2023 13:00;62,4;62,61;62,07;62,24
29/09/2023 11:00;62,52;62,61;62,23;62,4
29/09/2023 09:00;62,77;62,81;62,35;62,51
28/09/2023 17:05;62,83;62,9;62,71;62,81
28/09/2023 15:00;62,69;63,05;62,56;62,84
28/09/2023 13:00;62,3;62,69;62,27;62,66
28/09/2023 11:00;62,7;62,77;62,23;62,32
28/09/2023 09:00;62,59;62,79;62,07;62,71
27/09/2023 17:05;62,81;62,85;62,68;62,76
27/09/2023 15:00;62,85;63,01;62,55;62,65
27/09/2023 13:00;62,46;63,01;62,42;62,88
27/09/2023 11:00;62,39;62,69;62,35;62,47
27/09/2023 09:00;62,03;62,74;62,01;62,41
26/09/2023 17:05;61,96;61,96;61,79;61,89
26/09/2023 15:00;62,11;62,12;61,94;61,95
26/09/2023 13:00;62;62,3;61,75;62,11
26/09/2023 11:00;62;62,02;61,73;62
26/09/2023 09:00;62,44;62,46;61,83;61,97
25/09/2023 17:05;62,22;62,23;62;62,12
25/09/2023 15:00;61,98;62,35;61,8;62,29
25/09/2023 13:00;61,45;62,09;61,42;62
25/09/2023 11:00;61,45;61,6;61,21;61,43
25/09/2023 09:00;61,17;61,63;61,12;61,44
22/09/2023 17:05;61,05;61,15;60,94;60,94
22/09/2023 15:00;60,99;61,16;60,84;61,05
22/09/2023 13:00;60,97;61,08;60,79;60,97
22/09/2023 11:00;61,01;61,03;60,85;60,95
22/09/2023 09:00;60,84;61,04;60,71;61,02
21/09/2023 17:05;60,84;60,88;60,57;60,87
21/09/2023 15:00;61,08;61,13;60,84;60,87
21/09/2023 13:00;61,07;61,17;60,94;61,1
21/09/2023 11:00;61,09;61,32;61,05;61,08
21/09/2023 09:00;61,27;61,42;60,85;61,09
20/09/2023 17:05;61,35;61,5;61,33;61,48
20/09/2023 15:00;61,29;61,42;61,16;61,32
20/09/2023 13:00;61,19;61,36;61,16;61,27
20/09/2023 11:00;61,14;61,31;61,07;61,19
20/09/2023 09:00;61,37;61,49;61;61,16
19/09/2023 17:05;61,26;61,34;61;61,05
19/09/2023 15:00;61,32;61,74;61,12;61,19
19/09/2023 13:00;60,91;61,45;60,85;61,32
19/09/2023 11:00;60,9;60,99;60,62;60,92
19/09/2023 09:00;61,35;61,58;60,49;60,91
18/09/2023 17:05;61,5;61,53;61,27;61,35
18/09/2023 15:00;61,73;61,81;61,53;61,59
18/09/2023 13:00;61,76;61,86;61,72;61,73
18/09/2023 11:00;61,73;61,85;61,72;61,77
18/09/2023 09:00;62,34;62,62;61,6;61,73
15/09/2023 17:05;62,44;62,55;62,34;62,5
15/09/2023 15:00;61,86;62,5;61,86;62,41
15/09/2023 13:00;61,49;61,86;61,49;61,86
15/09/2023 11:00;61,74;61,81;61,35;61,47
15/09/2023 09:00;61,83;62,09;61,48;61,76
14/09/2023 17:05;61,66;61,83;61,65;61,8
14/09/2023 15:00;61,3;61,69;61,17;61,59
14/09/2023 13:00;61,23;61,32;61,17;61,28
14/09/2023 11:00;61,27;61,28;61,2;61,24
14/09/2023 09:00;61,39;61,57;61,07;61,28
13/09/2023 17:05;61,22;61,69;61,05;61,57
13/09/2023 15:00;61,21;61,39;61,16;61,22
13/09/2023 13:00;61,22;61,37;61,18;61,21
13/09/2023 11:00;61,41;61,41;61,16;61,21
13/09/2023 09:00;61,24;61,64;61;61,44
12/09/2023 17:05;61,33;61,43;61,21;61,43
12/09/2023 15:00;61,44;61,58;61,33;61,43
12/09/2023 13:00;61,09;61,7;60,98;61,44
12/09/2023 11:00;61,03;61,31;60,98;61,24
12/09/2023 09:00;61,65;61,66;60,83;61,04
11/09/2023 17:05;61,99;62,25;61,76;62,1
11/09/2023 15:00;61,96;61,99;61,82;61,99
11/09/2023 13:00;61,65;61,98;61,63;61,96
11/09/2023 11:00;61,74;61,75;61,28;61,65
11/09/2023 09:00;61,74;61,86;61,44;61,72
08/09/2023 17:05;61,48;61,49;61,21;61,43
08/09/2023 15:00;61,82;61,89;61,48;61,48
08/09/2023 13:00;61,75;61,93;61,67;61,82
08/09/2023 11:00;61,63;61,86;61,52;61,75
08/09/2023 09:00;61,48;61,91;61,4;61,63
06/09/2023 17:05;61,8;62,05;61,76;61,96
06/09/2023 15:00;61,92;61,98;61,8;61,92
06/09/2023 13:00;61,19;61,99;61,19;61,9
06/09/2023 11:00;61,19;61,26;61,05;61,2
06/09/2023 09:00;61,14;61,31;61,02;61,2
05/09/2023 17:05;60,86;60,98;60,81;60,91
05/09/2023 15:00;60,47;60,89;60,47;60,86
05/09/2023 13:00;60,36;60,47;60,3;60,47
05/09/2023 11:00;60,25;60,38;60,23;60,33
05/09/2023 09:00;60,3;60,47;60,15;60,25
04/09/2023 17:05;60,27;60,34;60,15;60,15
04/09/2023 15:00;60,19;60,36;60,1;60,27
04/09/2023 13:00;60,28;60,38;60,09;60,15
04/09/2023 11:00;60,18;60,41;60,18;60,27
04/09/2023 09:00;60,33;60,53;60,09;60,15
01/09/2023 17:05;59,86;60,01;59,84;59,91
01/09/2023 15:00;60,03;60,03;59,87;59,96
01/09/2023 13:00;59,87;60,06;59,8;60
01/09/2023 11:00;59,83;59,94;59,62;59,88
01/09/2023 09:00;60,07;60,27;59,79;59,81
31/08/2023 17:05;59,95;60,07;59,91;60,05
31/08/2023 15:00;59,96;60;59,85;59,91
31/08/2023 13:00;60,13;60,22;59,94;60,02
31/08/2023 11:00;59,8;60,15;59,79;60,13
31/08/2023 09:00;60,28;60,33;59,79;59,8
30/08/2023 17:05;59,79;59,86;59,79;59,86
30/08/2023 15:00;59,89;59,89;59,77;59,79
30/08/2023 13:00;59,86;60,02;59,83;59,88
30/08/2023 11:00;60,04;60,05;59,78;59,86
30/08/2023 09:00;60,45;60,48;59,88;60,04
29/08/2023 17:05;60,23;60,41;60,16;60,3
29/08/2023 15:00;60,69;60,69;60,02;60,27
29/08/2023 13:00;60,65;60,74;60,59;60,69
29/08/2023 11:00;60,71;60,81;60,64;60,69
29/08/2023 09:00;60,75;60,8;60,48;60,69
28/08/2023 17:05;60,8;60,94;60,64;60,69
28/08/2023 15:00;60,86;61,09;60,77;60,81
28/08/2023 13:00;60,64;61,04;60,55;60,86
28/08/2023 11:00;60,82;60,85;60,58;60,66
28/08/2023 09:00;60,8;60,86;60,56;60,85
25/08/2023 17:05;60,86;60,86;60,73;60,86
25/08/2023 15:00;60,95;61,14;60,86;61,08
25/08/2023 13:00;61,03;61,14;60,93;60,98
25/08/2023 11:00;60,75;61,09;60,75;61,03
25/08/2023 09:00;60,59;60,82;60,24;60,75
24/08/2023 17:05;61;61,11;60,94;61,07
24/08/2023 15:00;60,89;61,03;60,62;60,92
24/08/2023 13:00;61,01;61,14;60,84;60,89
24/08/2023 11:00;60,63;61,1;60,42;61,01
24/08/2023 09:00;60,68;60,86;60,31;60,63
23/08/2023 17:05;60,3;60,49;60,19;60,24
23/08/2023 15:00;60,58;60,78;60,3;60,33
23/08/2023 13:00;60,3;60,98;60,22;60,58
23/08/2023 11:00;60,62;60,65;60,06;60,3
23/08/2023 09:00;60,62;60,98;60,36;60,58
22/08/2023 17:05;60,63;60,63;60,46;60,46
22/08/2023 15:00;59,94;60,73;59,94;60,69
22/08/2023 13:00;59,93;60,06;59,91;59,92
22/08/2023 11:00;60,11;60,14;59,77;59,93
22/08/2023 09:00;60,38;60,51;59,81;60,11
21/08/2023 17:05;60,51;60,51;60,07;60,29
21/08/2023 15:00;60,49;60,51;60,2;60,3
21/08/2023 13:00;60,95;61,04;60,42;60,53
21/08/2023 11:00;61,74;61,79;60,91;60,95
21/08/2023 09:00;61,57;61,93;61,25;61,74
18/08/2023 17:05;61,2;61,54;61,1;61,43
18/08/2023 15:00;61,25;61,35;61;61,25
18/08/2023 13:00;61,18;61,28;60,94;61,25
18/08/2023 11:00;60,89;61,43;60,89;61,19
18/08/2023 09:00;60,83;61,09;60,55;60,87
17/08/2023 17:05;60,41;61,1;60,28;60,74
17/08/2023 15:00;60,09;60,54;59,91;60,47
17/08/2023 13:00;60,27;60,37;60,02;60,07
17/08/2023 11:00;59,71;60,6;59,7;60,3
17/08/2023 09:00;59,57;59,77;59,4;59,68
16/08/2023 17:05;59,96;59,96;59,51;59,86
16/08/2023 15:00;59,83;59,95;59,69;59,88
16/08/2023 13:00;59,74;60,14;59,74;59,79
16/08/2023 11:00;59,72;59,8;59,67;59,75
16/08/2023 09:00;59,63;60,04;59,45;59,72
15/08/2023 17:05;59,38;59,51;59,34;59,35
15/08/2023 15:00;59,49;59,54;59,32;59,36
15/08/2023 13:00;59,68;59,75;59,45;59,51
15/08/2023 11:00;59,77;59,95;59,59;59,68
15/08/2023 09:00;59,74;59,91;59,3;59,81
14/08/2023 17:05;59,65;59,75;59,53;59,74
14/08/2023 15:00;59,77;59,96;59,75;59,81
14/08/2023 13:00;59,92;60;59,54;59,77
14/08/2023 11:00;60,19;60,39;59,87;59,92
14/08/2023 09:00;60,3;60,65;59,84;60,12
11/08/2023 17:05;60,42;60,63;60,36;60,6
11/08/2023 15:00;60,55;60,75;59,92;60,54
11/08/2023 13:00;61,38;61,65;60,37;60,53
11/08/2023 11:00;61,71;61,74;61,33;61,33
11/08/2023 09:00;61,88;61,88;61,56;61,73
10/08/2023 17:05;61,79;61,95;61,76;61,9
10/08/2023 15:00;62,2;62,27;61,76;61,76
10/08/2023 13:00;61,71;62,25;61,65;62,25
10/08/2023 11:00;61,95;62,09;61,65;61,71
10/08/2023 09:00;61,97;62,32;61,76;61,95
09/08/2023 17:05;62,02;62,22;61,84;62,09
09/08/2023 15:00;62,41;62,51;62,1;62,1
09/08/2023 13:00;62,64;62,69;62,35;62,43
09/08/2023 11:00;62,68;62,89;62,6;62,64
09/08/2023 09:00;62,73;62,84;62,49;62,68
08/08/2023 17:05;62,81;63,06;62,76;62,89
08/08/2023 15:00;62,69;62,89;62,54;62,84
08/08/2023 13:00;62,68;62,89;62,46;62,7
08/08/2023 11:00;62,4;63,12;62,35;62,7
08/08/2023 09:00;61,88;62,55;61,88;62,44
07/08/2023 17:05;62,1;62,32;61,91;62,32
07/08/2023 15:00;61,76;62,22;61,71;62,16
07/08/2023 13:00;61,57;61,76;61,43;61,76
07/08/2023 11:00;61,39;61,91;61,34;61,57
07/08/2023 09:00;61,64;61,64;61,26;61,42
04/08/2023 17:05;61,82;61,92;61,62;61,65
04/08/2023 15:00;62,41;62,52;61,54;61,83
04/08/2023 13:00;62,59;62,68;62,11;62,44
04/08/2023 11:00;62,57;62,88;62,44;62,6
04/08/2023 09:00;63,04;63,04;62,52;62,61
03/08/2023 17:05;62,52;62,76;62,44;62,62
03/08/2023 15:00;62,38;62,6;62,33;62,42
03/08/2023 13:00;62,43;62,5;62,25;62,38
03/08/2023 11:00;62,42;62,62;62,34;62,43
03/08/2023 09:00;62,1;62,59;62,07;62,45
02/08/2023 17:05;62,44;62,64;62,27;62,28
02/08/2023 15:00;62,1;62,7;62,1;62,45
02/08/2023 13:00;62,15;62,33;62,06;62,1
02/08/2023 11:00;62,34;62,34;61,93;62,15
02/08/2023 09:00;62,68;62,82;62,18;62,34
01/08/2023 17:05;62,58;62,71;62,33;62,47
01/08/2023 15:00;62,35;62,71;62,26;62,57
01/08/2023 13:00;62;62,37;61,96;62,35
01/08/2023 11:00;62,07;62,15;61,89;62
01/08/2023 09:00;61,92;62,29;61,7;62,07
31/07/2023 17:05;62,64;62,99;62,46;62,61
31/07/2023 15:00;62,06;62,55;61,98;62,44
31/07/2023 13:00;61,99;62,19;61,88;62,05
31/07/2023 11:00;62,29;62,35;61,99;61,99
31/07/2023 09:00;62,33;62,47;62,1;62,28
28/07/2023 17:05;62,73;62,89;62,67;62,69
28/07/2023 15:00;63,09;63,11;62,79;63
28/07/2023 13:00;63,31;63,31;63,06;63,12
28/07/2023 11:00;62,97;63,57;62,93;63,34
28/07/2023 09:00;63,9;64,22;62,84;62,96
27/07/2023 17:05;64,51;64,59;64,15;64,37
27/07/2023 15:00;63,53;64,58;63,48;64,36
27/07/2023 13:00;63,93;63,99;63,46;63,53
27/07/2023 11:00;63,95;64,02;63,84;63,93
27/07/2023 09:00;63,8;64,2;63,69;63,96
26/07/2023 17:05;63,58;63,79;63,51;63,68
26/07/2023 15:00;63,95;63,96;63,62;63,87
26/07/2023 13:00;63,71;64,09;63,7;63,96
26/07/2023 11:00;64,23;64,33;63,68;63,76
26/07/2023 09:00;64,24;64,36;63,57;64,23
25/07/2023 17:05;64,4;64,65;64,36;64,37
25/07/2023 15:00;64,76;64,99;64,53;64,64
25/07/2023 13:00;65,03;65,09;64,64;64,74
25/07/2023 11:00;64,91;65,26;64,81;65,08
25/07/2023 09:00;65,36;65,36;64,44;64,92
24/07/2023 17:05;65,7;65,71;65,2;65,43
24/07/2023 15:00;65,84;65,94;65,09;65,56
24/07/2023 13:00;65,56;66,03;65,37;65,86
24/07/2023 11:00;65,72;65,87;65,37;65,56
24/07/2023 09:00;66,49;66,49;65,44;65,74
21/07/2023 17:05;64,55;64,64;64,31;64,46
21/07/2023 15:00;63,77;64,77;63,73;64,45
21/07/2023 13:00;63,56;63,85;63,43;63,79
21/07/2023 11:00;63,75;64,02;63,51;63,58
21/07/2023 09:00;63,68;64,22;63,17;63,71
20/07/2023 17:05;65;65,24;64,93;65,07
20/07/2023 15:00;64,72;65,03;64,58;64,98
20/07/2023 13:00;65;65,46;64,47;64,7
20/07/2023 11:00;65,29;65,35;64,42;65
20/07/2023 09:00;66,4;66,86;65,16;65,27
19/07/2023 17:05;67,1;67,1;66,54;66,54
19/07/2023 15:00;66,95;67,29;66,74;66,94
19/07/2023 13:00;67,4;67,48;66,51;66,95
19/07/2023 11:00;67,1;67,85;66,3;67,4
19/07/2023 09:00;66,65;67,96;66,62;67,1
18/07/2023 17:05;65,35;65,36;65,15;65,15
18/07/2023 15:00;65,43;65,54;64,83;65,03
18/07/2023 13:00;64,62;65,56;64,54;65,45
18/07/2023 11:00;63,82;64,81;63,82;64,64
18/07/2023 09:00;63,47;64,02;63,22;63,82
17/07/2023 17:05;62,69;63,11;62,67;62,81
17/07/2023 15:00;63,33;63,39;62,33;62,96
17/07/2023 13:00;63,44;63,5;63,23;63,31
17/07/2023 11:00;63,43;63,57;63,13;63,43
17/07/2023 09:00;64,09;64,18;63,42;63,43
14/07/2023 17:05;63,51;63,57;63,37;63,57
14/07/2023 15:00;63,51;63,57;63,34;63,5
14/07/2023 13:00;63,21;63,55;63,13;63,51
14/07/2023 11:00;63,2;63,31;63,03;63,21
14/07/2023 09:00;63,59;63,77;62,89;63,23
13/07/2023 17:05;63,23;63,4;63,14;63,23
13/07/2023 15:00;63;63,34;63;63,25
13/07/2023 13:00;62,8;63,23;62,7;63,07
13/07/2023 11:00;62,55;63,04;62,46;62,8
13/07/2023 09:00;62,53;62,87;62,23;62,6
12/07/2023 17:05;62,41;62,89;62,23;62,25
12/07/2023 15:00;62,33;62,44;62,22;62,44
12/07/2023 13:00;63,31;63,34;62,1;62,33
12/07/2023 11:00;63,09;64,19;63;63,3
12/07/2023 09:00;63,67;63,67;62,94;63,04
11/07/2023 17:05;63,57;63,78;63,19;63,29
11/07/2023 15:00;63,12;63,46;63,03;63,43
11/07/2023 13:00;63,02;63,34;62,63;63,13
11/07/2023 11:00;63,23;63,34;62,79;63,04
11/07/2023 09:00;62,78;63,5;62,44;63,23
10/07/2023 17:05;62,95;62,95;61,99;62,05
10/07/2023 15:00;63,49;63,49;62,79;63,12
10/07/2023 13:00;63,34;63,96;63,33;63,49
10/07/2023 11:00;63,19;63,46;63,07;63,35
10/07/2023 09:00;63,34;63,62;62,72;63,13
07/07/2023 17:05;62,36;62,55;62,34;62,44
07/07/2023 15:00;62,5;62,67;62,44;62,45
07/07/2023 13:00;62,67;62,68;62,44;62,46
07/07/2023 11:00;62,58;62,84;62,38;62,69
07/07/2023 09:00;63,12;63,21;62,44;62,6
06/07/2023 17:05;63,8;64,19;63,79;63,79
06/07/2023 15:00;63,57;63,85;63,5;63,78
06/07/2023 13:00;63,28;63,68;63,21;63,57
06/07/2023 11:00;63,15;63,34;62,95;63,29
06/07/2023 09:00;63,17;63,42;62,91;63,12
05/07/2023 17:05;62,52;63,12;62,44;62,78
05/07/2023 15:00;63;63;62,28;62,49
05/07/2023 13:00;62,78;63,41;62,61;63,07
05/07/2023 11:00;63,71;64;62,22;62,82
05/07/2023 09:00;63,53;64,11;62,43;63,74
04/07/2023 17:05;63,41;63,68;63,26;63,68
04/07/2023 15:00;62,88;64,36;62,84;63,68
04/07/2023 13:00;62,31;62,89;61,88;62,88
04/07/2023 11:00;62,5;62,7;62,24;62,32
04/07/2023 09:00;62,5;62,88;62,11;62,5
03/07/2023 17:05;62,23;62,49;62,05;62,24
03/07/2023 15:00;61,97;62,33;61,76;62,33
03/07/2023 13:00;61,54;62,53;61,48;62
03/07/2023 11:00;61,73;61,99;61,49;61,55
03/07/2023 09:00;62,93;63,57;61,25;61,72
30/06/2023 17:05;61,99;62,51;61,99;62,5
30/06/2023 15:00;62,33;62,53;61,9;62,36
30/06/2023 13:00;64,2;64,36;61,62;62,33
30/06/2023 11:00;64,39;64,51;63,86;64,18
30/06/2023 09:00;63,58;64,68;63,48;64,38
29/06/2023 17:05;63,79;63,79;63,37;63,46
29/06/2023 15:00;63,66;64,02;63,46;63,77
29/06/2023 13:00;63,41;63,95;63,14;63,65
29/06/2023 11:00;63,76;64,03;63,34;63,41
29/06/2023 09:00;64,55;64,55;63,47;63,76
28/06/2023 17:05;64,62;64,68;64,47;64,58
28/06/2023 15:00;64,66;64,81;64,53;64,68
28/06/2023 13:00;64,89;65,2;64,49;64,66
28/06/2023 11:00;64,53;65,08;64,37;64,86
28/06/2023 09:00;64,84;65,07;64,18;64,55
27/06/2023 17:05;65,87;66,33;65,28;65,29
27/06/2023 15:00;65,43;65,94;65,39;65,88
27/06/2023 13:00;65,48;65,72;65,26;65,42
27/06/2023 11:00;65,73;65,94;65,44;65,5
27/06/2023 09:00;65,26;66,04;65;65,72
26/06/2023 17:05;68,31;69,71;68,31;69,09
26/06/2023 15:00;66,61;68,19;66,54;68,08
26/06/2023 13:00;66,54;66,77;66,28;66,65
26/06/2023 11:00;67,03;67,1;66,05;66,56
26/06/2023 09:00;67,4;68,12;66,39;67,05
23/06/2023 17:05;67,46;67,64;67,23;67,5
23/06/2023 15:00;68,39;68,73;67,51;67,52
23/06/2023 13:00;68,02;68,55;67,55;68,36
23/06/2023 11:00;67,72;68,19;67,47;68,04
23/06/2023 09:00;69,32;69,93;67,66;67,72
22/06/2023 17:05;70,89;70,89;69,78;70,31
22/06/2023 15:00;71,06;71,54;70,45;70,82
22/06/2023 13:00;71,12;71,46;70,91;71,09
22/06/2023 11:00;71,5;71,78;70,78;71,12
22/06/2023 09:00;71,01;72,07;70,67;71,49
21/06/2023 17:05;72,96;72,96;72,44;72,81
21/06/2023 15:00;72,66;72,66;72,51;72,66
21/06/2023 13:00;72,1;72,66;72,01;72,66
21/06/2023 11:00;72,2;72,24;71,58;72,09
21/06/2023 09:00;71,99;72,53;71,5;72,2
20/06/2023 17:05;69,37;71,4;69,26;71,22
20/06/2023 15:00;69,03;69,34;68,99;69,26
20/06/2023 13:00;68,53;69,32;68,26;69,05
20/06/2023 11:00;68,08;69,26;67,98;68,53
20/06/2023 09:00;67,99;69,65;67,74;68,08
19/06/2023 17:05;69,1;69,25;68,75;68,94
19/06/2023 15:00;68,97;69,17;68,64;69,06
19/06/2023 13:00;68,38;69,38;68,38;68,97
19/06/2023 11:00;68,14;68,57;67,87;68,37
19/06/2023 09:00;69,09;69,14;67,07;68,13
16/06/2023 17:05;69,49;69,89;69,37;69,88
16/06/2023 15:00;69,15;69,88;69,11;69,79
16/06/2023 13:00;69,06;69,24;68,81;69,16
16/06/2023 11:00;68,81;69,78;68,46;69,08
16/06/2023 09:00;67,63;69,6;67,55;68,83
15/06/2023 17:05;66,93;67,49;66,67;67,39
15/06/2023 15:00;66,66;67,03;66,3;66,77
15/06/2023 13:00;66,1;66,94;65,44;66,63
15/06/2023 11:00;65,71;66,44;65,6;66,1
15/06/2023 09:00;65,36;65,78;65,18;65,71
14/06/2023 17:05;64,93;65,19;64,51;64,55
14/06/2023 15:00;64,68;65,37;64,64;65,09
14/06/2023 13:00;64,54;64,95;64,53;64,63
14/06/2023 11:00;64,31;64,79;64,3;64,56
14/06/2023 09:00;64,24;64,67;64,24;64,31
13/06/2023 17:05;64,7;64,73;63,99;64,55
13/06/2023 15:00;65,44;65,47;64,82;64,82
13/06/2023 13:00;65,88;65,94;65,26;65,48
13/06/2023 11:00;65,79;65,94;65,59;65,9
13/06/2023 09:00;65,66;66,15;65,23;65,77
12/06/2023 17:05;65,19;65,24;65,04;65,18
12/06/2023 15:00;65,15;65,48;65,04;65,26
12/06/2023 13:00;65,39;65,39;64,81;65,16
12/06/2023 11:00;65,39;65,6;65,1;65,43
12/06/2023 09:00;65,61;66,22;65,06;65,44
09/06/2023 17:05;64,82;65,15;64,79;65,07
09/06/2023 15:00;65,2;65,27;64,7;64,81
09/06/2023 13:00;64,81;65,35;64,48;65,2
09/06/2023 11:00;65,36;65,44;64,72;64,81
09/06/2023 09:00;64,86;65,99;64,64;65,41
07/06/2023 17:05;65;65,15;64,86;64,86
07/06/2023 15:00;64,51;65,08;64,38;64,92
07/06/2023 13:00;64,67;64,74;64,31;64,49
07/06/2023 11:00;64,9;64,9;64,3;64,67
07/06/2023 09:00;64,86;65,25;64,64;64,85
06/06/2023 17:05;64,49;64,56;64,39;64,53
06/06/2023 15:00;64,29;64,54;64,24;64,46
06/06/2023 13:00;64,68;64,7;63,86;64,29
06/06/2023 11:00;64,92;65,12;64,46;64,64
06/06/2023 09:00;64,84;65,35;64,54;64,89
05/06/2023 17:05;64,27;64,53;64,26;64,42
05/06/2023 15:00;64,41;64,58;64,24;64,36
05/06/2023 13:00;64,46;64,99;64,29;64,45
05/06/2023 11:00;65,23;65,23;64,2;64,48
05/06/2023 09:00;65,07;65,81;64,72;65,29
02/06/2023 17:05;65,33;65,71;65,09;65,15
02/06/2023 15:00;66,39;66,61;64,65;65,32
02/06/2023 13:00;65,51;66,63;65,51;66,37
02/06/2023 11:00;65,26;65,6;65,15;65,52
02/06/2023 09:00;65,41;66,25;64,86;65,3
01/06/2023 17:05;66,24;66,24;65,84;66,05
01/06/2023 15:00;65,51;66,44;65,41;66,27
01/06/2023 13:00;65,12;65,83;64,81;65,5
01/06/2023 11:00;65,13;65,44;64,89;65,13
01/06/2023 09:00;64,58;65,56;64,41;65,19
31/05/2023 17:05;64,79;65;64,08;64,08
31/05/2023 15:00;64,02;64,62;63,9;64,58
31/05/2023 13:00;64,13;64,5;63,69;64,01
31/05/2023 11:00;64,32;65,15;63,87;64,11
31/05/2023 09:00;63,13;64,56;63,13;64,29
30/05/2023 17:05;65,37;65,91;64,73;64,93
30/05/2023 15:00;66,46;66,56;66,25;66,25
30/05/2023 13:00;66,79;66,81;66,4;66,45
30/05/2023 11:00;67,82;67,95;66,5;66,79
30/05/2023 09:00;69,37;69,37;67,41;67,74
29/05/2023 17:05;69,65;69,77;69,52;69,71
29/05/2023 15:00;69,4;69,87;69,28;69,71
29/05/2023 13:00;69,2;69,51;68,79;69,4
29/05/2023 11:00;68,97;69,8;68,64;69,2
29/05/2023 09:00;68,97;70,2;68;68,96
26/05/2023 17:05;69,07;69,29;68,89;68,9
26/05/2023 15:00;67,95;69,27;67,9;69,09
26/05/2023 13:00;68,1;69,49;67,74;67,95
26/05/2023 11:00;67,36;68,18;67,17;68,08
26/05/2023 09:00;67,29;67,75;66,99;67,38
25/05/2023 17:05;66,41;66,41;66;66,34
25/05/2023 15:00;66,07;66,74;66,01;66,27
25/05/2023 13:00;66,08;66,16;65,6;66,07
25/05/2023 11:00;66,63;66,86;65,99;66,09
25/05/2023 09:00;65,81;66,88;65,16;66,61
24/05/2023 17:05;66,45;66,61;65,83;66,05
24/05/2023 15:00;66,53;67,29;66,27;66,39
24/05/2023 13:00;66,66;67,29;66,17;66,49
24/05/2023 11:00;65,52;67,63;65,45;66,65
24/05/2023 09:00;66,05;66,15;64,93;65,5
23/05/2023 17:05;66,77;66,78;65,96;66,37
23/05/2023 15:00;64,67;66,84;64,67;66,61
23/05/2023 13:00;63,99;64,81;63,91;64,67
23/05/2023 11:00;63,87;64,04;63,76;64,02
23/05/2023 09:00;63,48;63,94;63,14;63,91
22/05/2023 17:05;64,28;64,28;63,3;63,55
22/05/2023 15:00;64,55;65,01;64,22;64,3
22/05/2023 13:00;64,24;64,77;63,99;64,56
22/05/2023 11:00;64,15;64,58;63,74;64,24
22/05/2023 09:00;65,1;65,54;64,03;64,13
19/05/2023 17:05;64,72;65,25;64,53;64,94
19/05/2023 15:00;64,42;64,9;63,83;64,54
19/05/2023 13:00;64,06;65,06;63,69;64,37
19/05/2023 11:00;63,75;65,12;63,57;64,04
19/05/2023 09:00;62,67;64,12;62,67;63,79
18/05/2023 17:05;63,55;63,55;62,75;62,84
18/05/2023 15:00;62,89;63,75;62,88;63,46
18/05/2023 13:00;62,76;63,06;62,55;62,89
18/05/2023 11:00;62,62;63,11;62,13;62,67
18/05/2023 09:00;63,97;64,17;61,47;62,67
17/05/2023 17:05;64,59;64,68;64,44;64,44
17/05/2023 15:00;64,65;64,81;64,53;64,7
17/05/2023 13:00;65,03;65,06;64,64;64,66
17/05/2023 11:00;65,09;65,46;64,83;65,04
17/05/2023 09:00;65,6;65,84;64,98;65,08
16/05/2023 17:05;65,8;66,05;65,8;66,05
16/05/2023 15:00;66,07;66,07;65,52;65,92
16/05/2023 13:00;66,28;66,72;65,61;66,05
16/05/2023 11:00;66,17;66,35;65,82;66,27
16/05/2023 09:00;65,94;66,98;65,48;66,18
15/05/2023 17:05;66,48;66,81;66,44;66,6
15/05/2023 15:00;67,4;67,61;65,97;66,3
15/05/2023 13:00;68,2;68,38;67,28;67,38
15/05/2023 11:00;68,08;68,41;67,93;68,2
15/05/2023 09:00;68,01;68,75;67,55;68,03
12/05/2023 17:05;67,5;67,59;67,34;67,51
12/05/2023 15:00;67,23;67,91;67,23;67,51
12/05/2023 13:00;67,42;68,08;66,95;67,23
12/05/2023 11:00;68,17;68,17;67,36;67,51
12/05/2023 09:00;68,25;68,81;67,73;68,19
11/05/2023 17:05;68,74;69,05;68,66;69,05
11/05/2023 15:00;68,73;69,18;68,38;68,87
11/05/2023 13:00;68,81;69,05;68,27;68,74
11/05/2023 11:00;69,08;69,54;68,81;68,81
11/05/2023 09:00;68,92;69,74;68,38;69,09
10/05/2023 17:05;68,97;69,01;68,64;68,92
10/05/2023 15:00;68,55;69,31;68,34;68,98
10/05/2023 13:00;68,74;68,74;67,87;68,53
10/05/2023 11:00;68,89;69,09;68,43;68,72
10/05/2023 09:00;69,32;69,32;68,43;68,87
09/05/2023 17:05;70,13;70,42;69,74;69,94
09/05/2023 15:00;70,89;71,22;70,09;70,14
09/05/2023 13:00;72,19;72,28;70,67;70,86
09/05/2023 11:00;72,81;73,15;71,94;72,19
09/05/2023 09:00;72,83;73,55;72,7;72,81
08/05/2023 17:05;73,76;73,97;73,5;73,63
08/05/2023 15:00;73,71;74,11;73,66;73,8
08/05/2023 13:00;73,06;73,82;72,97;73,71
08/05/2023 11:00;72,64;73,44;72,6;73,04
08/05/2023 09:00;72,11;73;71,81;72,58
05/05/2023 17:05;72,03;72,28;71,83;72,11
05/05/2023 15:00;71,95;72,12;71,9;72,02
05/05/2023 13:00;72,02;72,12;71,91;71,94
05/05/2023 11:00;72,08;72,18;71,85;72
05/05/2023 09:00;71,47;72,34;71,46;72,08
04/05/2023 17:05;71,85;72,26;71,81;72,13
04/05/2023 15:00;71,57;72,19;71,51;72,02
04/05/2023 13:00;71,69;72;71,02;71,51
04/05/2023 11:00;71,49;71,78;71,15;71,67
04/05/2023 09:00;71,02;72,13;71,02;71,46
03/05/2023 17:05;71,56;71,56;70,98;71,01
03/05/2023 15:00;72,13;72,25;71,04;71,46
03/05/2023 13:00;71,57;72,36;71,07;72,21
03/05/2023 11:00;70,83;71,68;70,78;71,57
03/05/2023 09:00;71,28;71,32;70,36;70,83
02/05/2023 17:05;71,91;72,25;71,74;72,02
02/05/2023 15:00;72,3;72,34;71,93;72,08
02/05/2023 13:00;72,1;72,3;72,09;72,3
02/05/2023 11:00;72,25;72,42;72,08;72,11
02/05/2023 09:00;71,78;72,36;71,37;72,25
28/04/2023 17:05;72,7;73,1;72,7;72,81
28/04/2023 15:00;73,04;73,52;72,87;73,05
28/04/2023 13:00;73,8;73,82;72,64;73,07
28/04/2023 11:00;72,47;74,16;72,47;73,81
28/04/2023 09:00;73,26;73,32;72,3;72,48
27/04/2023 17:05;73,27;73,66;73,27;73,64
27/04/2023 15:00;73,46;73,71;73,37;73,61
27/04/2023 13:00;73,88;73,89;73,32;73,4
27/04/2023 11:00;73,88;74,05;73,88;73,88
27/04/2023 09:00;74,28;74,28;73,37;73,94
26/04/2023 17:05;75,02;75,12;74,5;75,04
26/04/2023 15:00;75,55;75,68;74,99;75,4
26/04/2023 13:00;76,23;76,64;75,19;75,55
26/04/2023 11:00;76,43;77,51;75,83;76,24
26/04/2023 09:00;75,71;77,87;75,52;76,44
25/04/2023 17:05;75,91;76,25;75,52;75,66
25/04/2023 15:00;75,32;75,91;75,3;75,91
25/04/2023 13:00;74,5;75,71;74,25;75,32
25/04/2023 11:00;74,2;74,93;73,98;74,42
25/04/2023 09:00;73,09;76,07;73,09;74,26
24/04/2023 17:05;73,48;73,6;72,86;72,92
24/04/2023 15:00;73,67;73,86;73,49;73,6
24/04/2023 13:00;73,72;74,03;73,32;73,7
24/04/2023 11:00;73,45;74,16;73,42;73,71
24/04/2023 09:00;74,95;75,04;73,04;73,41
20/04/2023 17:05;76,14;76,35;76,14;76,19
20/04/2023 15:00;76,63;76,76;75,94;76,2
20/04/2023 13:00;76,85;76,85;75,18;76,64
20/04/2023 11:00;77,66;77,68;76,83;76,87
20/04/2023 09:00;78,41;78,56;77,6;77,66
19/04/2023 17:05;78,91;79,09;78,91;79,01
19/04/2023 15:00;78,65;79;78,57;78,91
19/04/2023 13:00;78,94;79,23;78,45;78,61
19/04/2023 11:00;78,68;79,12;78,57;78,91
19/04/2023 09:00;79,9;80,07;78,61;78,67
18/04/2023 17:05;80,5;80,73;80,45;80,53
18/04/2023 15:00;80,58;80,78;80,32;80,58
18/04/2023 13:00;80,9;80,9;80,14;80,66
18/04/2023 11:00;82,22;82,26;80,77;80,77
18/04/2023 09:00;82,45;83,21;82,13;82,26
17/04/2023 17:05;82,65;82,73;82,22;82,22
17/04/2023 15:00;83,03;83,08;82,58;82,8
17/04/2023 13:00;83,2;83,21;82,62;83,06
17/04/2023 11:00;83,13;83,37;82,66;83,19
17/04/2023 09:00;84,46;84,46;82,91;83,13
14/04/2023 17:05;85,06;85,28;84,75;84,87
14/04/2023 15:00;84,73;85,1;84,52;85,06
14/04/2023 13:00;84,99;85,1;84,46;84,76
14/04/2023 11:00;84,68;85,23;83,95;85,03
14/04/2023 09:00;83,83;85,56;83,53;84,69
13/04/2023 17:05;84,21;84,49;84,07;84,45
13/04/2023 15:00;83,77;84,87;83,75;84,08
13/04/2023 13:00;83,66;83,93;83,53;83,77
13/04/2023 11:00;84,23;84,34;83,39;83,62
13/04/2023 09:00;85,77;85,81;84,05;84,35
12/04/2023 17:05;85,93;86,02;85,83;85,83
12/04/2023 15:00;85,67;86,19;85,29;85,95
12/04/2023 13:00;85,81;85,9;85,46;85,67
12/04/2023 11:00;85,81;86,25;85,74;85,79
12/04/2023 09:00;87,17;87,18;85,64;85,81
11/04/2023 17:05;87,67;87,67;87,48;87,49
11/04/2023 15:00;88,09;88,09;87,4;87,67
11/04/2023 13:00;88,45;88,45;87,79;88,09
11/04/2023 11:00;88,41;88,75;88,14;88,49
11/04/2023 09:00;90,04;90,22;88;88,42
10/04/2023 17:05;90,44;90,5;90,37;90,37
10/04/2023 15:00;90,51;90,62;90,33;90,44
10/04/2023 13:00;90,94;91,02;90,5;90,56
10/04/2023 11:00;91,24;91,27;90,86;90,94
10/04/2023 09:00;91,36;91,42;91,09;91,19
06/04/2023 17:05;91,59;91,82;91,48;91,74
06/04/2023 15:00;91,48;91,94;91,48;91,65
06/04/2023 13:00;91,65;91,71;91,47;91,48
06/04/2023 11:00;91,88;91,95;91,48;91,66
06/04/2023 09:00;92,01;92,41;91,78;91,88
05/04/2023 17:05;92,05;92,11;91,81;91,99
05/04/2023 15:00;91,35;92,19;91,34;92,19
05/04/2023 13:00;91,99;92,02;91,31;91,36
05/04/2023 11:00;91,96;92,22;91,74;91,97
05/04/2023 09:00;91,08;91,97;90,67;91,97
04/04/2023 17:05;91,59;91,8;91,42;91,44
04/04/2023 15:00;91,93;92,17;91,76;91,76
04/04/2023 13:00;93,56;93,59;91,89;91,91
04/04/2023 11:00;92,98;93,72;92,97;93,57
04/04/2023 09:00;92,62;93,02;92,13;92,97
03/04/2023 17:05;92,9;93,1;92,7;92,9
03/04/2023 15:00;91,88;92,9;91,78;92,85
03/04/2023 13:00;91,73;92,17;91,62;91,89
03/04/2023 11:00;92,34;92,8;91,65;91,78
03/04/2023 09:00;91,76;92,63;91,76;92,34
31/03/2023 17:05;91,75;92,04;91,75;91,88
31/03/2023 15:00;92,56;92,62;91,28;91,52
31/03/2023 13:00;92,98;93,2;92,44;92,56
31/03/2023 11:00;92,82;93,25;92,74;92,98
31/03/2023 09:00;92,97;93,48;92,73;92,77
30/03/2023 17:05;93,12;93,21;92,91;93,03
30/03/2023 15:00;93,95;93,95;92,98;93,14
30/03/2023 13:00;94,24;94,24;93,95;93,95
30/03/2023 11:00;94,52;94,66;93,97;94,24
30/03/2023 09:00;94,8;95,02;94,18;94,52
29/03/2023 17:05;94,75;94,78;94,52;94,62
29/03/2023 15:00;94,13;94,86;94,11;94,64
29/03/2023 13:00;94,1;94,24;93,86;94,15
29/03/2023 11:00;94,15;94,32;94,06;94,06
29/03/2023 09:00;94,87;95,01;94,13;94,17
28/03/2023 17:05;94,87;94,98;94,87;94,98
28/03/2023 15:00;95,11;95,26;94,87;94,87
28/03/2023 13:00;95,34;95,47;95,09;95,1
28/03/2023 11:00;95,89;96;95,27;95,34
28/03/2023 09:00;96,36;96,64;95,74;95,87
27/03/2023 17:05;96,32;96,5;96,25;96,49
27/03/2023 15:00;97,04;97,09;96,25;96,25
27/03/2023 13:00;97,16;97,19;96,97;97,05
27/03/2023 11:00;97,17;97,28;97,01;97,18
27/03/2023 09:00;96,78;97,89;96,78;97,24
24/03/2023 17:05;96,45;96,54;96,43;96,48
24/03/2023 15:00;96,56;96,76;96,36;96,59
24/03/2023 13:00;96,88;96,88;96,43;96,54
24/03/2023 11:00;96,64;96,88;96,58;96,87
24/03/2023 09:00;96,39;96,91;96,03;96,72
23/03/2023 17:05;96,65;96,66;96,48;96,53
23/03/2023 15:00;96,38;96,8;96,16;96,66
23/03/2023 13:00;96,71;96,94;96,33;96,36
23/03/2023 11:00;97;97,04;96,55;96,71
23/03/2023 09:00;96,71;97,04;96,39;96,99
22/03/2023 17:05;96,49;96,82;96,49;96,71
22/03/2023 15:00;96,8;96,94;96,26;96,48
22/03/2023 13:00;97,43;97,43;96,79;96,79
22/03/2023 11:00;97,34;97,51;97,28;97,46
22/03/2023 09:00;97,55;97,85;97,34;97,38
21/03/2023 17:05;98,03;98,03;97,86;97,88
21/03/2023 15:00;98;98,03;97,8;98,03
21/03/2023 13:00;98,09;98,12;97,88;97,96
21/03/2023 11:00;98,29;98,33;97,97;98,11
21/03/2023 09:00;98,32;98,5;98,22;98,31
20/03/2023 17:05;98,79;98,79;98,61;98,61
20/03/2023 15:00;98,69;98,81;98,66;98,76
20/03/2023 13:00;98,71;98,72;98,55;98,66
20/03/2023 11:00;98,63;98,83;98,58;98,64
20/03/2023 09:00;98,79;99,11;98,6;98,6
17/03/2023 17:05;99,26;99,37;99,24;99,24
17/03/2023 15:00;99,42;99,45;99,3;99,34
17/03/2023 13:00;99,52;99,58;99,26;99,4
17/03/2023 11:00;99,44;99,67;99,32;99,57
17/03/2023 09:00;99,78;99,91;99,3;99,44
16/03/2023 17:05;99,73;99,77;99,5;99,76
16/03/2023 15:00;99,72;99,81;99,7;99,76
16/03/2023 13:00;100;100,21;99,7;99,75
16/03/2023 11:00;99,86;100,09;99,7;100
16/03/2023 09:00;100,15;100,36;99,71;99,83
15/03/2023 17:05;100,27;100,42;100,06;100,3
15/03/2023 15:00;100,84;100,85;100,25;100,3
15/03/2023 13:00;100,56;100,91;100,55;100,85
15/03/2023 11:00;100,79;100,79;100,36;100,55
15/03/2023 09:00;100,85;101;100,54;100,81
14/03/2023 17:05;101,02;101,13;100,95;101,07
14/03/2023 15:00;101,04;101,14;100,93;101,02
14/03/2023 13:00;100,93;101,11;100,85;101,04
14/03/2023 11:00;100,91;101,07;100,79;100,94
14/03/2023 09:00;101,19;101,25;100,7;100,91
13/03/2023 17:05;101,02;101,18;100,85;101,08
13/03/2023 15:00;100,64;101,14;100,63;101,08
13/03/2023 13:00;100,39;100,7;100,34;100,62
13/03/2023 11:00;100,45;100,5;100,34;100,39
13/03/2023 09:00;100,06;100,45;99,95;100,45
10/03/2023 17:05;100,27;100,45;100,27;100,33
10/03/2023 15:00;100,31;100,45;100,3;100,34
10/03/2023 13:00;100,27;100,47;100,27;100,32
10/03/2023 11:00;100,22;100,37;100,19;100,3
10/03/2023 09:00;100,04;100,29;99,9;100,24
09/03/2023 17:05;100,39;100,59;100,36;100,41
09/03/2023 15:00;100,8;100,83;100,3;100,4
09/03/2023 13:00;100,77;101,07;100,73;100,77
09/03/2023 11:00;101,37;101,39;100,62;100,81
09/03/2023 09:00;100,29;101,49;100,26;101,42
08/03/2023 17:05;100,27;100,31;100,13;100,16
08/03/2023 15:00;100,48;100,48;100,19;100,27
08/03/2023 13:00;100,55;100,6;100,07;100,46
08/03/2023 11:00;100,32;100,62;100,24;100,56
08/03/2023 09:00;100,33;100,45;100,1;100,31
07/03/2023 17:05;100,4;100,61;100,4;100,49
07/03/2023 15:00;100,09;100,61;100,03;100,59
07/03/2023 13:00;100,39;100,5;100,04;100,1
07/03/2023 11:00;100,06;100,41;100,02;100,39
07/03/2023 09:00;100,02;100,1;99,92;100,07
06/03/2023 17:05;100,13;100,16;100,09;100,09
06/03/2023 15:00;100,1;100,22;100,06;100,13
06/03/2023 13:00;100,44;100,44;100,04;100,09
06/03/2023 11:00;100,33;100,49;100,19;100,4
06/03/2023 09:00;100,04;100,5;100,04;100,37
03/03/2023 17:05;100,44;100,44;100,18;100,23
03/03/2023 15:00;100,44;100,44;100,25;100,32
03/03/2023 13:00;100,4;100,61;100,32;100,44
03/03/2023 11:00;100,44;100,79;100,32;100,39
03/03/2023 09:00;100,4;100,63;100,32;100,48
02/03/2023 17:05;100,32;100,32;100,21;100,32
02/03/2023 15:00;100,27;100,38;99,94;100,32
02/03/2023 13:00;100,08;100,38;100,04;100,29
02/03/2023 11:00;100,3;100,42;100,08;100,08
02/03/2023 09:00;99,93;100,52;99,89;100,31
01/03/2023 17:05;100,07;100,24;99,71;99,8
01/03/2023 15:00;99,99;100,29;99,92;100,02
01/03/2023 13:00;99,8;100,06;99,77;100
01/03/2023 11:00;99,88;99,92;99,65;99,79
01/03/2023 09:00;100,18;100,4;99,86;99,88
28/02/2023 17:05;100,42;100,72;100,39;100,72
28/02/2023 15:00;100,53;100,63;100,26;100,48
28/02/2023 13:00;100,65;100,69;100,33;100,54
28/02/2023 11:00;100,61;100,7;100,5;100,65
28/02/2023 09:00;100,78;100,9;100,46;100,62
27/02/2023 17:05;100,32;100,64;100,17;100,61
27/02/2023 15:00;100,67;100,67;100,22;100,32
27/02/2023 13:00;100,71;100,78;100,56;100,67
27/02/2023 11:00;100,77;100,78;100,44;100,71
27/02/2023 09:00;100,79;100,98;100,65;100,77
24/02/2023 17:05;101,03;101,13;100,92;100,94
24/02/2023 15:00;101,41;101,47;101,11;101,13
24/02/2023 13:00;101,36;101,59;101,24;101,4
24/02/2023 11:00;101;101,39;101;101,34
24/02/2023 09:00;101,36;101,7;101;101,01
23/02/2023 17:05;101,53;101,6;101,44;101,51
23/02/2023 15:00;101,57;101,75;101,41;101,57
23/02/2023 13:00;101,83;101,9;101,49;101,56
23/02/2023 11:00;101,94;102,1;101,71;101,82
23/02/2023 09:00;101,46;102,01;101,33;101,97
22/02/2023 17:05;101,37;101,49;101,24;101,46
22/02/2023 15:00;101,78;102,1;101,49;101,52
22/02/2023 13:00;101,97;102,28;101,64;101,72
17/02/2023 17:05;102,22;102,39;102,17;102,39
17/02/2023 15:00;102,17;102,38;102,1;102,37
17/02/2023 13:00;102,39;102,48;101,94;102,08
17/02/2023 11:00;102,21;102,51;102,1;102,39
17/02/2023 09:00;102,29;102,56;101,84;102,1
16/02/2023 17:05;102,14;102,3;101,99;102,2
16/02/2023 15:00;100,96;102,28;100,95;102,26
16/02/2023 13:00;101,39;101,4;100,9;100,95
16/02/2023 11:00;101,11;101,46;101,08;101,38
16/02/2023 09:00;101,41;101,44;100,92;101,13
15/02/2023 17:05;101,54;101,63;101,48;101,59
15/02/2023 15:00;102,17;102,2;101,46;101,7
15/02/2023 13:00;102,09;102,22;101,91;102,21
15/02/2023 11:00;102,1;102,17;101,71;102,09
15/02/2023 09:00;101,99;102,31;101,77;102,12
14/02/2023 17:05;102,28;102,35;101,86;101,99
14/02/2023 15:00;102,21;102,59;102,12;102,22
14/02/2023 13:00;101,93;102,31;101,64;102,21
14/02/2023 11:00;101,93;102,05;101,7;101,87
14/02/2023 09:00;102,61;102,71;101,93;101,95
13/02/2023 17:05;102,81;102,89;102,75;102,85
13/02/2023 15:00;102,62;102,96;102,61;102,83
13/02/2023 13:00;102,66;102,68;102,52;102,59
13/02/2023 11:00;102,6;102,68;102,39;102,63
13/02/2023 09:00;102,21;102,93;102,16;102,59
10/02/2023 17:05;102,38;102,49;102,33;102,36
10/02/2023 15:00;102,08;102,38;101,77;102,38
10/02/2023 13:00;101,68;102,33;101,61;102,08
10/02/2023 11:00;101,4;101,74;101,16;101,69
10/02/2023 09:00;101,3;101,78;101,3;101,4
09/02/2023 17:05;100,64;100,83;100,41;100,77
09/02/2023 15:00;100,5;100,67;100,45;100,61
09/02/2023 13:00;100,71;100,88;100,49;100,56
09/02/2023 11:00;100,41;100,82;100,29;100,72
09/02/2023 09:00;100,36;100,67;100,09;100,44
08/02/2023 17:05;100,59;100,65;100,29;100,32
08/02/2023 15:00;100,67;100,67;100,29;100,46
08/02/2023 13:00;101,01;101,17;100,5;100,63
08/02/2023 11:00;100,49;101,31;100,41;101,03
08/02/2023 09:00;100,63;100,67;100,29;100,45
07/02/2023 17:05;100,9;100,95;100,78;100,9
07/02/2023 15:00;100,95;101,18;100,84;100,95
07/02/2023 13:00;101,38;101,4;100,88;101,01
07/02/2023 11:00;101,49;101,56;101,38;101,4
07/02/2023 09:00;101,97;102,14;101,42;101,51
06/02/2023 17:05;101,99;102,09;101,82;101,97
06/02/2023 15:00;101,82;102,1;101,75;102,05
06/02/2023 13:00;101,83;101,93;101,7;101,83
06/02/2023 11:00;101,83;101,97;101,8;101,83
06/02/2023 09:00;102,05;102,32;101,64;101,84
03/02/2023 17:05;102,14;102,45;102,1;102,28
03/02/2023 15:00;102,4;102,56;102;102,08
03/02/2023 13:00;102,17;102,61;102,16;102,39
03/02/2023 11:00;102,02;102,43;101,89;102,2
03/02/2023 09:00;101,56;102,09;101,4;102,02
02/02/2023 17:05;102,06;102,2;101,95;102,18
02/02/2023 15:00;102,23;102,74;102,1;102,21
02/02/2023 13:00;102,21;102,28;102,06;102,26
02/02/2023 11:00;102,28;102,36;101,97;102,22
02/02/2023 09:00;103,39;103,6;102,21;102,22
01/02/2023 17:05;103,2;103,25;103,15;103,19
01/02/2023 15:00;102,78;103,2;102,62;103,19
01/02/2023 13:00;102,83;102,85;102,53;102,76
01/02/2023 11:00;102,76;102,91;102,62;102,85
01/02/2023 09:00;102,25;102,85;102,06;102,74
31/01/2023 17:05;102,28;102,35;102,1;102,15
31/01/2023 15:00;102,43;102,56;101,95;102,29
31/01/2023 13:00;102,87;102,87;101,89;102,4
31/01/2023 11:00;102,78;102,97;102,56;102,89
31/01/2023 09:00;102,52;103,19;102,52;102,81
30/01/2023 17:05;102,28;102,61;102;102,49
30/01/2023 15:00;102,2;102,37;102,1;102,31
30/01/2023 13:00;101,34;102,39;101,33;102,2
30/01/2023 11:00;101,33;101,41;101,07;101,34
30/01/2023 09:00;100,98;101,56;100,91;101,33
27/01/2023 17:05;101,07;101,07;100,91;101,01
27/01/2023 15:00;100,9;101,13;100,84;101,07
27/01/2023 13:00;101,4;101,47;100,76;100,9
27/01/2023 11:00;101,7;101,76;101,31;101,45
27/01/2023 09:00;101,7;101,92;101,59;101,71
26/01/2023 17:05;102,23;102,23;102,05;102,1
26/01/2023 15:00;102,23;102,36;102,16;102,22
26/01/2023 13:00;102,31;102,48;102,16;102,23
26/01/2023 11:00;102,1;102,41;101,94;102,29
26/01/2023 09:00;102,77;102,77;102,02;102,1
25/01/2023 17:05;102,51;102,6;102,51;102,55
25/01/2023 15:00;102,43;102,63;102,39;102,51
25/01/2023 13:00;102,6;102,67;102,39;102,45
25/01/2023 11:00;102,91;103,17;102,59;102,6
25/01/2023 09:00;102,97;103,12;102,77;102,91
24/01/2023 17:05;103,29;103,31;102,98;103,14
24/01/2023 15:00;103,24;103,37;103,2;103,29
24/01/2023 13:00;103,22;103,24;103,02;103,21
24/01/2023 11:00;103,47;103,47;103,2;103,2
24/01/2023 09:00;103,77;103,97;103,44;103,48
23/01/2023 17:05;103,65;103,82;103,63;103,73
23/01/2023 15:00;103,27;103,67;103,27;103,66
23/01/2023 13:00;103,27;103,37;103,23;103,31
23/01/2023 11:00;103,89;103,9;103,21;103,27
23/01/2023 09:00;104,12;104,35;103,77;103,89
20/01/2023 17:05;104,12;104,15;104;104
20/01/2023 15:00;104,09;104,13;103,93;104,12
20/01/2023 13:00;104,39;104,39;104,06;104,09
20/01/2023 11:00;104,23;104,46;104,14;104,36
20/01/2023 09:00;104,06;104,63;103,82;104,23
19/01/2023 17:05;104,26;104,57;104,23;104,3
19/01/2023 15:00;104,58;104,63;104,36;104,4
19/01/2023 13:00;105,01;105,21;104,47;104,6
19/01/2023 11:00;104,92;105,14;104,9;104,99
19/01/2023 09:00;105,03;105,12;104,6;104,91
18/01/2023 17:05;105,29;105,38;105,26;105,28
18/01/2023 15:00;105,35;105,46;105,23;105,36
18/01/2023 13:00;105,07;105,46;104,98;105,33
18/01/2023 11:00;105,09;105,35;105;105,07
18/01/2023 09:00;105,75;105,79;104,92;105,09
17/01/2023 17:05;105,64;105,9;105,64;105,73
17/01/2023 15:00;105,59;105,85;105,51;105,7
17/01/2023 13:00;105,91;105,91;105,52;105,56
17/01/2023 11:00;105,81;106,02;105,73;105,91
17/01/2023 09:00;106,05;106,2;105,73;105,77
16/01/2023 17:05;106,53;106,74;106,25;106,33
16/01/2023 15:00;106,23;106,6;106,2;106,48
16/01/2023 13:00;106,03;106,76;105,98;106,26
16/01/2023 11:00;105,84;106,1;105,77;105,99
16/01/2023 09:00;105,77;106,15;105,62;105,87
13/01/2023 17:05;105,9;106,07;105,85;105,96
13/01/2023 15:00;106,16;106,25;105,89;106,02
13/01/2023 13:00;106,11;106,25;105,93;106,16
13/01/2023 11:00;105,85;106,14;105,65;106,07
13/01/2023 09:00;106,02;106,31;105,73;105,84
12/01/2023 17:05;106,42;106,54;106,21;106,25
12/01/2023 15:00;106,52;106,59;106,25;106,42
12/01/2023 13:00;106,19;106,53;105,89;106,52
12/01/2023 11:00;106,07;106,28;105,89;106,22
12/01/2023 09:00;105,92;106,86;105,8;106,08
11/01/2023 17:05;106,02;106,12;105,85;105,97
11/01/2023 15:00;106,03;106,21;105,96;106,02
11/01/2023 13:00;106,14;106,28;105,96;106,02
11/01/2023 11:00;106,65;106,69;106,07;106,13
11/01/2023 09:00;106,82;106,86;106,35;106,67
10/01/2023 17:05;106,67;106,83;106,61;106,68
10/01/2023 15:00;106,76;106,98;106,67;106,67
10/01/2023 13:00;106,49;106,99;106,49;106,79
10/01/2023 11:00;106,64;106,91;106,43;106,49
10/01/2023 09:00;106,66;107,59;106,59;106,63
09/01/2023 17:05;106,76;107,45;106,76;107,45
09/01/2023 15:00;106,89;106,94;106,51;106,86
09/01/2023 13:00;106,28;106,94;106,27;106,86
09/01/2023 11:00;106;106,3;105,89;106,28
09/01/2023 09:00;105,47;105,99;105,22;105,99
06/01/2023 17:05;105,37;105,64;105,33;105,33
06/01/2023 15:00;105,22;105,5;105,11;105,28
06/01/2023 13:00;105,62;105,65;105,2;105,23
06/01/2023 11:00;105,67;105,93;105,5;105,6
06/01/2023 09:00;106,04;106,13;105,57;105,66
05/01/2023 17:05;105,45;105,45;105,33;105,39
05/01/2023 15:00;105,56;105,68;105,44;105,51
05/01/2023 13:00;105,29;105,61;105,28;105,56
05/01/2023 11:00;105,49;105,55;105,27;105,3
05/01/2023 09:00;106,02;106,02;105,45;105,52
04/01/2023 17:05;105,97;106;105,75;105,94
04/01/2023 15:00;105,98;106,11;105,73;105,97
04/01/2023 13:00;105,45;106,03;105,41;105,97
04/01/2023 11:00;105,74;105,74;105,38;105,46
04/01/2023 09:00;105,81;106,08;105,47;105,76
03/01/2023 17:05;106,11;106,15;106,08;106,08
03/01/2023 15:00;106;106,35;105,96;106,06
03/01/2023 13:00;105,97;106,05;105,55;106,04
03/01/2023 11:00;106,41;106,53;105,93;105,99
03/01/2023 09:00;107,17;107,27;106,29;106,45
02/01/2023 17:05;107,03;107,14;106,91;106,99
02/01/2023 15:00;107,49;107,65;107,08;107,09
02/01/2023 13:00;107,55;107,62;107,43;107,49
02/01/2023 11:00;107,59;107,69;107,39;107,55
02/01/2023 09:00;107,85;108,1;107,5;107,64
29/12/2022 17:05;108,17;108,34;108,14;108,14
29/12/2022 15:00;107,74;108,59;107,7;108,38
29/12/2022 13:00;107,35;107,82;107,28;107,8
29/12/2022 11:00;107,26;107,59;107,22;107,35
29/12/2022 09:00;107,5;107,56;107,03;107,17
28/12/2022 17:05;107,55;107,8;107,5;107,76
28/12/2022 15:00;107,62;107,85;107,37;107,8
28/12/2022 13:00;107,56;107,65;107,4;107,62
28/12/2022 11:00;107,45;107,86;107,34;107,53
28/12/2022 09:00;106,4;107,47;106,35;107,46
27/12/2022 17:05;106,63;106,63;106,41;106,49
27/12/2022 15:00;106,14;106,41;106,08;106,4
27/12/2022 13:00;106,23;106,28;106,1;106,15
27/12/2022 11:00;106,29;106,32;106,05;106,21
27/12/2022 09:00;105,87;106,34;105,76;106,28
26/12/2022 17:05;105,94;106,02;105,86;105,98
26/12/2022 15:00;106,15;106,17;105,91;105,98
26/12/2022 13:00;106,1;106,17;106,1;106,14
26/12/2022 11:00;106,1;106,17;106,05;106,1
26/12/2022 09:00;106,05;106,21;105,99;106,11
23/12/2022 17:05;106,09;106,22;106,06;106,15
23/12/2022 15:00;106,05;106,4;105,86;106,23
23/12/2022 13:00;105,96;106,17;105,92;106,08
23/12/2022 11:00;106,08;106,17;105,86;105,94
23/12/2022 09:00;105,97;106,14;105,86;106,06
22/12/2022 17:05;106,16;106,3;106,05;106,12
22/12/2022 15:00;105,8;106,23;105,73;106,23
22/12/2022 13:00;105,89;106,04;105,75;105,79
22/12/2022 11:00;106,04;106,09;105,8;105,87
22/12/2022 09:00;106,02;106,16;105,88;106,03
21/12/2022 17:05;106,18;106,32;106,09;106,23
21/12/2022 15:00;105,85;106,22;105,75;106,17
21/12/2022 13:00;105,71;105,92;105,7;105,85
21/12/2022 11:00;105,69;105,79;105,57;105,71
21/12/2022 09:00;105,89;106,05;105,62;105,65
20/12/2022 17:05;106,05;106,09;105,94;105,99
20/12/2022 15:00;105,85;106,11;105,63;106,05
20/12/2022 13:00;105,65;105,82;105,52;105,82
20/12/2022 11:00;105,7;105,75;105,45;105,63
20/12/2022 09:00;105,7;106,34;105,64;105,71
19/12/2022 17:05;106,1;106,45;106,05;106,12
19/12/2022 15:00;105,93;106,21;105,51;106,03
19/12/2022 13:00;105,97;106,22;105,81;105,88
19/12/2022 11:00;106,33;106,33;105,92;105,98
19/12/2022 09:00;106,05;106,64;106,05;106,34
16/12/2022 17:05;106,16;106,24;106,05;106,21
16/12/2022 15:00;105,92;106,16;105,71;106,11
16/12/2022 13:00;105,99;106,03;105,85;105,93
16/12/2022 11:00;106;106,05;105,93;105,98
16/12/2022 09:00;105,79;106,05;105,69;105,99
15/12/2022 17:05;105,94;105,94;105,77;105,87
15/12/2022 15:00;105,88;105,99;105,87;105,92
15/12/2022 13:00;105,89;105,99;105,81;105,89
15/12/2022 11:00;105,89;106,04;105,74;105,89
15/12/2022 09:00;105,92;106,02;105,61;105,88
14/12/2022 17:05;106,02;106,05;105,83;105,93
14/12/2022 15:00;105,69;106,04;105,69;106,04
14/12/2022 13:00;105,61;105,79;105,52;105,68
14/12/2022 11:00;105,63;105,87;105,49;105,59
14/12/2022 09:00;105,69;105,97;105,27;105,62
13/12/2022 17:05;105,68;106,02;105,68;106,02
13/12/2022 15:00;105,58;105,81;105,46;105,79
13/12/2022 13:00;105,8;105,89;105,52;105,58
13/12/2022 11:00;105,69;105,85;105,58;105,76
13/12/2022 09:00;106,15;106,22;105,45;105,69
12/12/2022 17:05;106,17;106,23;105,83;105,86
12/12/2022 15:00;106,29;106,35;105,99;106,16
12/12/2022 13:00;106,08;106,3;106,02;106,29
12/12/2022 11:00;105,96;106,23;105,83;106,12
12/12/2022 09:00;105,69;105,99;105,58;105,94
09/12/2022 17:05;105,45;105,62;105,3;105,62
09/12/2022 15:00;105,34;105,64;105,1;105,45
09/12/2022 13:00;105,53;105,74;105,21;105,35
09/12/2022 11:00;105,75;105,81;105,45;105,57
09/12/2022 09:00;105,57;106,05;105,23;105,81
08/12/2022 17:05;105,49;105,74;105,4;105,65
08/12/2022 15:00;105,02;105,57;104,97;105,57
08/12/2022 13:00;104,85;105,1;104,74;105,02
08/12/2022 11:00;105,34;105,45;104,85;104,87
08/12/2022 09:00;105,21;105,45;105,05;105,34
07/12/2022 17:05;104,99;105,21;104,91;105,21
07/12/2022 15:00;105,27;105,33;104,85;105,21
07/12/2022 13:00;105,33;105,51;105,14;105,24
07/12/2022 11:00;104,85;105,57;104,79;105,32
07/12/2022 09:00;105,69;105,88;104,73;104,85
06/12/2022 17:05;105,42;106,04;105,27;105,45
06/12/2022 15:00;104,61;105,57;104,46;105,45
06/12/2022 13:00;104,75;104,82;104,51;104,64
06/12/2022 11:00;104,73;105,02;104,67;104,76
06/12/2022 09:00;104,93;105,4;104,61;104,79
05/12/2022 17:05;105,29;105,3;105,06;105,21
05/12/2022 15:00;105,11;105,21;104,99;105,15
05/12/2022 13:00;105,52;105,64;105,11;105,15
05/12/2022 11:00;105,42;105,69;105,26;105,5
05/12/2022 09:00;105,08;105,61;104,94;105,39
02/12/2022 17:05;105,27;105,3;105;105,24
02/12/2022 15:00;105,82;105,82;105,06;105,22
02/12/2022 13:00;105,98;106,17;105,81;105,86
02/12/2022 11:00;105,86;106,17;105,58;105,96
02/12/2022 09:00;105,94;106,47;105,55;105,86
01/12/2022 17:05;106,64;106,76;106,17;106,17
01/12/2022 15:00;105,61;106,79;105,51;106,53
01/12/2022 13:00;105,85;105,85;105,32;105,57
01/12/2022 11:00;106,16;106,22;105,69;105,87
01/12/2022 09:00;106,8;106,96;106,11;106,11
30/11/2022 17:05;106,44;106,77;106,38;106,67
30/11/2022 15:00;107,2;107,26;106,41;106,61
30/11/2022 13:00;106,28;107,2;106,23;107,2
30/11/2022 11:00;106,51;106,53;106,06;106,28
30/11/2022 09:00;106,05;106,83;105,88;106,55
29/11/2022 17:05;106,65;106,65;106,29;106,41
29/11/2022 15:00;106,9;107,3;106,65;106,65
29/11/2022 13:00;107,5;107,56;106,14;106,85
29/11/2022 11:00;107,75;107,97;107,38;107,44
29/11/2022 09:00;108,91;108,91;107,62;107,75
28/11/2022 17:05;108,53;108,69;108,31;108,52
28/11/2022 15:00;108,11;108,76;108,04;108,76
28/11/2022 13:00;107,86;108,28;107,68;108,15
28/11/2022 11:00;107,44;107,97;107,44;107,84
28/11/2022 09:00;108,23;108,45;107,27;107,39
25/11/2022 17:05;108,78;108,93;108,71;108,82
25/11/2022 15:00;109;109,16;108,61;108,88
25/11/2022 13:00;109,2;109,35;108,86;108,99
25/11/2022 11:00;109,15;109,43;109,09;109,23
25/11/2022 09:00;108,58;109,16;108,44;109,12
24/11/2022 17:05;108,68;108,91;108,34;108,47
24/11/2022 15:00;108,47;108,76;108,28;108,75
24/11/2022 13:00;108,37;108,67;108,33;108,47
24/11/2022 11:00;108,46;108,51;108,28;108,35
24/11/2022 09:00;108,28;108,69;107,93;108,46
23/11/2022 17:05;108,1;108,4;108,08;108,28
23/11/2022 15:00;107,75;108,22;107,59;108,17
23/11/2022 13:00;107,74;107,85;107,63;107,74
23/11/2022 11:00;107,67;107,9;107,52;107,74
23/11/2022 09:00;107,85;108,08;107,33;107,68
22/11/2022 17:05;107,85;107,98;107,8;107,87
22/11/2022 15:00;107,73;107,96;107,38;107,85
22/11/2022 13:00;107,68;107,94;107,53;107,79
22/11/2022 11:00;107,86;107,86;107,5;107,62
22/11/2022 09:00;107,03;108,1;106,8;107,86
21/11/2022 17:05;106,79;107,02;106,68;107
21/11/2022 15:00;107,08;107,1;106,79;106,9
21/11/2022 13:00;107,79;107,79;106,83;107,1
21/11/2022 11:00;107,64;107,86;107,37;107,8
21/11/2022 09:00;107,62;108;106,99;107,64
18/11/2022 17:05;107,68;107,74;107,52;107,61
18/11/2022 15:00;106,96;107,8;106,96;107,44
18/11/2022 13:00;106,51;107,08;106,46;106,96
18/11/2022 11:00;105,94;106,8;105,88;106,47
18/11/2022 09:00;106,21;106,34;105,57;105,93
17/11/2022 17:05;106,16;106,16;105,86;105,93
17/11/2022 15:00;105,67;106,17;105,51;105,94
17/11/2022 13:00;105,39;105,68;105,2;105,65
17/11/2022 11:00;105,09;105,77;105,06;105,41
17/11/2022 09:00;104,77;105,59;104,73;105,09
16/11/2022 17:05;105,09;105,11;104,98;105,08
16/11/2022 15:00;104,69;105,14;104,65;105,09
16/11/2022 13:00;104,62;104,81;104,61;104,69
16/11/2022 11:00;104,29;104,73;104,26;104,63
16/11/2022 09:00;104,24;104,69;104,09;104,29
14/11/2022 17:05;104,59;104,61;104,39;104,58
14/11/2022 15:00;104,67;104,75;104,24;104,46
14/11/2022 13:00;104,74;104,94;104,57;104,68
14/11/2022 11:00;104,28;104,99;104,06;104,75
14/11/2022 09:00;104,53;104,91;103,74;104,29
11/11/2022 17:05;105,05;105,24;104,85;104,95
11/11/2022 15:00;104,75;105,36;104,73;105,03
11/11/2022 13:00;104,86;104,97;104,61;104,77
11/11/2022 11:00;104,86;105,3;104,5;104,83
11/11/2022 09:00;106,53;106,62;104,63;104,85
10/11/2022 17:05;106,35;106,49;106,29;106,29
10/11/2022 15:00;106,38;106,38;106,16;106,29
10/11/2022 13:00;106,4;106,47;106,23;106,42
10/11/2022 11:00;106,11;106,43;106,11;106,39
10/11/2022 09:00;105,98;106,4;105,73;106,14
09/11/2022 17:05;106,54;106,58;106,54;106,54
09/11/2022 15:00;106,73;106,74;106,5;106,6
09/11/2022 13:00;106,54;106,79;106,48;106,73
09/11/2022 11:00;106,65;106,67;106,42;106,55
09/11/2022 09:00;106,67;106,9;106,48;106,64
08/11/2022 17:05;106,62;106,91;106,6;106,67
08/11/2022 15:00;106,74;106,79;106,53;106,73
08/11/2022 13:00;106,63;106,85;106,42;106,74
08/11/2022 11:00;106,81;106,81;106,57;106,63
08/11/2022 09:00;106,67;107,16;106,67;106,83
07/11/2022 17:05;106,62;106,79;106,6;106,63
07/11/2022 15:00;106,73;106,78;106,53;106,68
07/11/2022 13:00;106,45;106,78;106,42;106,74
07/11/2022 11:00;106,26;106,6;106,23;106,44
07/11/2022 09:00;106,44;106,79;106,17;106,22
04/11/2022 17:05;106,33;106,39;106,23;106,39
04/11/2022 15:00;106,55;106,58;106,35;106,54
04/11/2022 13:00;106,64;106,79;106,38;106,53
04/11/2022 11:00;106,42;106,65;106,13;106,64
04/11/2022 09:00;106,91;107,06;106,42;106,44
03/11/2022 17:05;106,81;107,13;106,81;107,01
03/11/2022 15:00;106,91;107,13;106,54;107,04
03/11/2022 13:00;107,15;107,25;106,88;106,91
03/11/2022 11:00;107;107,15;106,83;107,15
03/11/2022 09:00;107,77;107,78;106,79;106,98
01/11/2022 17:05;107,76;108,01;107,76;107,96
01/11/2022 15:00;107,78;108,03;107,67;108,03
01/11/2022 13:00;107,27;107,78;107,2;107,78
01/11/2022 11:00;107,29;107,46;107,1;107,22
01/11/2022 09:00;106,93;107,66;106,93;107,25
31/10/2022 17:05;107,56;107,9;107,56;107,75
31/10/2022 15:00;107,08;107,72;106,94;107,66
31/10/2022 13:00;107,75;107,75;107,08;107,1
31/10/2022 11:00;108,06;108,12;107,44;107,76
31/10/2022 09:00;109,08;109,84;107,91;108,02
28/10/2022 17:05;107,49;107,49;107,35;107,4
28/10/2022 15:00;107,42;107,62;107,36;107,41
28/10/2022 13:00;107,47;107,5;107,35;107,44
28/10/2022 11:00;107,39;107,51;107,2;107,45
28/10/2022 09:00;107,54;107,77;107,18;107,37
27/10/2022 17:05;107,41;107,46;107,35;107,46
27/10/2022 15:00;107,41;107,5;107,35;107,44
27/10/2022 13:00;107,3;107,47;107,22;107,41
27/10/2022 11:00;107,4;107,44;107,04;107,29
27/10/2022 09:00;107,27;107,66;107,1;107,41
26/10/2022 17:05;107,29;107,41;107,26;107,32
26/10/2022 15:00;107,4;107,41;107,16;107,27
26/10/2022 13:00;106,96;107,51;106,8;107,39
26/10/2022 11:00;106,99;107,2;106,94;107,03
26/10/2022 09:00;107,22;107,47;106,74;106,98
25/10/2022 17:05;107,34;107,34;107,1;107,26
25/10/2022 15:00;107,1;107,35;106,91;107,26
25/10/2022 13:00;106,45;107,14;106,45;107,14
25/10/2022 11:00;106,49;106,54;106,42;106,45
25/10/2022 09:00;106,44;106,75;106,32;106,48
24/10/2022 17:05;106,76;107,04;106,67;106,91
24/10/2022 15:00;107,06;107,06;106,67;106,8
24/10/2022 13:00;107,1;107,18;106,98;107,1
24/10/2022 11:00;106,94;107,18;106,86;107,1
24/10/2022 09:00;107,03;107,25;106,49;107,01
21/10/2022 17:05;107,31;107,41;107,06;107,19
21/10/2022 15:00;107,18;107,29;107,1;107,26
21/10/2022 13:00;107,14;107,21;107,1;107,15
21/10/2022 11:00;107,21;107,34;106,98;107,16
21/10/2022 09:00;107,39;107,64;107,1;107,21
20/10/2022 17:05;107,54;107,78;107,54;107,71
20/10/2022 15:00;107,72;107,85;107,54;107,54
20/10/2022 13:00;107,67;107,8;107,54;107,72
20/10/2022 11:00;108,24;108,28;107,56;107,71
20/10/2022 09:00;108,54;109,13;108,11;108,26
19/10/2022 17:05;108,67;109,21;108,56;108,67
19/10/2022 15:00;108,02;108,53;108,02;108,53
19/10/2022 13:00;108,21;108,23;107,93;108
19/10/2022 11:00;107,98;108,39;107,93;108,21
19/10/2022 09:00;108,27;108,27;107,78;107,96
18/10/2022 17:05;107,98;107,98;107,8;107,97
18/10/2022 15:00;107,97;108,1;107,91;108,07
18/10/2022 13:00;108,27;108,62;107,92;107,97
18/10/2022 11:00;107,81;108,33;107,75;108,24
18/10/2022 09:00;108,13;108,24;107,64;107,77
17/10/2022 17:05;108,22;108,41;108,17;108,29
17/10/2022 15:00;108,17;108,39;108,16;108,26
17/10/2022 13:00;108,34;108,36;108,03;108,17
17/10/2022 11:00;108,95;109,05;108,29;108,31
17/10/2022 09:00;109,2;109,23;108,78;108,97
14/10/2022 17:05;108,88;109,05;108,88;109,03
14/10/2022 15:00;108,8;108,94;108,65;108,88
14/10/2022 13:00;108,87;108,97;108,78;108,84
14/10/2022 11:00;108,87;108,98;108,59;108,84
14/10/2022 09:00;108,72;109,13;108,46;108,89
13/10/2022 17:05;109,28;109,29;108,64;108,72
13/10/2022 15:00;108,52;109,15;108,17;109,13
13/10/2022 13:00;107,81;108,64;107,59;108,53
13/10/2022 11:00;107,37;108,03;107,22;107,78
13/10/2022 09:00;107,05;107,65;107,05;107,34
11/10/2022 17:05;107,41;107,72;107,31;107,62
11/10/2022 15:00;107,16;107,5;107,11;107,45
11/10/2022 13:00;107,37;107,41;107,04;107,16
11/10/2022 11:00;107,65;107,7;107,31;107,39
11/10/2022 09:00;107,81;108,16;107,54;107,64
10/10/2022 17:05;107,55;108,13;107,55;108,13
10/10/2022 15:00;108,07;108,16;107,66;107,66
10/10/2022 13:00;108,39;108,52;108;108,1
10/10/2022 11:00;108,39;108,77;108,36;108,41
10/10/2022 09:00;108,16;108,58;107,87;108,38
07/10/2022 17:05;107,71;107,85;107,26;107,5
07/10/2022 15:00;107,46;107,52;107,31;107,52
07/10/2022 13:00;107,4;107,52;107,35;107,46
07/10/2022 11:00;107,47;107,54;107,22;107,37
07/10/2022 09:00;107,45;107,54;107,13;107,47
06/10/2022 17:05;106,9;107,22;106,9;107,2
06/10/2022 15:00;106,8;107,29;106,67;106,96
06/10/2022 13:00;107,1;107,25;106,79;106,79
06/10/2022 11:00;107,31;107,4;107,05;107,11
06/10/2022 09:00;107,16;107,54;106,96;107,32
05/10/2022 17:05;108,05;108,16;107,66;107,72
05/10/2022 15:00;107,35;108,16;107,26;108
05/10/2022 13:00;107,66;107,75;107,18;107,37
05/10/2022 11:00;107,61;108,02;107,54;107,66
05/10/2022 09:00;106,94;108,22;106,94;107,59
04/10/2022 17:05;107,4;107,54;107,26;107,46
04/10/2022 15:00;107,41;107,54;107,3;107,41
04/10/2022 13:00;107,32;107,54;107,16;107,44
04/10/2022 11:00;108,72;108,72;106,91;107,3
04/10/2022 09:00;108,78;109,02;108,41;108,72
03/10/2022 17:05;109,28;109,28;108,83;108,88
03/10/2022 15:00;109,54;109,59;108,9;109,14
03/10/2022 13:00;109,6;109,87;109,4;109,52
03/10/2022 11:00;109,74;109,84;109,4;109,61
03/10/2022 09:00;111,39;111,76;109,7;109,72
30/09/2022 17:05;111,7;111,81;111,39;111,53
30/09/2022 15:00;111,25;111,7;111,1;111,64
30/09/2022 13:00;111,19;111,76;110,39;111,31
30/09/2022 11:00;111,17;111,45;110,9;111,27
30/09/2022 09:00;110,78;111,25;110,57;111,14
29/09/2022 17:05;110,88;110,89;110,39;110,42
29/09/2022 15:00;110,89;110,94;110,53;110,68
29/09/2022 13:00;110,9;111,05;110,61;110,89
29/09/2022 11:00;110,58;110,92;110,36;110,9
29/09/2022 09:00;110,58;111,08;110,52;110,61
28/09/2022 17:05;110,44;110,66;110,37;110,53
28/09/2022 15:00;110,46;110,52;110,18;110,52
28/09/2022 13:00;110,64;110,76;110,39;110,48
28/09/2022 11:00;110,67;111;110,47;110,64
28/09/2022 09:00;110,95;111,24;110,62;110,68
27/09/2022 17:05;110,77;111,02;110,71;110,89
27/09/2022 15:00;111,03;111,15;110,71;110,76
27/09/2022 13:00;111,33;111,49;111,03;111,03
27/09/2022 11:00;111,58;111,69;111,31;111,34
27/09/2022 09:00;111,65;111,95;111,28;111,58
26/09/2022 17:05;111,53;111,81;111,49;111,76
26/09/2022 15:00;111,49;111,76;111,27;111,65
26/09/2022 13:00;111,51;111,58;111,28;111,49
26/09/2022 11:00;111,02;111,65;110,89;111,51
26/09/2022 09:00;110,44;111,13;110,3;111,02
23/09/2022 17:05;110,69;111,05;110,66;110,95
23/09/2022 15:00;111,23;111,46;110,71;110,78
23/09/2022 13:00;110,66;111,3;110,64;111,23
23/09/2022 11:00;110,59;110,99;110,56;110,71
23/09/2022 09:00;111,12;111,31;110,52;110,58
22/09/2022 17:05;111,49;111,64;111,3;111,48
22/09/2022 15:00;110,92;111,64;110,85;111,64
22/09/2022 13:00;110,95;111,19;110,89;110,93
22/09/2022 11:00;111,02;111,12;110,82;110,95
22/09/2022 09:00;110,95;111,36;110,78;111,03
21/09/2022 17:05;110,92;111,19;110,78;111,19
21/09/2022 15:00;111,85;111,85;110,99;111,02
21/09/2022 13:00;111,75;112,01;111,6;111,85
21/09/2022 11:00;111,29;111,92;111,23;111,75
21/09/2022 09:00;112,04;112,25;111,27;111,28
20/09/2022 17:05;111,53;111,87;111,4;111,56
20/09/2022 15:00;110,9;111,5;110,72;111,5
20/09/2022 13:00;110,76;110,93;110,42;110,9
20/09/2022 11:00;110,56;110,95;110,31;110,76
20/09/2022 09:00;110,77;110,77;110,1;110,59
19/09/2022 17:05;110,66;110,82;110,52;110,72
19/09/2022 15:00;111,39;111,39;110,64;110,66
19/09/2022 13:00;111,12;111,51;110,89;111,35
19/09/2022 11:00;111,79;112,19;111,14;111,14
19/09/2022 09:00;111,46;112,12;111,33;111,84
16/09/2022 17:05;111,97;111,97;111,34;111,7
16/09/2022 15:00;112,06;112,22;111,76;111,86
16/09/2022 13:00;112,45;112,58;111,89;112,11
16/09/2022 11:00;111,51;112,97;111,51;112,45
16/09/2022 09:00;112,04;112,06;111,08;111,51
15/09/2022 17:05;111,95;111,95;111,65;111,65
15/09/2022 15:00;111,2;112,07;111,14;112,07
15/09/2022 13:00;110,76;111,25;110,53;111,22
15/09/2022 11:00;110,18;110,95;110,18;110,78
15/09/2022 09:00;110,28;110,39;110,02;110,16
14/09/2022 17:05;109,79;110,21;109,61;109,77
14/09/2022 15:00;110;110,2;109,9;110,07
14/09/2022 13:00;110,39;110,52;109,85;109,93
14/09/2022 11:00;110,77;111,12;110,15;110,42
14/09/2022 09:00;110,84;111,33;110,52;110,72
13/09/2022 17:05;111,27;111,36;111,1;111,27
13/09/2022 15:00;111,96;111,96;111,14;111,27
13/09/2022 13:00;112,4;112,4;111,77;111,91
13/09/2022 11:00;112,28;112,48;111,89;112,42
13/09/2022 09:00;111,65;112,61;111,65;112,28
12/09/2022 17:05;111,43;111,64;111,39;111,59
12/09/2022 15:00;110,85;111,43;110,78;111,43
12/09/2022 13:00;111,38;111,64;110,52;110,89
12/09/2022 11:00;110,21;111,51;110,15;111,2
12/09/2022 09:00;110,03;110,46;110,02;110,21
09/09/2022 17:05;110,2;110,22;110,05;110,08
09/09/2022 15:00;110,26;110,33;110,15;110,21
09/09/2022 13:00;110,47;110,54;110,15;110,22
09/09/2022 11:00;110,57;110,59;110,42;110,48
09/09/2022 09:00;110,64;110,83;110,39;110,58
08/09/2022 17:05;110,44;110,72;110,27;110,46
08/09/2022 15:00;110,46;110,62;110,21;110,62
08/09/2022 13:00;110,47;110,56;110,27;110,46
08/09/2022 11:00;110,68;110,78;110,39;110,46
08/09/2022 09:00;110,15;111,02;110,03;110,66
06/09/2022 17:05;110,51;110,9;110,3;110,39
06/09/2022 15:00;110,73;110,81;110,52;110,71
06/09/2022 13:00;110,48;110,89;110,43;110,72
06/09/2022 11:00;110,15;110,64;110,15;110,52
06/09/2022 09:00;110,21;110,27;109,55;110,15
05/09/2022 17:05;110,21;110,39;110,12;110,32
05/09/2022 15:00;110,33;110,38;110,21;110,25
05/09/2022 13:00;110,49;110,53;110,2;110,27
05/09/2022 11:00;110,44;110,53;110,11;110,52
05/09/2022 09:00;110,82;111,27;110,32;110,46
02/09/2022 17:05;110,62;111,14;110,56;110,77
02/09/2022 15:00;110,33;110,58;110,02;110,58
02/09/2022 13:00;110,54;110,61;110,22;110,37
02/09/2022 11:00;110,74;110,79;110,43;110,56
02/09/2022 09:00;110,3;110,83;110,02;110,74
01/09/2022 17:05;110,31;110,44;110,22;110,39
01/09/2022 15:00;110,62;110,67;110,24;110,31
01/09/2022 13:00;110,7;110,83;110,31;110,62
01/09/2022 11:00;110,99;111,22;110,44;110,7
01/09/2022 09:00;110,96;111,28;110,7;110,83
31/08/2022 17:05;111,4;111,53;111,09;111,1
31/08/2022 15:00;111,17;111,48;111,09;111,35
31/08/2022 13:00;111,01;111,3;110,96;111,22
31/08/2022 11:00;111,02;111,12;110,76;111,01
31/08/2022 09:00;110,76;111,15;110,72;111,02
30/08/2022 17:05;111,49;111,68;111,35;111,35
30/08/2022 15:00;111,26;111,56;111,23;111,41
30/08/2022 13:00;111,4;111,47;111,02;111,26
30/08/2022 11:00;111,21;111,84;111,04;111,47
30/08/2022 09:00;111,08;111,44;110,75;111,21
29/08/2022 17:05;112,22;112,46;111,77;111,84
29/08/2022 15:00;112,4;112,81;112;112,16
29/08/2022 13:00;112,5;112,64;112,26;112,43
29/08/2022 11:00;112,47;112,99;112,2;112,5
29/08/2022 09:00;113,11;113,5;112,13;112,44
26/08/2022 17:05;113,11;113,67;112,87;113,36
26/08/2022 15:00;111,48;113,11;111,28;113,11
26/08/2022 13:00;111,06;111,68;110,87;111,52
26/08/2022 11:00;111,09;111,22;110,84;111,05
26/08/2022 09:00;110,97;111,41;110,59;111,09
25/08/2022 17:05;110,44;110,57;110,37;110,57
25/08/2022 15:00;110,53;110,76;110,44;110,45
25/08/2022 13:00;110,57;110,7;110,32;110,5
25/08/2022 11:00;110,67;110,7;110,14;110,56
25/08/2022 09:00;111,09;111,09;110,44;110,7
24/08/2022 17:05;110,85;110,92;110,7;110,78
24/08/2022 15:00;111,19;111,31;110,72;110,83
24/08/2022 13:00;110,99;111,51;110,96;111,19
24/08/2022 11:00;111,55;111,61;110,83;110,96
24/08/2022 09:00;111,77;111,97;111,41;111,52
23/08/2022 17:05;111,05;111,34;110,96;111,09
23/08/2022 15:00;111,45;111,61;110,83;111,04
23/08/2022 13:00;111,02;111,47;110,93;111,4
23/08/2022 11:00;111,02;111,19;110,78;111,06
23/08/2022 09:00;111,23;111,92;110,65;111,09
22/08/2022 17:05;110,05;110,69;110,05;110,69
22/08/2022 15:00;110,28;110,37;109,72;110,11
22/08/2022 13:00;110,29;110,5;110,11;110,22
22/08/2022 11:00;110,14;110,37;109,83;110,31
22/08/2022 09:00;111;111,17;110,09;110,15
19/08/2022 17:05;110,93;111,09;110,71;110,71
19/08/2022 15:00;111,68;111,74;110,71;110,71
19/08/2022 13:00;111,47;111,99;111,38;111,68
19/08/2022 11:00;111,22;111,68;111,1;111,48
19/08/2022 09:00;111,53;112,13;111,22;111,22
18/08/2022 17:05;111,86;112,22;111,82;112,12
18/08/2022 15:00;111,78;111,96;111,35;111,91
18/08/2022 13:00;111,84;111,99;111,36;111,73
18/08/2022 11:00;111,34;112,31;111,09;111,82
18/08/2022 09:00;111,87;111,87;111,09;111,23
17/08/2022 17:05;111,55;112,12;111,49;111,87
17/08/2022 15:00;111,55;111,81;111,09;111,66
17/08/2022 13:00;111,31;112,37;111,3;111,61
17/08/2022 11:00;111,97;112;110,96;111,35
17/08/2022 09:00;111,97;112,95;111,71;111,97
16/08/2022 17:05;111,45;111,74;111,25;111,73
16/08/2022 15:00;112,3;112,63;111,49;111,61
16/08/2022 13:00;112,35;112,55;111,81;112,33
16/08/2022 11:00;112,63;112,94;112,03;112,31
16/08/2022 09:00;113,28;113,47;112,52;112,64
15/08/2022 17:05;114,07;114,27;113,95;114,03
15/08/2022 15:00;114,12;114,41;113,75;114,08
15/08/2022 13:00;113,58;114,45;113,58;114,18
15/08/2022 11:00;113,77;113,82;113,04;113,56
15/08/2022 09:00;113,76;114,2;113,55;113,8
12/08/2022 17:05;115,5;115,89;115,4;115,71
12/08/2022 15:00;114,53;115,78;114,41;115,52
12/08/2022 13:00;115,65;115,82;113,45;114,51
12/08/2022 11:00;115,24;116,03;115,11;115,78
12/08/2022 09:00;115,52;115,91;114,89;115,23
11/08/2022 17:05;116,09;116,16;115,8;115,91
11/08/2022 15:00;115,84;116,38;115,82;116,17
11/08/2022 13:00;115,22;115,89;115,07;115,82
11/08/2022 11:00;114,64;115,39;114,5;115,26
11/08/2022 09:00;113,98;115,06;113,62;114,71
10/08/2022 17:05;113,19;113,75;113,04;113,58
10/08/2022 15:00;113,07;113,81;112,95;113,32
10/08/2022 13:00;113,55;113,82;113,06;113,07
10/08/2022 11:00;113,5;113,6;112,91;113,55
10/08/2022 09:00;114,12;114,4;113,07;113,5
09/08/2022 17:05;114,45;114,59;114,11;114,12
09/08/2022 15:00;113,75;114,61;113,43;114,49
09/08/2022 13:00;113,85;114,18;113,49;113,75
09/08/2022 11:00;113,54;114,06;113,42;113,84
09/08/2022 09:00;114,62;114,85;113,49;113,54
08/08/2022 17:05;112,85;113,42;112,29;113,2
08/08/2022 15:00;112,52;112,85;111,75;112,63
08/08/2022 13:00;112,53;113,19;112,39;112,52
08/08/2022 11:00;112,04;112,86;111,75;112,55
08/08/2022 09:00;112,8;113,23;111,68;112,03
05/08/2022 17:05;113,56;114,18;113,43;113,43
05/08/2022 15:00;112,78;113,68;112,72;113,68
05/08/2022 13:00;113,6;113,85;112,67;112,78
05/08/2022 11:00;114,15;114,4;113,6;113,6
05/08/2022 09:00;113,56;114,45;113,19;114,15
04/08/2022 17:05;113,85;113,95;113,45;113,89
04/08/2022 15:00;112,99;113,95;112,85;113,76
04/08/2022 13:00;113,29;113,5;112,72;113,04
04/08/2022 11:00;113,04;113,51;112,68;113,21
04/08/2022 09:00;112,13;113,69;111,95;113,16
03/08/2022 17:05;112,12;112,46;111,96;112,39
03/08/2022 15:00;111,52;112,26;111,23;111,87
03/08/2022 13:00;111,23;111,61;110,7;111,48
03/08/2022 11:00;112,3;112,72;111,22;111,27
03/08/2022 09:00;111,55;112,82;111,55;112,3
02/08/2022 17:05;111,84;111,86;111,35;111,36
02/08/2022 15:00;111,97;112,09;111,02;111,55
02/08/2022 13:00;111,43;112,51;111,35;112,04
02/08/2022 11:00;111,53;111,87;111,01;111,43
02/08/2022 09:00;110,62;111,66;110,35;111,57
01/08/2022 17:05;110,89;111,35;110,76;110,99
01/08/2022 15:00;110,83;113,95;110,58;111,15
01/08/2022 13:00;110,66;111,47;110,46;110,82
01/08/2022 11:00;110,99;111,12;110,31;110,57
01/08/2022 09:00;110,31;111,31;110,05;110,96
29/07/2022 17:05;111,74;112,78;111,74;112,77
29/07/2022 15:00;113,32;113,46;111,35;111,41
29/07/2022 13:00;116,81;116,82;112,78;113,3
29/07/2022 11:00;117,05;117,33;116,6;116,75
29/07/2022 09:00;115,63;117,34;115,31;117,08
28/07/2022 17:05;115,04;115,04;114,35;114,35
28/07/2022 15:00;114,96;115,52;114,8;115,06
28/07/2022 13:00;114,45;115,17;114,36;114,93
28/07/2022 11:00;114,59;114,61;114,24;114,45
28/07/2022 09:00;113,6;114,81;113,56;114,59
27/07/2022 17:05;112,65;112,65;112,31;112,51
27/07/2022 15:00;113,12;113,49;112,52;112,67
27/07/2022 13:00;113,45;113,56;113,11;113,24
27/07/2022 11:00;113,54;113,76;113,06;113,46
27/07/2022 09:00;114,03;114,08;112,78;113,56
26/07/2022 17:05;114,37;114,38;112,95;113,17
26/07/2022 15:00;112,52;113,94;112,48;113,94
26/07/2022 13:00;111,49;112,55;111,49;112,48
26/07/2022 11:00;112;112;111;111,49
26/07/2022 09:00;110,95;112,69;110,56;112
25/07/2022 17:05;109,23;110,29;109,23;109,98
25/07/2022 15:00;108,64;109,32;108,43;109,27
25/07/2022 13:00;108,69;108,75;108,16;108,64
25/07/2022 11:00;109,1;109,1;108,3;108,76
25/07/2022 09:00;109,37;109,63;108,86;109,14
22/07/2022 17:05;108,22;108,34;107,96;108,03
22/07/2022 15:00;108,15;108,26;107,86;108,21
22/07/2022 13:00;108,72;108,73;107,83;108,16
22/07/2022 11:00;108,45;109,12;108,42;108,64
22/07/2022 09:00;108,6;108,91;108,22;108,45
21/07/2022 17:05;109,01;109,36;109,01;109,27
21/07/2022 15:00;109,21;109,28;108,82;108,95
21/07/2022 13:00;109,2;109,46;108,94;109,16
21/07/2022 11:00;109,54;109,54;108,88;109,2
21/07/2022 09:00;109,4;109,92;108,76;109,58
20/07/2022 17:05;110,96;111,05;110,58;110,7
20/07/2022 15:00;110,89;111,08;110,48;110,87
20/07/2022 13:00;111,05;111,48;110,85;110,89
20/07/2022 11:00;111,15;111,68;110,76;111,08
20/07/2022 09:00;110,39;111,19;110,24;111,18
19/07/2022 17:05;110,89;111,48;110,89;111,48
19/07/2022 15:00;112,46;112,46;110,93;111,13
19/07/2022 13:00;112,57;112,65;112,22;112,51
19/07/2022 11:00;111,88;112,76;111,87;112,6
19/07/2022 09:00;112,91;113,26;111,53;112
18/07/2022 17:05;114,61;115,39;114,54;115
18/07/2022 15:00;113,99;114,87;113,5;114,8
18/07/2022 13:00;113,76;114,35;113,69;114,01
18/07/2022 11:00;114,25;114,48;113,47;113,75
18/07/2022 09:00;113,16;114,71;113,13;114,29
15/07/2022 17:05;112,18;112,39;111,35;111,74
15/07/2022 15:00;110,83;111,99;110,83;111,99
15/07/2022 13:00;110,58;111,12;110,5;110,87
15/07/2022 11:00;111;111,21;110,48;110,57
15/07/2022 09:00;110,37;111,06;110,35;111
14/07/2022 17:05;110,67;110,72;110,24;110,35
14/07/2022 15:00;111,81;111,86;110,7;110,87
14/07/2022 13:00;112,01;112,2;111,64;111,83
14/07/2022 11:00;112,78;113,39;111,53;112,01
14/07/2022 09:00;111,6;112,78;111,32;112,78
13/07/2022 17:05;111,41;111,87;111,25;111,86
13/07/2022 15:00;112,04;112,87;111,48;111,48
13/07/2022 13:00;112,14;112,4;111,86;112,11
13/07/2022 11:00;112,31;112,51;111,75;112,14
13/07/2022 09:00;111,36;112,52;110,97;112,33
12/07/2022 17:05;111,22;111,43;111,1;111,25
12/07/2022 15:00;111,62;111,95;111,48;111,55
12/07/2022 13:00;112,24;112,52;111,35;111,61
12/07/2022 11:00;113,46;113,56;111,55;112,3
12/07/2022 09:00;113,95;114,61;113,39;113,43
11/07/2022 17:05;114,48;114,59;114,11;114,38
11/07/2022 15:00;114,41;114,87;114,21;114,48
11/07/2022 13:00;115,17;115,18;114,37;114,4
11/07/2022 11:00;115,2;115,48;114,62;115,15
11/07/2022 09:00;114,63;115,48;114,01;115,19
08/07/2022 17:05;112,82;113,15;112,53;113,11
08/07/2022 15:00;113,93;114,02;112,78;112,91
08/07/2022 13:00;113,21;114,18;113,07;113,88
08/07/2022 11:00;113,03;113,5;112,9;113,24
08/07/2022 09:00;111,91;113,26;111,41;112,95
07/07/2022 17:05;112,25;112,4;111,7;111,82
07/07/2022 15:00;111,81;112,64;111,52;112,25
07/07/2022 13:00;111,47;112;111,4;111,81
07/07/2022 11:00;111,97;112;111,35;111,48
07/07/2022 09:00;111,17;112,26;110,76;111,97
06/07/2022 17:05;110,35;110,44;109,87;109,92
06/07/2022 15:00;109,79;110,57;109,79;110,32
06/07/2022 13:00;109,47;109,97;109,41;109,79
06/07/2022 11:00;109,9;110,05;109,23;109,49
06/07/2022 09:00;109,59;110,44;109,59;109,9
05/07/2022 17:05;110,06;110,28;109,67;110,14
05/07/2022 15:00;110,85;111,02;109,89;110,06
05/07/2022 13:00;111,36;111,51;110,83;110,87
05/07/2022 11:00;111,74;112,09;111,35;111,36
05/07/2022 09:00;112,64;113,26;111,45;111,74
04/07/2022 17:05;112,26;112,52;112,22;112,4
04/07/2022 15:00;112,27;112,57;112;112,26
04/07/2022 13:00;112,59;112,7;112,22;112,26
04/07/2022 11:00;112,4;112,61;112,2;112,59
04/07/2022 09:00;112,61;113,09;112,03;112,42
01/07/2022 17:05;113,19;113,58;112,8;112,98
01/07/2022 15:00;113,68;113,76;112,98;113,3
01/07/2022 13:00;113,2;113,95;113,13;113,63
01/07/2022 11:00;113,34;113,93;112,93;113,17
01/07/2022 09:00;113,82;114,45;113,07;113,33
30/06/2022 17:05;113,56;113,73;113,12;113,43
30/06/2022 15:00;112,46;113,68;112,46;113,68
30/06/2022 13:00;113,99;114,58;112,2;112,46
30/06/2022 11:00;114,81;115,02;113,77;113,94
30/06/2022 09:00;113,19;115,07;113,08;114,77
29/06/2022 17:05;113,51;114,02;113,51;113,58
29/06/2022 15:00;114,03;114,08;113,56;113,69
29/06/2022 13:00;114,32;114,58;113,8;114,01
29/06/2022 11:00;113,75;114,35;113,69;114,35
29/06/2022 09:00;114,19;114,74;113,58;113,69
28/06/2022 17:05;115,06;115,14;114,49;114,5
28/06/2022 15:00;115,92;116,3;114,81;115,09
28/06/2022 13:00;116,57;116,74;115,52;115,95
28/06/2022 11:00;115,56;116,82;115,45;116,61
28/06/2022 09:00;115,91;116,4;115,07;115,57
27/06/2022 17:05;114,93;115,48;114,8;115,1
27/06/2022 15:00;114,85;115,09;114,74;114,94
27/06/2022 13:00;115,45;115,99;114,83;114,83
27/06/2022 11:00;115,65;116,16;115,28;115,48
27/06/2022 09:00;116,57;116,88;115,6;115,65
24/06/2022 17:05;117,73;117,93;117,47;117,56
24/06/2022 15:00;117,71;118,3;117,41;117,73
24/06/2022 13:00;117,54;117,85;117,21;117,69
24/06/2022 11:00;117,29;117,6;116,69;117,54
24/06/2022 09:00;116,87;117,72;115,93;117,34
23/06/2022 17:05;115,84;116,27;115,78;116
23/06/2022 15:00;116,47;116,56;115,65;116,04
23/06/2022 13:00;115,63;116,69;115,52;116,42
23/06/2022 11:00;116,12;116,18;115,44;115,65
23/06/2022 09:00;115,89;116,96;115,67;116,1
22/06/2022 17:05;118,03;118,13;117,73;117,93
22/06/2022 15:00;118,21;118,23;117,5;117,86
22/06/2022 13:00;119,33;119,62;118,06;118,17
22/06/2022 11:00;119,76;120,06;118,9;119,32
22/06/2022 09:00;118,55;120,08;118,55;119,76
21/06/2022 17:05;118,79;119,25;118,79;119,16
21/06/2022 15:00;119,57;119,96;119,16;119,25
21/06/2022 13:00;120,71;120,92;119,1;119,58
21/06/2022 11:00;121,04;121,07;120,01;120,67
21/06/2022 09:00;122,02;122,03;120,52;121,01
20/06/2022 17:05;123,59;123,72;123,47;123,64
20/06/2022 15:00;123,27;123,85;123,14;123,59
20/06/2022 13:00;122,99;123,46;122,94;123,33
20/06/2022 11:00;122,99;123,14;122,81;122,98
20/06/2022 09:00;121,77;123,29;121,18;122,91
17/06/2022 17:05;122,54;122,73;121,92;121,96
17/06/2022 15:00;122,08;122,81;121,78;122,39
17/06/2022 13:00;122,43;122,73;121,78;122,08
17/06/2022 11:00;123,01;123,19;122,29;122,48
17/06/2022 09:00;121,91;123,7;121,85;122,95
15/06/2022 17:05;120,78;120,91;120,36;120,66
15/06/2022 15:00;121,47;121,77;120,51;120,95
15/06/2022 13:00;121,38;121,65;121,29;121,38
15/06/2022 11:00;120,86;121,9;120,75;121,44
15/06/2022 09:00;119,71;120,86;119,31;120,84
14/06/2022 17:05;119,82;120,53;119,46;119,61
14/06/2022 15:00;119,8;120,05;119,55;119,88
14/06/2022 13:00;119,16;120,06;118,97;119,79
14/06/2022 11:00;119,11;119,36;118,97;119,1
14/06/2022 09:00;119,49;119,74;118,27;119,1
13/06/2022 17:05;119,62;119,75;119,31;119,5
13/06/2022 15:00;119,93;120,34;119,63;119,71
13/06/2022 13:00;119,95;120,28;119,42;119,88
13/06/2022 11:00;119,58;120,58;119,55;119,95
13/06/2022 09:00;121,25;121,36;118,85;119,57
10/06/2022 17:05;120,21;121,12;119,58;121,12
10/06/2022 15:00;120,4;120,78;119,75;120,05
10/06/2022 13:00;121,21;121,66;120,34;120,34
10/06/2022 11:00;121,38;121,9;120,71;121,21
10/06/2022 09:00;121,12;122,12;120,84;121,51
09/06/2022 17:05;120,7;121,1;120,66;120,99
09/06/2022 15:00;121,05;121,21;120,4;120,77
09/06/2022 13:00;121,51;121,77;120,48;121,07
09/06/2022 11:00;119,25;121,64;119,25;121,51
09/06/2022 09:00;118,63;120,06;118,23;119,32
08/06/2022 17:05;119,31;119,76;119,03;119,36
08/06/2022 15:00;119,57;119,92;118,5;119,29
08/06/2022 13:00;120,92;120,92;119,16;119,55
08/06/2022 11:00;121,7;122,15;120,74;120,92
08/06/2022 09:00;121,36;122,55;120,74;121,74
07/06/2022 17:05;120,47;120,58;119,55;119,68
07/06/2022 15:00;119,59;120,69;119,41;120,47
07/06/2022 13:00;118,49;119,63;118,41;119,59
07/06/2022 11:00;118,33;118,72;117,89;118,49
07/06/2022 09:00;116,29;118,38;115,91;118,34
06/06/2022 17:05;116,47;117,21;115,93;116,38
06/06/2022 15:00;116,9;117,2;116,59;116,59
06/06/2022 13:00;116,75;117,29;116,62;116,95
06/06/2022 11:00;116,57;117,17;116,31;116,82
06/06/2022 09:00;116,18;117,43;116,12;116,57
03/06/2022 17:05;115,87;115,91;115,53;115,54
03/06/2022 15:00;116,19;116,4;115,54;115,74
03/06/2022 13:00;115,83;116,29;115,73;116,14
03/06/2022 11:00;116,18;116,21;115,73;115,86
03/06/2022 09:00;116,43;117,47;115,97;116,21
02/06/2022 17:05;116,73;116,82;116,43;116,79
02/06/2022 15:00;116,66;116,94;116,3;116,44
02/06/2022 13:00;116,69;116,85;116,3;116,66
02/06/2022 11:00;117,21;117,55;116,62;116,75
02/06/2022 09:00;116,81;118,49;116,52;117,26
01/06/2022 17:05;116,92;117,34;116,82;117,21
01/06/2022 15:00;117,37;117,67;116,95;116,95
01/06/2022 13:00;117,17;117,99;117,08;117,41
01/06/2022 11:00;118,34;118,6;116,83;117,15
01/06/2022 09:00;119,05;119,42;118,19;118,36
31/05/2022 17:05;119,48;119,78;119,39;119,44
31/05/2022 15:00;119,8;120,08;119,52;119,7
31/05/2022 13:00;119,66;119,93;119,29;119,82
31/05/2022 11:00;120,34;120,39;119,52;119,67
31/05/2022 09:00;120,48;121,04;119,96;120,32
30/05/2022 17:05;120,84;121,09;120,73;121,08
30/05/2022 15:00;121,44;121,46;120,64;120,86
30/05/2022 13:00;121,66;121,89;120,78;121,38
30/05/2022 11:00;122,24;122,62;121,52;121,64
30/05/2022 09:00;123,85;124,36;121,91;122,25
27/05/2022 17:05;123,66;123,7;123,03;123,54
27/05/2022 15:00;123,25;123,64;122,52;123,46
27/05/2022 13:00;121,81;123,29;121,72;123,23
27/05/2022 11:00;121,12;122,25;121,12;121,74
27/05/2022 09:00;121,77;122;120,4;121,13
26/05/2022 17:05;121,43;121,77;121,43;121,69
26/05/2022 15:00;122,15;122,22;121,44;121,57
26/05/2022 13:00;122,28;122,35;121,94;122,09
26/05/2022 11:00;121,57;122,39;121,51;122,28
26/05/2022 09:00;121,96;122,16;121,25;121,57
25/05/2022 17:05;122,46;122,77;122,22;122,42
25/05/2022 15:00;123,15;123,66;122,67;122,82
25/05/2022 13:00;123,4;123,92;122,94;123,12
25/05/2022 11:00;123,25;124,07;123,16;123,46
25/05/2022 09:00;123,97;124,11;122,55;123,2
24/05/2022 17:05;125,55;125,6;124,83;125,02
24/05/2022 15:00;125,14;125,34;124,27;125,15
24/05/2022 13:00;124,84;125,64;124,06;125,02
24/05/2022 11:00;124,35;126,65;124,27;124,74
24/05/2022 09:00;121,9;125,68;121,64;124,32
23/05/2022 17:05;122,03;122,26;121,77;121,9
23/05/2022 15:00;122,42;122,69;121,83;122,26
23/05/2022 13:00;122,77;122,94;122,22;122,38
23/05/2022 11:00;122,24;122,94;122,16;122,78
23/05/2022 09:00;122,94;123,08;122,16;122,26
20/05/2022 17:05;123,21;123,33;123,14;123,14
20/05/2022 15:00;123,92;123,92;123,07;123,33
20/05/2022 13:00;123,44;124,15;123,4;123,88
20/05/2022 11:00;123,2;123,66;123,1;123,4
20/05/2022 09:00;123,58;123,98;122,72;123,2
19/05/2022 17:05;124,37;124,7;123,89;123,89
19/05/2022 15:00;123,83;125,42;123,81;124,31
19/05/2022 13:00;124,18;124,49;123,72;123,76
19/05/2022 11:00;124,15;124,88;123,49;124,09
19/05/2022 09:00;125,61;125,61;123,07;124,13
18/05/2022 17:05;125,17;125,92;124,5;125,87
18/05/2022 15:00;125,14;126,07;124,67;125,22
18/05/2022 13:00;124,18;125,42;123,93;125,14
18/05/2022 11:00;124,44;125,22;123,93;124,16
18/05/2022 09:00;126,2;126,31;123,31;124,37
17/05/2022 17:05;126,59;127,28;126,5;127,24
17/05/2022 15:00;128,25;128,25;126,34;126,77
17/05/2022 13:00;127,98;128,61;127,76;128,25
17/05/2022 11:00;128,87;128,87;127,85;127,89
17/05/2022 09:00;130,23;130,49;127,79;128,87
16/05/2022 17:05;131,02;131,28;130,53;130,62
16/05/2022 15:00;130,69;131,15;130,53;131,02
16/05/2022 13:00;130,73;131,15;130,34;130,73
16/05/2022 11:00;130,16;131,08;129,63;130,75
16/05/2022 09:00;128,42;130,36;127,88;130,1
13/05/2022 17:05;126,59;126,83;125,94;125,95
13/05/2022 15:00;126,01;127,81;125,56;126,85
13/05/2022 13:00;128,42;128,98;125,96;126,07
13/05/2022 11:00;129,45;129,65;127,47;128,42
13/05/2022 09:00;129,74;130,1;129,09;129,4
12/05/2022 17:05;128,89;128,93;128,49;128,8
12/05/2022 15:00;128,45;129,15;128,33;128,68
12/05/2022 13:00;128,05;128,8;127,17;128,44
12/05/2022 11:00;126,65;128,22;126,55;128,07
12/05/2022 09:00;126,98;127,89;126,26;126,64
11/05/2022 17:05;127,37;127,45;126,07;126,08
11/05/2022 15:00;127,95;127,98;126,07;127,1
11/05/2022 13:00;127,58;128,02;126,74;127,94
11/05/2022 11:00;127,13;127,75;127,08;127,55
11/05/2022 09:00;126,46;128,54;126,46;127,13
10/05/2022 17:05;126,65;127,62;126,33;126,33
10/05/2022 15:00;124,82;126,33;124,48;126,33
10/05/2022 13:00;123,74;125,42;123,54;124,78
10/05/2022 11:00;122,33;123,97;122,16;123,72
10/05/2022 09:00;121,51;122,42;121,26;122,37
09/05/2022 17:05;121,82;122,02;121,59;121,96
09/05/2022 15:00;121,68;122;121,25;121,65
09/05/2022 13:00;121,63;121,92;121,38;121,65
09/05/2022 11:00;122,68;123,06;121,38;121,6
09/05/2022 09:00;122,58;122,84;121,2;122,73
06/05/2022 17:05;122,73;123,45;122,72;123,14
06/05/2022 15:00;122,45;123,07;122,16;123,04
06/05/2022 13:00;123,11;123,45;122,29;122,42
06/05/2022 11:00;123,37;123,98;122,94;123,19
06/05/2022 09:00;124,09;124,75;122,85;123,38
05/05/2022 17:05;123,72;124,57;123,66;124,37
05/05/2022 15:00;123,24;124,11;123,02;124,11
05/05/2022 13:00;123,63;123,66;122,62;123,27
05/05/2022 11:00;123,77;124,18;123,16;123,59
05/05/2022 09:00;122,45;123,92;122,06;123,72
04/05/2022 17:05;122,45;122,56;122,2;122,55
04/05/2022 15:00;123,14;123,3;122,27;122,62
04/05/2022 13:00;123,19;123,23;122,74;123,03
04/05/2022 11:00;123,29;123,38;123,09;123,16
04/05/2022 09:00;122,62;123,71;122,22;123,19
03/05/2022 17:05;122,94;123,38;122,82;123,3
03/05/2022 15:00;123,82;123,96;123,3;123,57
03/05/2022 13:00;124,82;125,01;123,72;123,77
03/05/2022 11:00;125,22;125,45;124,4;124,85
03/05/2022 09:00;125,33;126,04;124,6;125,29
02/05/2022 17:05;125,96;126,3;125,92;125,92
02/05/2022 15:00;125,33;126,03;124,96;125,97
02/05/2022 13:00;125,82;125,99;125,22;125,33
02/05/2022 11:00;125,67;126,01;125,41;125,9
02/05/2022 09:00;125,51;126,29;125,09;125,6
29/04/2022 17:05;126,85;126,94;125,82;126,03
29/04/2022 15:00;126,34;126,59;125,9;126,44
29/04/2022 13:00;126,42;127,14;126,19;126,31
29/04/2022 11:00;125,53;126,73;125,37;126,26
29/04/2022 09:00;125,55;126,18;124,45;125,53
28/04/2022 17:05;125,25;125,62;124,81;125,62
28/04/2022 15:00;127,22;127,23;125,22;125,57
28/04/2022 13:00;127,52;127,96;127,16;127,26
28/04/2022 11:00;126,56;127,99;126,53;127,52
28/04/2022 09:00;125,63;126,93;124,74;126,63
27/04/2022 17:05;127,42;127,42;126,33;127
27/04/2022 15:00;127,99;128,31;127,7;127,81
27/04/2022 13:00;129,4;129,74;127,63;127,99
27/04/2022 11:00;128,67;130,12;128,62;129,45
27/04/2022 09:00;129,38;130,41;128,41;128,67
26/04/2022 17:05;130,56;130,56;129,26;129,81
26/04/2022 15:00;129,85;130,7;129,78;130,38
26/04/2022 13:00;129,53;130,12;129,11;129,82
26/04/2022 11:00;130,1;130,18;128,89;129,56
26/04/2022 09:00;129,89;130,82;129,7;130,18
25/04/2022 17:05;128,37;129,94;128,37;129,86
25/04/2022 15:00;128,16;128,55;127,89;128,41
25/04/2022 13:00;127,81;128,59;127,79;128,16
25/04/2022 11:00;127;127,96;126,83;127,82
25/04/2022 09:00;126,55;127,41;126,04;126,86
22/04/2022 17:05;126,85;126,93;126,41;126,46
22/04/2022 15:00;125,56;126,9;125,37;126,6
22/04/2022 13:00;125,37;125,75;125,31;125,56
22/04/2022 11:00;126,16;126,22;125,31;125,37
22/04/2022 09:00;125,9;126,55;124,94;126,15
20/04/2022 17:05;126,09;126,42;125,9;126,16
20/04/2022 15:00;125,09;126,18;124,68;126,08
20/04/2022 13:00;125,01;125,62;124,89;125,14
20/04/2022 11:00;125,37;125,56;124,88;125
20/04/2022 09:00;124,81;125,83;124,07;125,42
19/04/2022 17:05;124,74;124,74;124,33;124,46
19/04/2022 15:00;124,33;124,64;123,51;124,53
19/04/2022 13:00;124,09;124,81;124,05;124,26
19/04/2022 11:00;123,35;124,48;123,25;124,05
19/04/2022 09:00;122,89;124,11;120,71;123,44
18/04/2022 17:05;122,96;123,51;122,78;123,25
18/04/2022 15:00;123,26;123,52;122,88;122,93
18/04/2022 13:00;123,16;123,89;123,09;123,27
18/04/2022 11:00;122,48;123,29;122,45;123,15
18/04/2022 09:00;122,07;123,08;122,04;122,46
14/04/2022 17:05;121,23;121,93;121,23;121,71
14/04/2022 15:00;120,78;121,45;120,46;121,38
14/04/2022 13:00;120,56;121,01;120,22;120,78
14/04/2022 11:00;120,57;121,19;120,38;120,56
14/04/2022 09:00;120,7;120,92;119,92;120,56
13/04/2022 17:05;120,51;120,56;120,01;120,38
13/04/2022 15:00;120,42;121,04;120,09;120,49
13/04/2022 13:00;119,68;120,48;118,51;120,42
13/04/2022 11:00;119,72;120,22;119,44;119,67
13/04/2022 09:00;119,6;120;118,7;119,72
12/04/2022 17:05;120,83;121,04;120,44;120,56
12/04/2022 15:00;120,15;120,9;119,81;120,85
12/04/2022 13:00;119,7;120,15;119,19;120,11
12/04/2022 11:00;119,77;120,38;119,46;119,74
12/04/2022 09:00;119,45;120,14;119,05;119,74
11/04/2022 17:05;119,05;119,34;119,05;119,18
11/04/2022 15:00;118,46;119,18;118,33;118,98
11/04/2022 13:00;118,72;118,97;118,33;118,46
11/04/2022 11:00;118,23;119,57;118,09;118,75
11/04/2022 09:00;119,49;120,49;118,23;118,23
08/04/2022 17:05;119,4;119,61;118,6;118,85
08/04/2022 15:00;118,92;119,6;118,6;119,4
08/04/2022 13:00;119,14;119,46;118,29;118,96
08/04/2022 11:00;119,64;119,94;118,94;119,16
08/04/2022 09:00;118,2;119,78;117,98;119,66
07/04/2022 17:05;117,96;119,12;117,83;118,23
07/04/2022 15:00;118,61;119,33;118,37;118,51
07/04/2022 13:00;118,29;118,86;118,09;118,66
07/04/2022 11:00;118,18;118,63;117,9;118,38
07/04/2022 09:00;120,11;120,15;117,57;118,3
06/04/2022 17:05;120,56;120,63;120,16;120,56
06/04/2022 15:00;120,01;120,9;119,34;120,31
06/04/2022 13:00;121,83;121,88;119,89;120,01
06/04/2022 11:00;122,07;122,46;121,77;121,83
06/04/2022 09:00;120,29;122,18;119,72;122,07
05/04/2022 17:05;121,25;121,66;121,25;121,66
05/04/2022 15:00;121,18;121,44;120,66;121,25
05/04/2022 13:00;120,48;121,63;120,33;121,22
05/04/2022 11:00;121,19;121,66;120,16;120,35
05/04/2022 09:00;119,14;121,68;119;121,31
04/04/2022 17:05;119,33;119,67;118,94;119,2
04/04/2022 15:00;120,22;120,42;119,2;119,4
04/04/2022 13:00;120,64;120,7;119,89;120,29
04/04/2022 11:00;119,61;120,7;119,61;120,63
04/04/2022 09:00;122,22;122,55;119,61;119,64
01/04/2022 17:05;122,53;122,82;121,56;121,98
01/04/2022 15:00;121,86;122,38;121,53;122,33
01/04/2022 13:00;122,07;122,16;121,33;121,85
01/04/2022 11:00;121,38;122,41;121;122,07
01/04/2022 09:00;125,74;125,9;121;121,3
31/03/2022 17:05;125,19;125,22;125;125,22
31/03/2022 15:00;124,88;125,36;124,74;125,2
31/03/2022 13:00;123,9;125,22;123,89;124,82
31/03/2022 11:00;123,74;124,11;123,51;123,92
31/03/2022 09:00;123,03;124,4;122,9;123,83
30/03/2022 17:05;121,82;122,48;121,82;122,48
30/03/2022 15:00;122,09;122,2;119,88;121,85
30/03/2022 13:00;120,86;122,75;120,79;122,11
30/03/2022 11:00;120,29;121,66;120,16;120,97
30/03/2022 09:00;119,37;120,74;119,37;120,29
29/03/2022 17:05;118,38;119,67;118,31;119,19
29/03/2022 15:00;119,07;119,41;118;118,4
29/03/2022 13:00;120,26;120,56;118,85;118,85
29/03/2022 11:00;120,66;121,11;119,88;120,2
29/03/2022 09:00;122,2;123,09;120,29;120,57
28/03/2022 17:05;123,03;123,3;122,27;122,34
28/03/2022 15:00;125,86;125,92;122,9;123,08
28/03/2022 13:00;126,49;126,93;125,83;125,9
28/03/2022 11:00;126,45;128,08;126,44;126,49
28/03/2022 09:00;126,7;126,99;124,9;126,38
25/03/2022 17:05;127,93;128,62;127,68;128,27
25/03/2022 15:00;128,75;129,34;127,22;127,99
25/03/2022 13:00;128,82;129,66;128,1;128,73
25/03/2022 11:00;132,33;132,41;128,53;128,74
25/03/2022 09:00;133,21;133,21;131,93;132,27
24/03/2022 17:05;133,3;133,71;132,79;132,89
24/03/2022 15:00;132,88;133,47;132,74;133,44
24/03/2022 13:00;133,03;133,51;132,77;132,88
24/03/2022 11:00;133,38;133,58;132,64;132,97
24/03/2022 09:00;134,19;134,38;133,16;133,4
23/03/2022 17:05;134,86;134,86;134,56;134,6
23/03/2022 15:00;134,47;135,18;134,47;134,85
23/03/2022 13:00;135,36;135,63;134,47;134,51
23/03/2022 11:00;136,58;136,64;135,22;135,36
23/03/2022 09:00;136,32;136,73;135,31;136,59
22/03/2022 17:05;136,3;136,7;136,23;136,45
22/03/2022 15:00;136,52;136,59;136,05;136,3
22/03/2022 13:00;137,63;137,69;136,47;136,55
22/03/2022 11:00;137,62;138;137,21;137,58
22/03/2022 09:00;139,15;139,53;137,21;137,59
21/03/2022 17:05;138,77;138,99;138,4;138,97
21/03/2022 15:00;139,15;139,29;138,69;138,78
21/03/2022 13:00;138,92;139,34;138,58;139,07
21/03/2022 11:00;139,03;139,38;138,7;138,92
21/03/2022 09:00;139,47;139,74;138,6;138,97
18/03/2022 17:05;138,88;138,89;138,51;138,77
18/03/2022 15:00;138,79;139,23;138,66;138,66
18/03/2022 13:00;138,99;139,18;138,6;138,79
18/03/2022 11:00;139,1;139,38;138,88;139
18/03/2022 09:00;139,99;140,22;139,06;139,1
17/03/2022 17:05;140,11;140,27;139,93;140,19
17/03/2022 15:00;140,3;140,62;139,75;140,27
17/03/2022 13:00;141,12;141,26;140,03;140,29
17/03/2022 11:00;141,34;141,52;140,99;141,12
17/03/2022 09:00;140,97;141,52;140,56;141,43
16/03/2022 17:05;140,34;140,7;140,32;140,67
16/03/2022 15:00;140,86;140,97;140,41;140,84
16/03/2022 13:00;140,74;141,11;140,29;140,92
16/03/2022 11:00;141,95;141,95;140,3;140,66
16/03/2022 09:00;141,66;142,29;140,97;141,95
15/03/2022 17:05;142,45;142,48;142,01;142,34
15/03/2022 15:00;142,82;142,88;142,29;142,34
15/03/2022 13:00;142,64;142,99;142,4;142,81
15/03/2022 11:00;142,27;142,69;142,21;142,62
15/03/2022 09:00;142,62;142,88;141,93;142,25
14/03/2022 17:05;143,19;143,51;143,19;143,51
14/03/2022 15:00;143,03;143,41;142,96;143,29
14/03/2022 13:00;142,23;143,1;141,89;143,03
14/03/2022 11:00;142,97;143,03;142,21;142,22
14/03/2022 09:00;143,1;143,56;142,43;142,97
11/03/2022 17:05;142,93;143,03;142,52;143
11/03/2022 15:00;142,78;143,15;142,71;143,03
11/03/2022 13:00;142,73;142,97;142,62;142,8
11/03/2022 11:00;141,95;143,17;141,81;142,78
11/03/2022 09:00;142,12;142,29;141,53;141,95
10/03/2022 17:05;142,47;142,81;142,34;142,62
10/03/2022 15:00;142,6;142,69;142,23;142,48
10/03/2022 13:00;141,77;142,69;141,74;142,6
10/03/2022 11:00;142,62;142,86;141,66;141,78
10/03/2022 09:00;141,38;142,67;140,85;142,62
09/03/2022 17:05;140,62;140,86;140,48;140,66
09/03/2022 15:00;140,41;140,9;139,88;140,56
09/03/2022 13:00;141,84;141,9;140,1;140,38
09/03/2022 11:00;142,16;142,26;141,55;141,84
09/03/2022 09:00;142,48;143,17;141,8;142,14
08/03/2022 17:05;143,22;143,48;142,77;142,99
08/03/2022 15:00;142,52;143,71;141,95;143,3
08/03/2022 13:00;144,26;144,45;142,36;142,51
08/03/2022 11:00;144,12;144,81;143,96;144,18
08/03/2022 09:00;144,54;144,66;143,1;144,07
07/03/2022 17:05;144,81;144,93;144,58;144,75
07/03/2022 15:00;144,34;144,74;143,77;144,36
07/03/2022 13:00;143,43;144,47;143,43;144,33
07/03/2022 11:00;144,37;144,71;143,07;143,44
07/03/2022 09:00;144,54;146,23;144,3;144,4
04/03/2022 17:05;143,17;143,85;143,06;143,06
04/03/2022 15:00;142,29;143,03;142,03;143
04/03/2022 13:00;143,4;143,7;141,01;142,27
04/03/2022 11:00;142,63;143,73;142,3;143,33
04/03/2022 09:00;140,16;143,21;139,92;142,63
03/03/2022 17:05;139,26;139,69;139,06;139,41
03/03/2022 15:00;139,04;139,33;138,6;139,16
03/03/2022 13:00;137,93;139,19;137,93;139,03
03/03/2022 11:00;136,93;138,03;136,92;137,92
03/03/2022 09:00;136;137;135,01;136,92
02/03/2022 17:05;136,45;136,49;136,18;136,25
02/03/2022 15:00;135,14;136,3;134,75;136,3
02/03/2022 13:00;137,69;138,19;134,75;135,14
25/02/2022 17:05;132,34;132,88;132,25;132,41
25/02/2022 15:00;131,88;132,75;131,88;132,55
25/02/2022 13:00;131,96;132,21;131,6;132
25/02/2022 11:00;132,44;132,68;131,93;131,93
25/02/2022 09:00;132,47;132,89;131,56;132,45
24/02/2022 17:05;133,41;133,74;133,25;133,67
24/02/2022 15:00;133,83;134,11;133,25;133,41
24/02/2022 13:00;134,79;134,87;133,1;133,72
24/02/2022 11:00;134,28;135,76;134,07;134,66
24/02/2022 09:00;136,16;136,55;133,92;134,32
23/02/2022 17:05;132,64;132,79;132,36;132,6
23/02/2022 15:00;132,52;132,9;132,52;132,65
23/02/2022 13:00;132,34;132,75;132,09;132,48
23/02/2022 11:00;132,25;132,4;131,88;132,34
23/02/2022 09:00;132,67;133,06;132,04;132,25
22/02/2022 17:05;133;133,02;132,73;132,95
22/02/2022 15:00;132,02;132,69;132,02;132,65
22/02/2022 13:00;131,67;132,14;131,65;132,02
22/02/2022 11:00;131,72;131,99;131,58;131,65
22/02/2022 09:00;132,25;132,92;131,68;131,75
21/02/2022 17:05;131,3;131,41;131,17;131,25
21/02/2022 15:00;131,4;131,46;131,07;131,4
21/02/2022 13:00;131,1;131,46;130,95;131,4
21/02/2022 11:00;131,77;131,87;131,1;131,1
21/02/2022 09:00;131,33;132;131,17;131,72
18/02/2022 17:05;131,02;131,34;130,96;131,07
18/02/2022 15:00;130,99;131,06;130,68;130,94
18/02/2022 13:00;130,87;131,04;130,76;130,95
18/02/2022 11:00;131,1;131,19;130,73;130,87
18/02/2022 09:00;131,29;131,53;130,94;131,11
17/02/2022 17:05;130,94;131,41;130,68;131,3
17/02/2022 15:00;131,27;131,33;130,83;130,94
17/02/2022 13:00;131,3;131,44;131,14;131,31
17/02/2022 11:00;131,35;132,06;131,27;131,33
17/02/2022 09:00;131,15;131,73;130,83;131,38
16/02/2022 17:05;131,21;131,37;130,77;131,23
16/02/2022 15:00;131,61;131,68;130,94;131,14
16/02/2022 13:00;131,75;131,95;131,54;131,61
16/02/2022 11:00;131,8;131,88;131,64;131,8
16/02/2022 09:00;131,48;132,15;131,4;131,77
15/02/2022 17:05;131,27;131,5;131,21;131,33
15/02/2022 15:00;131,65;131,69;131,21;131,27
15/02/2022 13:00;131,48;131,98;131,41;131,65
15/02/2022 11:00;132,42;132,56;131,34;131,48
15/02/2022 09:00;132,69;133,15;131,96;132,42
14/02/2022 17:05;134,2;134,52;134,1;134,18
14/02/2022 15:00;134,52;134,57;133,86;134,37
14/02/2022 13:00;133,82;134,71;133,68;134,51
14/02/2022 11:00;133,78;133,86;133,51;133,83
14/02/2022 09:00;134,83;135,13;133,78;133,8
11/02/2022 17:05;134,79;135,13;134,59;134,83
11/02/2022 15:00;132,96;135,01;132,96;134,72
11/02/2022 13:00;133,17;133,23;132,91;132,96
11/02/2022 11:00;133,23;133,51;133,23;133,23
11/02/2022 09:00;133,15;133,68;132,76;133,32
10/02/2022 17:05;132,84;133,14;132,77;132,96
10/02/2022 15:00;133,37;133,68;132,96;133,03
10/02/2022 13:00;133,87;133,91;133,21;133,37
10/02/2022 11:00;134,21;134,21;133,69;133,82
10/02/2022 09:00;133,64;134,45;133,13;134,25
09/02/2022 17:05;133,98;133,98;133,57;133,78
09/02/2022 15:00;133,95;134,13;133,64;133,78
09/02/2022 13:00;134,38;134,48;133,26;133,98
09/02/2022 11:00;133,34;134,59;133,03;134,38
09/02/2022 09:00;133,71;134,09;132,69;133,41
08/02/2022 17:05;133,52;134,03;133,23;133,37
08/02/2022 15:00;133,52;133,91;133,3;133,56
08/02/2022 13:00;134,18;134,21;133,45;133,51
08/02/2022 11:00;134,36;134,41;133,91;134,17
08/02/2022 09:00;134,11;135,11;133,64;134,33
07/02/2022 17:05;134,79;134,86;134,48;134,52
07/02/2022 15:00;133,79;134,6;133,68;134,33
07/02/2022 13:00;133,34;133,82;133,03;133,78
07/02/2022 11:00;132,56;133,48;132,53;133,33
07/02/2022 09:00;131,96;132,96;131,96;132,54
04/02/2022 17:05;131,08;131,34;130,84;131,27
04/02/2022 15:00;131,21;131,34;130,66;131,08
04/02/2022 13:00;131,08;131,41;131;131,21
04/02/2022 11:00;131,37;131,5;130,81;131,1
04/02/2022 09:00;130,81;131,61;130,81;131,35
03/02/2022 17:05;130,88;131,08;130,81;130,94
03/02/2022 15:00;131,21;131,52;130,66;130,79
03/02/2022 13:00;132,11;132,19;131,22;131,22
03/02/2022 11:00;132,26;132,36;131,84;132,1
03/02/2022 09:00;131,23;132,56;131;132,26
02/02/2022 17:05;131,41;131,76;131,34;131,69
02/02/2022 15:00;131,5;131,98;131,27;131,48
02/02/2022 13:00;132,03;132,03;131,48;131,53
02/02/2022 11:00;133,03;133,18;131,96;132,03
02/02/2022 09:00;133,22;133,37;132,79;132,96
01/02/2022 17:05;133,03;133,32;132,84;133,05
01/02/2022 15:00;133,76;133,86;132,76;133,03
01/02/2022 13:00;133,38;134,03;133,33;133,78
01/02/2022 11:00;133,25;133,41;132,92;133,38
01/02/2022 09:00;133,41;133,83;132,86;133,25
31/01/2022 17:05;133,37;133,51;133,29;133,41
31/01/2022 15:00;133,37;133,74;132,99;133,59
31/01/2022 13:00;133,69;133,88;133,25;133,44
31/01/2022 11:00;134,25;134,29;133,41;133,68
31/01/2022 09:00;134,11;134,83;133,8;134,24
28/01/2022 17:05;134,06;134,32;134,01;134,18
28/01/2022 15:00;134,7;134,82;133,65;133,99
28/01/2022 13:00;134,72;134,87;134,2;134,7
28/01/2022 11:00;134,99;135,22;134,7;134,74
28/01/2022 09:00;135,86;136,35;134,6;135,02
27/01/2022 17:05;136,17;136,49;135,87;135,99
27/01/2022 15:00;134,93;135,8;134,91;135,8
27/01/2022 13:00;135,16;135,32;134,89;134,93
27/01/2022 11:00;134,45;135,22;134,3;135,16
27/01/2022 09:00;134,49;135,48;134,38;134,51
26/01/2022 17:05;134,37;134,45;134,11;134,45
26/01/2022 15:00;135,1;135,49;134,59;134,59
26/01/2022 13:00;135,26;135,36;134,7;135,09
26/01/2022 11:00;135,2;135,6;135,03;135,29
26/01/2022 09:00;135,66;135,78;135,13;135,18
25/01/2022 17:05;136,08;136,33;135,83;136,08
25/01/2022 15:00;136,52;136,63;135,85;136,05
25/01/2022 13:00;136,13;136,71;136,08;136,52
25/01/2022 11:00;136,55;136,59;135,8;136,1
25/01/2022 09:00;136,74;137,32;136,43;136,6
24/01/2022 17:05;136,58;137,02;136,39;136,93
24/01/2022 15:00;136,43;136,87;136,37;136,56
24/01/2022 13:00;136,33;136,56;136,03;136,44
24/01/2022 11:00;135,97;136,39;135,83;136,29
24/01/2022 09:00;135,16;136,14;135,16;135,98
21/01/2022 17:05;134,99;135,25;134,86;135,13
21/01/2022 15:00;134,98;135,13;134,66;134,99
21/01/2022 13:00;134,83;135,13;134,59;135,02
21/01/2022 11:00;134,75;134,99;134,59;134,8
21/01/2022 09:00;134,15;134,79;133,72;134,74
20/01/2022 17:05;134,21;134,37;134,17;134,2
20/01/2022 15:00;134,9;134,9;134,25;134,3
20/01/2022 13:00;134,91;135,13;134,61;134,87
20/01/2022 11:00;134,25;135,01;134,05;134,93
20/01/2022 09:00;135,11;135,47;134,2;134,25
19/01/2022 17:05;135,18;135,18;134,86;134,93
19/01/2022 15:00;134,98;135,4;134,95;135,25
19/01/2022 13:00;134,7;135,03;134,7;134,98
19/01/2022 11:00;134,83;135,06;134,66;134,7
19/01/2022 09:00;134,86;135,24;134,48;134,86
18/01/2022 17:05;134,37;134,71;134,37;134,66
18/01/2022 15:00;134,28;134,55;134,18;134,45
18/01/2022 13:00;134,41;134,59;134,14;134,26
18/01/2022 11:00;133,95;134,44;133,78;134,4
18/01/2022 09:00;133,53;134,17;133,17;133,91
17/01/2022 17:05;133,79;134,32;133,78;134,05
17/01/2022 15:00;133,11;134,21;133,03;133,72
17/01/2022 13:00;133,78;133,86;132,92;133,13
17/01/2022 11:00;134,82;134,82;133,51;133,78
17/01/2022 09:00;134,45;135,1;134,25;134,86
14/01/2022 17:05;134,18;134,52;134,18;134,45
14/01/2022 15:00;133,76;134,38;133,59;134,25
14/01/2022 13:00;133,34;133,88;133,29;133,87
14/01/2022 11:00;133,55;133,76;133,05;133,29
14/01/2022 09:00;133,51;134,21;133,33;133,57
13/01/2022 17:05;132,83;133,19;132,68;132,96
13/01/2022 15:00;132,91;133,03;132,59;132,83
13/01/2022 13:00;132,6;132,94;132,59;132,91
13/01/2022 11:00;133,26;133,29;132,59;132,6
13/01/2022 09:00;132,82;133,37;132,56;133,25
12/01/2022 17:05;133,18;133,44;132,88;133,23
12/01/2022 15:00;132,68;133,14;132,45;132,76
12/01/2022 13:00;132,07;132,83;131,49;132,68
12/01/2022 11:00;132,52;132,64;131,98;132,13
12/01/2022 09:00;132,96;133,1;132,33;132,52
11/01/2022 17:05;132,44;132,76;131,76;132,69
11/01/2022 15:00;132,75;133,21;132,15;132,15
11/01/2022 13:00;132,87;132,96;132,56;132,73
11/01/2022 11:00;132,68;133,34;132,64;132,83
11/01/2022 09:00;133,15;133,64;132,45;132,67
10/01/2022 17:05;132,61;133;132,61;132,83
10/01/2022 15:00;131,81;132,79;131,77;132,76
10/01/2022 13:00;131,8;131,98;131,49;131,83
10/01/2022 11:00;132,56;132,63;131,61;131,8
10/01/2022 09:00;131,95;133,07;131,8;132,54
07/01/2022 17:05;132,07;132,38;131,22;131,53
07/01/2022 15:00;132,03;132,11;131,68;132,02
07/01/2022 13:00;131,61;132,41;131,58;132,06
07/01/2022 11:00;131,48;131,61;131,44;131,61
07/01/2022 09:00;131,18;131,72;130,61;131,46
06/01/2022 17:05;130,37;130,87;129,87;130,76
06/01/2022 15:00;131,35;131,41;130,42;130,6
06/01/2022 13:00;131,31;131,52;131,22;131,4
06/01/2022 11:00;131,48;131,49;130,99;131,21
06/01/2022 09:00;130,77;131,75;130,37;131,49
05/01/2022 17:05;131,21;131,79;131,11;131,21
05/01/2022 15:00;130,61;131,21;130,39;131,07
05/01/2022 13:00;130,56;130,95;130,26;130,54
05/01/2022 11:00;130,66;131,21;130,54;130,57
05/01/2022 09:00;131,6;131,63;130,22;130,66
04/01/2022 17:05;131,9;132,29;131,48;131,72
04/01/2022 15:00;130,94;131,83;130,57;131,61
04/01/2022 13:00;130,53;131,06;130,41;130,94
04/01/2022 11:00;130,19;130,77;130,08;130,58
04/01/2022 09:00;128,47;130,25;128,47;130,19
03/01/2022 17:05;128,27;128,37;127,91;128,23
03/01/2022 15:00;127,28;128,08;127,12;127,95
03/01/2022 13:00;126,53;127,38;126,43;127,24
03/01/2022 11:00;126,89;127,24;126,34;126,51
03/01/2022 09:00;126,62;127,5;126,31;126,89
30/12/2021 17:05;125,93;127,4;125,93;127,11
30/12/2021 15:00;126,55;126,61;125,8;125,84
30/12/2021 13:00;126,47;127,01;126,16;126,54
30/12/2021 11:00;126,8;127,49;126,47;126,57
30/12/2021 09:00;127,15;127,84;125,93;126,8
29/12/2021 17:05;127,41;127,74;127,02;127,36
29/12/2021 15:00;127,44;128,15;125,32;126,92
29/12/2021 13:00;127,41;127,98;126,73;127,4
29/12/2021 11:00;127,36;127,57;126,73;127,33
29/12/2021 09:00;128,72;129,26;127,16;127,37
28/12/2021 17:05;126,31;129,51;126,13;128,65
28/12/2021 15:00;128,43;129,06;125,18;125,62
28/12/2021 13:00;128,95;129,26;128,43;128,43
28/12/2021 11:00;129,9;129,95;128,77;128,95
28/12/2021 09:00;131,48;131,48;129,42;129,94
27/12/2021 17:05;131,56;131,56;130,83;131,04
27/12/2021 15:00;132,32;132,44;131,11;131,11
27/12/2021 13:00;132,37;132,48;132,21;132,38
27/12/2021 11:00;132,1;132,52;132,1;132,38
27/12/2021 09:00;132,61;133,3;132,03;132,1
23/12/2021 17:05;131,67;132,3;131,56;131,7
23/12/2021 15:00;130,66;131,82;130,66;131,63
23/12/2021 13:00;130,25;131,1;129,98;130,66
23/12/2021 11:00;130,47;130,74;129,92;130,25
23/12/2021 09:00;130,12;131,17;129,09;130,39
22/12/2021 17:05;130,28;130,67;129,92;130,4
22/12/2021 15:00;130,42;131,82;130,12;130,26
22/12/2021 13:00;131,11;131,82;130,35;130,35
22/12/2021 11:00;132,49;132,59;130,84;131,12
22/12/2021 09:00;133,34;133,89;131,63;132,56
21/12/2021 17:05;132,1;132,61;131,98;132,31
21/12/2021 15:00;130,55;131,87;130,45;131,48
21/12/2021 13:00;130,47;130,69;129,99;130,55
21/12/2021 11:00;129,42;131,05;129,42;130,55
21/12/2021 09:00;127,44;129,5;127,04;129,4
20/12/2021 17:05;126,88;127,16;126,88;127,02
20/12/2021 15:00;126,97;127,16;126,78;126,88
20/12/2021 13:00;126,4;127,3;126,21;126,96
20/12/2021 11:00;126,9;127,09;125,92;126,31
20/12/2021 09:00;125,42;127,58;125,39;126,95
17/12/2021 17:05;126,37;126,37;125,68;126,03
17/12/2021 15:00;126,25;126,38;125,96;126,18
17/12/2021 13:00;126,31;126,89;126,04;126,25
17/12/2021 11:00;126,81;126,97;126,03;126,34
17/12/2021 09:00;128,13;128,27;126,42;126,82
16/12/2021 17:05;127,93;128,7;127,76;128,46
16/12/2021 15:00;128,64;128,81;127,75;127,93
16/12/2021 13:00;128,47;128,92;128,29;128,67
16/12/2021 11:00;129,2;129,56;128,43;128,47
16/12/2021 09:00;128,58;129,42;128,15;129,2
15/12/2021 17:05;128,57;128,77;128,41;128,5
15/12/2021 15:00;129,4;129,42;128,57;128,57
15/12/2021 13:00;129,7;130,14;129,16;129,29
15/12/2021 11:00;129,84;130,26;129,5;129,7
15/12/2021 09:00;131,48;131,9;129,63;129,85
14/12/2021 17:05;131,7;131,87;131,48;131,8
14/12/2021 15:00;131,84;132,63;131,48;131,63
14/12/2021 13:00;131,73;131,89;131,31;131,82
14/12/2021 11:00;131,49;131,8;131,26;131,72
14/12/2021 09:00;131,69;132,27;131,05;131,52
13/12/2021 17:05;132,04;132,31;131,55;131,55
13/12/2021 15:00;132,8;132,89;131,96;132,24
13/12/2021 13:00;132,52;132,94;132,11;132,82
13/12/2021 11:00;132,93;132,94;131,96;132,52
13/12/2021 09:00;132,08;133,23;131,82;132,93
10/12/2021 17:05;131,12;132,38;131,11;131,96
10/12/2021 15:00;131,39;132,24;131,04;131,25
10/12/2021 13:00;131,17;131,72;130,93;131,39
10/12/2021 11:00;131,15;131,52;130,59;131,08
10/12/2021 09:00;131,87;132,48;130,7;131,18
09/12/2021 17:05;131,43;132,52;131,29;132,24
09/12/2021 15:00;132,49;132,52;131,28;131,55
09/12/2021 13:00;132,39;132,75;131,67;132,49
09/12/2021 11:00;132,53;133,37;132,32;132,41
09/12/2021 09:00;132,22;132,8;131,45;132,53
08/12/2021 17:05;131,62;132,87;131,32;132,65
08/12/2021 15:00;131,86;132,38;131,15;131,6
08/12/2021 13:00;132,77;133,04;131,77;131,82
08/12/2021 11:00;133,48;133,66;132,61;132,73
08/12/2021 09:00;133,93;134,62;133,09;133,47
07/12/2021 17:05;133,23;133,45;132,85;133,18
07/12/2021 15:00;133,49;133,65;133,16;133,37
07/12/2021 13:00;133,42;133,65;133,13;133,51
07/12/2021 11:00;133,03;134,34;132,7;133,37
07/12/2021 09:00;132,94;133,21;131,53;133,03
06/12/2021 17:05;133,35;133,79;133,24;133,65
06/12/2021 15:00;133,21;133,99;133,21;133,66
06/12/2021 13:00;133,54;133,65;132,35;133,25
06/12/2021 11:00;132,35;133,59;132,25;133,54
06/12/2021 09:00;131,21;132,52;130,9;132,32
03/12/2021 17:05;131,82;131,94;131,25;131,39
03/12/2021 15:00;132,07;132,08;130,69;131,74
03/12/2021 13:00;131,53;132,08;131,15;132,07
03/12/2021 11:00;130,9;131,59;130,84;131,5
03/12/2021 09:00;130,15;131,04;129,56;130,88
02/12/2021 17:05;129,42;129,77;129,16;129,54
02/12/2021 15:00;128,41;130,09;128,36;129,44
02/12/2021 13:00;128,48;128,57;127,91;128,39
02/12/2021 11:00;128,03;128,65;127,91;128,54
02/12/2021 09:00;128,3;128,96;127,86;128,05
01/12/2021 17:05;127,68;128,13;127,65;128,08
01/12/2021 15:00;127,51;127,72;127,44;127,64
01/12/2021 13:00;126,51;127,65;126,51;127,52
01/12/2021 11:00;126,71;126,96;126,45;126,49
01/12/2021 09:00;126,85;127,02;126,18;126,71
30/11/2021 17:05;125,41;125,73;125,11;125,31
30/11/2021 15:00;124,63;125,44;124,56;125,25
30/11/2021 13:00;124,97;125,01;124,34;124,69
30/11/2021 11:00;124,9;125,18;124,26;124,9
30/11/2021 09:00;126,1;126,24;124,63;124,9
29/11/2021 17:05;126,27;126,27;125,83;126,23
29/11/2021 15:00;126,07;126,27;125,63;126,09
29/11/2021 13:00;126,1;126,51;125,93;126,07
29/11/2021 11:00;125,69;126,31;125,39;126,1
29/11/2021 09:00;125,48;126,42;124,94;125,66
26/11/2021 17:05;125,56;125,58;124,87;124,93
26/11/2021 15:00;125,37;125,94;125,17;125,46
26/11/2021 13:00;123,21;125,38;123,08;125,38
26/11/2021 11:00;123,84;124,01;122,99;123,21
26/11/2021 09:00;124,21;124,87;123,33;123,77
25/11/2021 17:05;125,21;125,41;124,62;124,76
25/11/2021 15:00;125,01;125,59;124,76;125,04
25/11/2021 13:00;124,69;125,04;124,24;125,01
25/11/2021 11:00;123,08;124,69;122,94;124,69
25/11/2021 09:00;123,26;124,05;122,29;123,22
24/11/2021 17:05;123,35;123,56;123,22;123,36
24/11/2021 15:00;124,48;124,66;123,66;123,73
24/11/2021 13:00;126,09;126,27;124,43;124,53
24/11/2021 11:00;126,38;126,48;125,82;126,09
24/11/2021 09:00;126,24;126,81;125,68;126,34
23/11/2021 17:05;126,11;126,66;125,9;126,24
23/11/2021 15:00;125,61;126,14;125,34;125,94
23/11/2021 13:00;124,93;125,75;124,63;125,61
23/11/2021 11:00;124,56;125,04;124,38;124,9
23/11/2021 09:00;123,26;124,82;122,35;124,58
22/11/2021 17:05;123,45;123,63;123,21;123,47
22/11/2021 15:00;122,97;123,78;122,68;123,35
22/11/2021 13:00;122,99;123,18;122,71;122,95
22/11/2021 11:00;123,02;123,35;122,9;122,92
22/11/2021 09:00;122,42;123,42;122,32;123,01
19/11/2021 17:05;122,08;122,66;121,92;122,22
19/11/2021 15:00;121,48;121,79;121,06;121,79
19/11/2021 13:00;121,06;121,54;120,85;121,48
19/11/2021 11:00;120,23;121,15;120,16;121,09
19/11/2021 09:00;119,96;120,67;119,54;120,17
18/11/2021 17:05;120,14;120,37;119,89;120,19
18/11/2021 15:00;120,57;120,88;119,82;120,1
18/11/2021 13:00;120,6;120,79;119,96;120,52
18/11/2021 11:00;120,85;121,32;120,27;120,58
18/11/2021 09:00;118,85;120,85;118,59;120,85
17/11/2021 17:05;119,09;119,25;118,83;118,83
17/11/2021 15:00;118,58;119,4;118,41;119,16
17/11/2021 13:00;119,27;119,59;118,34;118,55
17/11/2021 11:00;118,77;119,62;118,15;119,31
17/11/2021 09:00;120,5;120,52;118,55;118,75
16/11/2021 17:05;119,68;120,51;119,54;120,36
16/11/2021 15:00;120,19;120,67;119,92;120
16/11/2021 13:00;121,32;121,37;119,89;120,24
16/11/2021 11:00;121,39;121,6;121;121,29
16/11/2021 09:00;120,88;122,27;120,44;121,32
12/11/2021 17:05;120,98;121,43;120,72;120,84
12/11/2021 15:00;120,67;121,51;120,31;121,23
12/11/2021 13:00;119,57;120,74;119,47;120,72
12/11/2021 11:00;119,45;119,89;119,45;119,55
12/11/2021 09:00;118,96;119,89;118,69;119,55
11/11/2021 17:05;119,54;119,92;119,25;119,86
11/11/2021 15:00;120,68;120,68;119,44;119,54
11/11/2021 13:00;121,29;121,37;120,68;120,68
11/11/2021 11:00;121,56;121,65;120,98;121,34
11/11/2021 09:00;121,7;121,94;121,19;121,51
10/11/2021 17:05;122,25;122,3;121,27;121,78
10/11/2021 15:00;121,36;122,02;121,17;121,79
10/11/2021 13:00;120,61;121,39;120,6;121,39
10/11/2021 11:00;120,44;121,26;120,41;120,62
10/11/2021 09:00;120,81;120,98;120,2;120,4
09/11/2021 17:05;121,27;121,27;120,81;120,99
09/11/2021 15:00;122,06;122,36;121,24;121,39
09/11/2021 13:00;121,6;122,36;121,46;122,11
09/11/2021 11:00;122,01;122,03;121,37;121,58
09/11/2021 09:00;122,25;122,71;121,98;122,03
08/11/2021 17:05;122,81;122,9;122,29;122,78
08/11/2021 15:00;123,14;123,22;122,74;123,07
08/11/2021 13:00;123,16;123,33;123,08;123,12
08/11/2021 11:00;123,35;123,62;123,12;123,21
08/11/2021 09:00;122,92;124;122,92;123,39
05/11/2021 17:05;122,92;123,28;122,87;123,09
05/11/2021 15:00;123,42;123,67;123,08;123,18
05/11/2021 13:00;123,87;124,04;123,21;123,43
05/11/2021 11:00;124,05;124,26;123,49;123,91
05/11/2021 09:00;124,55;124,55;123,8;124,04
04/11/2021 17:05;124,91;125,08;124,77;125
04/11/2021 15:00;125;125,61;124,77;125,18
04/11/2021 13:00;124,77;125,01;124,66;124,98
04/11/2021 11:00;124,93;125,15;124,73;124,76
04/11/2021 09:00;125,41;125,46;124,52;124,87
03/11/2021 17:05;125,51;125,72;125,3;125,3
03/11/2021 15:00;126,21;126,28;125,61;125,72
03/11/2021 13:00;126,4;126,55;125,96;126,24
03/11/2021 11:00;126,89;126,99;126,24;126,43
03/11/2021 09:00;127,13;127,27;126,02;126,93
01/11/2021 17:05;127,56;127,56;126,72;127,07
01/11/2021 15:00;127,19;127,41;127,17;127,41
01/11/2021 13:00;127,1;127,58;126,88;127,22
01/11/2021 11:00;126,33;127,32;126,31;127,03
01/11/2021 09:00;124,73;127,36;124,55;126,4
29/10/2021 17:05;124,98;125,01;124,59;124,59
29/10/2021 15:00;124,96;125,01;124,56;125,01
29/10/2021 13:00;124,65;125,15;124,52;124,9
29/10/2021 11:00;124,49;124,79;124,36;124,66
29/10/2021 09:00;124,07;125,11;123,83;124,45
28/10/2021 17:05;124,45;124,73;124,09;124,22
28/10/2021 15:00;124,31;124,36;123,78;124,24
28/10/2021 13:00;124,49;124,52;123,91;124,32
28/10/2021 11:00;123,32;124,53;123,28;124,48
28/10/2021 09:00;123,11;123,53;122,89;123,37
27/10/2021 17:05;123,98;124,01;123,43;123,46
27/10/2021 15:00;124,41;124,48;123,78;124,01
27/10/2021 13:00;123,98;124,59;123,68;124,41
27/10/2021 11:00;122,88;124,45;122,82;123,98
27/10/2021 09:00;123,18;123,3;122,47;122,82
26/10/2021 17:05;123,74;123,98;123,6;123,6
26/10/2021 15:00;123,32;123,9;123,32;123,61
26/10/2021 13:00;123,32;123,59;123,06;123,3
26/10/2021 11:00;122,96;123,44;122,67;123,26
26/10/2021 09:00;123,77;123,77;122,91;122,96
25/10/2021 17:05;123,7;123,85;123,33;123,39
25/10/2021 15:00;124,05;124,09;123,74;123,88
25/10/2021 13:00;124,65;124,65;123,92;124,07
25/10/2021 11:00;125,15;125,45;124,6;124,65
25/10/2021 09:00;125,78;126,43;125,03;125,08
22/10/2021 17:05;125,22;125,58;125,2;125,3
22/10/2021 15:00;125,07;125,41;124,8;125,38
22/10/2021 13:00;124,72;125,22;124,72;125,04
22/10/2021 11:00;124,66;124,94;124,53;124,76
22/10/2021 09:00;125,01;125,37;124,56;124,65
21/10/2021 17:05;124,8;125,03;124,65;124,87
21/10/2021 15:00;125,28;125,58;124,87;124,89
21/10/2021 13:00;125,03;125,56;124,91;125,22
21/10/2021 11:00;124,93;125,39;124,9;125,08
21/10/2021 09:00;124,87;125,13;124,43;124,94
20/10/2021 17:05;125,14;125,48;124,8;125,21
20/10/2021 15:00;125,35;125,48;125,15;125,48
20/10/2021 13:00;125,45;125,54;125,21;125,35
20/10/2021 11:00;125,46;125,58;125,17;125,44
20/10/2021 09:00;126,64;126,65;125,13;125,48
19/10/2021 17:05;125,9;126,31;125,79;125,97
19/10/2021 15:00;126,82;126,89;126;126,1
19/10/2021 13:00;126,98;127,03;126,59;126,81
19/10/2021 11:00;126,86;127,37;126,67;126,92
19/10/2021 09:00;126;126,99;126;126,92
18/10/2021 17:05;126,96;126,96;125,72;125,93
18/10/2021 15:00;126,21;127,48;125,61;126,43
18/10/2021 13:00;125,94;126,43;125,82;126,26
18/10/2021 11:00;126,18;126,35;125,93;126
18/10/2021 09:00;126,03;126,88;126,03;126,21
15/10/2021 17:05;125,8;127,68;125,51;125,72
15/10/2021 15:00;125,42;125,72;125,28;125,72
15/10/2021 13:00;125,38;125,51;125,11;125,39
15/10/2021 11:00;125,66;125,73;125,38;125,39
15/10/2021 09:00;125,61;125,9;125,31;125,7
14/10/2021 17:05;125,22;125,72;124,93;125,44
14/10/2021 15:00;125,63;125,96;125,3;125,3
14/10/2021 13:00;125,39;125,97;125,37;125,65
14/10/2021 11:00;125,24;125,69;125,1;125,39
14/10/2021 09:00;125,15;125,58;125,01;125,3
13/10/2021 17:05;125,48;126,13;124,74;124,74
13/10/2021 15:00;125,42;125,72;124,81;125,44
13/10/2021 13:00;124,81;125,44;124,72;125,42
13/10/2021 11:00;124,74;125,01;124,67;124,89
13/10/2021 09:00;124,77;125,1;124,38;124,73
11/10/2021 17:05;125,48;125,99;125,18;125,37
11/10/2021 15:00;126,04;126,28;125,17;125,48
11/10/2021 13:00;125,1;126,43;124,76;125,97
11/10/2021 11:00;125,46;125,52;125,01;125,1
11/10/2021 09:00;125,99;126,51;125,18;125,44
08/10/2021 17:05;125,15;125,72;124,35;125,62
08/10/2021 15:00;126;126,06;125;125,15
08/10/2021 13:00;126,52;126,69;125,86;126,03
08/10/2021 11:00;126,11;127,03;126,04;126,51
08/10/2021 09:00;124,91;126,28;124,9;126,1
07/10/2021 17:05;125,21;125,56;125,08;125,37
07/10/2021 15:00;125,58;125,78;125,08;125,08
07/10/2021 13:00;125,44;126,26;125,3;125,58
07/10/2021 11:00;126,13;126,14;125,01;125,42
07/10/2021 09:00;127,07;127,07;125,86;126,07
06/10/2021 17:05;126,71;126,71;126,34;126,47
06/10/2021 15:00;127,27;127,32;126,64;126,85
06/10/2021 13:00;127,77;127,91;127,27;127,29
06/10/2021 11:00;127,85;127,96;127,5;127,77
06/10/2021 09:00;128,46;128,69;127,48;127,92
05/10/2021 17:05;127,58;127,77;127,32;127,68
05/10/2021 15:00;128,97;129,02;127,17;127,44
05/10/2021 13:00;128,87;129,65;128,74;129,01
05/10/2021 11:00;128,6;129,11;128,18;128,85
05/10/2021 09:00;127,51;128,93;126,86;128,61
04/10/2021 17:05;127,44;127,75;127,13;127,41
04/10/2021 15:00;128,19;128,37;127,24;127,58
04/10/2021 13:00;128,43;128,9;128,12;128,15
04/10/2021 11:00;128,33;128,9;128,26;128,43
04/10/2021 09:00;128,84;129,42;127,98;128,32
01/10/2021 17:05;128,7;129,04;128,69;128,76
01/10/2021 15:00;129,18;129,5;128,69;128,69
01/10/2021 13:00;129,87;129,96;129,15;129,18
01/10/2021 11:00;130,1;130,22;129,74;129,84
01/10/2021 09:00;129,87;130,63;129,55;130,08
30/09/2021 17:05;129,62;130,08;129,36;129,83
30/09/2021 15:00;130,68;130,8;129,74;129,9
30/09/2021 13:00;131,2;131,27;130,38;130,71
30/09/2021 11:00;131,21;131,62;130,96;131,23
30/09/2021 09:00;131,52;131,95;130,27;131,14
29/09/2021 17:05;131,75;132,02;131,64;131,69
29/09/2021 15:00;132,06;132,27;131,81;131,98
29/09/2021 13:00;131,93;132,16;131,79;132,06
29/09/2021 11:00;132,1;132,13;131,54;131,93
29/09/2021 09:00;132,36;132,63;131,58;132,19
28/09/2021 17:05;131,79;132,29;131,54;132,08
28/09/2021 15:00;132,33;132,39;131,37;131,67
28/09/2021 13:00;132,29;132,64;131,99;132,32
28/09/2021 11:00;132,36;132,47;132,17;132,27
28/09/2021 09:00;132,08;133,13;131,93;132,36
27/09/2021 17:05;131,09;131,37;130,96;131,3
27/09/2021 15:00;130,56;131,23;130,3;131,2
27/09/2021 13:00;130,08;131,36;130;130,63
27/09/2021 11:00;129,74;130,38;129,42;130,06
27/09/2021 09:00;128,06;130,72;127,7;129,74
24/09/2021 17:05;128,53;128,53;127,84;128,12
24/09/2021 15:00;128,54;128,69;128,02;128,19
24/09/2021 13:00;128,15;128,69;128,08;128,54
24/09/2021 11:00;128,39;128,5;128,05;128,22
24/09/2021 09:00;128,93;129,24;128,26;128,4
23/09/2021 17:05;129,43;129,43;129,14;129,36
23/09/2021 15:00;129,31;129,74;129,28;129,46
23/09/2021 13:00;129,39;129,46;129,04;129,29
23/09/2021 11:00;129,45;129,66;129,39;129,39
23/09/2021 09:00;129,94;130,03;129,26;129,48
22/09/2021 17:05;130,27;130,28;129,67;130,1
22/09/2021 15:00;130,25;130,44;130,08;130,27
22/09/2021 13:00;130,52;130,65;130,24;130,27
22/09/2021 11:00;130,48;130,66;130,28;130,52
22/09/2021 09:00;130,38;130,86;129,82;130,54
21/09/2021 17:05;130,9;131,37;130,87;130,87
21/09/2021 15:00;130,89;131,16;130,73;131,06
21/09/2021 13:00;130,62;131,21;130,55;130,92
21/09/2021 11:00;130,86;130,92;130,58;130,62
21/09/2021 09:00;130,52;131,27;130,27;130,85
20/09/2021 17:05;130,92;131,09;130,8;131,07
20/09/2021 15:00;131,23;131,23;130,95;130,95
20/09/2021 13:00;131,04;131,5;131,02;131,17
20/09/2021 11:00;131,27;131,27;130,95;131,04
20/09/2021 09:00;131,23;131,58;130,71;131,27
17/09/2021 17:05;131,69;132;131,48;131,86
17/09/2021 15:00;131,23;131,93;131,19;131,65
17/09/2021 13:00;131,02;131,23;130,71;131,23
17/09/2021 11:00;131,02;131,5;130,85;131,07
17/09/2021 09:00;130,86;131,55;130,44;131,09
16/09/2021 17:05;131,44;131,57;130,82;131,09
16/09/2021 15:00;131,92;132,17;131,17;131,44
16/09/2021 13:00;131,85;132,05;131,72;131,93
16/09/2021 11:00;131,79;132,34;131,54;131,85
16/09/2021 09:00;132,78;133,33;131,71;131,79
15/09/2021 17:05;133,13;133,49;132,57;132,64
15/09/2021 15:00;132,54;133,32;132,47;133,13
15/09/2021 13:00;132,78;132,78;132,36;132,51
15/09/2021 11:00;132,71;132,82;132,5;132,71
15/09/2021 09:00;133,63;133,69;132,22;132,78
14/09/2021 17:05;133,71;133,77;133,52;133,7
14/09/2021 15:00;133,57;133,71;133,28;133,56
14/09/2021 13:00;133,74;133,84;133,56;133,56
14/09/2021 11:00;133,56;133,91;133,5;133,77
14/09/2021 09:00;132,57;133,71;132,5;133,5
13/09/2021 17:05;132,2;132,64;132,08;132,33
13/09/2021 15:00;131,65;131,89;131,47;131,85
13/09/2021 13:00;131,64;131,72;131,51;131,65
13/09/2021 11:00;131,76;131,79;131,41;131,58
13/09/2021 09:00;130,68;131,93;130,65;131,75
10/09/2021 17:05;130,61;130,78;128,85;129,11
10/09/2021 15:00;131;131,23;130,44;130,68
10/09/2021 13:00;130,82;131,09;129,82;130,95
10/09/2021 11:00;130,52;131,37;130,38;130,86
10/09/2021 09:00;131,33;131,34;130,24;130,52
09/09/2021 17:05;130,9;131,19;130,66;131,07
09/09/2021 15:00;131,21;131,65;130,95;131,51
09/09/2021 13:00;130,93;131,61;130,87;131,23
09/09/2021 11:00;130,85;131,21;130,66;130,85
09/09/2021 09:00;130,99;131,51;130,24;130,9
08/09/2021 17:05;131,33;131,89;130,95;131,27
08/09/2021 15:00;131,57;132,08;130,66;131,37
08/09/2021 13:00;131,24;131,72;131,23;131,57
08/09/2021 11:00;130,06;131,92;129,89;131,24
08/09/2021 09:00;129,32;130,35;129,24;130,06
06/09/2021 17:05;130,55;130,61;128,54;128,54
06/09/2021 15:00;129,59;130,66;129,39;130,24
06/09/2021 13:00;129,53;129,69;129,21;129,5
06/09/2021 11:00;129,73;129,74;129,17;129,5
06/09/2021 09:00;129,18;130,14;128,95;129,73
03/09/2021 17:05;129,46;130,07;129,46;130,04
03/09/2021 15:00;129,67;130,22;129,25;129,6
03/09/2021 13:00;129,87;130,31;129,14;129,73
03/09/2021 11:00;129,74;130,38;129,56;129,8
03/09/2021 09:00;128,59;129,96;128,26;129,8
02/09/2021 17:05;129,96;130,32;128,83;128,83
02/09/2021 15:00;130,08;130,65;129,26;130,01
02/09/2021 13:00;130,63;130,66;129,69;129,98
02/09/2021 11:00;130,42;131,09;129,98;130,63
02/09/2021 09:00;128,83;130,8;127,95;130,47
01/09/2021 17:05;128,08;128,69;128,06;128,33
01/09/2021 15:00;127,63;127,81;126,98;127,81
01/09/2021 13:00;127,85;128,01;127,53;127,63
01/09/2021 11:00;128,01;128,18;127,75;127,92
01/09/2021 09:00;128,13;128,54;127,41;127,98
31/08/2021 17:05;129,63;130,04;129,42;129,49
31/08/2021 15:00;129,91;130,24;129,12;129,42
31/08/2021 13:00;130,47;130,48;129,7;129,91
31/08/2021 11:00;130,9;130,9;130,13;130,47
31/08/2021 09:00;132,47;133,52;130,83;130,92
30/08/2021 17:05;131,58;132,39;131,55;132,32
30/08/2021 15:00;132,78;132,85;131,13;131,61
30/08/2021 13:00;132,81;132,88;132,06;132,74
30/08/2021 11:00;133,24;133,52;132,61;132,74
30/08/2021 09:00;133,34;134,1;133,04;133,31
27/08/2021 17:05;134,71;135,15;134,11;134,66
27/08/2021 15:00;135,07;135,07;134,3;134,49
27/08/2021 13:00;135,2;135,26;134,82;135,03
27/08/2021 11:00;135,13;135,36;135;135,15
27/08/2021 09:00;134,78;135,4;134,45;135,07
26/08/2021 17:05;134,9;135,36;134,58;135,3
26/08/2021 15:00;135,41;135,41;134,58;134,93
26/08/2021 13:00;135,48;135,5;135,27;135,43
26/08/2021 11:00;135,34;135,85;135,15;135,46
26/08/2021 09:00;135,15;135,56;134,35;135,36
25/08/2021 17:05;135,13;135,13;134,51;134,65
25/08/2021 15:00;135,16;135,27;134,51;134,89
25/08/2021 13:00;135,41;135,57;135,12;135,15
25/08/2021 11:00;134,99;135,51;134,9;135,3
25/08/2021 09:00;134,51;135,13;133,6;135
24/08/2021 17:05;134,92;135,15;134,86;135
24/08/2021 15:00;135,37;135,56;134,41;134,71
24/08/2021 13:00;135,29;135,71;135,15;135,37
24/08/2021 11:00;135,77;135,98;134,89;135,29
24/08/2021 09:00;136,12;136,25;135,06;135,82
23/08/2021 17:05;134,86;136,49;134,72;136,28
23/08/2021 15:00;136,95;137,12;134,16;134,65
23/08/2021 13:00;135,91;137,28;135,87;136,95
23/08/2021 11:00;135,91;136,09;135,29;135,91
23/08/2021 09:00;135,99;136,28;134,88;135,91
20/08/2021 17:05;135,74;135,88;135,48;135,71
20/08/2021 15:00;136,56;136,64;135,43;135,68
20/08/2021 13:00;136,95;137,1;136,28;136,57
20/08/2021 11:00;136,83;137,36;136,42;136,84
20/08/2021 09:00;137,34;137,68;136,57;136,86
19/08/2021 17:05;136,42;137,31;136,25;137,18
19/08/2021 15:00;138,28;138,28;136,71;136,84
19/08/2021 13:00;137,87;138,54;137,72;138,27
19/08/2021 11:00;138,2;138,52;137,83;137,97
19/08/2021 09:00;138,09;138,68;137,56;138,21
18/08/2021 17:05;138,47;138,81;138,26;138,54
18/08/2021 15:00;138,95;138,96;138,11;138,47
18/08/2021 13:00;138,98;139,43;138,75;139,03
18/08/2021 11:00;138,35;140,16;138,31;138,98
18/08/2021 09:00;140,14;140,52;138,31;138,38
17/08/2021 17:05;140,16;140,76;139,13;140,29
17/08/2021 15:00;140,73;141,2;140,38;140,4
17/08/2021 13:00;140,3;141,03;140,23;140,81
17/08/2021 11:00;141,24;141,49;140,02;140,3
17/08/2021 09:00;141,66;141,82;141,08;141,29
16/08/2021 17:05;141,22;141,83;141;141,79
16/08/2021 15:00;141,45;141,45;140,66;141,27
16/08/2021 13:00;141,25;141,51;140,94;141,37
16/08/2021 11:00;141,68;141,86;140,93;141,22
16/08/2021 09:00;141,66;142,41;141,38;141,79
13/08/2021 17:05;140,96;141,83;140,83;141,37
13/08/2021 15:00;140,97;141,29;140,76;141,22
13/08/2021 13:00;140,94;141,44;140,32;140,9
13/08/2021 11:00;141,85;142;140,8;140,96
13/08/2021 09:00;142,1;142,57;141,58;141,8
12/08/2021 17:05;141,37;141,65;141,08;141,63
12/08/2021 15:00;142,14;142,28;141,22;141,37
12/08/2021 13:00;141,34;142,78;141,29;142,14
12/08/2021 11:00;140,88;141,34;140,5;141,34
12/08/2021 09:00;140,29;141,51;139,6;140,94
11/08/2021 17:05;140,38;140,38;139,81;140,23
11/08/2021 15:00;139,95;140,66;139,67;140,38
11/08/2021 13:00;138,68;139,99;138,62;139,95
11/08/2021 11:00;138,34;138,96;137,7;138,76
11/08/2021 09:00;138,85;139,09;137,97;138,4
10/08/2021 17:05;138,95;139,37;138,69;138,69
10/08/2021 15:00;138,81;139,17;138,5;138,96
10/08/2021 13:00;138,68;139,08;138,23;138,78
10/08/2021 11:00;138,31;139,19;138,28;138,65
10/08/2021 09:00;137,73;138,72;137,12;138,48
09/08/2021 17:05;137,53;137,55;136,86;137,21
09/08/2021 15:00;137,05;137,82;136,73;137,55
09/08/2021 13:00;137,6;138,04;136,21;137,08
09/08/2021 11:00;137,35;137,69;137;137,55
09/08/2021 09:00;136,52;138,11;136,16;137,34
06/08/2021 17:05;137,76;138,13;137,27;138,06
06/08/2021 15:00;138,78;139,08;137,48;138,04
06/08/2021 13:00;138,95;139,44;137,83;138,89
06/08/2021 11:00;139,33;139,41;138,91;138,95
06/08/2021 09:00;139,12;140,66;138,54;139,34
05/08/2021 17:05;138,67;139,17;138,41;139
05/08/2021 15:00;137,01;138,41;136,91;138,26
05/08/2021 13:00;137,25;137,92;136,93;136,94
05/08/2021 11:00;134,79;137,97;134,72;137,34
05/08/2021 09:00;135,05;135,24;134,01;134,86
04/08/2021 17:05;135,05;135,36;134,3;134,3
04/08/2021 15:00;135,48;135,54;134,48;134,86
04/08/2021 13:00;135,17;135,71;135,07;135,37
04/08/2021 11:00;135,64;135,88;135,02;135,15
04/08/2021 09:00;136,36;136,77;135,15;135,65
03/08/2021 17:05;136,56;136,84;136,22;136,83
03/08/2021 15:00;139,33;139,51;136,71;136,74
03/08/2021 13:00;139,05;139,53;139,03;139,33
03/08/2021 11:00;140,04;140,16;138,69;139,05
03/08/2021 09:00;139,26;140,36;139,03;140,04
02/08/2021 17:05;139,53;140,08;139,13;139,16
02/08/2021 15:00;140,11;140,56;139,26;139,67
02/08/2021 13:00;139,65;140,49;139,37;140,09
02/08/2021 11:00;140,09;140,28;139,34;139,65
02/08/2021 09:00;139,74;140,36;138,26;140,01
30/07/2021 17:05;140,59;140,88;140,26;140,26
30/07/2021 15:00;141,48;141,66;140,3;140,52
30/07/2021 13:00;140,87;141,66;140,8;141,48
30/07/2021 11:00;140,21;141,07;140,02;140,84
30/07/2021 09:00;140,66;141,07;139,53;140,16
29/07/2021 17:05;141,63;141,94;141,28;141,28
29/07/2021 15:00;141,69;142,35;141,22;141,51
29/07/2021 13:00;142,21;142,5;141,39;141,69
29/07/2021 11:00;141,51;142,21;140,71;142,21
29/07/2021 09:00;143,22;144,33;141,08;141,51
28/07/2021 17:05;143,77;143,88;141,72;143,49
28/07/2021 15:00;143,75;144,4;143,34;143,61
28/07/2021 13:00;143,91;144,02;143,16;143,6
28/07/2021 11:00;145,21;145,41;143,6;143,91
28/07/2021 09:00;145,46;146,03;144,67;145,25
27/07/2021 17:05;145,42;145,73;145,13;145,32
27/07/2021 15:00;143,91;145,04;143,51;144,96
27/07/2021 13:00;143,26;144,76;143,09;143,95
27/07/2021 11:00;144,46;144,86;143,08;143,26
27/07/2021 09:00;145,61;146,27;143,78;144,32
26/07/2021 17:05;144,62;145,45;144,48;145,11
26/07/2021 15:00;143,44;144,48;143,22;144,25
26/07/2021 13:00;143,15;143,63;143,06;143,34
26/07/2021 11:00;143,05;143,47;142,82;143,19
26/07/2021 09:00;141,18;143,95;141,15;143,06
23/07/2021 17:05;140,87;141,32;140,45;140,53
23/07/2021 15:00;140,77;140,94;140,01;140,87
23/07/2021 13:00;140,63;140,79;140,23;140,77
23/07/2021 11:00;140,53;141,07;140,38;140,66
23/07/2021 09:00;139,54;141,07;139,24;140,52
22/07/2021 17:05;139,99;140,32;139,26;139,26
22/07/2021 15:00;139,78;140,38;139,67;139,95
22/07/2021 13:00;139,36;139,95;139,17;139,81
22/07/2021 11:00;138,88;139,53;138,69;139,34
22/07/2021 09:00;138,96;139,19;137,85;138,78
21/07/2021 17:05;139,48;139,92;139,32;139,65
21/07/2021 15:00;138,78;139,24;138,44;139,24
21/07/2021 13:00;139,2;139,24;138,13;138,82
21/07/2021 11:00;139,53;139,6;138,92;139,17
21/07/2021 09:00;138,54;139,78;138,48;139,53
20/07/2021 17:05;137,58;139,39;137,28;138,96
20/07/2021 15:00;137,55;138,47;136,56;137,22
20/07/2021 13:00;137,97;138,23;136,84;137,52
20/07/2021 11:00;138,24;138,35;137,63;137,99
20/07/2021 09:00;138,34;138,54;137,62;138,24
19/07/2021 17:05;135,99;137,55;135,99;137,52
19/07/2021 15:00;136,09;136,28;135,57;135,99
19/07/2021 13:00;135,74;136,13;135,5;136,08
19/07/2021 11:00;135,71;136,23;135,17;135,71
19/07/2021 09:00;135,7;137,53;134,58;135,71
16/07/2021 17:05;134;135,34;133,73;135,27
16/07/2021 15:00;136,26;136,59;133,41;133,7
16/07/2021 13:00;136,22;136,7;135,78;136,15
16/07/2021 11:00;136,13;136,56;135,72;136,21
16/07/2021 09:00;137,34;137,96;135,98;136,06
15/07/2021 17:05;136,28;136,28;135,57;136,13
15/07/2021 15:00;138,17;138,42;135,85;136,22
15/07/2021 13:00;138,21;138,54;137,12;138,03
15/07/2021 11:00;137,96;138,45;137,9;138,26
15/07/2021 09:00;138,07;138,75;137,42;137,9
14/07/2021 17:05;137,27;137,83;136,71;137,69
14/07/2021 15:00;135,57;138,04;135,06;137,12
14/07/2021 13:00;134,52;135,57;134,3;135,57
14/07/2021 11:00;134,44;135,3;134,07;134,51
14/07/2021 09:00;135;135;133,02;134,55
13/07/2021 17:05;135;135;134,16;134,3
13/07/2021 15:00;135,19;135,57;133,94;135,07
13/07/2021 13:00;135,46;135,58;135,02;135,16
13/07/2021 11:00;136,76;136,77;135,02;135,46
13/07/2021 09:00;135,57;137,62;134,65;136,64
12/07/2021 17:05;136,22;136,36;135,81;135,85
12/07/2021 15:00;137,12;137,12;135,56;135,89
12/07/2021 13:00;137,31;137,48;135,85;137,15
12/07/2021 11:00;137,87;138,26;137,14;137,66
12/07/2021 09:00;137,59;138,54;136,76;137,87
08/07/2021 17:05;137,9;137,9;137,39;137,69
08/07/2021 15:00;137,04;137,83;136,91;137,69
08/07/2021 13:00;137,05;137,31;136,59;137,04
08/07/2021 11:00;137,42;137,55;136,87;137,05
08/07/2021 09:00;136,56;137,9;136,09;137,49
07/07/2021 17:05;135,58;136,06;135,33;135,78
07/07/2021 15:00;135,89;136,19;134,44;135,57
07/07/2021 13:00;135,27;136,3;134,75;135,91
07/07/2021 11:00;133,87;135,27;133,26;135,27
07/07/2021 09:00;132,9;134,28;132,46;133,93
06/07/2021 17:05;132,88;133,24;132,32;132,95
06/07/2021 15:00;131,5;132,88;131,19;132,25
06/07/2021 13:00;134,3;134,55;131,19;131,61
06/07/2021 11:00;134,58;135,71;133,59;134,08
06/07/2021 09:00;138,04;138,04;134,44;134,58
05/07/2021 17:05;137,99;138,11;137,83;137,9
05/07/2021 15:00;138,57;138,64;137,12;137,68
05/07/2021 13:00;138,34;138,89;138,09;138,57
05/07/2021 11:00;138,14;138,59;138,03;138,38
05/07/2021 09:00;135,54;139,1;135,05;138,11
02/07/2021 17:05;134,57;134,57;134,01;134,42
02/07/2021 15:00;134,55;134,55;133,32;134,08
02/07/2021 13:00;134,75;134,93;134,34;134,55
02/07/2021 11:00;134,38;134,93;134,3;134,69
02/07/2021 09:00;134,81;135,56;133,48;134,37
01/07/2021 17:05;132,9;134,42;132,9;133,58
01/07/2021 15:00;131,68;133,02;131,47;132,81
01/07/2021 13:00;132,26;132,88;131,47;131,68
01/07/2021 11:00;133,08;133,41;131,61;132,18
01/07/2021 09:00;132,46;135,82;132,18;133,08
30/06/2021 17:05;130,44;131,05;129,17;130,9
30/06/2021 15:00;133,83;133,87;128,93;129,09
30/06/2021 13:00;130,34;135,71;130,25;133,8
30/06/2021 11:00;130,34;131,47;128,78;130,32
30/06/2021 09:00;135,61;135,61;127,04;130,4
29/06/2021 17:05;138,4;138,54;135;135,57
29/06/2021 15:00;131,23;131,23;131,23;131,23
29/06/2021 13:00;131,23;131,23;131,23;131,23
29/06/2021 11:00;131,23;131,23;131,23;131,23
29/06/2021 09:00;131,23;131,23;130,97;131,23
28/06/2021 17:05;128,37;130,47;128,37;130,06
28/06/2021 15:00;124,98;124,98;124,98;124,98
28/06/2021 13:00;124,98;124,98;124,98;124,98
28/06/2021 11:00;124,37;124,98;124,36;124,98
28/06/2021 09:00;121,15;124,37;121,07;124,36
25/06/2021 17:05;119,31;120;119,03;119,61
25/06/2021 15:00;118,73;119,31;118,25;119,24
25/06/2021 13:00;118,11;118,85;117,79;118,75
25/06/2021 11:00;118,83;119,35;117,79;118,11
25/06/2021 09:00;117,49;119,72;117,05;118,83
24/06/2021 17:05;116,74;117,76;116,48;117,49
24/06/2021 15:00;116,91;117,71;115,99;116,61
24/06/2021 13:00;115,21;117,05;115,16;116,92
24/06/2021 11:00;116,16;116,27;114,65;115,21
24/06/2021 09:00;114,92;117,25;114,92;116,2
23/06/2021 17:05;114,75;115,92;114,15;115,59
23/06/2021 15:00;115,38;115,81;114,79;114,89
23/06/2021 13:00;116,3;116,48;115,24;115,4
23/06/2021 11:00;116,32;116,58;115,26;116,29
23/06/2021 09:00;114,51;116,95;113,98;116,3
22/06/2021 17:05;114,22;115,07;114,22;114,63
22/06/2021 15:00;114,96;115,28;113,8;114,42
22/06/2021 13:00;116,07;116,32;114,93;114,97
22/06/2021 11:00;116,98;116,98;116,06;116,13
22/06/2021 09:00;117,33;118,17;115,82;116,92
21/06/2021 17:05;118,75;119,4;118,45;118,59
21/06/2021 15:00;119,21;119,88;118,32;118,61
21/06/2021 13:00;120,13;120,44;119,17;119,24
21/06/2021 11:00;119,54;121,28;119,33;120,1
21/06/2021 09:00;119,59;120,37;118,2;119,54
18/06/2021 17:05;121,56;122,2;121,36;121,4
18/06/2021 15:00;118,66;121,42;118,41;121,36
18/06/2021 13:00;119,88;120,16;118,1;118,73
18/06/2021 11:00;119,09;119,88;118,61;119,85
18/06/2021 09:00;118,89;120,82;117,63;119
17/06/2021 17:05;116,23;116,81;113,97;114,08
17/06/2021 15:00;117,4;117,4;117,4;117,4
17/06/2021 13:00;118,46;118,62;117,4;117,4
17/06/2021 11:00;119,55;120;118,39;118,61
17/06/2021 09:00;120,58;120,73;118,03;119,45
16/06/2021 17:05;124,01;124,13;123,51;123,77
16/06/2021 15:00;124,09;124,53;123,13;123,98
16/06/2021 13:00;126,31;126,38;123,55;124,18
16/06/2021 11:00;127;127,21;126,27;126,38
16/06/2021 09:00;126,37;127,5;125,32;127,02
15/06/2021 17:05;127,29;127,29;126,8;126,8
15/06/2021 15:00;127,79;128,2;126,66;126,95
15/06/2021 13:00;127,31;127,86;125,89;127,79
15/06/2021 11:00;127,65;127,88;127,04;127,34
15/06/2021 09:00;127,36;129,14;126,97;127,65
14/06/2021 17:05;128,83;129,35;128,64;129,28
14/06/2021 15:00;128,6;129,14;128,11;128,78
14/06/2021 13:00;130,07;130,13;128,22;128,56
14/06/2021 11:00;130,15;130,73;130,03;130,15
14/06/2021 09:00;130,48;131,26;129,6;130,15
11/06/2021 17:05;134,3;134,44;133,86;134,3
11/06/2021 15:00;133,77;134,58;133,32;134,27
11/06/2021 13:00;134,06;134,28;133,45;133,72
11/06/2021 11:00;133,45;134,48;133,21;134,28
11/06/2021 09:00;135,29;135,29;133,02;133,45
10/06/2021 17:05;135,87;136,83;135,71;136,7
10/06/2021 15:00;136,7;136,98;135,85;136,13
10/06/2021 13:00;137,89;138,4;136,4;136,69
10/06/2021 11:00;137,75;138,38;137,69;137,82
10/06/2021 09:00;137,12;137,83;136,87;137,7
09/06/2021 17:05;136,66;137,97;136,66;137,49
09/06/2021 15:00;137,34;137,51;136,26;136,77
09/06/2021 13:00;136,05;137,52;135,92;137,34
09/06/2021 11:00;136,4;136,52;135,56;136,09
09/06/2021 09:00;135,71;136,71;134,88;136,22
08/06/2021 17:05;136,86;137,36;136,86;137,14
08/06/2021 15:00;137,49;137,56;136,64;137,19
08/06/2021 13:00;138,13;138,18;136,84;137,58
08/06/2021 11:00;138,86;138,89;137,85;138,13
08/06/2021 09:00;137,97;138,96;137,69;138,76
07/06/2021 17:05;138,54;138,83;138,4;138,54
07/06/2021 15:00;139,02;139,1;137,12;137,62
07/06/2021 13:00;139,81;139,81;139,03;139,09
07/06/2021 11:00;140,14;140,33;139,43;139,81
07/06/2021 09:00;139,39;140,73;138,76;139,99
04/06/2021 17:05;137,48;137,65;137,36;137,41
04/06/2021 15:00;138,2;138,54;137,14;137,36
04/06/2021 13:00;138,07;138,4;137,96;138,23
04/06/2021 11:00;138,13;138,26;137,72;138,04
04/06/2021 09:00;137,01;138,54;135,96;138,14
02/06/2021 17:05;137,38;137,83;137;137
02/06/2021 15:00;137,46;138,54;136,42;137,97
02/06/2021 13:00;137,44;138,18;136,88;137,56
02/06/2021 11:00;138,92;139,19;137,22;137,41
02/06/2021 09:00;139,82;139,82;137,7;138,76
01/06/2021 17:05;139,98;139,98;139,03;139,67
01/06/2021 15:00;140,5;140,66;139,41;140,08
01/06/2021 13:00;140,33;140,64;140,26;140,53
01/06/2021 11:00;140,38;140,97;139,7;140,33
01/06/2021 09:00;139,95;140,66;138,99;140,49
31/05/2021 17:05;137,97;137,97;137,27;137,51
31/05/2021 15:00;138,38;138,52;136,87;137,79
31/05/2021 13:00;137,46;138,72;137,46;138,4
31/05/2021 11:00;136,87;137,83;136,84;137,46
31/05/2021 09:00;134,47;137,66;134,47;136,91
28/05/2021 17:05;134,23;134,92;134,08;134,33
28/05/2021 15:00;134,62;134,65;133,67;134,55
28/05/2021 13:00;133,77;134,81;133,52;134,68
28/05/2021 11:00;133,41;134,37;133,17;133,8
28/05/2021 09:00;133,73;135;132,18;133,35
27/05/2021 17:05;133,58;134,52;133,41;133,56
27/05/2021 15:00;132,93;133,59;132,88;133,41
27/05/2021 13:00;131,82;133,24;131,82;132,93
27/05/2021 11:00;132,35;132,6;131,14;131,88
27/05/2021 09:00;129,72;133,59;129,63;132,35
26/05/2021 17:05;129,33;130,18;129,33;129,56
26/05/2021 15:00;128,98;129,69;128,9;129,24
26/05/2021 13:00;128,36;129,49;128,18;128,98
26/05/2021 11:00;127,4;129,7;126,96;128,36
26/05/2021 09:00;128,5;129,33;126,73;127,5
25/05/2021 17:05;128,36;128,91;128,36;128,71
25/05/2021 15:00;128,19;128,93;127,23;128,36
25/05/2021 13:00;129,21;129,63;128,09;128,19
25/05/2021 11:00;131,36;131,46;129;129,15
25/05/2021 09:00;130,48;131,72;128,94;131,33
24/05/2021 17:05;129,89;130,62;129,77;130,42
24/05/2021 15:00;129;130,06;128,98;130,06
24/05/2021 13:00;128,93;129,46;128,5;129
24/05/2021 11:00;128,71;129,07;128,44;128,93
24/05/2021 09:00;131,4;131,4;128,36;128,88
21/05/2021 17:05;131,91;132,6;131,91;132,6
21/05/2021 15:00;132,95;133,17;132,25;132,59
21/05/2021 13:00;133,56;133,79;132,19;132,95
21/05/2021 11:00;133,73;133,83;133,11;133,45
21/05/2021 09:00;135,13;135,13;133,1;133,65
20/05/2021 17:05;136,01;136,01;135,47;135,71
20/05/2021 15:00;135,72;136,32;135,16;135,85
20/05/2021 13:00;137,1;137,1;135,7;135,74
20/05/2021 11:00;136,25;137,38;136,01;137,07
20/05/2021 09:00;136,36;137,76;135,26;136,42
19/05/2021 17:05;136,23;136,97;136,21;136,28
19/05/2021 15:00;134,99;136,78;134,83;136,45
19/05/2021 13:00;134,37;135,29;134,08;134,98
19/05/2021 11:00;134,31;134,86;134,24;134,37
19/05/2021 09:00;137,53;138;134,01;134,3
18/05/2021 17:05;136,7;137,01;136,39;136,53
18/05/2021 15:00;135,99;137,12;135,98;136,7
18/05/2021 13:00;138,37;138,37;135,85;136,01
18/05/2021 11:00;138,37;138,62;137,48;138,3
18/05/2021 09:00;137,82;139,05;137,8;138,41
17/05/2021 17:05;137,12;137,55;136,7;137,32
17/05/2021 15:00;135,8;137,83;135,67;137,12
17/05/2021 13:00;136,08;136,3;135,3;135,78
17/05/2021 11:00;134,81;136,42;134,52;136,09
17/05/2021 09:00;134,31;135,22;134,01;134,71
14/05/2021 17:05;134,3;135,7;134,17;135,07
14/05/2021 15:00;134,45;135,15;132,95;134,16
14/05/2021 13:00;135,12;135,15;134,13;134,45
14/05/2021 11:00;136,98;137,1;133,17;135,06
14/05/2021 09:00;136,28;137,12;135,02;136,93
13/05/2021 17:05;134,88;135,16;134,06;134,3
13/05/2021 15:00;135,72;136,26;134,3;135
13/05/2021 13:00;138,37;138,37;133,69;135,71
13/05/2021 11:00;140,15;140,23;137,73;138,18
13/05/2021 09:00;140,11;141,1;139,54;140,08
12/05/2021 17:05;141,08;141,08;140,38;140,88
12/05/2021 15:00;140,56;141,51;140,43;140,66
12/05/2021 13:00;141,52;141,68;139,23;140,59
12/05/2021 11:00;141,78;142,1;141,37;141,55
12/05/2021 09:00;141,66;142,62;141,04;141,8
11/05/2021 17:05;140,94;141,37;140,25;141,22
11/05/2021 15:00;141,85;141,92;140,5;140,93
11/05/2021 13:00;141,53;142,21;141,42;141,82
11/05/2021 11:00;141,86;142,21;141,08;141,58
11/05/2021 09:00;140,43;142,28;140,26;141,79
10/05/2021 17:05;140,25;140,73;140,25;140,66
10/05/2021 15:00;141,92;142,35;139,95;140,09
10/05/2021 13:00;142,19;142,44;141,82;141,92
10/05/2021 11:00;142,47;142,96;141,65;142,23
10/05/2021 09:00;142,4;143,13;142,09;142,34
07/05/2021 17:05;142,23;142,34;141,47;142,34
07/05/2021 15:00;142,44;142,69;141,45;141,86
07/05/2021 13:00;141,58;142,66;141,27;142,47
07/05/2021 11:00;142,39;142,4;141,17;141,57
07/05/2021 09:00;141,72;142,76;141,72;142,4
06/05/2021 17:05;141,57;142,12;141,06;141,82
06/05/2021 15:00;141,5;141,72;141,03;141,57
06/05/2021 13:00;140,75;141,71;140,64;141,53
06/05/2021 11:00;140,8;140,89;139,98;140,77
06/05/2021 09:00;140,48;141,4;139,74;140,77
05/05/2021 17:05;140,44;140,82;140,06;140,08
05/05/2021 15:00;141,29;141,29;140,41;140,48
05/05/2021 13:00;141,51;141,65;141,03;141,28
05/05/2021 11:00;141,04;141,78;140,35;141,51
05/05/2021 09:00;142,55;142,55;140,77;141,06
04/05/2021 17:05;141,93;143,01;141,93;142,83
04/05/2021 15:00;142,98;143,01;141,8;141,93
04/05/2021 13:00;142,69;143,3;142,27;143,04
04/05/2021 11:00;143,81;143,98;142,62;142,7
04/05/2021 09:00;144,89;145,43;143,26;143,82
03/05/2021 17:05;144,9;145,03;144,58;144,64
03/05/2021 15:00;143,96;145,11;143,73;145,01
03/05/2021 13:00;143,93;144,68;143,59;143,96
03/05/2021 11:00;144,76;144,8;142,18;144,03
03/05/2021 09:00;143,8;145,11;143,8;144,76
30/04/2021 17:05;142,97;143,33;142,97;143,21
30/04/2021 15:00;142,95;143,16;142,11;142,97
30/04/2021 13:00;141,71;143,35;141,71;142,97
30/04/2021 11:00;141,35;141,82;140,86;141,72
30/04/2021 09:00;141,76;142,04;140,35;141,35
29/04/2021 17:05;140,48;141,31;140,21;141,29
29/04/2021 15:00;141,06;141,5;140,2;140,2
29/04/2021 13:00;140,93;141,98;140,75;141,04
29/04/2021 11:00;142,51;143,37;140,62;140,93
29/04/2021 09:00;145,04;145,58;142,43;142,51
28/04/2021 17:05;144,76;145,3;144,56;144,63
28/04/2021 15:00;146,38;146,38;143,62;144,97
28/04/2021 13:00;147,22;147,43;146,13;146,4
28/04/2021 11:00;146,77;147,69;146,63;147,31
28/04/2021 09:00;146,12;147,46;145,87;146,78
27/04/2021 17:05;148,03;148,59;147,83;148,5
27/04/2021 15:00;148,33;148,33;147,25;148,22
27/04/2021 13:00;148,66;148,76;147,34;148,34
27/04/2021 11:00;148,08;148,9;147,72;148,63
27/04/2021 09:00;149,33;150,79;146,89;148,04
26/04/2021 17:05;146,98;147,45;146,91;147,32
26/04/2021 15:00;146,35;147,17;146,24;146,84
26/04/2021 13:00;145,34;146,37;145,07;146,37
26/04/2021 11:00;145,12;145,39;144,86;145,36
26/04/2021 09:00;144,42;145,59;144,17;145,15
23/04/2021 17:05;143,66;144,04;143,55;144
23/04/2021 15:00;144,1;144,25;143,67;143,8
23/04/2021 13:00;143,52;144,13;143,1;144,07
23/04/2021 11:00;143,24;143,73;142,86;143,46
23/04/2021 09:00;143,52;143,92;142,69;143,24
22/04/2021 17:05;144,35;144,63;144,21;144,63
22/04/2021 15:00;143,88;144,49;143,67;144,42
22/04/2021 13:00;143,44;144,33;143,1;144,03
22/04/2021 11:00;142,48;143,45;142,15;143,38
22/04/2021 09:00;143,1;143,52;142,23;142,43
20/04/2021 17:05;142,12;142,12;141,47;141,47
20/04/2021 15:00;142,45;142,54;141,1;141,71
20/04/2021 13:00;142,57;143,09;141,6;142,44
20/04/2021 11:00;142,47;142,92;142,33;142,69
20/04/2021 09:00;143,52;143,86;141,13;142,48
19/04/2021 17:05;143,24;143,44;143,01;143,38
19/04/2021 15:00;143,34;143,46;142,97;143,24
19/04/2021 13:00;143,31;143,52;142,69;143,41
19/04/2021 11:00;143,56;143,78;142,76;143,39
19/04/2021 09:00;142,69;144,06;142,47;143,66
16/04/2021 17:05;141,87;142,07;141,74;141,98
16/04/2021 15:00;141,11;142,21;141,1;142,14
16/04/2021 13:00;141,71;141,71;140,34;141,14
16/04/2021 11:00;141,89;142,37;141,38;141,72
16/04/2021 09:00;141,57;143,1;141,35;141,8
15/04/2021 17:05;141,1;141,49;141,03;141,38
15/04/2021 15:00;140,24;141,03;139,66;140,75
15/04/2021 13:00;139,38;140,81;139,38;140,39
15/04/2021 11:00;140,05;140,05;138,96;139,37
15/04/2021 09:00;140,88;141,6;138,54;140,02
14/04/2021 17:05;138,82;140,84;138,82;140,46
14/04/2021 15:00;144,4;144,4;138,58;138,96
14/04/2021 13:00;144,93;145,08;144,06;144,4
14/04/2021 11:00;144,94;145,14;144,74;144,89
14/04/2021 09:00;143,49;145,41;143,38;144,94
13/04/2021 17:05;143,62;143,78;143,04;143,24
13/04/2021 15:00;143,13;143,78;142,91;143,66
13/04/2021 13:00;142,76;143,52;142,27;143,17
13/04/2021 11:00;142,79;143,1;142;142,74
13/04/2021 09:00;141,29;143,45;141,04;142,79
12/04/2021 17:05;140,96;141,2;140,81;141,03
12/04/2021 15:00;140,75;141,02;140,62;141,02
12/04/2021 13:00;140,2;141,02;139,95;140,73
12/04/2021 11:00;140,1;140,68;140,03;140,26
12/04/2021 09:00;139,44;140,45;139,08;140,19
09/04/2021 17:05;139,08;139,34;138,76;139,23
09/04/2021 15:00;138,71;139,16;138,6;138,97
09/04/2021 13:00;139,51;140,2;137,85;138,76
09/04/2021 11:00;139,09;139,63;139,04;139,58
09/04/2021 09:00;138,54;139,52;138,54;139,07
08/04/2021 17:05;138,14;138,27;138,11;138,2
08/04/2021 15:00;137,86;138,11;137,6;138,04
08/04/2021 13:00;138,03;138,11;137,71;137,82
08/04/2021 11:00;137,32;138,06;137,23;138,02
08/04/2021 09:00;136,83;137,57;136,81;137,34
07/04/2021 17:05;136,76;137,34;136,74;136,74
07/04/2021 15:00;137,16;137,24;136,33;136,76
07/04/2021 13:00;137,45;137,59;136,81;137,15
07/04/2021 11:00;136,74;137,85;136,67;137,48
07/04/2021 09:00;137,44;137,74;135,71;136,63
06/04/2021 17:05;137,85;137,95;136,67;137,02
06/04/2021 15:00;138,11;138,21;137,67;137,88
06/04/2021 13:00;137,77;138,27;137,64;138,17
06/04/2021 11:00;137,88;138,1;137,64;137,74
06/04/2021 09:00;137,66;138,39;137,3;137,89
05/04/2021 17:05;137,08;137,48;137,08;137,42
05/04/2021 15:00;136,88;137,23;136,27;137,03
05/04/2021 13:00;136,52;137,08;136,43;136,88
05/04/2021 11:00;136,26;136,74;135,78;136,56
05/04/2021 09:00;134,68;136,54;134,68;136,37
01/04/2021 17:05;134,71;134,79;134,41;134,6
01/04/2021 15:00;134,95;135,21;134,27;134,81
01/04/2021 13:00;134,34;135,02;133,49;135,02
01/04/2021 11:00;135,29;135,44;133,84;134,32
01/04/2021 09:00;134,12;135,38;133,05;135,29
31/03/2021 17:05;133,56;133,91;133,47;133,63
31/03/2021 15:00;132,28;133,83;132,18;133,49
31/03/2021 13:00;129,8;132,53;129,8;132,42
31/03/2021 11:00;130,09;130,09;129,49;129,73
31/03/2021 09:00;129,64;130,51;129,14;130,07
30/03/2021 17:05;130,04;130,15;129,44;130,07
30/03/2021 15:00;130,48;130,66;129,83;129,83
30/03/2021 13:00;130,31;130,87;130,25;130,47
30/03/2021 11:00;130,49;130,94;130,11;130,31
30/03/2021 09:00;131,13;131,48;130,25;130,45
29/03/2021 17:05;130,45;130,63;130,45;130,48
29/03/2021 15:00;130,23;130,92;130,14;130,74
29/03/2021 13:00;130,74;130,77;129,71;130,14
29/03/2021 11:00;130,7;131,08;130,54;130,7
29/03/2021 09:00;131,09;131,35;130,4;130,8
26/03/2021 17:05;130,54;130,94;130,52;130,9
26/03/2021 15:00;130,47;130,8;130,11;130,73
26/03/2021 13:00;129,61;130,88;129,53;130,52
26/03/2021 11:00;129,11;129,69;128,89;129,54
26/03/2021 09:00;128,9;129,9;128,75;129,19
25/03/2021 17:05;128,96;129,13;128,54;128,86
25/03/2021 15:00;129,9;130,18;128,66;129,04
25/03/2021 13:00;129,49;129,96;129,07;129,93
25/03/2021 11:00;130,15;130,44;127,77;129,49
25/03/2021 09:00;130,49;131,06;129,97;130,23
24/03/2021 17:05;130,27;130,4;129,94;130,31
24/03/2021 15:00;129,08;130,37;129,02;130,29
24/03/2021 13:00;128,37;129,62;128,25;129,19
24/03/2021 11:00;128,5;128,56;127,78;128,38
24/03/2021 09:00;127,87;128,59;127,49;128,5
23/03/2021 17:05;128,05;128,38;127,78;128,35
23/03/2021 15:00;127,33;127,76;127,2;127,76
23/03/2021 13:00;127,34;127,9;127,2;127,29
23/03/2021 11:00;127,37;128,03;127,3;127,34
23/03/2021 09:00;126,84;127,72;126,66;127,36
22/03/2021 17:05;127,36;127,69;127,2;127,2
22/03/2021 15:00;127,31;127,76;127,12;127,69
22/03/2021 13:00;126,76;127,59;126,65;127,2
22/03/2021 11:00;127,91;127,96;126,54;126,75
22/03/2021 09:00;128,88;129,28;127,62;127,9
19/03/2021 17:05;128,28;128,57;127,95;128,38
19/03/2021 15:00;127,84;128,67;127,48;128,23
19/03/2021 13:00;126,65;128,31;126,58;127,9
19/03/2021 11:00;127,15;127,47;126,13;126,64
19/03/2021 09:00;128,07;128,09;126,69;127,2
18/03/2021 17:05;129;129;128,37;128,43
18/03/2021 15:00;129,91;129,91;128,71;129
18/03/2021 13:00;129,71;130,15;129,42;129,8
18/03/2021 11:00;129,84;130,55;129;129,72
18/03/2021 09:00;129,91;130,87;128,92;129,9
17/03/2021 17:05;131,19;131,88;131,09;131,88
17/03/2021 15:00;132,37;132,43;130,05;131,09
17/03/2021 13:00;132,61;132,67;132,21;132,32
17/03/2021 11:00;132,31;132,67;132,18;132,58
17/03/2021 09:00;131,42;132,46;131,12;132,31
16/03/2021 17:05;131,08;131,21;130,67;130,9
16/03/2021 15:00;130,73;131,28;130,54;131,08
16/03/2021 13:00;130,87;131,25;130,7;130,77
16/03/2021 11:00;130,67;130,99;130,45;130,91
16/03/2021 09:00;130,25;131,12;130,25;130,76
15/03/2021 17:05;130,25;130,65;129,55;130,14
15/03/2021 15:00;128,93;130,2;128,88;130,14
15/03/2021 13:00;129;129,91;128,61;128,9
15/03/2021 11:00;128,17;129,13;127,96;129
15/03/2021 09:00;128,31;128,31;124,58;128,17
12/03/2021 17:05;128,45;128,5;128,1;128,31
12/03/2021 15:00;128,14;128,79;128,05;128,59
12/03/2021 13:00;129,07;129,25;127,7;128,17
12/03/2021 11:00;129,55;129,62;128,88;129,14
12/03/2021 09:00;129,69;129,9;129,35;129,55
11/03/2021 17:05;130,23;130,38;130,11;130,38
11/03/2021 15:00;129,69;130,16;129,62;130,05
11/03/2021 13:00;130,23;130,52;129,44;129,69
11/03/2021 11:00;130,66;130,72;130,18;130,2
11/03/2021 09:00;131,19;131,82;130,04;130,59
10/03/2021 17:05;129,72;130,25;129,68;130,25
10/03/2021 15:00;129,35;129,97;129,25;129,72
10/03/2021 13:00;129,68;129,75;128,93;129,28
10/03/2021 11:00;129,14;129,94;129,07;129,69
10/03/2021 09:00;129,76;130,19;128,82;129,35
09/03/2021 17:05;130,47;130,61;129,98;130,31
09/03/2021 15:00;130,31;130,84;130,25;130,25
09/03/2021 13:00;130,52;130,67;129,43;130,29
09/03/2021 11:00;130,77;131,02;130,36;130,52
09/03/2021 09:00;131,21;132,02;130,25;130,76
08/03/2021 17:05;131,35;131,75;130,83;131,49
08/03/2021 15:00;130,15;131,2;129,32;131,14
08/03/2021 13:00;130,07;130,9;129,71;130,18
08/03/2021 11:00;131,64;131,64;128,34;130,07
08/03/2021 09:00;132,55;133,02;131,64;131,64
05/03/2021 17:05;132,42;132,51;131,5;132,1
05/03/2021 15:00;132,83;133,37;132,08;132,53
05/03/2021 13:00;132,21;133,08;132,15;132,86
05/03/2021 11:00;132,2;132,36;132,04;132,2
05/03/2021 09:00;131,46;132,91;131,37;132,24
04/03/2021 17:05;130,11;131,28;130,11;130,87
04/03/2021 15:00;128,43;130,96;128,41;130,25
04/03/2021 13:00;127,08;128,82;126,93;128,41
04/03/2021 11:00;127,94;128,06;127,07;127,07
04/03/2021 09:00;125,79;128,12;125,27;127,96
03/03/2021 17:05;125,82;125,82;124,99;125,28
03/03/2021 15:00;125,05;125,96;124,91;125,89
03/03/2021 13:00;125,02;125,27;124,91;125,06
03/03/2021 11:00;124,44;125,12;124,23;124,99
03/03/2021 09:00;123,18;124,7;122,89;124,29
02/03/2021 17:05;123,06;123,26;122,86;123,06
02/03/2021 15:00;122,7;123,03;122,59;122,97
02/03/2021 13:00;122,81;123,08;122,56;122,78
02/03/2021 11:00;122,71;122,92;122,63;122,79
02/03/2021 09:00;122,71;123,14;122,42;122,71
01/03/2021 17:05;122,66;122,72;122,45;122,66
01/03/2021 15:00;122,38;122,66;122,26;122,64
01/03/2021 13:00;122,06;122,53;121,97;122,38
01/03/2021 11:00;122,46;122,74;121,86;121,96
01/03/2021 09:00;122,88;122,88;121,68;122,5
26/02/2021 17:05;122,95;123,31;122,93;123,21
26/02/2021 15:00;123,91;123,94;122,86;122,86
26/02/2021 13:00;123,7;123,91;123,63;123,85
26/02/2021 11:00;123,55;123,91;123,51;123,76
26/02/2021 09:00;123,67;123,85;123,28;123,56
25/02/2021 17:05;123,9;123,91;123,21;123,7
25/02/2021 15:00;123,97;123,98;123,62;123,92
25/02/2021 13:00;123,37;123,98;123,06;123,98
25/02/2021 11:00;123,02;123,63;122,86;123,35
25/02/2021 09:00;123,37;123,88;122,79;123,14
24/02/2021 17:05;123,67;124,05;123,57;124,05
24/02/2021 15:00;123,02;123,7;123;123,7
24/02/2021 13:00;122,82;123,13;122,78;122,96
24/02/2021 11:00;122,93;123,14;122,72;122,79
24/02/2021 09:00;122,79;123,55;122,25;122,99
23/02/2021 17:05;123,17;123,7;123,09;123,09
23/02/2021 15:00;122,35;123,2;122,26;123,07
23/02/2021 13:00;122,82;123;122,22;122,28
23/02/2021 11:00;123,11;123,49;122,53;122,81
23/02/2021 09:00;122,24;123,14;122,11;123,14
22/02/2021 17:05;121,68;122,07;121,58;122,03
22/02/2021 15:00;120,88;121,68;120,83;121,68
22/02/2021 13:00;121,05;121,29;120,56;120,88
22/02/2021 11:00;121,74;121,86;120,98;121,07
22/02/2021 09:00;121,26;122,22;120,84;121,75
19/02/2021 17:05;120,86;121,05;120,84;120,91
19/02/2021 15:00;120,91;121,08;120,7;120,72
19/02/2021 13:00;121,19;121,3;120,72;120,93
19/02/2021 11:00;121,53;121,54;121,14;121,21
19/02/2021 09:00;120,93;121,54;120,8;121,53
18/02/2021 17:05;120,56;120,97;120,56;120,7
18/02/2021 15:00;120,75;120,86;120,48;120,77
18/02/2021 13:00;121,02;121,22;120,02;120,8
18/02/2021 11:00;120,73;121,12;120,65;121,02
18/02/2021 09:00;121,22;121,69;120,3;120,75
17/02/2021 17:05;121,21;121,21;120,76;120,98
17/02/2021 15:00;120,51;121,26;120,49;121,26
17/02/2021 13:00;119,87;120,98;119,32;120,51
12/02/2021 17:05;119,6;119,84;119,53;119,53
12/02/2021 15:00;119,45;120,31;119,41;119,53
12/02/2021 13:00;119,63;119,73;119,25;119,45
12/02/2021 11:00;120,08;120,08;119,52;119,59
12/02/2021 09:00;121,01;121,12;119,94;120,06
11/02/2021 17:05;120,65;120,9;120,12;120,15
11/02/2021 15:00;120,08;120,7;119,73;120,65
11/02/2021 13:00;119,9;120,34;118,82;120,09
11/02/2021 11:00;119,1;120,56;119,1;119,91
11/02/2021 09:00;118,5;119,78;118,33;119,17
10/02/2021 17:05;118,4;119,3;118,4;119,27
10/02/2021 15:00;119,57;119,63;118,29;118,49
10/02/2021 13:00;119,88;120,42;119,32;119,56
10/02/2021 11:00;120,84;121,05;119,73;119,94
10/02/2021 09:00;120,97;121,68;119,63;120,83
09/02/2021 17:05;121,04;121,54;120,9;121,46
09/02/2021 15:00;120,45;121,54;119,62;121,05
09/02/2021 13:00;122,38;122,52;118,98;120,47
09/02/2021 11:00;122,13;122,38;120,91;122,36
09/02/2021 09:00;121,25;122,54;121,25;122,06
08/02/2021 17:05;120,8;121,25;120,77;120,87
08/02/2021 15:00;119,95;120,8;119,92;120,76
08/02/2021 13:00;119,87;120,1;119,03;119,94
08/02/2021 11:00;118,19;119,87;117,93;119,87
08/02/2021 09:00;118,38;119,02;117,37;118,19
05/02/2021 17:05;118,75;119,41;118,68;118,89
05/02/2021 15:00;119,87;120,13;118,82;118,89
05/02/2021 13:00;120,15;120,54;119,41;119,84
05/02/2021 11:00;118,91;120,29;118,75;120,15
05/02/2021 09:00;118,78;119,42;118,54;118,82
04/02/2021 17:05;118,75;119,03;118,57;118,74
04/02/2021 15:00;119,24;119,59;118,77;118,77
04/02/2021 13:00;120,08;120,19;118,91;119,18
04/02/2021 11:00;119,94;120,49;119,52;120,16
04/02/2021 09:00;121,26;121,54;119,87;119,92
03/02/2021 17:05;120,86;121,07;120,16;120,7
03/02/2021 15:00;121,25;121,47;120,4;120,87
03/02/2021 13:00;120,48;121,75;120,17;121,23
03/02/2021 11:00;119,56;120,55;119,52;120,48
03/02/2021 09:00;119,85;120,24;118,47;119,59
02/02/2021 17:05;121,4;121,4;120,22;121,26
02/02/2021 15:00;122;122,15;120,98;121,21
02/02/2021 13:00;121,67;122,52;121,39;121,93
02/02/2021 11:00;121,44;121,74;120,73;121,61
02/02/2021 09:00;124,05;124,19;121,41;121,43
01/02/2021 17:05;123,21;123,71;122,86;123,57
01/02/2021 15:00;122,95;123,21;122,71;123,09
01/02/2021 13:00;122,88;123,44;122,52;123
01/02/2021 11:00;122,85;123,56;122,4;122,86
01/02/2021 09:00;122,03;123,91;122,03;122,84
29/01/2021 17:05;120,93;121,25;120,62;121,19
29/01/2021 15:00;120,06;121,19;119,78;120,97
29/01/2021 13:00;119,16;120,55;119,16;120,05
29/01/2021 11:00;118,06;119,62;117,82;119,18
29/01/2021 09:00;117,5;119,1;116,9;118,06
28/01/2021 17:05;118,13;118,46;117,43;117,5
28/01/2021 15:00;117,39;117,78;116,94;117,76
28/01/2021 13:00;117,32;117,65;116,8;117,5
28/01/2021 11:00;117,29;118,19;117,15;117,32
28/01/2021 09:00;116,41;118,01;116,1;117,36
27/01/2021 17:05;117,18;117,36;116,38;116,59
27/01/2021 15:00;118,35;118,77;116,59;117,04
27/01/2021 13:00;119,69;119,87;118,19;118,4
27/01/2021 11:00;119,73;120,12;119,53;119,73
27/01/2021 09:00;119,66;120,8;119,52;119,73
26/01/2021 17:05;119,49;120,08;119,49;119,78
26/01/2021 15:00;118,93;119,59;118,89;119,49
26/01/2021 13:00;119,31;119,52;118,68;118,95
26/01/2021 11:00;119,8;120,29;118,95;119,31
26/01/2021 09:00;120,29;120,42;117,92;119,78
22/01/2021 17:05;119,52;119,87;119,3;119,73
22/01/2021 15:00;120,41;120,7;119,17;119,17
22/01/2021 13:00;121,5;121,54;120,09;120,45
22/01/2021 11:00;121,33;121,58;120,98;121,51
22/01/2021 09:00;122,01;122,17;120,86;121,39
21/01/2021 17:05;123,18;123,28;122,96;123,28
21/01/2021 15:00;122,52;123,34;122,13;122,95
21/01/2021 13:00;121,57;122,66;121,54;122,61
21/01/2021 11:00;121,96;122,14;121,44;121,55
21/01/2021 09:00;122,47;123,18;121,36;121,85
20/01/2021 17:05;121,54;121,76;120,77;121,61
20/01/2021 15:00;122,24;122,42;121,41;121,96
20/01/2021 13:00;122,6;123,13;122,01;122,35
20/01/2021 11:00;121,68;123,2;120,98;122,52
20/01/2021 09:00;123,49;123,49;120,62;121,68
19/01/2021 17:05;123,69;124,05;123,51;124,01
19/01/2021 15:00;123,98;124,22;123,83;124,03
19/01/2021 13:00;124,34;124,38;123,7;124,02
19/01/2021 11:00;123,55;124,65;123,51;124,27
19/01/2021 09:00;124,2;125,08;123,45;123,55
18/01/2021 17:05;124,06;124,33;123,95;124,33
18/01/2021 15:00;123,49;124,59;123,44;124,19
18/01/2021 13:00;123,64;123,64;122,7;123,62
18/01/2021 11:00;124,36;124,4;123,37;123,63
18/01/2021 09:00;123,59;124,68;123,11;124,31
15/01/2021 17:05;122,6;123,77;122,42;123,32
15/01/2021 15:00;123,41;123,63;122,25;122,85
15/01/2021 13:00;124,36;124,47;122,81;123,41
15/01/2021 11:00;124,61;125,07;123,35;124,36
15/01/2021 09:00;124,02;124,75;122,67;124,47
14/01/2021 17:05;123,14;123,91;122,93;123,38
14/01/2021 15:00;122,33;123,34;121,96;122,98
14/01/2021 13:00;121,46;123,77;121,46;122,35
14/01/2021 11:00;121,33;122,07;120,56;121,36
14/01/2021 09:00;119,87;122,35;119,17;121,3
13/01/2021 17:05;121,12;121,12;120,56;120,84
13/01/2021 15:00;122,35;123,34;120,33;120,56
13/01/2021 13:00;124,8;124,95;122,13;122,35
13/01/2021 11:00;124,05;125,44;123,97;124,79
13/01/2021 09:00;124,66;125,99;123,7;124,26
12/01/2021 17:05;123,76;123,77;121,96;123,52
12/01/2021 15:00;123,66;124,02;123,35;123,56
12/01/2021 13:00;122,59;124,59;121,97;123,63
12/01/2021 11:00;121,89;123,13;121,89;122,53
12/01/2021 09:00;121,18;121,96;120,56;121,93
11/01/2021 17:05;120,86;121,26;120,77;121,26
11/01/2021 15:00;120,49;121,08;120,42;120,56
11/01/2021 13:00;120,51;120,7;120,29;120,51
11/01/2021 11:00;120,7;120,83;120,16;120,49
11/01/2021 09:00;118,47;121,11;117,99;120,72
08/01/2021 17:05;119,44;119,52;118,42;118,95
08/01/2021 15:00;119,31;119,81;119,3;119,37
08/01/2021 13:00;119,31;119,46;119,2;119,3
08/01/2021 11:00;119,35;119,71;118,95;119,31
08/01/2021 09:00;119,53;120,01;119,27;119,31
07/01/2021 17:05;118,84;119,3;118,78;118,89
07/01/2021 15:00;118,33;118,75;117,71;118,75
07/01/2021 13:00;116,62;118,47;116,59;118,33
07/01/2021 11:00;117,3;117,4;116,47;116,62
07/01/2021 09:00;117,3;118,17;116,38;117,36
06/01/2021 17:05;117,69;118,76;117,35;118,26
06/01/2021 15:00;117,37;118,45;117,05;118,26
06/01/2021 13:00;120,29;120,39;115,34;117,44
06/01/2021 11:00;120,62;120,75;120,15;120,42
06/01/2021 09:00;120,33;121,16;120,33;120,62
05/01/2021 17:05;120,13;121,05;120,12;120,95
05/01/2021 15:00;120,23;120,75;119,98;120,12
05/01/2021 13:00;120,01;120,53;119,92;120,23
05/01/2021 11:00;120,29;120,72;119,59;119,86
05/01/2021 09:00;118,12;120,29;117,78;120,25
04/01/2021 17:05;118,65;118,91;117,55;117,74
04/01/2021 15:00;120,76;120,79;117,91;118,26
04/01/2021 13:00;120,71;121,18;120,49;120,71
04/01/2021 11:00;119,88;120,73;119,83;120,65
04/01/2021 09:00;119,32;121,03;119,21;119,88
30/12/2020 17:05;118,05;118,68;117,86;118,62
30/12/2020 15:00;118,82;118,91;117,07;118,05
30/12/2020 13:00;118,98;119,15;118,72;118,89
30/12/2020 11:00;119,05;119,44;118,71;119,01
30/12/2020 09:00;118,76;119,45;118,48;119,16
29/12/2020 17:05;118,16;119,01;118,16;118,75
29/12/2020 15:00;117,85;118,62;117,79;118,19
29/12/2020 13:00;117,99;118,12;117,62;117,81
29/12/2020 11:00;118,11;118,41;116,64;118,09
29/12/2020 09:00;117,62;118,48;117,59;118,09
28/12/2020 17:05;116,81;117,35;116,81;117,34
28/12/2020 15:00;116,59;117,19;116,48;116,92
28/12/2020 13:00;115,62;116,74;115,62;116,57
28/12/2020 11:00;115,58;115,75;115,38;115,52
28/12/2020 09:00;113,38;115,61;113,27;115,57
23/12/2020 17:05;113,87;114,2;113,84;113,98
23/12/2020 15:00;114,17;114,34;113,65;114,07
23/12/2020 13:00;113,97;114,55;113,85;114,17
23/12/2020 11:00;114,2;114,45;113,84;113,98
23/12/2020 09:00;113,7;114,61;113,34;114,2
22/12/2020 17:05;113,47;113,47;111,43;112,74
22/12/2020 15:00;113,27;113,63;113,17;113,27
22/12/2020 13:00;113,4;113,4;113,03;113,24
22/12/2020 11:00;113,07;113,77;112,93;113,37
22/12/2020 09:00;111,41;113,3;111,26;113,14
21/12/2020 17:05;111,14;111,6;111,14;111,34
21/12/2020 15:00;111,51;111,56;111,13;111,33
21/12/2020 13:00;111,08;111,56;110,94;111,36
21/12/2020 11:00;111,4;111,51;111,04;111,11
21/12/2020 09:00;111,76;112,06;110,61;111,54
18/12/2020 17:05;110,86;111,34;109,56;110,61
18/12/2020 15:00;109,71;110,61;109,57;110,43
18/12/2020 13:00;109,26;109,84;109;109,73
18/12/2020 11:00;108,66;109,56;108,56;109,07
18/12/2020 09:00;108,64;109,2;108,23;108,63
17/12/2020 17:05;109,89;109,89;109,2;109,56
17/12/2020 15:00;109,84;110,33;109,56;109,56
17/12/2020 13:00;110,29;110,48;109,77;109,86
17/12/2020 11:00;110,27;110,31;109,77;110,3
17/12/2020 09:00;110,36;110,63;109,21;110,26
16/12/2020 17:05;110,41;110,63;109,51;109,64
16/12/2020 15:00;108,5;110,41;108,34;110,41
16/12/2020 13:00;109,81;109,91;107,99;108,49
16/12/2020 11:00;110,03;110,06;109,36;109,8
16/12/2020 09:00;108,59;110,14;108,49;110,03
15/12/2020 17:05;108,9;109,06;108,2;108,22
15/12/2020 15:00;109,1;109,2;108,69;108,91
15/12/2020 13:00;107,7;109,2;107,59;109,11
15/12/2020 11:00;106,37;109,49;105,92;107,9
15/12/2020 09:00;108,23;109,67;106,37;106,37
14/12/2020 17:05;108,49;109;108,4;108,83
14/12/2020 15:00;107,67;108,7;107,33;108,49
14/12/2020 13:00;107,67;107,77;107,06;107,66
14/12/2020 11:00;107,39;107,77;106,87;107,66
14/12/2020 09:00;106,77;108,42;105,1;107,33
11/12/2020 17:05;106,53;107,03;106,42;106,76
11/12/2020 15:00;105,35;106,46;104,92;105,92
11/12/2020 13:00;105,06;105,63;104,63;105,2
11/12/2020 11:00;105,16;106,17;104,28;105,06
11/12/2020 09:00;102,08;105,62;101,95;105,16
10/12/2020 17:05;104,19;104,19;102,79;103,49
10/12/2020 15:00;105,95;105,95;103,56;104,08
10/12/2020 13:00;106,6;107,06;105,05;105,96
10/12/2020 11:00;107;109,34;106,35;106,6
10/12/2020 09:00;110,44;112,4;103,48;106,83
09/12/2020 17:05;109,59;110,68;108,84;109,77
09/12/2020 15:00;107,04;107,04;107,04;107,04
09/12/2020 13:00;107,04;107,04;107,04;107,04
09/12/2020 11:00;107,04;107,04;107,04;107,04
09/12/2020 09:00;104,23;107,04;104,23;107,04
08/12/2020 17:05;105,2;106,2;104,63;105,13
08/12/2020 15:00;101,95;101,95;101,95;101,95
08/12/2020 13:00;101,95;101,95;101,95;101,95
08/12/2020 11:00;101,85;101,95;101,69;101,95
08/12/2020 09:00;96,42;101,92;96,07;101,79
07/12/2020 17:05;97,42;97,44;96,6;97,07
07/12/2020 15:00;97,21;98,34;97,07;97,2
07/12/2020 13:00;97,52;97,52;96,42;97,15
07/12/2020 11:00;98,68;98,68;97,41;97,48
07/12/2020 09:00;98,78;99,14;97,17;98,81
04/12/2020 17:05;99,49;99,65;98,89;99,64
04/12/2020 15:00;100,78;101,09;99,21;99,49
04/12/2020 13:00;101,78;101,88;100,65;100,91
04/12/2020 11:00;101,89;102,35;101,73;101,78
04/12/2020 09:00;103,35;103,35;101,35;101,85
03/12/2020 17:05;103,65;104,03;102,53;103,4
03/12/2020 15:00;104,18;104,33;103,66;103,66
03/12/2020 13:00;103,99;104,88;103,56;104,2
03/12/2020 11:00;104,6;104,6;103,92;103,99
03/12/2020 09:00;104,78;105,62;104,13;104,63
02/12/2020 17:05;106,53;106,9;104,99;104,99
02/12/2020 15:00;106,96;107,2;105,87;106,73
02/12/2020 13:00;105,7;108,7;105,65;107,07
02/12/2020 11:00;105,76;106,35;104,99;105,63
02/12/2020 09:00;106,2;106,47;104,78;105,77
01/12/2020 17:05;107,6;108,04;107,06;107,2
01/12/2020 15:00;108,59;108,83;107,52;107,77
01/12/2020 13:00;110,06;110,23;108,24;108,63
01/12/2020 11:00;110,03;110,3;109,77;110,07
01/12/2020 09:00;110,91;111,27;109,77;110,1
30/11/2020 17:05;111,33;112,04;111,27;111,63
30/11/2020 15:00;111,78;112,01;111,08;111,44
30/11/2020 13:00;112,58;112,58;111,48;111,84
30/11/2020 11:00;113,13;113,23;112,27;112,57
30/11/2020 09:00;112,21;113,63;112,21;113,14
27/11/2020 17:05;112,13;112,34;111,67;112,07
27/11/2020 15:00;113,04;113,11;112,06;112,2
27/11/2020 13:00;112,83;113,13;112,81;113,08
27/11/2020 11:00;113,13;113,2;112,57;112,84
27/11/2020 09:00;112,27;113,2;111,8;113,13
26/11/2020 17:05;112,77;113,18;112,51;112,63
26/11/2020 15:00;111,74;112,77;111,51;112,74
26/11/2020 13:00;112,08;112,44;111,48;111,61
26/11/2020 11:00;112,53;112,54;112;112,07
26/11/2020 09:00;112,84;113,37;111,91;112,54
25/11/2020 17:05;112,35;112,9;112,23;112,83
25/11/2020 15:00;113,58;113,58;112,35;112,35
25/11/2020 13:00;113,65;113,77;113,55;113,58
25/11/2020 11:00;113,85;113,91;113,48;113,68
25/11/2020 09:00;113,84;114,48;113,48;113,78
24/11/2020 17:05;114,62;114,82;114,25;114,62
24/11/2020 15:00;115,02;115,04;114,48;114,91
24/11/2020 13:00;114,5;115,42;114,47;115,02
24/11/2020 11:00;114,1;114,91;113,97;114,47
24/11/2020 09:00;115,2;115,34;113,48;114,18
23/11/2020 17:05;115,5;115,97;115,25;115,84
23/11/2020 15:00;114,1;115,5;114,07;115,5
23/11/2020 13:00;114,08;114,48;114,08;114,08
23/11/2020 11:00;114,11;114,34;113,8;114,11
23/11/2020 09:00;113,11;115,02;113,11;114,05
20/11/2020 17:05;112,38;112,41;111,57;112,41
20/11/2020 15:00;112,75;113,27;112,21;112,38
20/11/2020 13:00;113,93;114,05;112,21;112,77
20/11/2020 11:00;114,42;114,57;113;113,78
20/11/2020 09:00;111,14;114,62;111,13;114,42
19/11/2020 17:05;112,48;112,68;111,3;111,84
19/11/2020 15:00;113,68;113,84;112,28;112,4
19/11/2020 13:00;113,87;114,05;113,63;113,73
19/11/2020 11:00;113,55;113,85;113,48;113,84
19/11/2020 09:00;113,98;114,4;113,48;113,57
18/11/2020 17:05;114,17;114,77;113,77;114,44
18/11/2020 15:00;114,57;114,61;114,2;114,34
18/11/2020 13:00;114,37;114,82;114,37;114,47
18/11/2020 11:00;114,24;114,55;114,12;114,38
18/11/2020 09:00;114,48;115,07;113,28;114,1
17/11/2020 17:05;114,2;114,48;113,64;114,48
17/11/2020 15:00;113,85;114,2;113,85;114,05
17/11/2020 13:00;113,98;114,05;113,77;113,85
17/11/2020 11:00;113,7;114,31;113,7;113,98
17/11/2020 09:00;113,77;114,61;112,93;113,71
16/11/2020 17:05;114,5;115,18;113,44;114,25
16/11/2020 15:00;115,14;115,28;114,5;114,65
16/11/2020 13:00;115,04;115,48;113,91;115,15
16/11/2020 11:00;115,31;115,55;114,95;115,07
16/11/2020 09:00;114,37;116,14;113,31;115,28
13/11/2020 17:05;114,14;114,62;113,84;114,34
13/11/2020 15:00;114,3;114,34;113,34;114,12
13/11/2020 13:00;114,54;114,91;114,27;114,28
13/11/2020 11:00;114,12;114,91;114,12;114,48
13/11/2020 09:00;113,48;115,89;113,07;114,07
12/11/2020 17:05;114,77;114,8;114,2;114,57
12/11/2020 15:00;114,2;114,91;114,12;114,2
12/11/2020 13:00;114,75;115,08;113,78;114,2
12/11/2020 11:00;114,72;116,05;114,54;114,91
12/11/2020 09:00;116,62;117,92;114,5;114,72
11/11/2020 17:05;117,78;117,82;116,35;116,62
11/11/2020 15:00;117,42;117,76;117,28;117,69
11/11/2020 13:00;116,51;118,05;115,91;117,44
11/11/2020 11:00;118,36;118,72;114,88;116,51
11/11/2020 09:00;118,48;119,26;117,76;118,38
10/11/2020 17:05;118,48;118,89;117,85;118,12
10/11/2020 15:00;117,42;117,64;117,12;117,64
10/11/2020 13:00;116,24;117,64;115,65;117,41
10/11/2020 11:00;114,61;116,31;113,93;116,05
10/11/2020 09:00;111,94;114,75;111,48;114,4
09/11/2020 17:05;110,79;111,77;110,78;111,23
09/11/2020 15:00;111,7;112,55;111,23;111,91
09/11/2020 13:00;112,48;113,6;111,24;111,77
09/11/2020 11:00;110,93;113,22;110,31;112,48
09/11/2020 09:00;113,28;113,42;108,08;111
06/11/2020 17:05;113,19;114,3;112,76;114,26
06/11/2020 15:00;113,72;115,32;113,4;113,4
06/11/2020 13:00;115,43;115,7;112,99;113,67
06/11/2020 11:00;116,5;116,54;114,89;115,43
06/11/2020 09:00;116,73;117,52;116,05;116,67
05/11/2020 17:05;117,39;117,52;116,2;117,22
05/11/2020 15:00;117,55;118,16;117,35;117,54
05/11/2020 13:00;117,74;117,86;117,32;117,56
05/11/2020 11:00;117,82;118,3;117,31;117,74
05/11/2020 09:00;118,02;119,44;117,37;117,85
04/11/2020 17:05;117;117,79;117;117,59
04/11/2020 15:00;116,06;116,88;115,76;116,84
04/11/2020 13:00;116,83;116,98;115,42;116,03
04/11/2020 11:00;117,48;117,86;116,47;116,88
04/11/2020 09:00;116,02;118,16;114,61;117,34
03/11/2020 17:05;115,89;116,84;115,53;116,1
03/11/2020 15:00;115,76;116,1;115,19;115,87
03/11/2020 13:00;116,46;116,78;115,04;115,87
03/11/2020 11:00;115,7;117,04;115,42;116,32
03/11/2020 09:00;112,4;116,46;110,49;115,52
30/10/2020 17:05;113,05;113,05;112,37;112,82
30/10/2020 15:00;113,9;114,18;112,92;112,99
30/10/2020 13:00;113,62;114,57;113,6;113,9
30/10/2020 11:00;113,38;113,9;112,91;113,69
30/10/2020 09:00;114,75;115,43;112,91;113,4
29/10/2020 17:05;115,6;115,75;115,12;115,46
29/10/2020 15:00;116,74;116,98;115,68;115,75
29/10/2020 13:00;117,74;117,81;116,74;116,74
29/10/2020 11:00;115,89;119,23;115,82;117,79
29/10/2020 09:00;117,03;117,59;115,39;115,85
28/10/2020 17:05;117,88;118,09;117,17;117,99
28/10/2020 15:00;118,08;118,56;117,83;118,16
28/10/2020 13:00;118,08;118,3;117,71;117,98
28/10/2020 11:00;117,92;118,73;117,59;118,19
28/10/2020 09:00;120,01;120,33;116,74;117,95
27/10/2020 17:05;120,22;120,22;117,54;119,58
27/10/2020 15:00;120,16;120,66;119,87;120,53
27/10/2020 13:00;119,38;120,43;119,31;120,22
27/10/2020 11:00;119,28;120,01;118,89;119,33
27/10/2020 09:00;120,29;121,85;117,52;119,14
26/10/2020 17:05;119,01;120,25;118,3;120,12
26/10/2020 15:00;116,74;118,94;116,74;118,79
26/10/2020 13:00;116,07;117,31;116,03;116,74
26/10/2020 11:00;115,32;117,35;115,04;116,07
26/10/2020 09:00;115,39;116,95;114,33;115,43
23/10/2020 17:05;113,89;115,96;113,89;115,04
23/10/2020 15:00;113,76;113,97;113,05;113,76
23/10/2020 13:00;113,9;114,33;111,86;113,76
23/10/2020 11:00;115,82;115,89;113,84;113,9
23/10/2020 09:00;116,51;117,17;113,63;115,82
22/10/2020 17:05;117,88;118,57;114,48;115,75
22/10/2020 15:00;118,09;118,3;117,47;117,66
22/10/2020 13:00;118,67;118,76;115,76;117,88
22/10/2020 11:00;116,23;120,97;113,62;118,45
22/10/2020 09:00;123,56;125,11;115,62;116,43
21/10/2020 17:05;120,93;122,07;119,72;121,29
21/10/2020 15:00;119,18;119,18;119,18;119,18
21/10/2020 13:00;118,64;119,18;118,46;119,18
21/10/2020 11:00;118,13;118,81;117,59;118,69
21/10/2020 09:00;115,32;118,39;115,32;118,15
20/10/2020 17:05;113,52;113,87;113,49;113,69
20/10/2020 15:00;113,16;113,62;113,08;113,47
20/10/2020 13:00;113,38;113,65;112,98;113,16
20/10/2020 11:00;112,92;113,59;112,86;113,43
20/10/2020 09:00;112,2;113,43;111,91;112,99
19/10/2020 17:05;110,65;111,63;110,65;111,46
19/10/2020 15:00;111,24;111,34;110,32;110,63
19/10/2020 13:00;110,34;111,49;110,15;111,29
19/10/2020 11:00;109,46;110,45;109,46;110,32
19/10/2020 09:00;107,44;110,46;107,44;109,46
16/10/2020 17:05;107,89;108,06;107,84;107,84
16/10/2020 15:00;107,38;108,09;107,38;107,79
16/10/2020 13:00;107,25;107,92;107,08;107,41
16/10/2020 11:00;106,6;107,27;106,23;107,24
16/10/2020 09:00;105,42;106,97;105,17;106,61
15/10/2020 17:05;104,97;105,08;104,81;104,92
15/10/2020 15:00;104,78;105,02;104,53;104,95
15/10/2020 13:00;104,06;104,81;104,06;104,74
15/10/2020 11:00;103,76;104,31;103,75;104,06
15/10/2020 09:00;103,68;104,39;103,66;103,7
14/10/2020 17:05;102,85;103,63;101,54;103,52
14/10/2020 15:00;103,68;103,68;102,68;102,75
14/10/2020 13:00;103,55;103,68;103,26;103,68
14/10/2020 11:00;102,89;103,65;102,71;103,53
14/10/2020 09:00;102,65;103,26;102,01;102,81
13/10/2020 17:05;101,97;102,25;101,84;101,86
13/10/2020 15:00;99,91;102,11;99,91;102,04
13/10/2020 13:00;99,4;100,12;99,14;99,91
13/10/2020 11:00;99,93;100,04;99;99,4
13/10/2020 09:00;100,12;100,55;98,28;99,95
09/10/2020 17:05;100,56;100,92;100,2;100,92
09/10/2020 15:00;100,65;101,12;99,98;100,62
09/10/2020 13:00;99,22;101,26;99;100,69
09/10/2020 11:00;100,37;100,47;98,42;99,24
09/10/2020 09:00;101,47;102,74;98,49;100,24
08/10/2020 17:05;100,99;101,46;100,88;101,32
08/10/2020 15:00;100,48;100,91;100,24;100,86
08/10/2020 13:00;99,98;100,61;99,78;100,48
08/10/2020 11:00;100,25;100,34;99,91;99,98
08/10/2020 09:00;98,99;100,45;98,8;100,21
07/10/2020 17:05;98,43;98,85;98,42;98,56
07/10/2020 15:00;98,66;99,24;98,42;98,49
07/10/2020 13:00;98,97;98,99;97,99;98,66
07/10/2020 11:00;98,96;99,12;98,7;98,97
07/10/2020 09:00;97,27;98,97;97,16;98,96
06/10/2020 17:05;97,54;97,85;97,54;97,85
06/10/2020 15:00;97,1;97,71;97,07;97,71
06/10/2020 13:00;96,65;97,23;96,63;97,07
06/10/2020 11:00;96,53;96,77;96,3;96,69
06/10/2020 09:00;96,7;96,84;96,15;96,52
05/10/2020 17:05;96,29;96,45;96,09;96,43
05/10/2020 15:00;96,47;96,5;95,95;96,29
05/10/2020 13:00;96,43;96,52;95,95;96,52
05/10/2020 11:00;95,85;96,45;95,85;96,43
05/10/2020 09:00;94,96;95,86;94,96;95,86
02/10/2020 17:05;94,98;95,08;94,76;95,08
02/10/2020 15:00;95,03;95,15;94,87;94,97
02/10/2020 13:00;95,13;95,15;94,87;95,07
02/10/2020 11:00;94,34;95,14;94,33;95,1
02/10/2020 09:00;94,81;95,1;94,09;94,39
01/10/2020 17:05;94,32;94,86;93,73;94,77
01/10/2020 15:00;94,96;95,01;94,23;94,37
01/10/2020 13:00;94,9;95,25;94,44;94,93
01/10/2020 11:00;94,87;95;94,76;94,93
01/10/2020 09:00;94,09;95,08;93,73;94,84
30/09/2020 17:05;94,51;95,01;94,32;94,34
30/09/2020 15:00;94,61;94,7;94,16;94,37
30/09/2020 13:00;93,55;94,8;93,55;94,66
30/09/2020 11:00;93,44;93,62;92,92;93,55
30/09/2020 09:00;93,19;93,73;93,05;93,39
29/09/2020 17:05;92,88;93,17;92,87;93,09
29/09/2020 15:00;92,16;92,87;92,07;92,87
29/09/2020 13:00;91,57;92,44;91,48;92,16
29/09/2020 11:00;92,03;92,17;91,21;91,57
29/09/2020 09:00;92,1;92,95;91,39;92,03
28/09/2020 17:05;92,54;92,67;92,31;92,47
28/09/2020 15:00;92,33;92,7;92,09;92,67
28/09/2020 13:00;91,66;92,51;91,65;92,31
28/09/2020 11:00;91,38;91,7;91,25;91,65
28/09/2020 09:00;90,18;91,42;89,7;91,39
25/09/2020 17:05;90,31;90,33;90,04;90,18
25/09/2020 15:00;89,91;90,18;89,79;90,17
25/09/2020 13:00;89,83;90,1;89,71;89,9
25/09/2020 11:00;89,6;90,17;89,5;89,88
25/09/2020 09:00;88,64;89,76;88,64;89,6
24/09/2020 17:05;88,9;88,9;88,21;88,34
24/09/2020 15:00;88,46;89,39;88,35;88,9
24/09/2020 13:00;88,35;88,76;87,93;88,42
24/09/2020 11:00;89,19;89,43;88,25;88,35
24/09/2020 09:00;89,47;89,88;88,64;89,25
23/09/2020 17:05;89,3;89,33;89,08;89,26
23/09/2020 15:00;88,96;89,47;88,9;89,26
23/09/2020 13:00;88,32;88,98;88,27;88,98
23/09/2020 11:00;88,27;88,62;88,19;88,32
23/09/2020 09:00;87,48;88,62;87,48;88,22
22/09/2020 17:05;87,21;87,67;87,21;87,63
22/09/2020 15:00;86,77;87,34;86,68;87,33
22/09/2020 13:00;86,69;87,17;86,42;86,75
22/09/2020 11:00;86,33;86,79;86,16;86,69
22/09/2020 09:00;85,88;86,38;85,58;86,36
21/09/2020 17:05;85,61;85,61;85,5;85,6
21/09/2020 15:00;85,38;85,72;85,28;85,61
21/09/2020 13:00;85,78;85,85;84,99;85,37
21/09/2020 11:00;85,6;85,84;85,51;85,72
21/09/2020 09:00;85,07;85,89;84,87;85,62
18/09/2020 17:05;84,86;85,21;84,86;85,21
18/09/2020 15:00;85,14;85,21;84,66;84,87
18/09/2020 13:00;84,72;85,21;84,5;85,14
18/09/2020 11:00;84,3;84,86;84,23;84,72
18/09/2020 09:00;83,3;84,93;83,08;84,3
17/09/2020 17:05;84,02;84,03;83,24;83,81
17/09/2020 15:00;84,57;84,64;83,82;84,08
17/09/2020 13:00;85,07;85,21;83,65;84,62
17/09/2020 11:00;85,35;85,37;84,86;85
17/09/2020 09:00;85,08;85,58;84,74;85,3
16/09/2020 17:05;85,06;85,08;84,64;84,64
16/09/2020 15:00;84,67;85,07;84,25;85
16/09/2020 13:00;83,17;84,79;83,1;84,64
16/09/2020 11:00;83,41;83,44;83,01;83,22
16/09/2020 09:00;83,34;83,48;82,51;83,37
15/09/2020 17:05;84,09;84,33;84,01;84,08
15/09/2020 15:00;84,63;84,66;84,01;84,01
15/09/2020 13:00;84,32;84,63;84,29;84,57
15/09/2020 11:00;85,16;85,21;84,13;84,36
15/09/2020 09:00;85,84;85,92;84,54;85,24
14/09/2020 16:20;85,24;85,62;85,08;85,47
14/09/2020 15:00;86,05;86,09;84,09;85,16
14/09/2020 13:00;85,71;86,14;85,61;86,01
14/09/2020 11:00;85,57;85,91;85,35;85,71
14/09/2020 09:00;85,34;86,48;85,23;85,54
11/09/2020 16:20;84,93;85,07;84,5;84,91
11/09/2020 15:00;84,57;84,96;84,45;84,91
11/09/2020 13:00;84,13;84,67;83,65;84,59
11/09/2020 11:00;83,81;84,5;83,68;84,22
11/09/2020 09:00;84,02;84,22;83,51;83,88
10/09/2020 16:20;83,61;83,71;83,42;83,65
10/09/2020 15:00;82,83;83,48;82,8;83,42
10/09/2020 13:00;82,47;83,08;82,44;82,81
10/09/2020 11:00;82,26;82,49;82,09;82,47
10/09/2020 09:00;81,24;82,74;81,09;82,3
09/09/2020 16:20;81,68;82,34;81,66;82,09
09/09/2020 15:00;81,96;82,3;81,85;81,97
09/09/2020 13:00;82,09;82,59;81,39;81,97
09/09/2020 11:00;81,95;82,64;81,73;82,1
09/09/2020 09:00;83,34;84,42;81,73;81,95
08/09/2020 16:20;83,15;84,05;83,01;83,72
08/09/2020 15:00;82,9;83,07;82,53;83,01
08/09/2020 13:00;82,68;83;82,02;82,9
08/09/2020 11:00;82,95;83,44;82,46;82,6
08/09/2020 09:00;80,97;83,65;80,97;82,94
04/09/2020 16:20;80,7;80,7;80;80,36
04/09/2020 15:00;80,8;80,81;79,53;80,67
04/09/2020 13:00;79,96;81,09;79,82;80,81
04/09/2020 11:00;78,89;80,1;78,86;79,92
04/09/2020 09:00;78,88;80,16;77,54;78,86
03/09/2020 16:20;77,98;78,74;77,98;78,54
03/09/2020 15:00;78,1;78,11;77,83;77,83
03/09/2020 13:00;78,79;78,82;77,83;78,04
03/09/2020 11:00;78,76;79,29;78,55;78,76
03/09/2020 09:00;79,96;80,88;78,41;78,76
02/09/2020 16:20;79,84;80,14;79,53;79,88
02/09/2020 15:00;81,2;81,3;80,16;80,16
02/09/2020 13:00;81,12;81,47;80,85;81,2
02/09/2020 11:00;81,59;81,89;80,84;81,12
02/09/2020 09:00;82,39;82,39;81,2;81,69
01/09/2020 16:20;83,09;83,09;82,49;82,67
01/09/2020 15:00;83,21;83,3;82,25;83,02
01/09/2020 13:00;83,3;83,4;82,81;83,14
01/09/2020 11:00;84,21;84,3;83,17;83,3
01/09/2020 09:00;85,2;85,21;84,08;84,21
31/08/2020 16:20;84,83;85,25;84,78;85,17
31/08/2020 15:00;84,54;84,69;84,47;84,68
31/08/2020 13:00;84,4;84,63;84,28;84,56
31/08/2020 11:00;84,6;84,68;84,22;84,39
31/08/2020 09:00;83,79;84,72;83,54;84,58
28/08/2020 16:20;83,14;83,34;83,09;83,2
28/08/2020 15:00;82,96;83,48;82,59;83,05
28/08/2020 13:00;83,61;83,89;82,98;82,98
28/08/2020 11:00;84,39;84,54;83,41;83,55
28/08/2020 09:00;84,23;84,63;83,52;84,37
27/08/2020 16:20;83,63;83,95;83,62;83,86
27/08/2020 15:00;83,45;83,79;83,37;83,69
27/08/2020 13:00;83,73;84,01;83,16;83,48
27/08/2020 11:00;83,66;83,77;83,38;83,63
27/08/2020 09:00;84,14;84,21;82,39;83,66
26/08/2020 16:20;83,95;84,28;82,39;83,63
26/08/2020 15:00;85,11;85,45;83,93;84,14
26/08/2020 13:00;86,01;86,19;85;85,11
26/08/2020 11:00;85,6;86,02;85,17;85,91
26/08/2020 09:00;85,62;86,37;85,48;85,63
25/08/2020 16:20;85,77;85,94;85,7;85,8
25/08/2020 15:00;85,92;86,05;85,42;85,84
25/08/2020 13:00;85,56;86,19;85,46;85,88
25/08/2020 11:00;85,1;85,56;84,99;85,53
25/08/2020 09:00;84,35;85,13;84,35;85,04
24/08/2020 16:20;84,63;84,88;84,6;84,61
24/08/2020 15:00;84,44;84,58;84,39;84,56
24/08/2020 13:00;84,65;84,67;84,43;84,49
24/08/2020 11:00;84,43;84,75;84,39;84,63
24/08/2020 09:00;84,76;85,18;84,14;84,5
21/08/2020 16:20;84,28;84,4;84,14;84,28
21/08/2020 15:00;83,91;84,28;83,72;84,15
21/08/2020 13:00;83,8;83,98;83,65;83,9
21/08/2020 11:00;84,32;84,6;83,66;83,79
21/08/2020 09:00;84,35;84,72;83,51;84,32
20/08/2020 16:20;84,35;84,44;84,23;84,35
20/08/2020 15:00;84,89;84,95;84,23;84,35
20/08/2020 13:00;84,81;84,97;84,51;84,89
20/08/2020 11:00;85,11;85,24;84,57;84,83
20/08/2020 09:00;84,49;85,31;84,35;85,11
19/08/2020 16:20;83,51;83,93;83,51;83,93
19/08/2020 15:00;83,62;83,69;83,45;83,56
19/08/2020 13:00;83,49;83,7;82,94;83,58
19/08/2020 11:00;83,65;83,91;83,23;83,49
19/08/2020 09:00;83,37;83,95;83,23;83,65
18/08/2020 16:20;82,21;82,81;82,11;82,74
18/08/2020 15:00;83,08;83,08;82,46;82,49
18/08/2020 13:00;83,48;83,56;82,95;83,09
18/08/2020 11:00;82,7;83,77;82,61;83,49
18/08/2020 09:00;82,74;83,47;81,76;82,73
17/08/2020 16:20;84,01;84,47;84,01;84,47
17/08/2020 15:00;83,34;84,47;83,31;84,07
17/08/2020 13:00;83,13;83,34;83,1;83,34
17/08/2020 11:00;82,27;83,16;82,27;83,09
17/08/2020 09:00;81,97;82,66;81,97;82,29
14/08/2020 16:20;81,5;81,69;81,04;81,53
14/08/2020 15:00;81,87;81,93;81,53;81,55
14/08/2020 13:00;81,73;81,97;81,71;81,87
14/08/2020 11:00;81,73;81,97;81,43;81,72
14/08/2020 09:00;80,74;81,99;80,34;81,71
13/08/2020 16:20;80,76;80,83;80,58;80,58
13/08/2020 15:00;80,06;81,06;80,06;80,74
13/08/2020 13:00;79,95;80,2;79,68;80,02
13/08/2020 11:00;79,32;80,02;79,25;79,93
13/08/2020 09:00;79,04;79,49;78,41;79,36
12/08/2020 16:20;78,61;78,69;78,23;78,66
12/08/2020 15:00;78,08;78,97;78,02;78,59
12/08/2020 13:00;77,59;78,2;77,39;78,1
12/08/2020 11:00;77,39;77,82;77,36;77,67
12/08/2020 09:00;77,85;78,06;77,29;77,42
11/08/2020 16:20;77,29;77,56;77,24;77,49
11/08/2020 15:00;77,64;77,64;77,08;77,32
11/08/2020 13:00;77,95;77,95;77,17;77,66
11/08/2020 11:00;78,06;78,19;77,64;77,95
11/08/2020 09:00;77,1;78,13;76,74;78,05
10/08/2020 16:20;76,94;77,01;76,68;76,68
10/08/2020 15:00;76,65;76,87;76,5;76,74
10/08/2020 13:00;76,18;76,67;76,15;76,65
10/08/2020 11:00;75,38;76,25;75,14;76,25
10/08/2020 09:00;76,48;76,55;75,13;75,49
07/08/2020 16:20;76,46;76,67;76,46;76,53
07/08/2020 15:00;76,43;76,6;76,39;76,46
07/08/2020 13:00;76,41;76,46;76,25;76,39
07/08/2020 11:00;76,23;76,6;76,12;76,37
07/08/2020 09:00;74,99;76,27;74,99;76,2
06/08/2020 16:20;74,86;75,06;74,32;74,98
06/08/2020 15:00;75,27;75,32;74,99;75,06
06/08/2020 13:00;74,82;75,38;74,71;75,27
06/08/2020 11:00;74,63;74,92;74,57;74,78
06/08/2020 09:00;74,15;74,88;74,03;74,57
05/08/2020 16:20;73,69;73,98;73,69;73,9
05/08/2020 15:00;73,69;73,8;73,61;73,7
05/08/2020 13:00;73,41;73,75;73,4;73,69
05/08/2020 11:00;73,57;73,94;73,31;73,45
05/08/2020 09:00;72,74;73,69;72,7;73,58
04/08/2020 16:20;72,41;72,62;72,27;72,6
04/08/2020 15:00;72,84;72,88;72,21;72,52
04/08/2020 13:00;73,47;73,87;72,5;72,87
04/08/2020 11:00;73,73;73,73;73,33;73,48
04/08/2020 09:00;73,45;74,36;72,91;73,79
03/08/2020 16:20;73,68;73,68;73,19;73,31
03/08/2020 15:00;73,87;73,91;73,61;73,73
03/08/2020 13:00;73,65;73,98;73,47;73,84
03/08/2020 11:00;72,7;74,08;72,49;73,64
03/08/2020 09:00;70,94;72,76;70,94;72,69
31/07/2020 16:20;71,22;71,22;71,09;71,22
31/07/2020 15:00;70,77;71,68;70,76;71,22
31/07/2020 13:00;70,8;70,87;70,66;70,73
31/07/2020 11:00;70,55;71;70,53;70,81
31/07/2020 09:00;70,05;70,91;69,96;70,53
30/07/2020 16:20;69,33;69,82;69,19;69,56
30/07/2020 15:00;68,96;69,35;68,92;69,33
30/07/2020 13:00;68,93;69,08;68,85;68,93
30/07/2020 11:00;68,76;69,08;68,62;68,93
30/07/2020 09:00;68,24;68,92;68,23;68,73
29/07/2020 16:20;67,97;68,13;67,94;67,94
29/07/2020 15:00;68,01;68,09;67,97;68,04
29/07/2020 13:00;68,01;68,12;67,91;68,08
29/07/2020 11:00;67,77;68,19;67,74;68,02
29/07/2020 09:00;68,11;68,11;67,46;67,84
28/07/2020 16:20;68,29;68,37;68,01;68,36
28/07/2020 15:00;68,17;68,29;68,11;68,17
28/07/2020 13:00;68,19;68,24;67,97;68,19
28/07/2020 11:00;67,81;68,23;67,8;68,19
28/07/2020 09:00;68,29;68,29;67,5;67,81
27/07/2020 16:20;68,22;68,26;68,04;68,15
27/07/2020 15:00;68,16;68,36;68,15;68,27
27/07/2020 13:00;68,08;68,22;68,04;68,16
27/07/2020 11:00;67,8;68,22;67,74;68,09
27/07/2020 09:00;67,31;67,98;67,24;67,76
24/07/2020 16:20;66,82;67,24;66,82;67,09
24/07/2020 15:00;66,99;67,14;66,96;67,03
24/07/2020 13:00;67,14;67,24;66,82;66,96
24/07/2020 11:00;67,24;67,31;66,92;67,18
24/07/2020 09:00;66,89;67,43;66,54;67,24
23/07/2020 16:20;66,75;66,99;66,68;66,85
23/07/2020 15:00;66,33;66,74;66,25;66,68
23/07/2020 13:00;65,66;66,58;65,63;66,32
23/07/2020 11:00;65,79;65,95;65,52;65,63
23/07/2020 09:00;65,52;65,86;65,21;65,77
22/07/2020 16:20;65,77;66,16;65,66;65,98
22/07/2020 15:00;65,95;65,98;65,66;65,84
22/07/2020 13:00;65,76;66,04;65,59;65,95
22/07/2020 11:00;65,72;65,91;65,51;65,76
22/07/2020 09:00;65,93;66,58;65,61;65,79
21/07/2020 16:20;66,14;66,47;65,83;65,94
21/07/2020 15:00;66,14;66,21;66;66,16
21/07/2020 13:00;66,16;66,3;66,05;66,19
21/07/2020 11:00;66,26;66,36;66,04;66,12
21/07/2020 09:00;66,9;67,07;65,98;66,28
20/07/2020 16:20;67,04;67,17;66,99;67,03
20/07/2020 15:00;67,04;67,13;66,96;66,97
20/07/2020 13:00;66,89;67,21;66,89;67,11
20/07/2020 11:00;66,97;66,99;66,76;66,89
20/07/2020 09:00;66,61;67,59;66,42;66,99
17/07/2020 16:20;66,81;66,89;66,68;66,78
17/07/2020 15:00;66,18;67,16;66,18;66,81
17/07/2020 13:00;65,41;66,16;65,3;66,15
17/07/2020 11:00;65,28;65,42;65,28;65,41
17/07/2020 09:00;65,17;65,54;65,1;65,28
16/07/2020 16:20;65,49;65,62;65,21;65,4
16/07/2020 15:00;65,49;65,55;65,35;65,49
16/07/2020 13:00;65,48;65,68;65,37;65,48
16/07/2020 11:00;65,45;65,56;65,42;65,49
16/07/2020 09:00;65,83;66,3;65,14;65,4
15/07/2020 16:20;65,69;66,04;65,63;65,63
15/07/2020 15:00;65,44;65,63;65,41;65,63
15/07/2020 13:00;65,42;65,49;65,26;65,48
15/07/2020 11:00;65,05;65,42;65,02;65,42
15/07/2020 09:00;65,58;65,98;64,88;65,03
14/07/2020 16:20;65,35;65,55;65,21;65,49
14/07/2020 15:00;65,54;65,72;65,07;65,35
14/07/2020 13:00;65,9;66,12;65,35;65,49
14/07/2020 11:00;65,94;66,16;65,68;65,88
14/07/2020 09:00;65,59;66,61;65,09;65,94
13/07/2020 16:20;65,06;65,49;65;65,47
13/07/2020 15:00;65,21;65,28;64,8;64,94
13/07/2020 13:00;65,7;65,73;65,13;65,28
13/07/2020 11:00;65,63;65,7;65,56;65,66
13/07/2020 09:00;66,33;66,33;65,37;65,65
10/07/2020 16:20;66,89;67,04;66,74;67,03
10/07/2020 15:00;67,36;67,42;66,76;66,76
10/07/2020 13:00;67,99;68,15;67,31;67,38
10/07/2020 11:00;67,95;68,15;67,84;67,9
10/07/2020 09:00;67,8;68,43;67,53;67,94
09/07/2020 16:20;68,09;68,15;67,88;68,01
09/07/2020 15:00;67,67;68,13;67,63;68,01
09/07/2020 13:00;67,38;67,71;67,34;67,66
09/07/2020 11:00;67,11;67,43;67,1;67,38
09/07/2020 09:00;66,83;67,23;66,69;67,17
08/07/2020 16:20;66,64;66,89;66,64;66,68
08/07/2020 15:00;66,65;66,89;66,65;66,74
08/07/2020 13:00;66,49;66,67;66,49;66,62
08/07/2020 11:00;66,47;66,61;66,39;66,46
08/07/2020 09:00;66,75;66,9;66,21;66,47
07/07/2020 16:20;66,75;66,81;66,71;66,75
07/07/2020 15:00;66,46;66,89;66,43;66,71
07/07/2020 13:00;66,32;66,58;66,18;66,42
07/07/2020 11:00;65,98;66,32;65,91;66,3
07/07/2020 09:00;66,33;66,39;65,86;65,98
06/07/2020 16:20;65,86;66,19;65,84;66,12
06/07/2020 15:00;65,7;65,79;65,63;65,79
06/07/2020 13:00;65,77;65,77;65,51;65,7
06/07/2020 11:00;65,52;65,84;65,49;65,76
06/07/2020 09:00;65,42;65,65;65,23;65,55
03/07/2020 16:20;65,51;65,63;65,41;65,47
03/07/2020 15:00;65,38;65,4;65,16;65,38
03/07/2020 13:00;65,1;65,41;65;65,35
03/07/2020 11:00;65,1;65,35;65,07;65,14
03/07/2020 09:00;64,8;65,31;64,8;65,07
02/07/2020 16:20;65,4;65,4;64,81;65,21
02/07/2020 15:00;65,35;65,45;65,09;65,21
02/07/2020 13:00;65,34;65,45;65,21;65,35
02/07/2020 11:00;65,24;65,52;65,14;65,34
02/07/2020 09:00;65,72;65,91;64,96;65,21
01/07/2020 16:20;65,42;65,56;65,19;65,49
01/07/2020 15:00;65,17;65,49;65,1;65,42
01/07/2020 13:00;65,38;65,42;65,14;65,17
01/07/2020 11:00;64,87;65,42;64,87;65,4
01/07/2020 09:00;64,82;65,44;64,61;64,87
30/06/2020 16:20;64,57;64,92;64,52;64,8
30/06/2020 15:00;64,53;64,71;64,13;64,68
30/06/2020 13:00;64,07;64,77;64,03;64,49
30/06/2020 11:00;63,87;64,22;63,85;64
30/06/2020 09:00;63,4;64,1;63,4;63,85
29/06/2020 16:20;63,2;63,36;63,18;63,19
29/06/2020 15:00;62,92;63,3;62,91;63,29
29/06/2020 13:00;62,69;63,04;62,59;62,97
29/06/2020 11:00;62,71;62,8;62,59;62,7
29/06/2020 09:00;62,31;62,84;62,21;62,73
26/06/2020 16:20;62,16;62,49;62,14;62,42
26/06/2020 15:00;62,16;62,38;62;62,14
26/06/2020 13:00;62,27;62,42;62,14;62,16
26/06/2020 11:00;62,14;62,35;62,09;62,28
26/06/2020 09:00;61,82;62,21;61,51;62,14
25/06/2020 16:20;61,44;61,82;61,21;61,82
25/06/2020 15:00;62,1;62,14;61,44;61,51
25/06/2020 13:00;62,04;62,27;61,96;62,04
25/06/2020 11:00;62,25;62,25;61,72;62,03
25/06/2020 09:00;62,13;62,42;61,77;62,23
24/06/2020 16:20;61,99;62,06;61,92;62
24/06/2020 15:00;61,86;62,1;61,68;61,79
24/06/2020 13:00;61,9;61,93;61,72;61,86
24/06/2020 11:00;61,37;62,11;61,25;61,85
24/06/2020 09:00;60,89;61,37;60,61;61,37
23/06/2020 16:20;60,87;61,09;60,58;60,98
23/06/2020 15:00;61,25;61,32;60,82;60,89
23/06/2020 13:00;61,21;61,57;61,07;61,3
23/06/2020 11:00;61,33;61,44;61,09;61,21
23/06/2020 09:00;62,42;62,46;61,03;61,33
22/06/2020 16:20;61,97;62,14;61,89;61,9
22/06/2020 15:00;62,21;62,27;62;62
22/06/2020 13:00;61,93;62,28;61,86;62,27
22/06/2020 11:00;62,21;62,27;61,86;61,93
22/06/2020 09:00;62,91;62,91;62,09;62,21
19/06/2020 16:20;62,76;62,84;62,7;62,81
19/06/2020 15:00;62,49;62,77;62,49;62,74
19/06/2020 13:00;62,69;62,73;62,41;62,49
19/06/2020 11:00;62,91;62,91;62,59;62,7
19/06/2020 09:00;62,62;63,06;62,31;62,87
18/06/2020 16:20;62,62;62,81;62,62;62,7
18/06/2020 15:00;62,59;62,63;62,3;62,62
18/06/2020 13:00;62,64;62,74;62,59;62,59
18/06/2020 11:00;62,46;62,67;62,42;62,63
18/06/2020 09:00;62,14;62,74;62,09;62,49
17/06/2020 16:20;61,89;62;61,89;61,99
17/06/2020 15:00;61,84;62,06;61,72;61,86
17/06/2020 13:00;61,95;61,95;61,72;61,84
17/06/2020 11:00;61,53;62,07;61,5;61,86
17/06/2020 09:00;61,33;61,61;61,03;61,57
16/06/2020 16:20;61,58;61,58;61,32;61,32
16/06/2020 15:00;61,16;61,36;61,07;61,3
16/06/2020 13:00;61,03;61,18;60,96;61,14
16/06/2020 11:00;60,8;61,15;60,8;61,03
16/06/2020 09:00;60,87;60,87;60,34;60,82
15/06/2020 16:20;61,22;61,25;60,98;61,16
15/06/2020 15:00;61;61,09;60,61;61,05
15/06/2020 13:00;61,04;61,05;60,89;60,96
15/06/2020 11:00;60,77;61,05;60,75;61,04
15/06/2020 09:00;60,54;61,19;60,54;60,75
12/06/2020 16:20;60,05;60,17;59,91;60,05
12/06/2020 15:00;59,95;60,05;59,91;60,05
12/06/2020 13:00;59,89;59,98;59,78;59,91
12/06/2020 11:00;59,73;59,94;59,67;59,87
12/06/2020 09:00;59,74;61,01;59,67;59,77
10/06/2020 16:20;59,14;59,56;59,14;59,49
10/06/2020 15:00;59,56;59,66;59,13;59,35
10/06/2020 13:00;59,53;59,7;59,43;59,56
10/06/2020 11:00;59,45;59,61;59,35;59,54
10/06/2020 09:00;59,34;59,68;59,27;59,42
09/06/2020 16:20;59,22;59,49;59,21;59,35
09/06/2020 15:00;59,49;59,56;59,21;59,22
09/06/2020 13:00;59,42;59,56;59,42;59,56
09/06/2020 11:00;59,42;59,46;59,36;59,41
09/06/2020 09:00;59,07;59,78;59,07;59,42
08/06/2020 16:20;59,45;59,54;59,07;59,14
08/06/2020 15:00;59,59;59,82;59,56;59,63
08/06/2020 13:00;59,53;59,66;59,5;59,59
08/06/2020 11:00;59,57;60,02;59,49;59,56
08/06/2020 09:00;59,41;59,74;59,25;59,57
05/06/2020 16:20;59,85;60,17;59,63;59,77
05/06/2020 15:00;59,71;59,99;59,7;59,98
05/06/2020 13:00;59,82;59,84;59,68;59,7
05/06/2020 11:00;59,57;59,84;59,52;59,84
05/06/2020 09:00;60,02;60,02;59,49;59,63
04/06/2020 16:20;60,28;60,28;60,06;60,12
04/06/2020 15:00;60,26;60,45;60,19;60,23
04/06/2020 13:00;60,23;60,4;60,09;60,27
04/06/2020 11:00;59,84;60,44;59,78;60,33
04/06/2020 09:00;59,88;60,05;59,43;59,84
03/06/2020 16:20;59,75;59,91;59,71;59,77
03/06/2020 15:00;59,74;59,82;59,54;59,82
03/06/2020 13:00;59,59;59,74;59,49;59,7
03/06/2020 11:00;59,63;59,7;59,49;59,6
03/06/2020 09:00;60,19;60,19;59,43;59,64
02/06/2020 16:20;60,28;60,38;60,15;60,3
02/06/2020 15:00;60,56;60,66;60,22;60,26
02/06/2020 13:00;60,7;60,72;60,54;60,55
02/06/2020 11:00;60,68;60,75;60,49;60,69
02/06/2020 09:00;61,09;61,09;60,63;60,68
01/06/2020 16:20;61,39;61,4;61,09;61,16
01/06/2020 15:00;61,42;61,44;60,91;61,16
01/06/2020 13:00;61,22;61,44;61,04;61,43
01/06/2020 11:00;61,03;61,3;60,89;61,3
01/06/2020 09:00;61,23;61,37;60,77;61
29/05/2020 16:20;61,05;61,44;60,89;61,44
29/05/2020 15:00;61,88;61,92;61,18;61,19
29/05/2020 13:00;61,96;62,06;61,85;61,89
29/05/2020 11:00;62,06;62,18;61,93;61,93
29/05/2020 09:00;61,77;62,28;61,61;61,97
28/05/2020 16:20;61,99;62,14;61,86;62,13
28/05/2020 15:00;61,39;61,93;61,39;61,86
28/05/2020 13:00;61,23;61,39;61,16;61,39
28/05/2020 11:00;61,43;61,51;61,09;61,23
28/05/2020 09:00;60,79;61,72;60,77;61,43
27/05/2020 16:20;60,75;60,75;60,62;60,68
27/05/2020 15:00;60,89;60,96;60,68;60,75
27/05/2020 13:00;60,97;61,01;60,82;60,89
27/05/2020 11:00;60,89;61,25;60,84;60,97
27/05/2020 09:00;61,25;61,39;60,61;60,96
26/05/2020 16:20;61,4;61,64;61,4;61,63
26/05/2020 15:00;61,36;61,49;61,3;61,3
26/05/2020 13:00;61,23;61,54;61,22;61,3
26/05/2020 11:00;61,32;61,43;61,03;61,25
26/05/2020 09:00;61,86;61,86;60,77;61,39
25/05/2020 16:20;61,75;61,75;61,16;61,44
25/05/2020 15:00;61,86;62;61,63;61,65
25/05/2020 13:00;61,79;62;61,79;61,92
25/05/2020 11:00;61,82;61,93;61,72;61,79
25/05/2020 09:00;62,55;62,7;61,51;61,93
22/05/2020 16:20;63,12;63,26;62,84;63,05
22/05/2020 15:00;62,81;63,09;62,7;62,98
22/05/2020 13:00;62,74;63,09;62,7;62,84
22/05/2020 11:00;63,11;63,11;62,63;62,8
22/05/2020 09:00;62,55;63,19;62,44;63,09
21/05/2020 16:20;62,35;62,53;62,16;62,53
21/05/2020 15:00;62,77;62,91;62,35;62,35
21/05/2020 13:00;62,74;62,98;62,58;62,76
21/05/2020 11:00;62,63;62,84;62,59;62,76
21/05/2020 09:00;63,62;63,97;62,21;62,74
20/05/2020 16:20;63,94;63,94;63,43;63,62
20/05/2020 15:00;64,13;64,21;63,55;63,59
20/05/2020 13:00;63,58;64,24;63,58;64,06
20/05/2020 11:00;63,47;63,61;63,47;63,5
20/05/2020 09:00;63,75;63,82;63,34;63,41
19/05/2020 16:20;63,86;64,07;63,86;63,89
19/05/2020 15:00;63,4;63,66;63,4;63,65
19/05/2020 13:00;63,62;63,79;63,33;63,4
19/05/2020 11:00;62,42;63,93;62,42;63,68
19/05/2020 09:00;62,03;62,49;61,79;62,48
18/05/2020 16:20;62,14;62,52;61,88;62,37
18/05/2020 15:00;62,92;63,09;62,17;62,49
18/05/2020 13:00;62,94;62,98;62,87;62,87
18/05/2020 11:00;63,01;63,33;62,91;62,97
18/05/2020 09:00;63,26;63,34;62,77;63,02
15/05/2020 16:20;63,72;63,72;63,26;63,33
15/05/2020 15:00;63,64;63,75;63,47;63,47
15/05/2020 13:00;63,83;63,83;63,54;63,61
15/05/2020 11:00;63,64;63,96;63,54;63,86
15/05/2020 09:00;64,26;64,45;63,61;63,65
14/05/2020 16:20;64,17;64,24;64,06;64,24
14/05/2020 15:00;64,11;64,49;64,1;64,38
14/05/2020 13:00;64,56;64,6;64,1;64,17
14/05/2020 11:00;64,71;64,77;64,25;64,57
14/05/2020 09:00;64,59;64,87;64,31;64,67
13/05/2020 16:20;64,07;64,08;63,87;64,02
13/05/2020 15:00;63,96;64,07;63,89;63,96
13/05/2020 13:00;63,84;64,02;63,83;64
13/05/2020 11:00;63,81;63,96;63,78;63,84
13/05/2020 09:00;64,01;64,01;63,72;63,83
12/05/2020 16:20;63,87;63,87;63,83;63,87
12/05/2020 15:00;63,77;63,93;63,73;63,83
12/05/2020 13:00;63,72;63,83;63,65;63,77
12/05/2020 11:00;63,77;63,91;63,59;63,79
12/05/2020 09:00;63,6;63,83;63,51;63,82
11/05/2020 16:20;63,46;63,54;63,45;63,51
11/05/2020 15:00;63,61;63,7;63,46;63,55
11/05/2020 13:00;63,64;63,64;63,47;63,61
11/05/2020 11:00;63,59;63,74;63,58;63,68
11/05/2020 09:00;63,32;63,7;63,3;63,58
08/05/2020 16:20;63,44;63,58;63,39;63,56
08/05/2020 15:00;63,45;63,51;63,39;63,51
08/05/2020 13:00;63,45;63,51;63,36;63,45
08/05/2020 11:00;63,51;63,7;63,35;63,51
08/05/2020 09:00;63,96;64,17;63,45;63,45
07/05/2020 16:20;59,58;59,8;59,58;59,74
07/05/2020 15:00;59,36;59,85;59,27;59,76
07/05/2020 13:00;59,19;59,38;59,14;59,33
07/05/2020 11:00;59,43;59,56;59,06;59,26
07/05/2020 09:00;58,84;59,47;58,84;59,43
06/05/2020 16:20;58,53;58,54;58,38;58,44
06/05/2020 15:00;58,3;58,42;58,2;58,36
06/05/2020 13:00;58,07;58,36;58,01;58,29
06/05/2020 11:00;57,95;58,18;57,95;58,07
06/05/2020 09:00;58,46;58,46;57,95;57,95
05/05/2020 16:20;58,42;58,66;58,42;58,54
05/05/2020 15:00;58,48;58,73;58,29;58,4
05/05/2020 13:00;58,42;58,64;58,29;58,52
05/05/2020 11:00;57,79;58,54;57,79;58,42
05/05/2020 09:00;57,91;58,05;57,71;57,78
04/05/2020 16:20;57,4;57,59;57,38;57,53
04/05/2020 15:00;57,29;57,41;57,23;57,35
04/05/2020 13:00;57,26;57,35;57,15;57,35
04/05/2020 11:00;57,16;57,55;57,11;57,23
04/05/2020 09:00;56,99;57,29;56,69;57,16
30/04/2020 16:20;56,44;56,98;56,44;56,75
30/04/2020 15:00;56,27;56,57;56,27;56,51
30/04/2020 13:00;56,3;56,42;56,25;56,27
30/04/2020 11:00;56,63;56,69;56,27;56,3
30/04/2020 09:00;56,51;56,85;56,28;56,69
29/04/2020 16:20;55,99;56,08;55,91;56
29/04/2020 15:00;56,09;56,27;55,91;55,93
29/04/2020 13:00;56,03;56,5;56,03;56,09
29/04/2020 11:00;56,39;56,39;56,03;56,03
29/04/2020 09:00;56,46;56,74;56,21;56,39
28/04/2020 16:20;56,57;56,75;56,4;56,75
28/04/2020 15:00;56,75;56,91;56,57;56,68
28/04/2020 13:00;57,46;57,46;56,75;56,81
28/04/2020 11:00;57,5;57,5;57,17;57,46
28/04/2020 09:00;57,34;57,89;57,05;57,59
27/04/2020 16:20;56,58;56,7;56,51;56,57
27/04/2020 15:00;56,38;56,85;56,38;56,57
27/04/2020 13:00;56,49;56,6;56,27;56,38
27/04/2020 11:00;56,81;56,95;56,05;56,49
27/04/2020 09:00;56,56;57,09;56,46;56,87
24/04/2020 16:20;56,75;56,75;56,33;56,62
24/04/2020 15:00;56,15;56,75;55,91;56,75
24/04/2020 13:00;56,45;56,45;55,93;56,13
24/04/2020 11:00;55,72;56,63;55,72;56,43
24/04/2020 09:00;54,96;56,15;54,96;55,72
23/04/2020 16:20;55,03;55,2;54,96;55,14
23/04/2020 15:00;54,39;55,19;54,39;54,74
23/04/2020 13:00;54;54,59;54;54,36
23/04/2020 11:00;53,85;54,23;53,82;53,99
23/04/2020 09:00;54,19;54,21;53,76;53,88
22/04/2020 16:20;54,46;54,72;54,46;54,6
22/04/2020 15:00;53,88;54,46;53,84;54,42
22/04/2020 13:00;53,92;53,96;53,84;53,88
22/04/2020 11:00;53,88;54,01;53,76;53,88
22/04/2020 09:00;53,63;54,12;53,3;53,94
20/04/2020 16:20;54;54,12;54;54,06
20/04/2020 15:00;54,07;54,23;54;54,07
20/04/2020 13:00;54,06;54,17;54,06;54,06
20/04/2020 11:00;54,13;54,36;54,06;54,17
20/04/2020 09:00;54,33;54,95;53,82;54,15
17/04/2020 16:20;54,66;55,01;54,54;54,54
17/04/2020 15:00;54,39;54,7;54,36;54,6
17/04/2020 13:00;54,93;54,96;54,28;54,47
17/04/2020 11:00;55,08;55,08;54,8;54,9
17/04/2020 09:00;54,84;55,2;54,48;55,08
16/04/2020 16:20;54,3;54,54;54,3;54,54
16/04/2020 15:00;54,61;54,66;54,24;54,47
16/04/2020 13:00;54,73;54,85;54,6;54,61
16/04/2020 11:00;54,79;54,83;54,66;54,8
16/04/2020 09:00;54,59;54,93;53,62;54,84
15/04/2020 16:20;55,25;55,26;55,02;55,2
15/04/2020 15:00;55,09;55,26;55,01;55,26
15/04/2020 13:00;54,72;55,2;54,66;55,08
15/04/2020 11:00;54,83;54,9;54,62;54,72
15/04/2020 09:00;55,31;55,31;54,36;54,83
14/04/2020 16:20;56,09;56,09;55,84;56,03
14/04/2020 15:00;56,17;56,17;55,81;56,09
14/04/2020 13:00;56,51;56,63;56,17;56,17
14/04/2020 11:00;56,51;56,63;56,44;56,49
14/04/2020 09:00;56,75;56,83;56,05;56,57
13/04/2020 16:20;56,31;56,76;56,3;56,42
13/04/2020 15:00;56,21;56,34;56,05;56,23
13/04/2020 13:00;56,85;57,1;56,03;56,21
13/04/2020 11:00;56,57;56,87;56,57;56,75
13/04/2020 09:00;56,13;57,12;55,85;56,57
09/04/2020 16:20;55,91;56,17;55,62;55,62
09/04/2020 15:00;55,76;55,96;55,74;55,95
09/04/2020 13:00;55,69;56,12;55,62;55,78
09/04/2020 11:00;55,8;55,85;55,56;55,69
09/04/2020 09:00;55,93;56,45;55,57;55,84
08/04/2020 16:20;55,81;56,27;55,8;56,03
08/04/2020 15:00;56,54;56,58;55,97;55,97
08/04/2020 13:00;56,43;56,81;56,4;56,48
08/04/2020 11:00;56,49;56,63;56,39;56,39
08/04/2020 09:00;56,15;56,6;55,94;56,45
07/04/2020 16:20;56,79;56,79;56,15;56,15
07/04/2020 15:00;57,29;57,32;56,57;56,87
07/04/2020 13:00;57,16;57,41;57,05;57,23
07/04/2020 11:00;57,1;57,29;56,99;57,28
07/04/2020 09:00;57,71;57,74;56,87;57,11
06/04/2020 16:20;58,07;58,28;57,95;58,09
06/04/2020 15:00;58,07;58,29;57,97;58,07
06/04/2020 13:00;58,17;58,39;58,04;58,04
06/04/2020 11:00;58,79;58,79;58,08;58,09
06/04/2020 09:00;59,13;59,68;58,79;58,82
03/04/2020 16:20;58,94;59;58,78;58,96
03/04/2020 15:00;58,57;58,88;58,55;58,76
03/04/2020 13:00;58,66;58,9;58,33;58,57
03/04/2020 11:00;58,99;58,99;58,6;58,66
03/04/2020 09:00;57,72;59,02;57,62;58,84
02/04/2020 16:20;57,71;58,52;57,53;58,1
02/04/2020 15:00;58,42;58,42;57,77;57,83
02/04/2020 13:00;58,34;58,46;58,18;58,36
02/04/2020 11:00;58,53;58,77;58,3;58,36
02/04/2020 09:00;58,61;59,25;58,14;58,6
01/04/2020 16:20;59,32;59,32;58,75;59,03
01/04/2020 15:00;60,22;60,22;58,66;59,32
01/04/2020 13:00;60,51;60,51;60,13;60,22
01/04/2020 11:00;60,63;60,67;60,36;60,51
01/04/2020 09:00;60,34;60,69;60,04;60,63
31/03/2020 16:20;60,45;60,75;60,45;60,69
31/03/2020 15:00;60,45;60,75;60,35;60,57
31/03/2020 13:00;60,34;60,82;60,16;60,51
31/03/2020 11:00;60,57;60,57;60,32;60,34
31/03/2020 09:00;60,22;61,47;59,93;60,51
30/03/2020 16:20;59,37;59,56;59,2;59,36
30/03/2020 15:00;59,12;59,2;58,85;59,2
30/03/2020 13:00;58,18;59,13;58,18;59,12
30/03/2020 11:00;58,36;58,48;58,18;58,18
30/03/2020 09:00;57,12;58,9;56,33;58,47
27/03/2020 16:20;57,24;57,58;56,87;57,22
27/03/2020 15:00;57,98;58,05;57,52;57,52
27/03/2020 13:00;58,26;58,28;57,8;57,95
27/03/2020 11:00;58,38;58,42;58,07;58,26
27/03/2020 09:00;59,25;59,25;57,98;58,3
26/03/2020 16:20;58,96;59,02;58,72;58,89
26/03/2020 15:00;58,84;58,9;58,72;58,79
26/03/2020 13:00;58,6;58,89;58,54;58,89
26/03/2020 11:00;58,78;59,01;58,55;58,57
26/03/2020 09:00;58,48;58,95;58,36;58,77
25/03/2020 16:20;58,3;58,53;58,24;58,48
25/03/2020 15:00;58,46;58,6;58,2;58,3
25/03/2020 13:00;58,54;58,78;58,07;58,46
25/03/2020 11:00;59;59,02;58,33;58,54
25/03/2020 09:00;58,55;59,49;58,55;59,01
24/03/2020 16:20;58,18;58,24;58,01;58,17
24/03/2020 15:00;58,36;58,38;57,92;58,07
24/03/2020 13:00;58,5;58,5;58,18;58,36
24/03/2020 11:00;58,71;59,08;58,42;58,6
24/03/2020 09:00;58,48;58,76;57,42;58,71
23/03/2020 16:20;58,54;58,9;58,18;58,48
23/03/2020 15:00;58,23;58,53;58,2;58,36
23/03/2020 13:00;58,46;58,72;58,01;58,39
23/03/2020 11:00;58,83;58,9;58,22;58,54
23/03/2020 09:00;59,14;59,74;58,42;58,93
20/03/2020 16:20;59,56;59,56;57,8;58,65
20/03/2020 15:00;59,52;59,71;59,21;59,44
20/03/2020 13:00;59,68;59,85;59,45;59,62
20/03/2020 11:00;59,46;60,16;59,44;59,68
20/03/2020 09:00;58,78;60,32;58,78;59,53
19/03/2020 16:20;59,02;59,02;58,36;58,63
19/03/2020 15:00;59,86;59,86;58,9;59,06
19/03/2020 13:00;60,57;60,57;59,32;59,86
19/03/2020 11:00;59,92;60,81;59,8;60,63
19/03/2020 09:00;60,31;61,49;58,66;59,74
18/03/2020 16:20;59,44;60,1;59,43;59,95
18/03/2020 15:00;58,53;59,14;58,45;59,08
18/03/2020 13:00;54,83;59,64;54,8;58,54
18/03/2020 11:00;54,5;54,95;54,48;54,84
18/03/2020 09:00;55,9;55,9;54,04;54,6
17/03/2020 16:20;56,19;56,75;55,85;56,45
17/03/2020 15:00;57,11;57,11;56,88;56,88
17/03/2020 13:00;57,11;57,22;56,88;57,11
17/03/2020 11:00;57,05;57,44;56,99;57,22
17/03/2020 09:00;59,56;59,56;56,88;57,1
16/03/2020 16:20;59,88;59,88;58,99;58,99
16/03/2020 15:00;59,89;60,19;59,88;59,88
16/03/2020 13:00;60,22;60,34;59,88;59,92
16/03/2020 11:00;59,92;60,78;59,92;60,28
16/03/2020 09:00;62,83;62,83;59,88;59,92
13/03/2020 16:20;63,26;63,29;62,96;63,12
13/03/2020 15:00;62,7;63,07;62,7;63,07
13/03/2020 13:00;62,93;63,02;62,27;62,77
13/03/2020 11:00;62,9;63,19;62,88;62,93
13/03/2020 09:00;62,96;63,56;62,84;62,96
12/03/2020 16:20;62,66;63,02;62,62;62,95
12/03/2020 15:00;62,04;62,69;62,01;62,55
12/03/2020 13:00;62,34;62,37;61,9;62,06
12/03/2020 11:00;62,27;62,39;62,14;62,31
12/03/2020 09:00;62,35;63,07;61,89;62,33
11/03/2020 16:20;61,59;62,14;61,55;62,13
11/03/2020 15:00;61,42;61,7;61,41;61,65
11/03/2020 13:00;60,94;61,59;60,93;61,42
11/03/2020 11:00;60,51;61,58;60,41;61
11/03/2020 09:00;59,98;60,69;59,86;60,47
10/03/2020 16:20;59,74;59,86;59,68;59,76
10/03/2020 15:00;59,62;59,83;59,37;59,61
10/03/2020 13:00;59,68;59,92;59,57;59,64
10/03/2020 11:00;59,57;59,82;59,56;59,68
10/03/2020 09:00;59,82;60,11;59,5;59,57
09/03/2020 16:20;59,92;59,92;59,69;59,74
09/03/2020 15:00;60,26;60,28;59,86;59,92
09/03/2020 13:00;59,86;60,3;59,81;60,26
09/03/2020 11:00;59,59;59,89;59,51;59,77
09/03/2020 09:00;59,44;60,1;59,15;59,65
06/03/2020 16:20;60,1;60,34;60,1;60,22
06/03/2020 15:00;60,2;60,22;60;60,08
06/03/2020 13:00;59,92;60,26;59,8;60,17
06/03/2020 11:00;59,96;60,1;59,56;59,9
06/03/2020 09:00;60,07;60,51;59,88;59,94
05/03/2020 16:20;60,1;60,16;60;60
05/03/2020 15:00;60,22;60,22;59,92;59,98
05/03/2020 13:00;60,38;60,43;60,16;60,16
05/03/2020 11:00;60,44;60,55;60,28;60,42
05/03/2020 09:00;60,13;60,63;60,12;60,44
04/03/2020 16:20;60,06;60,18;60,01;60,12
04/03/2020 15:00;59,72;59,92;59,59;59,92
04/03/2020 13:00;59,58;59,8;59,47;59,79
04/03/2020 11:00;59,52;59,72;59,42;59,66
04/03/2020 09:00;59,64;59,87;59,42;59,47
03/03/2020 16:20;59,78;59,78;59,47;59,53
03/03/2020 15:00;59,67;59,72;59,47;59,55
03/03/2020 13:00;59,48;59,82;59,45;59,69
03/03/2020 11:00;59,49;59,57;59,38;59,51
03/03/2020 09:00;58,73;59,56;58,73;59,47
02/03/2020 16:20;58,77;58,86;58,69;58,83
02/03/2020 15:00;58,64;58,82;58,61;58,73
02/03/2020 13:00;58,36;58,9;58,36;58,66
02/03/2020 11:00;58,04;58,37;58,04;58,36
02/03/2020 09:00;57,89;58;57,53;57,99
28/02/2020 16:20;57,63;58,03;57,63;58,03
28/02/2020 15:00;57,78;57,95;57,77;57,95
28/02/2020 13:00;57,63;57,78;57,54;57,78
28/02/2020 11:00;57,93;57,93;57,58;57,63
28/02/2020 09:00;57,79;58,11;57,79;57,93
27/02/2020 16:20;57,69;57,89;57,53;57,79
27/02/2020 15:00;57,43;57,63;57,41;57,58
27/02/2020 13:00;57,65;57,66;57,39;57,43
27/02/2020 11:00;57,39;57,69;57,31;57,62
27/02/2020 09:00;56,72;57,57;56,72;57,41
26/02/2020 16:20;56,71;56,93;56,66;56,66
26/02/2020 15:00;56,39;56,75;56,33;56,66
26/02/2020 13:00;55,94;56,54;55,82;56,39
21/02/2020 16:20;56,11;56,44;56,11;56,44
21/02/2020 15:00;55,95;56,27;55,94;56,17
21/02/2020 13:00;55,95;56,03;55,88;55,95
21/02/2020 11:00;56,11;56,2;55,93;55,96
21/02/2020 09:00;56,06;56,3;55,69;56,11
20/02/2020 16:20;55,96;56,07;55,96;56,06
20/02/2020 15:00;56,24;56,33;55,98;56,11
20/02/2020 13:00;56,43;56,44;56,22;56,22
20/02/2020 11:00;56,49;56,52;56,34;56,43
20/02/2020 09:00;56,66;56,76;56,4;56,52
19/02/2020 16:20;56,49;56,49;56,35;56,35
19/02/2020 15:00;56,43;56,52;56,36;56,44
19/02/2020 13:00;56,5;56,57;56,36;56,41
19/02/2020 11:00;56,2;56,66;56,18;56,5
19/02/2020 09:00;56,68;56,78;56,13;56,17
18/02/2020 16:20;57,02;57,05;56,98;56,99
18/02/2020 15:00;56,82;56,98;56,66;56,98
18/02/2020 13:00;56,8;56,86;56,7;56,76
18/02/2020 11:00;56,75;56,87;56,73;56,79
18/02/2020 09:00;57,07;57,08;56,62;56,81
17/02/2020 16:20;56,82;57,11;56,82;57,09
17/02/2020 15:00;56,2;57,12;56,18;56,76
17/02/2020 13:00;55,87;56,3;55,8;56,21
17/02/2020 11:00;55,9;56,11;55,89;55,9
17/02/2020 09:00;56,19;56,22;55,76;55,95
14/02/2020 16:20;56,08;56,18;56,01;56,09
14/02/2020 15:00;56;56,11;55,95;56,06
14/02/2020 13:00;56;56,05;55,95;56,01
14/02/2020 11:00;55,7;56,06;55,67;56
14/02/2020 09:00;55,8;55,96;55,63;55,68
13/02/2020 16:20;55,58;55,78;55,57;55,57
13/02/2020 15:00;55,44;55,62;55,3;55,62
13/02/2020 13:00;55,27;55,43;55,06;55,43
13/02/2020 11:00;55,09;55,4;54,98;55,26
13/02/2020 09:00;54,85;55,23;54,71;55,09
12/02/2020 16:20;54,19;54,7;54,19;54,65
12/02/2020 15:00;53,67;54,14;53,67;54,1
12/02/2020 13:00;53,82;53,88;53,62;53,66
12/02/2020 11:00;53,92;53,94;53,68;53,82
12/02/2020 09:00;53,23;54;53,15;53,89
11/02/2020 16:20;53,11;53,11;52,92;53,08
11/02/2020 15:00;53,29;53,3;53,09;53,14
11/02/2020 13:00;53,24;53,47;53,24;53,29
11/02/2020 11:00;53,4;53,4;53,19;53,24
11/02/2020 09:00;53,93;53,96;53,08;53,4
10/02/2020 16:20;53,69;53,79;53,66;53,73
10/02/2020 15:00;53,84;53,88;53,62;53,68
10/02/2020 13:00;53,84;53,88;53,62;53,87
10/02/2020 11:00;53,98;54,01;53,81;53,84
10/02/2020 09:00;53,62;54,1;53,62;54,03
07/02/2020 16:20;53,51;53,62;53,41;53,51
07/02/2020 15:00;53,51;53,58;53,42;53,51
07/02/2020 13:00;53,57;53,61;53,37;53,55
07/02/2020 11:00;53,36;53,6;53,36;53,6
07/02/2020 09:00;53,34;53,56;53,27;53,37
06/02/2020 16:20;53,24;53,62;53,09;53,46
06/02/2020 15:00;53,34;53,35;53,15;53,24
06/02/2020 13:00;53,24;53,35;53,22;53,35
06/02/2020 11:00;53,51;53,57;53,2;53,3
06/02/2020 09:00;52,92;53,59;52,92;53,51
05/02/2020 16:20;52,84;52,86;52,76;52,86
05/02/2020 15:00;52,86;53,07;52,78;52,86
05/02/2020 13:00;52,76;52,95;52,68;52,86
05/02/2020 11:00;52,93;53,07;52,75;52,8
05/02/2020 09:00;52,34;53,08;52,18;52,95
04/02/2020 16:20;52,63;52,65;52,49;52,54
04/02/2020 15:00;52,31;52,49;52,26;52,49
04/02/2020 13:00;52,34;52,56;52,15;52,4
04/02/2020 11:00;52,86;52,86;52,33;52,33
04/02/2020 09:00;52,36;53,02;52,26;52,84
03/02/2020 16:20;52,21;52,4;51,94;52,16
03/02/2020 15:00;52,17;52,38;52,11;52,21
03/02/2020 13:00;52,65;52,68;52,12;52,17
03/02/2020 11:00;52,69;52,88;52,43;52,66
03/02/2020 09:00;53,09;53,32;52,49;52,69
31/01/2020 16:20;53,17;53,17;52,97;53,09
31/01/2020 15:00;53,01;53,19;52,6;52,97
31/01/2020 13:00;54,01;54,06;52,47;52,97
31/01/2020 11:00;54,5;54,62;53,84;54,06
31/01/2020 09:00;53,51;54,94;53,42;54,52
30/01/2020 16:20;53,73;53,83;53,54;53,54
30/01/2020 15:00;53,64;53,77;53,63;53,72
30/01/2020 13:00;53,69;53,84;53,63;53,63
30/01/2020 11:00;54,08;54,09;53,44;53,71
30/01/2020 09:00;54,68;54,68;54,11;54,11
29/01/2020 16:20;55,01;55,05;54,87;54,92
29/01/2020 15:00;54,81;55,01;54,78;54,98
29/01/2020 13:00;54,71;54,98;54,65;54,81
29/01/2020 11:00;55,04;55,16;54,65;54,71
29/01/2020 09:00;55,52;55,94;54,83;55,03
28/01/2020 16:20;55,65;55,74;55,65;55,69
28/01/2020 15:00;56,07;56,21;55,58;55,74
28/01/2020 13:00;56,29;56,32;55,97;56,08
28/01/2020 11:00;56,28;56,33;56,23;56,28
28/01/2020 09:00;56,17;56,39;56,14;56,24
27/01/2020 16:20;55,92;56,16;55,9;56,16
27/01/2020 15:00;56,06;56,07;55,82;56,01
27/01/2020 13:00;56,1;56,11;56,06;56,06
27/01/2020 11:00;56,01;56,15;56,01;56,1
27/01/2020 09:00;56,06;56,11;55,91;56,01
24/01/2020 16:20;56,18;56,28;56,17;56,17
24/01/2020 15:00;56,49;56,5;56,22;56,26
24/01/2020 13:00;56,55;56,65;56,49;56,49
24/01/2020 11:00;56,31;56,55;56,3;56,55
24/01/2020 09:00;56,68;56,68;56,24;56,35
23/01/2020 16:20;56,85;56,85;56,67;56,71
23/01/2020 15:00;56,7;56,85;56,67;56,85
23/01/2020 13:00;56,73;56,76;56,63;56,71
23/01/2020 11:00;56,72;56,76;56,65;56,72
23/01/2020 09:00;56,5;56,96;56,5;56,71
22/01/2020 16:20;56,48;56,55;56,33;56,5
22/01/2020 15:00;56,41;56,52;56,33;56,43
22/01/2020 13:00;56,59;56,63;56,39;56,39
22/01/2020 11:00;56,16;56,66;56,16;56,58
22/01/2020 09:00;56,06;56,31;55,98;56,16
21/01/2020 16:20;55,85;55,89;55,79;55,82
21/01/2020 15:00;56,28;56,29;55,83;55,9
21/01/2020 13:00;56,27;56,29;56,24;56,28
21/01/2020 11:00;56,13;56,33;56,06;56,22
21/01/2020 09:00;56,21;56,46;56,01;56,13
20/01/2020 16:20;56,58;56,58;56,33;56,4
20/01/2020 15:00;56,46;56,49;56,4;56,46
20/01/2020 13:00;56,49;56,49;56,4;56,43
20/01/2020 11:00;56,49;56,55;56,44;56,49
20/01/2020 09:00;56,46;56,66;56,19;56,53
17/01/2020 16:20;56,33;56,49;56,29;56,33
17/01/2020 15:00;55,95;56,33;55,95;56,33
17/01/2020 13:00;55,63;56,01;55,59;55,94
17/01/2020 11:00;55,91;55,91;55,48;55,59
17/01/2020 09:00;55,84;56,06;55,81;56
16/01/2020 16:20;56,23;56,36;55,92;56,13
16/01/2020 15:00;56,31;56,44;56,31;56,41
16/01/2020 13:00;56,24;56,44;56,23;56,28
16/01/2020 11:00;56,66;56,73;56,21;56,24
16/01/2020 09:00;56,39;56,66;56,33;56,66
15/01/2020 16:20;56,83;57,36;56,62;56,66
15/01/2020 15:00;56,66;56,76;56,62;56,76
15/01/2020 13:00;56,61;56,76;56,57;56,66
15/01/2020 11:00;56,55;56,62;56,55;56,6
15/01/2020 09:00;56,57;56,79;56,45;56,56
14/01/2020 16:20;56,66;56,76;56,45;56,65
14/01/2020 15:00;56,71;56,81;56,57;56,66
14/01/2020 13:00;56,82;56,87;56,66;56,71
14/01/2020 11:00;57,06;57,2;56,6;56,82
14/01/2020 09:00;56,98;57,24;56,8;57,06
13/01/2020 16:20;57,02;57,12;57,02;57,08
13/01/2020 15:00;56,4;57,13;56,36;57,13
13/01/2020 13:00;56,16;56,42;56,13;56,39
13/01/2020 11:00;56,22;56,26;56,14;56,14
13/01/2020 09:00;56,17;56,7;56,09;56,21
10/01/2020 16:20;56,28;56,39;56,28;56,31
10/01/2020 15:00;56,06;56,33;56;56,33
10/01/2020 13:00;56,33;56,42;55,79;56,1
10/01/2020 11:00;56,71;56,74;56,11;56,33
10/01/2020 09:00;56,87;56,98;56,66;56,66
09/01/2020 16:20;56,55;56,55;56,21;56,33
09/01/2020 15:00;56,86;56,86;56,33;56,49
09/01/2020 13:00;56,76;56,86;56,71;56,86
09/01/2020 11:00;56,82;56,84;56,71;56,8
09/01/2020 09:00;57,05;57,14;56,66;56,82
08/01/2020 16:20;56,11;56,98;56,11;56,6
08/01/2020 15:00;56,29;56,31;56,13;56,13
08/01/2020 13:00;56,52;56,52;56,29;56,29
08/01/2020 11:00;56,54;56,56;56,47;56,52
08/01/2020 09:00;56,66;56,66;56,03;56,54
07/01/2020 16:20;56,49;56,49;56,39;56,46
07/01/2020 15:00;56,08;56,54;56,08;56,39
07/01/2020 13:00;55,9;56,1;55,9;56,08
07/01/2020 11:00;55,95;55,97;55,72;55,88
07/01/2020 09:00;55,66;56,09;55,64;55,91
06/01/2020 16:20;55,7;55,71;55,6;55,71
06/01/2020 15:00;55,53;55,64;55,49;55,64
06/01/2020 13:00;55,52;55,59;55,47;55,53
06/01/2020 11:00;55,51;55,53;55,34;55,51
06/01/2020 09:00;55,09;55,61;55,09;55,51
03/01/2020 16:20;54,87;54,87;54,85;54,85
03/01/2020 15:00;54,9;54,97;54,87;54,87
03/01/2020 13:00;54,92;54,98;54,88;54,94
03/01/2020 11:00;54,98;55,04;54,81;54,93
03/01/2020 09:00;55,08;55,15;54,69;54,98
02/01/2020 16:20;54,99;55,09;54,99;55,09
02/01/2020 15:00;55,18;55,21;55,04;55,09
02/01/2020 13:00;55,22;55,32;55,21;55,21
02/01/2020 11:00;55,09;55,36;55,09;55,21
02/01/2020 09:00;55,21;55,42;54,98;55,07
30/12/2019 16:20;55,49;55,49;54,95;55,21
30/12/2019 15:00;55,25;55,33;55,2;55,2
30/12/2019 13:00;55,31;55,34;55,25;55,25
30/12/2019 11:00;55,32;55,38;55,26;55,32
30/12/2019 09:00;54,88;55,47;54,88;55,34
27/12/2019 16:20;54,98;55,08;54,98;54,98
27/12/2019 15:00;54,93;55,04;54,87;54,88
27/12/2019 13:00;54,97;55,04;54,93;54,98
27/12/2019 11:00;54,98;55,03;54,88;54,98
27/12/2019 09:00;54,88;55,09;54,81;55,03
26/12/2019 16:20;54,7;54,81;54,7;54,75
26/12/2019 15:00;54,61;54,7;54,56;54,7
26/12/2019 13:00;54,53;54,72;54,53;54,57
26/12/2019 11:00;54,53;54,58;54,49;54,49
26/12/2019 09:00;54,41;54,66;54,41;54,53
23/12/2019 16:20;54,43;54,47;54,41;54,41
23/12/2019 15:00;54,25;54,35;54,22;54,35
23/12/2019 13:00;54,33;54,33;54,2;54,2
23/12/2019 11:00;54,31;54,42;54,3;54,39
23/12/2019 09:00;54,19;54,35;54,14;54,26
20/12/2019 16:20;54,17;54,17;53,98;53,98
20/12/2019 15:00;54,02;54,19;54,02;54,19
20/12/2019 13:00;53,87;54,01;53,84;54,01
20/12/2019 11:00;53,87;53,96;53,8;53,86
20/12/2019 09:00;54,06;54,09;53,75;53,88
19/12/2019 16:20;54,06;54,09;54,01;54,01
19/12/2019 15:00;54;54,07;54;54,06
19/12/2019 13:00;54,05;54,07;53,97;54,02
19/12/2019 11:00;54,16;54,2;54;54,04
19/12/2019 09:00;54,13;54,2;53,92;54,15
18/12/2019 16:20;53,67;53,8;53,67;53,75
18/12/2019 15:00;53,76;53,84;53,69;53,69
18/12/2019 13:00;53,75;53,82;53,75;53,8
18/12/2019 11:00;53,92;54,01;53,6;53,75
18/12/2019 09:00;53,92;54,16;53,8;53,91
17/12/2019 16:20;54,21;54,24;53,95;54,1
17/12/2019 15:00;54,48;54,48;54,25;54,29
17/12/2019 13:00;54,59;54,59;54,48;54,48
17/12/2019 11:00;54,59;54,66;54,51;54,62
17/12/2019 09:00;54,75;54,75;54,2;54,52
16/12/2019 16:20;54,68;55,14;54,68;54,98
16/12/2019 15:00;54,76;54,77;54,66;54,68
16/12/2019 13:00;54,7;54,76;54,65;54,76
16/12/2019 11:00;54,76;54,87;54,65;54,65
16/12/2019 09:00;54,95;54,96;54,65;54,7
13/12/2019 16:20;54,49;54,53;54,42;54,44
13/12/2019 15:00;54,85;54,85;54,43;54,49
13/12/2019 13:00;54,85;54,99;54,81;54,81
13/12/2019 11:00;54,92;55,01;54,65;54,84
13/12/2019 09:00;54,98;55,24;54,56;54,87
12/12/2019 16:20;54,8;54,87;54,55;54,81
12/12/2019 15:00;54,46;54,8;54,39;54,8
12/12/2019 13:00;54,14;54,67;54,14;54,42
12/12/2019 11:00;54,17;54,19;54;54,14
12/12/2019 09:00;54,02;54,31;53,86;54,14
11/12/2019 16:20;53,64;53,85;53,45;53,75
11/12/2019 15:00;53,79;53,8;53,69;53,7
11/12/2019 13:00;53,91;53,93;53,79;53,82
11/12/2019 11:00;53,74;53,97;53,69;53,92
11/12/2019 09:00;54,04;54,04;53,48;53,77
10/12/2019 16:20;54,13;54,13;54,12;54,12
10/12/2019 15:00;54,39;54,42;54,03;54,15
10/12/2019 13:00;54,81;54,86;54,31;54,38
10/12/2019 11:00;54,79;54,83;54,71;54,81
10/12/2019 09:00;54,31;54,94;54,31;54,76
09/12/2019 16:20;54,11;54,3;54,1;54,14
09/12/2019 15:00;54,31;54,31;54,09;54,22
09/12/2019 13:00;54,39;54,4;54,24;54,31
09/12/2019 11:00;54,31;54,42;54,25;54,38
09/12/2019 09:00;54,51;54,81;54,15;54,34
06/12/2019 16:20;54,3;56,4;54,2;54,37
06/12/2019 15:00;54,42;54,46;54,16;54,2
06/12/2019 13:00;54,32;54,51;54,31;54,42
06/12/2019 11:00;54,26;54,37;54,2;54,33
06/12/2019 09:00;54,25;54,52;54,09;54,28
05/12/2019 16:20;54,34;54,4;54,21;54,22
05/12/2019 15:00;54,43;54,48;53,93;54,33
05/12/2019 13:00;54,87;54,95;54,33;54,48
05/12/2019 11:00;55,24;55,38;54,71;54,87
05/12/2019 09:00;55,22;55,53;55,22;55,25
04/12/2019 16:20;55,33;55,48;55,33;55,45
04/12/2019 15:00;55,49;55,54;55,38;55,41
04/12/2019 13:00;55,54;55,6;55,49;55,49
04/12/2019 11:00;55,64;55,69;55,49;55,54
04/12/2019 09:00;55,56;55,86;55,49;55,63
03/12/2019 16:20;55,16;55,16;55,15;55,15
03/12/2019 15:00;55,26;55,43;55,26;55,26
03/12/2019 13:00;55,26;55,26;55,16;55,25
03/12/2019 11:00;55,33;55,38;55,21;55,26
03/12/2019 09:00;55,15;55,43;55,06;55,38
02/12/2019 16:20;55,26;55,26;55,22;55,22
02/12/2019 15:00;55,02;55,43;55,02;55,38
02/12/2019 13:00;55,16;55,18;55,01;55,01
02/12/2019 11:00;54,98;55,17;54,98;55,16
02/12/2019 09:00;55,32;55,32;54,87;54,98
29/11/2019 16:20;55,32;55,32;55,2;55,2
29/11/2019 15:00;55,31;55,31;55,16;55,31
29/11/2019 13:00;55,21;55,32;55,15;55,31
29/11/2019 11:00;54,98;55,29;54,97;55,21
29/11/2019 09:00;54,81;55,05;54,55;54,97
28/11/2019 16:20;54,98;54,98;54,76;54,8
28/11/2019 15:00;55,03;55,04;54,98;54,98
28/11/2019 13:00;54,92;55,02;54,87;54,98
28/11/2019 11:00;54,87;55,03;54,65;54,87
28/11/2019 09:00;55,17;55,52;54,87;54,87
27/11/2019 16:20;55,21;55,21;55,11;55,15
27/11/2019 15:00;55,2;55,25;55,06;55,15
27/11/2019 13:00;55,03;55,24;54,98;55,21
27/11/2019 11:00;55,03;55,04;54,87;54,99
27/11/2019 09:00;55,09;55,09;54,06;55,08
26/11/2019 16:20;55,32;55,32;55,26;55,32
26/11/2019 15:00;55,25;55,36;55,18;55,26
26/11/2019 13:00;55,22;55,27;55,09;55,24
26/11/2019 11:00;55,43;55,48;55,15;55,26
26/11/2019 09:00;55,11;55,48;54,97;55,43
25/11/2019 16:20;54,83;54,83;54,48;54,61
25/11/2019 15:00;54,78;54,78;54,56;54,59
25/11/2019 13:00;54,66;54,78;54,48;54,78
25/11/2019 11:00;54,62;54,7;54,57;54,7
25/11/2019 09:00;54,28;54,95;54,28;54,61
22/11/2019 16:20;54,24;54,25;54,12;54,25
22/11/2019 15:00;53,89;54,24;53,69;54,09
22/11/2019 13:00;53,46;53,87;53,36;53,86
22/11/2019 11:00;54,06;54,26;53,3;53,47
22/11/2019 09:00;54,59;55,21;54,06;54,06
21/11/2019 16:20;54,2;54,31;54,16;54,25
21/11/2019 15:00;54,05;54,3;54;54,2
21/11/2019 13:00;54,37;54,41;53,98;54,05
21/11/2019 11:00;54,15;54,43;54,15;54,34
21/11/2019 09:00;52,91;54,55;52,91;54,14
19/11/2019 16:20;52,69;52,91;52,69;52,91
19/11/2019 15:00;52,62;52,74;52,56;52,72
19/11/2019 13:00;52,53;52,63;52,44;52,57
19/11/2019 11:00;52,12;52,6;52,12;52,54
19/11/2019 09:00;51,59;52,29;51,44;52,12
18/11/2019 16:20;51,49;52;51,45;51,9
18/11/2019 15:00;51,36;51,53;51,34;51,49
18/11/2019 13:00;51,34;51,37;51,22;51,35
18/11/2019 11:00;51,22;51,57;51,18;51,34
18/11/2019 09:00;51,78;51,78;50,9;51,22
14/11/2019 16:20;51,73;51,73;51,51;51,61
14/11/2019 15:00;51,79;51,85;51,72;51,73
14/11/2019 13:00;51,79;51,83;51,75;51,79
14/11/2019 11:00;51,75;51,85;51,74;51,79
14/11/2019 09:00;51,68;51,85;51,38;51,79
13/11/2019 16:20;51,38;51,55;51,38;51,5
13/11/2019 15:00;51,37;51,47;51,32;51,39
13/11/2019 13:00;51,36;51,48;51,3;51,4
13/11/2019 11:00;51,4;51,43;51,32;51,32
13/11/2019 09:00;51,5;51,66;51,41;51,41
12/11/2019 16:20;51,62;51,8;51,62;51,8
12/11/2019 15:00;51,61;51,67;51,43;51,67
12/11/2019 13:00;51,16;51,65;51,1;51,6
12/11/2019 11:00;50,97;51,23;50,97;51,16
12/11/2019 09:00;50,97;51,19;50,85;51,03
11/11/2019 16:20;50,63;50,71;50,58;50,68
11/11/2019 15:00;50,67;50,67;50,47;50,65
11/11/2019 13:00;50,47;50,68;50,46;50,68
11/11/2019 11:00;50,47;50,55;50,44;50,48
11/11/2019 09:00;50,37;50,56;50,2;50,44
08/11/2019 16:20;50,21;50,21;50,21;50,21
08/11/2019 15:00;50,21;50,23;50,13;50,21
08/11/2019 13:00;50,12;50,3;49,99;50,27
08/11/2019 11:00;50,11;50,21;50;50,21
08/11/2019 09:00;50,14;50,25;50,09;50,11
07/11/2019 16:20;50,02;50,15;50,02;50,14
07/11/2019 15:00;49,92;50,06;49,92;49,99
07/11/2019 13:00;49,92;49,98;49,85;49,92
07/11/2019 11:00;49,92;49,97;49,8;49,93
07/11/2019 09:00;49,95;50,09;49,76;49,91
06/11/2019 16:20;49,79;49,85;49,57;49,63
06/11/2019 15:00;49,73;49,74;49,7;49,74
06/11/2019 13:00;49,58;49,74;49,57;49,71
06/11/2019 11:00;49,51;50,02;49,51;49,62
06/11/2019 09:00;49,46;49,58;49,24;49,51
05/11/2019 16:20;49,53;49,59;49,51;49,52
05/11/2019 15:00;49,43;49,63;49,38;49,51
05/11/2019 13:00;49,33;49,39;49,3;49,39
05/11/2019 11:00;49,3;49,38;49,29;49,32
05/11/2019 09:00;49,11;49,44;49,11;49,26
04/11/2019 16:20;49,11;49,21;49,1;49,1
04/11/2019 15:00;49,37;49,44;48,98;49,04
04/11/2019 13:00;48,89;49,38;48,88;49,37
04/11/2019 11:00;48,87;48,94;48,84;48,91
04/11/2019 09:00;48,83;48,93;48,69;48,87
01/11/2019 16:20;49,1;49,25;49,07;49,25
01/11/2019 15:00;49,09;49,16;49,04;49,1
01/11/2019 13:00;49,08;49,12;49,02;49,03
01/11/2019 11:00;49,35;49,35;48,87;49,08
01/11/2019 09:00;49,28;49,39;49,17;49,37
31/10/2019 16:20;49,66;49,72;49,62;49,62
31/10/2019 15:00;49,77;49,83;49,74;49,74
31/10/2019 13:00;49,74;49,85;49,74;49,78
31/10/2019 11:00;49,73;49,79;49,72;49,74
31/10/2019 09:00;49,98;49,98;49,69;49,73
30/10/2019 16:20;49,8;50,02;49,8;49,86
30/10/2019 15:00;49,86;50,07;49,81;49,85
30/10/2019 13:00;49,8;49,9;49,8;49,86
30/10/2019 11:00;49,93;49,94;49,69;49,76
30/10/2019 09:00;49,72;49,95;49,63;49,92
29/10/2019 16:20;49,81;49,86;49,72;49,72
29/10/2019 15:00;50,19;50,22;49,8;49,86
29/10/2019 13:00;50,05;50,27;50;50,15
29/10/2019 11:00;50,29;50,33;49,95;50,04
29/10/2019 09:00;50,37;50,62;50,29;50,33
28/10/2019 16:20;50,34;50,56;50,33;50,46
28/10/2019 15:00;50,4;50,44;50,34;50,37
28/10/2019 13:00;50,34;50,46;50,33;50,41
28/10/2019 11:00;50,35;50,4;50,28;50,33
28/10/2019 09:00;50,43;50,44;50,28;50,39
25/10/2019 16:20;50,62;50,62;50,62;50,62
25/10/2019 15:00;50,61;50,67;50,56;50,67
25/10/2019 13:00;50,65;50,68;50,56;50,6
25/10/2019 11:00;50,74;50,74;50,61;50,68
25/10/2019 09:00;50,51;50,74;50,44;50,74
24/10/2019 16:20;50,69;50,82;50,65;50,81
24/10/2019 15:00;50,58;50,79;50,56;50,69
24/10/2019 13:00;50,85;50,86;50,47;50,56
24/10/2019 11:00;50,65;50,81;50,63;50,81
24/10/2019 09:00;50,88;50,97;50,55;50,63
23/10/2019 16:20;50,76;50,79;50,7;50,79
23/10/2019 15:00;50,83;50,85;50,7;50,84
23/10/2019 13:00;50,88;50,96;50,79;50,86
23/10/2019 11:00;50,91;51;50,79;50,9
23/10/2019 09:00;50,74;51;50,44;50,91
22/10/2019 16:20;50,81;50,9;50,79;50,85
22/10/2019 15:00;50,82;50,97;50,69;50,86
22/10/2019 13:00;51,11;51,14;50,75;50,86
22/10/2019 11:00;51,17;51,26;50,83;51,14
22/10/2019 09:00;51,2;51,5;51,14;51,23
21/10/2019 16:20;51,13;51,16;51,13;51,14
21/10/2019 15:00;51,03;51,12;50,99;51,1
21/10/2019 13:00;50,89;51,07;50,88;51,03
21/10/2019 11:00;50,79;50,89;50,79;50,89
21/10/2019 09:00;50,98;50,98;50,68;50,79
18/10/2019 16:20;50,28;50,62;50,28;50,56
18/10/2019 15:00;50,39;50,42;50,27;50,39
18/10/2019 13:00;50,44;50,47;50,39;50,4
18/10/2019 11:00;50,39;50,57;50,33;50,44
18/10/2019 09:00;50,49;50,62;50,22;50,33
17/10/2019 16:20;50,55;50,58;50,46;50,46
17/10/2019 15:00;50,62;50,65;50,46;50,65
17/10/2019 13:00;50,33;50,71;50,3;50,62
17/10/2019 11:00;50,23;50,56;50,21;50,37
17/10/2019 09:00;49,92;50,32;49,87;50,22
16/10/2019 16:20;49,63;49,85;49,63;49,8
16/10/2019 15:00;49,39;49,74;49,39;49,63
16/10/2019 13:00;49,28;49,42;49,17;49,38
16/10/2019 11:00;49,1;49,33;49,1;49,28
16/10/2019 09:00;48,86;49,22;48,86;49,1
15/10/2019 16:20;48,77;48,83;48,75;48,83
15/10/2019 15:00;48,58;48,79;48,55;48,75
15/10/2019 13:00;48,4;48,58;48,31;48,56
15/10/2019 11:00;48,46;48,53;48,35;48,4
15/10/2019 09:00;48,34;48,54;48,23;48,4
14/10/2019 16:20;48,42;48,58;48,42;48,52
14/10/2019 15:00;48,58;48,58;48,46;48,49
14/10/2019 13:00;48,63;48,9;48,46;48,59
14/10/2019 11:00;48,28;48,66;48,28;48,6
14/10/2019 09:00;48,33;48,34;47,93;48,31
11/10/2019 16:20;48;48,28;48;48,28
11/10/2019 15:00;48,09;48,14;47,89;47,98
11/10/2019 13:00;48,1;48,13;48,05;48,09
11/10/2019 11:00;47,69;48,16;47,67;48,05
11/10/2019 09:00;47,63;47,7;47,43;47,67
10/10/2019 16:20;47,5;47,54;47,42;47,49
10/10/2019 15:00;47,56;47,61;47,36;47,44
10/10/2019 13:00;47,49;47,62;47,09;47,54
10/10/2019 11:00;47,71;47,74;47,49;47,51
10/10/2019 09:00;47,58;47,75;47,5;47,72
09/10/2019 16:20;47,43;47,47;47,43;47,47
09/10/2019 15:00;47,31;47,45;47,29;47,37
09/10/2019 13:00;47,35;47,35;47,2;47,29
09/10/2019 11:00;47,5;47,53;47,35;47,35
09/10/2019 09:00;47,41;47,58;47,3;47,47
08/10/2019 16:20;47,53;47,53;47,51;47,51
08/10/2019 15:00;47,57;47,61;47,51;47,53
08/10/2019 13:00;47,45;47,6;47,45;47,57
08/10/2019 11:00;47,5;47,62;47,41;47,41
08/10/2019 09:00;47,38;47,51;47,16;47,51
07/10/2019 16:20;47,41;47,51;47,41;47,44
07/10/2019 15:00;47,23;47,4;47,2;47,37
07/10/2019 13:00;47,19;47,23;47,12;47,23
07/10/2019 11:00;47,28;47,35;47,07;47,19
07/10/2019 09:00;46,84;47,29;46,84;47,28
04/10/2019 16:20;46,84;46,96;46,84;46,96
04/10/2019 15:00;46,86;46,88;46,79;46,84
04/10/2019 13:00;46,8;46,88;46,79;46,86
04/10/2019 11:00;46,91;46,91;46,65;46,84
04/10/2019 09:00;46,75;46,94;46,75;46,94
03/10/2019 16:20;46,77;46,89;46,77;46,88
03/10/2019 15:00;46,89;46,94;46,88;46,89
03/10/2019 13:00;46,92;47,05;46,88;46,92
03/10/2019 11:00;47,12;47,12;46,82;46,88
03/10/2019 09:00;47,13;47,29;47,03;47,17
02/10/2019 16:20;47,06;47,09;46,88;47,09
02/10/2019 15:00;47,22;47,28;47,07;47,07
02/10/2019 13:00;47,23;47,35;47,13;47,19
02/10/2019 11:00;47,37;47,47;47,24;47,29
02/10/2019 09:00;47,5;47,67;47,35;47,38
01/10/2019 16:20;47,55;47,58;47,53;47,57
01/10/2019 15:00;47,62;47,76;47,41;47,42
01/10/2019 13:00;47,37;47,64;47,34;47,62
01/10/2019 11:00;47,35;47,47;47,29;47,4
01/10/2019 09:00;47,28;47,41;47,1;47,36
30/09/2019 16:20;47,31;47,41;47,29;47,4
30/09/2019 15:00;47,27;47,33;47,15;47,33
30/09/2019 13:00;47,02;47,41;47,01;47,26
30/09/2019 11:00;46,98;47,05;46,89;46,99
30/09/2019 09:00;46,93;47,02;46,74;46,98
27/09/2019 16:20;46,88;46,88;46,73;46,82
27/09/2019 15:00;46,71;46,88;46,67;46,87
27/09/2019 13:00;46,7;46,72;46,61;46,7
27/09/2019 11:00;46,72;46,77;46,65;46,71
27/09/2019 09:00;46,7;46,82;46,59;46,72
26/09/2019 16:20;46,61;46,71;46,51;46,71
26/09/2019 15:00;46,93;46,94;46,6;46,65
26/09/2019 13:00;46,94;47,05;46,88;46,92
26/09/2019 11:00;47,08;47,1;46,81;46,94
26/09/2019 09:00;47,15;47,28;46,95;47,13
25/09/2019 16:20;46,82;46,91;46,82;46,85
25/09/2019 15:00;46,89;46,91;46,77;46,87
25/09/2019 13:00;46,84;46,94;46,82;46,87
25/09/2019 11:00;46,85;46,91;46,71;46,85
25/09/2019 09:00;46,77;46,89;46,47;46,86
24/09/2019 16:20;46,92;47,05;46,82;46,89
24/09/2019 15:00;46,8;46,89;46,79;46,82
24/09/2019 13:00;46,8;46,88;46,77;46,79
24/09/2019 11:00;46,91;46,99;46,72;46,78
24/09/2019 09:00;46,64;46,94;46,6;46,91
23/09/2019 16:20;46,87;47,03;46,71;46,77
23/09/2019 15:00;46,94;47,08;46,82;46,82
23/09/2019 13:00;46,87;46,95;46,8;46,94
23/09/2019 11:00;46,79;47,01;46,71;46,92
23/09/2019 09:00;46,42;46,82;46,42;46,79
20/09/2019 16:20;46,53;46,53;46,42;46,42
20/09/2019 15:00;46,49;46,56;46,42;46,56
20/09/2019 13:00;46,47;46,54;46,44;46,49
20/09/2019 11:00;46,44;46,54;46,4;46,47
20/09/2019 09:00;46,59;46,59;46,35;46,42
19/09/2019 16:20;46,26;46,53;46,26;46,47
19/09/2019 15:00;46,07;46,23;46,07;46,23
19/09/2019 13:00;46,18;46,18;45,96;46,07
19/09/2019 11:00;46,19;46,3;46,17;46,18
19/09/2019 09:00;45,87;46,23;45,87;46,18
18/09/2019 16:20;45,87;46,11;45,84;46,01
18/09/2019 15:00;46,01;46,04;45,94;45,98
18/09/2019 13:00;45,98;46,11;45,91;46,05
18/09/2019 11:00;45,97;46,07;45,83;46,03
18/09/2019 09:00;45,96;46,01;45,72;45,97
17/09/2019 16:20;45,79;45,81;45,76;45,76
17/09/2019 15:00;45,89;46;45,8;45,83
17/09/2019 13:00;46,01;46,01;45,77;45,88
17/09/2019 11:00;46,11;46,18;45,95;45,98
17/09/2019 09:00;45,82;46,24;45,72;46,1
16/09/2019 16:20;46,14;46,23;45,81;46,12
16/09/2019 15:00;46,64;46,71;46,18;46,24
16/09/2019 13:00;46,46;46,64;46,42;46,64
16/09/2019 11:00;46,52;46,52;46,3;46,47
16/09/2019 09:00;45,89;46,65;45,89;46,53
13/09/2019 16:20;46,02;46,17;46,02;46,17
13/09/2019 15:00;46,08;46,08;46;46,01
13/09/2019 13:00;45,9;46,1;45,9;46,1
13/09/2019 11:00;46,02;46,05;45,9;45,9
13/09/2019 09:00;45,8;46,22;45,8;46,02
12/09/2019 16:20;45,66;45,77;45,66;45,73
12/09/2019 15:00;45,66;45,72;45,59;45,65
12/09/2019 13:00;45,14;45,83;44,84;45,66
12/09/2019 11:00;45,31;45,42;45,1;45,14
12/09/2019 09:00;45,14;45,5;45,14;45,31
11/09/2019 16:20;45,19;45,31;45,19;45,25
11/09/2019 15:00;45,29;45,41;45,19;45,19
11/09/2019 13:00;44,99;45,31;44,99;45,27
11/09/2019 11:00;45;45,04;44,85;45
11/09/2019 09:00;45,18;45,29;44,96;44,99
10/09/2019 16:20;45,29;45,39;45,17;45,21
10/09/2019 15:00;45,18;45,2;45,07;45,17
10/09/2019 13:00;45;45,22;45;45,15
10/09/2019 11:00;44,84;45,04;44,71;44,96
10/09/2019 09:00;44,84;44,91;44,72;44,89
09/09/2019 16:20;44,47;44,72;44,31;44,66
09/09/2019 15:00;44,31;44,44;44,3;44,38
09/09/2019 13:00;44,3;44,36;44,3;44,32
09/09/2019 11:00;44,36;44,36;44,3;44,31
09/09/2019 09:00;44,36;44,69;44,31;44,36
06/09/2019 16:20;45,46;45,46;45,46;45,46
06/09/2019 15:00;45,5;45,61;45,47;45,52
06/09/2019 13:00;45,5;45,5;45,45;45,5
06/09/2019 11:00;45,62;45,67;45,45;45,45
06/09/2019 09:00;45,65;45,71;45,62;45,62
05/09/2019 16:20;45,7;45,7;45,57;45,67
05/09/2019 15:00;45,7;45,77;45,66;45,7
05/09/2019 13:00;45,66;45,75;45,64;45,7
05/09/2019 11:00;45,82;45,84;45,62;45,65
05/09/2019 09:00;45,81;45,94;45,7;45,82
04/09/2019 16:20;46,01;46,07;45,89;45,89
04/09/2019 15:00;46,17;46,27;45,97;46,18
04/09/2019 13:00;46,2;46,2;46,01;46,14
04/09/2019 11:00;46,21;46,23;46,12;46,2
04/09/2019 09:00;46,12;46,3;46,1;46,2
03/09/2019 16:20;46,56;46,56;46,43;46,43
03/09/2019 15:00;46,32;46,57;46,32;46,5
03/09/2019 13:00;46,32;46,45;46,32;46,32
03/09/2019 11:00;46,35;46,38;46,32;46,33
03/09/2019 09:00;46,27;46,52;46,27;46,32
02/09/2019 16:20;46,27;46,32;46,27;46,27
02/09/2019 15:00;46,31;46,35;46,26;46,27
02/09/2019 13:00;46,26;46,47;46,26;46,31
02/09/2019 11:00;46,21;46,28;46,15;46,23
02/09/2019 09:00;46,22;46,53;45,95;46,21
30/08/2019 16:20;46,56;46,57;46,51;46,51
30/08/2019 15:00;46,57;46,61;46,43;46,55
30/08/2019 13:00;46,46;46,63;46,45;46,55
30/08/2019 11:00;46,51;46,53;46,45;46,5
30/08/2019 09:00;46,57;46,75;46,51;46,52
29/08/2019 16:20;46,47;46,47;46,32;46,43
29/08/2019 15:00;46,51;46,55;46,26;46,48
29/08/2019 13:00;46,57;46,63;46,53;46,53
29/08/2019 11:00;46,62;46,86;46,52;46,57
29/08/2019 09:00;46,38;46,7;46,35;46,58
28/08/2019 16:20;46,33;46,38;46,33;46,38
28/08/2019 15:00;46,36;46,38;46,32;46,33
28/08/2019 13:00;46,2;46,43;46,2;46,32
28/08/2019 11:00;46,18;46,2;46,15;46,15
28/08/2019 09:00;46,06;46,2;45,76;46,18
27/08/2019 16:20;46,23;46,28;46,07;46,1
27/08/2019 15:00;46,12;46,18;45,96;46,11
27/08/2019 13:00;46,14;46,14;46,01;46,1
27/08/2019 11:00;46,05;46,16;46,01;46,14
27/08/2019 09:00;46,15;46,23;45,84;46,07
26/08/2019 16:20;46,17;46,18;46,07;46,07
26/08/2019 15:00;45,95;46,14;45,95;46,07
26/08/2019 13:00;45,81;46,02;45,81;45,95
26/08/2019 11:00;45,81;45,85;45,76;45,76
26/08/2019 09:00;45,8;46,07;45,75;45,8
23/08/2019 16:20;45,6;45,7;45,56;45,7
23/08/2019 15:00;45,7;45,8;45,7;45,7
23/08/2019 13:00;45,65;45,7;45,61;45,7
23/08/2019 11:00;45,54;45,65;45,51;45,65
23/08/2019 09:00;45,57;45,62;45,45;45,51
22/08/2019 16:20;45,66;45,66;45,51;45,51
22/08/2019 15:00;45,65;45,69;45,51;45,56
22/08/2019 13:00;45,46;45,76;45,46;45,7
22/08/2019 11:00;45,42;45,51;45,39;45,46
22/08/2019 09:00;45,21;45,47;45,2;45,4
21/08/2019 16:20;45,15;45,26;45,15;45,26
21/08/2019 15:00;45,3;45,45;45,15;45,21
21/08/2019 13:00;45,14;45,36;44,96;45,24
21/08/2019 11:00;45,09;45,14;44,97;45,11
21/08/2019 09:00;45,54;45,54;45,09;45,09
20/08/2019 16:20;45,26;45,32;45,22;45,32
20/08/2019 15:00;45,15;45,17;45,04;45,14
20/08/2019 13:00;45,2;45,26;45,12;45,15
20/08/2019 11:00;45,47;45,57;45,09;45,17
20/08/2019 09:00;45,75;46,07;45,49;45,5
19/08/2019 16:20;45,42;45,55;45,4;45,55
19/08/2019 15:00;45,54;45,64;45,45;45,46
19/08/2019 13:00;45,37;45,56;45,32;45,55
19/08/2019 11:00;45,44;45,56;45,32;45,34
19/08/2019 09:00;45,2;45,44;45,15;45,44
16/08/2019 16:20;45,51;45,76;45,45;45,51
16/08/2019 15:00;45,75;45,79;45,59;45,64
16/08/2019 13:00;45,77;45,81;45,72;45,76
16/08/2019 11:00;45,62;45,82;45,61;45,82
16/08/2019 09:00;45,66;45,72;45,41;45,61
15/08/2019 16:20;45,39;45,39;45,32;45,39
15/08/2019 15:00;45,49;45,49;45,26;45,39
15/08/2019 13:00;45,45;45,56;45,39;45,41
15/08/2019 11:00;45,42;45,49;45,26;45,47
15/08/2019 09:00;45,69;45,72;45,26;45,42
14/08/2019 16:20;45,64;45,82;45,51;45,76
14/08/2019 15:00;45,72;45,89;45,7;45,89
14/08/2019 13:00;46,02;46,1;45,7;45,71
14/08/2019 11:00;46;46,28;45,97;46,05
14/08/2019 09:00;45,62;46,09;45,62;46,01
13/08/2019 16:20;45,47;45,6;45,47;45,6
13/08/2019 15:00;45,49;45,64;45,42;45,55
13/08/2019 13:00;45,54;45,55;45,36;45,49
13/08/2019 11:00;45,62;45,84;45,45;45,52
13/08/2019 09:00;45,29;45,65;45,01;45,62
12/08/2019 16:20;45,91;45,91;45,7;45,7
12/08/2019 15:00;46,04;46,18;45,96;45,96
12/08/2019 13:00;48,22;48,22;45,97;46,07
12/08/2019 11:00;48,21;48,34;48,2;48,2
12/08/2019 09:00;47,73;48,57;47,73;48,32
09/08/2019 16:20;48,01;48,01;47,95;47,95
09/08/2019 15:00;48,01;48,07;48;48,01
09/08/2019 13:00;48;48,07;47,96;48,01
09/08/2019 11:00;48,15;48,16;47,82;47,95
09/08/2019 09:00;47,95;48,2;47,73;48,15
08/08/2019 16:20;47,57;47,7;47,56;47,66
08/08/2019 15:00;47,88;48,01;47,57;47,63
08/08/2019 13:00;47,73;47,95;47,71;47,86
08/08/2019 11:00;47,57;47,76;47,5;47,7
08/08/2019 09:00;47,81;48,03;47,45;47,57
07/08/2019 16:20;48,07;48,07;47,88;47,95
07/08/2019 15:00;47,93;48,15;47,88;48,05
07/08/2019 13:00;47,95;48,32;47,86;47,93
07/08/2019 11:00;47,63;48,02;47,62;47,93
07/08/2019 09:00;46,97;47,63;46,97;47,57
06/08/2019 16:20;46,95;47,01;46,81;46,82
06/08/2019 15:00;46,8;46,88;46,7;46,88
06/08/2019 13:00;46,81;47,01;46,68;46,75
06/08/2019 11:00;46,38;46,92;46,38;46,8
06/08/2019 09:00;46,53;46,6;46,07;46,31
05/08/2019 16:20;46,68;46,71;46,38;46,7
05/08/2019 15:00;45,89;46,7;45,89;46,51
05/08/2019 13:00;45,84;45,94;45,77;45,89
05/08/2019 11:00;45,42;46,07;45,3;45,82
05/08/2019 09:00;45,22;45,51;45,09;45,39
02/08/2019 16:20;45,57;45,7;45,57;45,69
02/08/2019 15:00;45,51;45,65;45,51;45,56
02/08/2019 13:00;45,41;45,59;45,41;45,51
02/08/2019 11:00;45,69;45,7;45,41;45,45
02/08/2019 09:00;45,26;45,72;45,22;45,69
01/08/2019 16:20;45,11;45,14;45,02;45,14
01/08/2019 15:00;45,19;45,21;45,01;45,07
01/08/2019 13:00;45,16;45,35;45,01;45,15
01/08/2019 11:00;45,3;45,32;45,15;45,2
01/08/2019 09:00;45,92;45,92;45,26;45,3
31/07/2019 16:20;45,65;45,7;45,64;45,65
31/07/2019 15:00;45,69;45,81;45,57;45,64
31/07/2019 13:00;45,82;45,84;45,54;45,65
31/07/2019 11:00;45,65;45,94;45,64;45,8
31/07/2019 09:00;46;46,01;45,65;45,65
30/07/2019 16:20;46,11;46,11;46,04;46,07
30/07/2019 15:00;45,82;46,15;45,81;46,01
30/07/2019 13:00;45,76;45,82;45,76;45,8
30/07/2019 11:00;45,76;45,89;45,71;45,76
30/07/2019 09:00;45,74;45,9;45,71;45,74
29/07/2019 16:20;46,04;46,04;45,86;45,94
29/07/2019 15:00;46,09;46,18;46,02;46,17
29/07/2019 13:00;46,06;46,14;46,06;46,12
29/07/2019 11:00;46,07;46,15;46,01;46,07
29/07/2019 09:00;46,06;46,16;45,89;46,06
26/07/2019 16:20;45,8;46,06;45,79;45,95
26/07/2019 15:00;45,84;45,87;45,71;45,82
26/07/2019 13:00;45,66;45,89;45,66;45,84
26/07/2019 11:00;45,69;45,7;45,61;45,66
26/07/2019 09:00;45,57;45,66;45,47;45,64
25/07/2019 16:20;45,64;45,79;45,64;45,7
25/07/2019 15:00;45,7;45,89;45,64;45,65
25/07/2019 13:00;45,77;45,82;45,64;45,7
25/07/2019 11:00;45,82;45,84;45,64;45,76
25/07/2019 09:00;45,79;45,94;45,6;45,82
24/07/2019 16:20;45,76;45,82;45,76;45,8
24/07/2019 15:00;45,97;46,05;45,76;45,76
24/07/2019 13:00;46,18;46,23;45,89;45,99
24/07/2019 11:00;46,09;46,25;46,07;46,25
24/07/2019 09:00;46,26;46,48;46,06;46,07
23/07/2019 16:20;46,07;46,16;46,06;46,07
23/07/2019 15:00;46,2;46,25;46,01;46,01
23/07/2019 13:00;46,11;46,28;46,07;46,2
23/07/2019 11:00;46,01;46,12;45,9;46,12
23/07/2019 09:00;46,53;46,53;45,95;46,07
22/07/2019 16:20;46,17;46,51;46,09;46,45
22/07/2019 15:00;46,07;46,15;46,01;46,1
22/07/2019 13:00;46,07;46,16;45,9;46,06
22/07/2019 11:00;46,26;46,26;46,09;46,09
22/07/2019 09:00;46,28;46,31;46,07;46,26
19/07/2019 16:20;46,57;46,72;46,57;46,72
19/07/2019 15:00;46,51;46,63;46,5;46,57
19/07/2019 13:00;46,66;46,7;46,48;46,51
19/07/2019 11:00;46,32;46,75;46,32;46,66
19/07/2019 09:00;46,37;46,62;46,27;46,32
18/07/2019 16:20;46,21;46,37;46,21;46,37
18/07/2019 15:00;46,38;46,43;46,25;46,25
18/07/2019 13:00;46,38;46,42;46,23;46,38
18/07/2019 11:00;46,57;46,68;46,2;46,38
18/07/2019 09:00;46,88;46,88;46,46;46,57
17/07/2019 16:20;47,21;47,32;47,2;47,2
17/07/2019 15:00;47,15;47,28;47,07;47,21
17/07/2019 13:00;47,33;47,37;47,12;47,15
17/07/2019 11:00;47,27;47,4;47,25;47,4
17/07/2019 09:00;47,22;47,57;47,07;47,31
16/07/2019 16:20;47,07;47,17;47,03;47,07
16/07/2019 15:00;46,87;47,12;46,86;47
16/07/2019 13:00;46,76;46,92;46,66;46,82
16/07/2019 11:00;46,67;46,87;46,61;46,72
16/07/2019 09:00;46,91;46,91;46,4;46,58
15/07/2019 16:20;47,03;47,13;47,01;47,13
15/07/2019 15:00;47,01;47,23;46,96;47,13
15/07/2019 13:00;47,26;47,32;47;47,01
15/07/2019 11:00;47,21;47,45;47,2;47,26
15/07/2019 09:00;47,4;47,82;47,2;47,26
12/07/2019 16:20;47,5;47,56;47,32;47,43
12/07/2019 15:00;47,4;47,51;47,32;47,45
12/07/2019 13:00;47,11;47,5;47,07;47,38
12/07/2019 11:00;47,07;47,18;47,01;47,08
12/07/2019 09:00;46,7;47,11;46,61;47,07
11/07/2019 16:20;46,71;46,88;46,7;46,82
11/07/2019 15:00;46,73;46,95;46,68;46,82
11/07/2019 13:00;46,25;46,81;45,99;46,73
11/07/2019 11:00;46,28;46,56;46,23;46,32
11/07/2019 09:00;46,06;46,28;45,96;46,26
10/07/2019 16:20;46,57;46,58;46,38;46,4
10/07/2019 15:00;46,62;46,82;46,38;46,4
10/07/2019 13:00;46,51;46,67;46,46;46,62
10/07/2019 11:00;46,35;46,57;46,21;46,51
10/07/2019 09:00;46,81;46,92;46,37;46,37
08/07/2019 16:20;47,52;47,53;47,26;47,45
08/07/2019 15:00;47,28;47,45;47,27;47,45
08/07/2019 13:00;47,07;47,32;46,9;47,26
08/07/2019 11:00;47,18;47,2;46,88;47,07
08/07/2019 09:00;47,46;47,57;46,95;47,17
05/07/2019 16:20;47,32;47,37;47,28;47,32
05/07/2019 15:00;47,38;47,38;47,25;47,32
05/07/2019 13:00;47,37;47,45;47,21;47,36
05/07/2019 11:00;47,38;47,67;47,25;47,43
05/07/2019 09:00;47,56;48,12;47,17;47,38
04/07/2019 16:20;47,71;47,88;47,6;47,67
04/07/2019 15:00;47,31;47,7;47,15;47,7
04/07/2019 13:00;46,81;47,38;46,81;47,32
04/07/2019 11:00;46,58;46,83;46,53;46,82
04/07/2019 09:00;47,27;47,48;46,52;46,57
03/07/2019 16:20;47,07;47,16;47,01;47,06
03/07/2019 15:00;47,13;47,13;46,78;47,07
03/07/2019 13:00;47,01;47,26;46,96;47,13
03/07/2019 11:00;46,88;47,02;46,76;47,02
03/07/2019 09:00;46,46;47,08;46,46;46,82
02/07/2019 16:20;46,2;46,42;46,02;46,02
02/07/2019 15:00;46,07;46,26;46,07;46,18
02/07/2019 13:00;46,18;46,2;45,95;46,07
02/07/2019 11:00;45,8;46,41;45,8;46,2
02/07/2019 09:00;46,01;46,01;45,57;45,8
01/07/2019 16:20;45,57;46,31;45,57;45,95
01/07/2019 15:00;45,57;45,64;45,45;45,51
01/07/2019 13:00;45,64;45,7;45,51;45,57
01/07/2019 11:00;45,6;45,85;45,39;45,65
01/07/2019 09:00;46,32;46,5;45,51;45,61
28/06/2019 16:20;46,2;46,63;46,2;46,38
28/06/2019 15:00;46,75;46,86;46,22;46,27
28/06/2019 13:00;48,38;48,96;45,95;46,7
28/06/2019 11:00;48,22;48,37;48,01;48,36
28/06/2019 09:00;48,2;48,43;47,95;48,23
27/06/2019 16:20;48;48,11;48;48,11
27/06/2019 15:00;48,07;48,13;48,01;48,13
27/06/2019 13:00;48,08;48,18;48,07;48,07
27/06/2019 11:00;48,15;48,2;48,08;48,1
27/06/2019 09:00;48,07;48,31;47,97;48,2
26/06/2019 16:20;48,03;48,07;47,95;48,07
26/06/2019 15:00;47,92;48,05;47,83;47,95
26/06/2019 13:00;47,95;48,07;47,85;47,95
26/06/2019 11:00;47,96;47,97;47,85;47,95
26/06/2019 09:00;47,7;48,08;47,63;47,96
25/06/2019 16:20;48,18;48,2;47,91;48,07
25/06/2019 15:00;48,05;48,18;47,76;48,13
25/06/2019 13:00;48,17;48,33;47,76;48,03
25/06/2019 11:00;48,32;48,32;47,96;48,18
25/06/2019 09:00;48,36;48,57;48,07;48,32
24/06/2019 16:20;47,82;48,31;47,57;48,13
24/06/2019 15:00;47,57;47,78;47,51;47,63
24/06/2019 13:00;47,55;47,63;47,5;47,57
24/06/2019 11:00;47,88;48,02;47,48;47,48
24/06/2019 09:00;47,47;47,93;47,47;47,85
21/06/2019 16:20;47,06;47,31;47,01;47,07
21/06/2019 15:00;47,38;47,48;47,01;47,07
21/06/2019 13:00;47,41;47,68;47,33;47,45
21/06/2019 11:00;47,82;47,83;46,82;47,38
21/06/2019 09:00;47,91;48,2;47,52;47,83
19/06/2019 16:20;47,07;47,13;46,86;47,13
19/06/2019 15:00;47,2;47,26;46,97;47,07
19/06/2019 13:00;47,63;47,63;47,08;47,2
19/06/2019 11:00;47,46;47,88;47,45;47,63
19/06/2019 09:00;48,37;48,44;47,45;47,56
18/06/2019 16:20;48,44;48,57;48,23;48,47
18/06/2019 15:00;48,59;48,71;48,44;48,58
18/06/2019 13:00;48,93;49,01;48,58;48,67
18/06/2019 11:00;49,16;49,38;48,91;48,94
18/06/2019 09:00;48,89;49,34;48,32;49,19
17/06/2019 16:20;49,61;50,01;49,52;49,83
17/06/2019 15:00;49,76;49,82;49,57;49,63
17/06/2019 13:00;49,76;50,02;49,57;49,74
17/06/2019 11:00;50,13;50,13;49,07;49,74
17/06/2019 09:00;49,94;50,41;49,94;50,07
14/06/2019 16:20;49,18;49,54;49,08;49,54
14/06/2019 15:00;49,34;49,47;49,26;49,32
14/06/2019 13:00;49,37;49,44;49,09;49,38
14/06/2019 11:00;49,14;49,44;49,02;49,34
14/06/2019 09:00;49,08;49,29;48,83;49,14
13/06/2019 16:20;49,06;49,13;48,82;48,84
13/06/2019 15:00;48,68;49,07;48,67;48,94
13/06/2019 13:00;48,74;48,74;48,57;48,64
13/06/2019 11:00;48,87;48,94;48,56;48,73
13/06/2019 09:00;48,48;49,08;48,38;48,82
12/06/2019 16:20;48,07;48,46;47,95;48,22
12/06/2019 15:00;47,78;48,06;47,72;48,06
12/06/2019 13:00;47,7;48,03;47,65;47,7
12/06/2019 11:00;47,33;47,77;47,26;47,7
12/06/2019 09:00;46,6;47,45;46,12;47,32
11/06/2019 16:20;46,32;46,65;46,32;46,63
11/06/2019 15:00;46,1;46,43;45,99;46,32
11/06/2019 13:00;44,95;46,32;44,95;46,11
11/06/2019 11:00;44,87;45,01;44,76;44,95
11/06/2019 09:00;45,07;45,19;44,66;44,84
10/06/2019 16:20;45,7;45,7;44,99;45,31
10/06/2019 15:00;45,56;45,7;45,51;45,7
10/06/2019 13:00;45,89;45,91;45,57;45,57
10/06/2019 11:00;45,56;46,01;45,56;45,85
10/06/2019 09:00;45,61;45,66;45,26;45,56
07/06/2019 16:20;45,82;45,94;45,8;45,9
07/06/2019 15:00;45,95;46,07;45,95;46,01
07/06/2019 13:00;46,04;46,06;45,95;45,95
07/06/2019 11:00;46,1;46,14;45,95;46,01
07/06/2019 09:00;45,82;46,81;45,64;46,07
06/06/2019 16:20;46,56;46,7;46,45;46,5
06/06/2019 15:00;45,44;46,45;45,44;46,32
06/06/2019 13:00;45,32;45,46;45,09;45,46
06/06/2019 11:00;45,04;45,51;44,97;45,32
06/06/2019 09:00;45,36;45,57;44,49;45,06
05/06/2019 16:20;45,99;46,3;45,99;46,25
05/06/2019 15:00;46,16;46,41;46,01;46,01
05/06/2019 13:00;46,41;46,42;45,89;46,16
05/06/2019 11:00;46,16;46,76;46,11;46,33
05/06/2019 09:00;46,43;46,53;45,76;46,14
04/06/2019 16:20;46,82;46,87;46,63;46,72
04/06/2019 15:00;47,38;47,38;46,83;46,83
04/06/2019 13:00;47,53;47,57;47,11;47,38
04/06/2019 11:00;48,26;48,27;47,23;47,53
04/06/2019 09:00;48,57;48,68;48,15;48,26
03/06/2019 16:20;49,01;49,19;48,76;48,94
03/06/2019 15:00;48,3;48,38;47,76;48,2
03/06/2019 13:00;48,63;48,68;48,2;48,31
03/06/2019 11:00;48,83;48,83;48,63;48,63
03/06/2019 09:00;48,44;49,21;48,44;48,97
31/05/2019 16:20;48,51;48,68;48,44;48,44
31/05/2019 15:00;48,57;48,74;48,08;48,63
31/05/2019 13:00;48,74;49,01;48,48;48,57
31/05/2019 11:00;48,64;48,79;48,44;48,76
31/05/2019 09:00;48,69;48,94;47,98;48,69
30/05/2019 16:20;49,07;49,32;49,07;49,32
30/05/2019 15:00;48,68;49,18;48,68;49,01
30/05/2019 13:00;48,59;48,82;48,44;48,64
30/05/2019 11:00;49,01;49,14;48,49;48,62
30/05/2019 09:00;47,82;49,27;47,73;49,01
29/05/2019 16:20;47,46;48;47,32;47,87
29/05/2019 15:00;48,1;48,1;47,63;47,76
29/05/2019 13:00;48,32;48,63;47,88;48,1
29/05/2019 11:00;48,44;48,64;47,66;48,36
29/05/2019 09:00;50,29;50,31;47,2;48,46
28/05/2019 16:20;48,46;49,44;48,46;49,32
28/05/2019 15:00;47,68;48,01;47,68;47,9
28/05/2019 13:00;47,63;47,8;47,51;47,66
28/05/2019 11:00;47,07;47,63;46,95;47,62
28/05/2019 09:00;47,42;47,72;46,85;47,07
27/05/2019 16:20;46,82;47,15;46,68;47,13
27/05/2019 15:00;46,27;46,68;46,2;46,68
27/05/2019 13:00;46,09;46,45;46;46,22
27/05/2019 11:00;45,92;46,2;45,89;46,04
27/05/2019 09:00;44,95;46,15;44,95;45,9
24/05/2019 16:20;44,76;44,82;44,6;44,7
24/05/2019 15:00;44,57;44,76;44,57;44,57
24/05/2019 13:00;44,45;44,75;44,31;44,57
24/05/2019 11:00;44,34;44,57;44,1;44,44
24/05/2019 09:00;43,2;44,41;43,14;44,29
23/05/2019 16:20;43,26;43,46;42,93;43,31
23/05/2019 15:00;44,1;44,2;43,46;43,6
23/05/2019 13:00;44,52;44,59;43,79;44,14
23/05/2019 11:00;44,89;44,89;44,45;44,51
23/05/2019 09:00;44,26;45,06;44,26;44,89
22/05/2019 16:20;44,3;44,32;44,14;44,26
22/05/2019 15:00;44,05;44,31;43,97;44,21
22/05/2019 13:00;43,46;44,09;43,41;44,01
22/05/2019 11:00;43,63;43,64;43,45;43,46
22/05/2019 09:00;44,11;44,3;43,53;43,64
21/05/2019 16:20;44,72;44,87;44,41;44,51
21/05/2019 15:00;44,61;45,05;44,57;44,96
21/05/2019 13:00;45,34;45,37;44,36;44,64
21/05/2019 11:00;45,45;45,65;45,27;45,32
21/05/2019 09:00;45,76;45,89;44,76;45,45
20/05/2019 16:20;45,44;45,44;44,82;45,2
20/05/2019 15:00;45,51;45,64;45,35;45,51
20/05/2019 13:00;45,85;45,85;45,45;45,54
20/05/2019 11:00;45,99;46,01;45,39;45,89
20/05/2019 09:00;45,01;46,32;45,01;45,95
17/05/2019 16:20;44,81;44,95;44,71;44,95
17/05/2019 15:00;44,82;44,89;44,57;44,89
17/05/2019 13:00;44,59;44,84;44,46;44,75
17/05/2019 11:00;44,59;44,89;44,32;44,57
17/05/2019 09:00;43,51;44,67;43,51;44,57
16/05/2019 16:20;43,01;43,39;42,95;43,39
16/05/2019 15:00;42,38;43,18;42,38;42,95
16/05/2019 13:00;42,3;42,51;42,19;42,33
16/05/2019 11:00;42,05;42,51;42,05;42,3
16/05/2019 09:00;41,69;42,26;41,58;42,05
15/05/2019 16:20;41,53;41,7;41,53;41,69
15/05/2019 15:00;41,64;41,64;41,14;41,45
15/05/2019 13:00;41,63;41,7;41,52;41,68
15/05/2019 11:00;41,53;41,89;41,53;41,63
15/05/2019 09:00;40,98;41,58;40,98;41,58
14/05/2019 16:20;40,6;40,6;40,58;40,58
14/05/2019 15:00;40,55;40,58;40,49;40,58
14/05/2019 13:00;40,6;40,64;40,54;40,58
14/05/2019 11:00;40,6;40,64;40,58;40,6
14/05/2019 09:00;40,51;40,68;40,47;40,64
13/05/2019 16:20;40,21;40,34;40,21;40,27
13/05/2019 15:00;40,27;40,29;40,21;40,21
13/05/2019 13:00;40,38;40,38;40,15;40,27
13/05/2019 11:00;40,15;40,4;40,15;40,37
13/05/2019 09:00;39,87;40,25;39,87;40,15
10/05/2019 16:20;39,84;39,87;39,84;39,87
10/05/2019 15:00;39,9;39,96;39,85;39,91
10/05/2019 13:00;39,93;39,99;39,86;39,91
10/05/2019 11:00;39,9;39,97;39,86;39,95
10/05/2019 09:00;39,79;40,03;39,74;39,86
09/05/2019 16:20;39,63;39,64;39,4;39,48
09/05/2019 15:00;39,3;39,62;39,24;39,61
09/05/2019 13:00;39,48;39,52;39,25;39,3
09/05/2019 11:00;39,41;39,64;39,41;39,48
09/05/2019 09:00;39,29;39,53;39,24;39,36
08/05/2019 16:20;38,96;39,06;38,83;39,05
08/05/2019 15:00;39,06;39,06;38,94;39
08/05/2019 13:00;38,98;39,08;38,81;39,06
08/05/2019 11:00;39,01;39,12;38,97;39
08/05/2019 09:00;39,16;39,26;39,03;39,06
07/05/2019 16:20;38,98;39;38,88;38,94
07/05/2019 15:00;38,69;39,03;38,69;38,83
07/05/2019 13:00;38,63;38,69;38,53;38,69
07/05/2019 11:00;38,52;38,75;38,45;38,69
07/05/2019 09:00;38,49;38,63;38,45;38,52
06/05/2019 16:20;38,61;38,63;38,61;38,62
06/05/2019 15:00;38,63;38,75;38,6;38,69
06/05/2019 13:00;38,62;38,77;38,57;38,63
06/05/2019 11:00;38,81;38,81;38,57;38,61
06/05/2019 09:00;38,72;38,94;38,46;38,84
03/05/2019 16:20;38,94;38,95;38,94;38,94
03/05/2019 15:00;39,34;39,34;38,91;39
03/05/2019 13:00;39,35;39,39;39,3;39,34
03/05/2019 11:00;39,29;39,31;39,24;39,31
03/05/2019 09:00;39,12;39,37;39;39,26
02/05/2019 16:20;39,12;39,12;38,81;38,81
02/05/2019 15:00;38,69;39,06;38,69;39
02/05/2019 13:00;38,64;38,79;38,63;38,71
02/05/2019 11:00;38,81;38,89;38,64;38,66
02/05/2019 09:00;38,39;39;38,18;38,86
30/04/2019 16:20;38,33;38,63;38,27;38,33
30/04/2019 15:00;38,73;38,75;38,34;38,34
30/04/2019 13:00;38,83;38,91;38,63;38,69
30/04/2019 11:00;38,95;39;38,81;38,81
30/04/2019 09:00;39,07;39,08;38,91;38,94
29/04/2019 16:20;39,44;39,44;39,26;39,3
29/04/2019 15:00;39,79;39,79;39,45;39,54
29/04/2019 13:00;40,07;40,09;39,79;39,79
29/04/2019 11:00;39,85;40,13;39,84;40,07
29/04/2019 09:00;40,47;40,47;39,79;39,91
26/04/2019 16:20;40,76;40,8;40,76;40,76
26/04/2019 15:00;40,82;40,87;40,72;40,83
26/04/2019 13:00;40,82;40,83;40,69;40,82
26/04/2019 11:00;40,88;40,88;40,48;40,86
26/04/2019 09:00;41;41,09;40,82;40,86
25/04/2019 16:20;41,08;41,24;41,03;41,13
25/04/2019 15:00;41,21;41,21;41,18;41,19
25/04/2019 13:00;41,24;41,31;41,15;41,19
25/04/2019 11:00;41,1;41,27;41,1;41,22
25/04/2019 09:00;41,39;41,41;41,02;41,13
24/04/2019 16:20;41,67;41,67;41,53;41,58
24/04/2019 15:00;41,44;41,61;41,32;41,61
24/04/2019 13:00;41,3;41,5;41,25;41,43
24/04/2019 11:00;41,26;41,31;41,21;41,31
24/04/2019 09:00;41,37;41,54;41,2;41,3
23/04/2019 16:20;41,54;41,67;41,45;41,45
23/04/2019 15:00;41,98;42,06;41,47;41,49
23/04/2019 13:00;41,93;42,14;41,86;41,97
23/04/2019 11:00;41,75;41,97;41,73;41,97
23/04/2019 09:00;41,81;42,05;41,66;41,73
22/04/2019 16:20;41,65;41,73;41,44;41,59
22/04/2019 15:00;41,19;41,65;41,19;41,43
22/04/2019 13:00;41,08;41,32;41,07;41,21
22/04/2019 11:00;41,07;41,19;40,96;41,08
22/04/2019 09:00;41,5;41,5;40,94;41,07
18/04/2019 16:20;41,67;41,67;41,49;41,5
18/04/2019 15:00;41,72;41,72;41,55;41,58
18/04/2019 13:00;41,61;41,73;41,61;41,73
18/04/2019 11:00;41,59;41,67;41,58;41,67
18/04/2019 09:00;41,71;41,73;41,52;41,61
17/04/2019 16:20;41,84;41,91;41,84;41,86
17/04/2019 15:00;41,73;41,86;41,73;41,86
17/04/2019 13:00;41,76;41,76;41,54;41,67
17/04/2019 11:00;41,86;41,88;41,71;41,77
17/04/2019 09:00;41,81;42,29;41,59;41,86
16/04/2019 16:20;41,65;41,8;41,65;41,73
16/04/2019 15:00;41,84;41,86;41,67;41,73
16/04/2019 13:00;42,16;42,16;41,75;41,81
16/04/2019 11:00;42,56;42,57;42,11;42,16
16/04/2019 09:00;42,1;42,65;42,1;42,56
15/04/2019 16:20;42,09;42,09;42,09;42,09
15/04/2019 15:00;42,1;42,2;42,1;42,1
15/04/2019 13:00;42,1;42,22;42;42,1
15/04/2019 11:00;42,15;42,15;42,1;42,1
15/04/2019 09:00;42,33;42,34;41,98;42,15
12/04/2019 16:20;42,22;42,46;42,22;42,45
12/04/2019 15:00;42,43;42,5;42,22;42,22
12/04/2019 13:00;42,61;42,71;42,46;42,48
12/04/2019 11:00;42,95;42,95;42,61;42,61
12/04/2019 09:00;42,93;43,07;42,76;42,95
11/04/2019 16:20;42,79;42,9;42,78;42,89
11/04/2019 15:00;42,98;43,12;42,83;42,95
11/04/2019 13:00;43,4;43,41;42,96;43
11/04/2019 11:00;43,38;43,52;43,27;43,4
11/04/2019 09:00;43,68;43,82;43,38;43,38
10/04/2019 16:20;43,69;43,69;43,68;43,68
10/04/2019 15:00;43,67;43,8;43,57;43,79
10/04/2019 13:00;43,8;43,8;43,57;43,62
10/04/2019 11:00;43,75;43,8;43,72;43,8
10/04/2019 09:00;43,57;43,91;43,56;43,8
09/04/2019 16:20;43,85;43,91;43,68;43,71
09/04/2019 15:00;43,35;43,79;43,35;43,74
09/04/2019 13:00;43,3;43,44;43,27;43,35
09/04/2019 11:00;43,32;43,44;43,27;43,32
09/04/2019 09:00;43,4;43,49;43,26;43,32
08/04/2019 16:20;43,8;43,8;43,58;43,68
08/04/2019 15:00;43,56;43,62;43,5;43,62
08/04/2019 13:00;43,8;43,8;43,5;43,55
08/04/2019 11:00;43,5;43,84;43,5;43,8
08/04/2019 09:00;43,5;43,56;43,28;43,5
05/04/2019 16:20;43,62;43,68;43,45;43,5
05/04/2019 15:00;43,68;43,68;43,56;43,56
05/04/2019 13:00;43,68;43,68;43,65;43,68
05/04/2019 11:00;43,68;43,69;43,54;43,68
05/04/2019 09:00;43,82;43,82;43,62;43,68
04/04/2019 16:20;43,96;44,01;43,88;44,01
04/04/2019 15:00;43,83;43,92;43,79;43,92
04/04/2019 13:00;44,41;44,41;43,62;43,83
04/04/2019 11:00;44,47;44,65;44,36;44,4
04/04/2019 09:00;44,3;44,7;44,3;44,48
03/04/2019 16:20;44,23;44,23;44,19;44,19
03/04/2019 15:00;44,27;44,4;44,2;44,22
03/04/2019 13:00;44,19;44,23;44,17;44,23
03/04/2019 11:00;44,38;44,47;44,06;44,23
03/04/2019 09:00;44,36;44,76;44,25;44,41
02/04/2019 16:20;44,41;44,47;44,17;44,17
02/04/2019 15:00;43,97;44,64;43,84;44,41
02/04/2019 13:00;43,8;44,13;43,79;43,92
02/04/2019 11:00;43,74;43,91;43,62;43,8
02/04/2019 09:00;43,61;43,92;43,5;43,8
01/04/2019 16:20;43,97;43,97;43,77;43,77
01/04/2019 15:00;43,92;43,99;43,8;43,82
01/04/2019 13:00;43,85;43,97;43,8;43,92
01/04/2019 11:00;43,88;43,92;43,66;43,84
01/04/2019 09:00;44,17;44,23;43,74;43,92
29/03/2019 16:20;44,3;44,47;44,3;44,34
29/03/2019 15:00;44,41;44,52;44,33;44,33
29/03/2019 13:00;45,17;45,17;44,29;44,41
29/03/2019 11:00;45,21;45,21;44,96;45,2
29/03/2019 09:00;45,39;45,39;45,14;45,26
28/03/2019 16:20;45,13;45,26;45,08;45,21
28/03/2019 15:00;45,42;45,59;45,26;45,26
28/03/2019 13:00;45,51;45,63;45,3;45,42
28/03/2019 11:00;45,56;45,69;45,45;45,47
28/03/2019 09:00;45,63;45,97;45,36;45,57
27/03/2019 16:20;45,45;45,63;45,45;45,63
27/03/2019 15:00;45,15;45,45;44,96;45,43
27/03/2019 13:00;45,36;45,4;45,09;45,21
27/03/2019 11:00;45,41;45,54;45,28;45,39
27/03/2019 09:00;44,65;45,63;44,65;45,41
26/03/2019 16:20;44,8;45,04;44,8;44,95
26/03/2019 15:00;45,57;45,57;44,9;45,06
26/03/2019 13:00;45,75;45,81;45,56;45,63
26/03/2019 11:00;45,74;45,87;45,64;45,73
26/03/2019 09:00;45,99;46,05;45,57;45,7
25/03/2019 16:20;45,37;45,51;45,36;45,39
25/03/2019 15:00;45,06;45,39;45,02;45,32
25/03/2019 13:00;45,01;45,13;44,87;45,12
25/03/2019 11:00;44,84;45,13;44,81;44,93
25/03/2019 09:00;45,14;45,25;44,78;44,89
22/03/2019 16:20;44,78;44,9;44,72;44,76
22/03/2019 15:00;44,42;44,78;44,39;44,78
22/03/2019 13:00;44,52;44,64;44,41;44,44
22/03/2019 11:00;44,45;44,51;44,22;44,51
22/03/2019 09:00;43,94;44,52;43,94;44,41
21/03/2019 16:20;43,68;43,99;43,68;43,8
21/03/2019 15:00;43,65;43,74;43,38;43,68
21/03/2019 13:00;44,03;44,14;43,61;43,65
21/03/2019 11:00;43,85;44,05;43,77;44,03
21/03/2019 09:00;43,38;44,05;43,19;43,85
20/03/2019 16:20;43,56;43,61;43,49;43,49
20/03/2019 15:00;43,68;43,68;43,49;43,5
20/03/2019 13:00;43,52;43,79;43,51;43,68
20/03/2019 11:00;43,63;43,67;43,45;43,52
20/03/2019 09:00;43,8;43,8;43,29;43,65
19/03/2019 16:20;44,2;44,23;43,9;43,92
19/03/2019 15:00;44,05;44,29;44,05;44,2
19/03/2019 13:00;44,3;44,41;43,96;44,05
19/03/2019 11:00;44,78;44,86;44,29;44,29
19/03/2019 09:00;44,96;45,02;44,56;44,84
18/03/2019 16:20;45,25;45,25;44,78;44,78
18/03/2019 15:00;45,4;45,45;45,09;45,14
18/03/2019 13:00;45,39;45,49;45,03;45,4
18/03/2019 11:00;45,65;45,69;45,25;45,4
18/03/2019 09:00;45,75;46,05;45,64;45,69
15/03/2019 16:20;45,93;45,93;45,75;45,75
15/03/2019 15:00;45,45;46,09;45,39;45,93
15/03/2019 13:00;45,42;45,54;45,39;45,45
15/03/2019 11:00;45,6;45,7;45,4;45,45
15/03/2019 09:00;44,74;45,62;44,74;45,6
14/03/2019 16:20;44,78;44,81;44,74;44,78
14/03/2019 15:00;44,75;44,83;44,65;44,72
14/03/2019 13:00;44,65;44,8;44,65;44,68
14/03/2019 11:00;44,75;44,83;44,36;44,63
14/03/2019 09:00;44,78;44,96;44,59;44,78
13/03/2019 16:20;44,9;44,9;44,74;44,84
13/03/2019 15:00;45,21;45,39;44,9;45,06
13/03/2019 13:00;45,51;45,51;45,14;45,2
13/03/2019 11:00;45,49;45,57;45,36;45,51
13/03/2019 09:00;45,26;45,73;45,08;45,46
12/03/2019 16:20;45,49;45,69;45,45;45,46
12/03/2019 15:00;45,56;45,58;45,45;45,49
12/03/2019 13:00;45,62;45,71;45,48;45,51
12/03/2019 11:00;45,51;45,66;45,4;45,58
12/03/2019 09:00;46,22;46,22;45,3;45,46
11/03/2019 16:20;45,98;46,09;45,98;45,99
11/03/2019 15:00;46,18;46,18;45,87;46,05
11/03/2019 13:00;46,54;46,58;46,07;46,14
11/03/2019 11:00;46,98;46,98;46,39;46,53
11/03/2019 09:00;47,5;47,56;46,85;46,97
08/03/2019 16:20;47,6;47,64;47,59;47,62
08/03/2019 15:00;47,69;47,7;47,59;47,64
08/03/2019 13:00;47,65;47,76;47,65;47,7
08/03/2019 11:00;47,68;47,72;47,6;47,65
08/03/2019 09:00;47,58;47,78;47,58;47,73
07/03/2019 16:20;47,7;47,72;47,6;47,72
07/03/2019 15:00;47,82;47,93;47,76;47,76
07/03/2019 13:00;47,65;47,87;47,6;47,86
07/03/2019 11:00;47,68;47,7;47,53;47,65
07/03/2019 09:00;47,87;47,92;47,65;47,68
06/03/2019 16:20;47,93;47,94;47,87;47,87
06/03/2019 15:00;47,65;47,99;47,65;47,93
06/03/2019 13:00;47,37;47,7;47,37;47,65
01/03/2019 16:20;47,67;47,67;47,67;47,67
01/03/2019 15:00;47,87;48,01;47,82;47,87
01/03/2019 13:00;48,01;48,01;47,84;47,88
01/03/2019 11:00;48,05;48,07;48;48,02
01/03/2019 09:00;48,1;48,19;47,87;48,08
28/02/2019 16:20;48,03;48,04;47,81;47,87
28/02/2019 15:00;47,67;47,93;47,67;47,88
28/02/2019 13:00;47,53;47,68;47,53;47,68
28/02/2019 11:00;47,42;47,57;47,37;47,53
28/02/2019 09:00;47,69;47,77;47,42;47,42
27/02/2019 16:20;47,82;47,93;47,77;47,93
27/02/2019 15:00;47,87;47,93;47,86;47,86
27/02/2019 13:00;47,93;48;47,87;47,87
27/02/2019 11:00;47,99;48,12;47,93;47,93
27/02/2019 09:00;47,87;48,09;47,75;47,99
26/02/2019 16:20;48,08;48,13;48,04;48,1
26/02/2019 15:00;48,05;48,13;47,99;48,04
26/02/2019 13:00;47,97;48,14;47,92;47,95
26/02/2019 11:00;47,93;47,97;47,74;47,97
26/02/2019 09:00;47,93;48,1;47,85;47,93
25/02/2019 16:20;47,7;47,78;47,6;47,76
25/02/2019 15:00;47,61;47,75;47,6;47,73
25/02/2019 13:00;47,51;47,7;47,48;47,61
25/02/2019 11:00;47,48;47,64;47,48;47,51
25/02/2019 09:00;47,3;47,56;47,26;47,48
22/02/2019 16:20;47,29;47,34;47,25;47,31
22/02/2019 15:00;47,16;47,35;47,14;47,25
22/02/2019 13:00;46,92;47,17;46,92;47,14
22/02/2019 11:00;46,86;46,94;46,77;46,92
22/02/2019 09:00;46,96;46,97;46,8;46,86
21/02/2019 16:20;47,03;47,03;46,91;46,91
21/02/2019 15:00;46,91;46,97;46,9;46,96
21/02/2019 13:00;46,94;47;46,91;46,97
21/02/2019 11:00;46,91;46,91;46,74;46,91
21/02/2019 09:00;47,05;47,06;46,69;46,91
20/02/2019 16:20;46,97;47,11;46,97;47,11
20/02/2019 15:00;46,95;46,98;46,88;46,97
20/02/2019 13:00;46,85;47,04;46,71;46,96
20/02/2019 11:00;47,29;47,29;46,65;46,85
20/02/2019 09:00;47,37;47,37;47,24;47,31
19/02/2019 16:20;47,03;47,04;46,94;47,04
19/02/2019 15:00;47,08;47,08;46,98;46,98
19/02/2019 13:00;47,13;47,14;47,06;47,12
19/02/2019 11:00;47,14;47,17;47,07;47,13
19/02/2019 09:00;47,24;47,33;47,08;47,11
18/02/2019 16:20;47,16;47,24;47,13;47,14
18/02/2019 15:00;47,08;47,2;47,06;47,14
18/02/2019 13:00;47,25;47,29;47,03;47,15
18/02/2019 11:00;47,18;47,37;47,12;47,25
18/02/2019 09:00;47,13;47,25;47,03;47,2
15/02/2019 16:20;46,9;46,96;46,78;46,91
15/02/2019 15:00;46,86;46,9;46,8;46,86
15/02/2019 13:00;46,74;46,96;46,74;46,86
15/02/2019 11:00;46,8;46,86;46,65;46,78
15/02/2019 09:00;46,86;46,91;46,54;46,79
14/02/2019 16:20;47,09;47,12;46,88;47,03
14/02/2019 15:00;47,06;47,16;46,97;46,97
14/02/2019 13:00;46,71;47,12;46,67;47,06
14/02/2019 11:00;46,91;46,96;46,69;46,71
14/02/2019 09:00;47,08;47,24;46,91;46,91
13/02/2019 16:20;46,96;47,24;46,96;47,14
13/02/2019 15:00;47;47,08;46,97;46,98
13/02/2019 13:00;46,83;47,07;46,83;47
13/02/2019 11:00;46,95;46,95;46,76;46,86
13/02/2019 09:00;46,76;46,99;46,69;46,95
12/02/2019 16:20;46,53;46,63;46,47;46,57
12/02/2019 15:00;46,38;46,72;46,35;46,53
12/02/2019 13:00;46,29;46,5;46,26;46,38
12/02/2019 11:00;46,12;46,38;46,12;46,25
12/02/2019 09:00;46,29;46,46;45,96;46,12
11/02/2019 16:20;46,01;46,24;46,01;46,18
11/02/2019 15:00;45,94;46,24;45,85;46,07
11/02/2019 13:00;46,04;46,13;45,8;45,95
11/02/2019 11:00;46,27;46,27;45,91;45,98
11/02/2019 09:00;46,28;46,35;46,12;46,27
08/02/2019 16:20;46,02;46,29;45,85;46,29
08/02/2019 15:00;46,33;46,35;46,07;46,08
08/02/2019 13:00;46,5;46,52;46,33;46,33
08/02/2019 11:00;46,18;46,52;46,18;46,42
08/02/2019 09:00;45,96;46,29;45,95;46,18
07/02/2019 16:20;46,33;46,41;46,16;46,35
07/02/2019 15:00;46,45;46,63;46,36;46,36
07/02/2019 13:00;46,5;46,51;46,41;46,43
07/02/2019 11:00;46,41;46,52;46,36;46,52
07/02/2019 09:00;46,48;46,56;46,31;46,41
06/02/2019 16:20;46,11;46,18;45,98;46,07
06/02/2019 15:00;46,28;46,29;46,12;46,18
06/02/2019 13:00;46,39;46,39;46,17;46,29
06/02/2019 11:00;46,03;46,6;45,9;46,34
06/02/2019 09:00;45,78;46,22;45,74;46,06
05/02/2019 16:20;45,91;46,02;45,91;45,95
05/02/2019 15:00;45,6;46,1;45,6;46,06
05/02/2019 13:00;45,51;45,6;45,48;45,6
05/02/2019 11:00;45,58;45,68;45,52;45,52
05/02/2019 09:00;45,84;45,92;45,45;45,59
04/02/2019 16:20;45,65;45,8;45,65;45,67
04/02/2019 15:00;45,73;45,73;45,63;45,65
04/02/2019 13:00;45,61;45,84;45,58;45,74
04/02/2019 11:00;45,56;45,84;45,56;45,61
04/02/2019 09:00;45,98;46,21;45,51;45,61
01/02/2019 16:20;46,24;46,24;45,98;45,98
01/02/2019 15:00;46,12;46,18;46,07;46,18
01/02/2019 13:00;46,12;46,15;46,07;46,07
01/02/2019 11:00;46,09;46,24;46,07;46,12
01/02/2019 09:00;46,15;46,41;45,96;46,12
31/01/2019 16:20;46,19;46,21;46,15;46,18
31/01/2019 15:00;45,81;46,35;45,81;46,19
31/01/2019 13:00;45,74;45,82;45,71;45,78
31/01/2019 11:00;45,59;45,74;45,56;45,74
31/01/2019 09:00;45,28;45,6;45,13;45,59
30/01/2019 16:20;45,45;45,45;45,29;45,39
30/01/2019 15:00;45,55;45,55;45,39;45,45
30/01/2019 13:00;45,48;45,56;45,36;45,5
30/01/2019 11:00;45,39;45,48;45,24;45,48
30/01/2019 09:00;45,74;45,84;45,23;45,39
29/01/2019 16:20;45,84;45,95;45,74;45,93
29/01/2019 15:00;46,19;46,19;45,91;45,98
29/01/2019 13:00;46,18;46,24;46,16;46,19
29/01/2019 11:00;46,12;46,24;46,1;46,18
29/01/2019 09:00;46,47;46,61;46,09;46,13
28/01/2019 16:20;46,26;46,33;46,24;46,29
28/01/2019 15:00;46,11;46,27;46,11;46,25
28/01/2019 13:00;46,01;46,27;46,01;46,07
28/01/2019 11:00;45,81;46,15;45,81;46,1
28/01/2019 09:00;45,78;45,8;45,57;45,8
24/01/2019 16:20;45,71;45,72;45,57;45,71
24/01/2019 15:00;45,66;45,68;45,5;45,55
24/01/2019 13:00;45,72;45,73;45,57;45,57
24/01/2019 11:00;45,66;45,82;45,6;45,72
24/01/2019 09:00;45,45;45,77;45,1;45,61
23/01/2019 16:20;45,58;45,67;45,48;45,6
23/01/2019 15:00;45,46;45,56;45,36;45,56
23/01/2019 13:00;45,32;45,61;45,24;45,45
23/01/2019 11:00;45,05;45,33;45,05;45,3
23/01/2019 09:00;44,71;45,16;44,68;45,05
22/01/2019 16:20;45,11;45,11;44,77;44,94
22/01/2019 15:00;45,16;45,16;45,04;45,05
22/01/2019 13:00;45,3;45,33;45,05;45,17
22/01/2019 11:00;44,97;45,38;44,97;45,28
22/01/2019 09:00;44,94;45,15;44,84;44,98
21/01/2019 16:20;44,62;44,71;44,49;44,71
21/01/2019 15:00;44,6;44,6;44,5;44,6
21/01/2019 13:00;44,62;44,62;44,49;44,6
21/01/2019 11:00;44,55;44,73;44,54;44,55
21/01/2019 09:00;44,44;44,89;44,44;44,55
18/01/2019 16:20;44,2;44,37;44,2;44,33
18/01/2019 15:00;44,01;44,35;44,01;44,32
18/01/2019 13:00;43,81;44;43,81;44
18/01/2019 11:00;43,81;43,86;43,81;43,82
18/01/2019 09:00;43,91;43,91;43,64;43,81
17/01/2019 16:20;44,08;44,1;44;44,03
17/01/2019 15:00;44;44,17;43,92;44,09
17/01/2019 13:00;44,15;44,26;43,93;44,03
17/01/2019 11:00;43,86;44,2;43,86;44,14
17/01/2019 09:00;44,15;44,15;43,81;43,86
16/01/2019 16:20;44,08;44,15;44,05;44,15
16/01/2019 15:00;44,23;44,24;44,07;44,09
16/01/2019 13:00;44,2;44,31;44,2;44,23
16/01/2019 11:00;44,2;44,34;44,2;44,2
16/01/2019 09:00;44,14;44,32;43,94;44,2
15/01/2019 16:20;44,42;44,5;44,29;44,45
15/01/2019 15:00;44,69;44,75;44,43;44,52
15/01/2019 13:00;44,77;44,77;44,54;44,66
15/01/2019 11:00;44,71;45,05;44,71;44,77
15/01/2019 09:00;44,64;44,78;44,44;44,71
14/01/2019 16:20;44,78;44,8;44,67;44,76
14/01/2019 15:00;44,62;44,71;44,5;44,67
14/01/2019 13:00;45,02;45,02;44,49;44,6
14/01/2019 11:00;44,98;45,22;44,96;45,04
14/01/2019 09:00;44,56;45,08;44,38;44,98
11/01/2019 16:20;44,58;44,6;44,55;44,58
11/01/2019 15:00;44,33;44,58;44,32;44,56
11/01/2019 13:00;44,29;44,49;44,29;44,32
11/01/2019 11:00;44,34;44,37;44,26;44,28
11/01/2019 09:00;43,84;44,35;43,84;44,34
10/01/2019 16:20;43,85;43,89;43,77;43,86
10/01/2019 15:00;43,75;43,9;43,75;43,77
10/01/2019 13:00;43,83;43,83;43,7;43,75
10/01/2019 11:00;43,83;43,98;43,77;43,84
10/01/2019 09:00;43,81;43,94;43,47;43,88
09/01/2019 16:20;43,79;43,79;43,7;43,71
09/01/2019 15:00;43,86;43,91;43,75;43,81
09/01/2019 13:00;43,79;44,09;43,79;43,84
09/01/2019 11:00;43,85;43,89;43,75;43,75
09/01/2019 09:00;44,12;44,12;43,64;43,82
08/01/2019 16:20;44,21;44,27;43,99;44,27
08/01/2019 15:00;44,53;44,53;44,23;44,26
08/01/2019 13:00;44,61;44,73;44,55;44,55
08/01/2019 11:00;44,87;44,89;44,6;44,68
08/01/2019 09:00;44,93;45,14;44,82;44,85
07/01/2019 16:20;45,11;45,26;45,1;45,16
07/01/2019 15:00;45,06;45,14;45,05;45,05
07/01/2019 13:00;45,06;45,21;44,96;45,06
07/01/2019 11:00;45,31;45,32;45,05;45,05
07/01/2019 09:00;45,16;45,5;45,16;45,29
04/01/2019 16:20;45,37;45,45;45,33;45,33
04/01/2019 15:00;45,42;45,45;45,28;45,34
04/01/2019 13:00;45,33;45,39;45,28;45,39
04/01/2019 11:00;45,24;45,42;45,19;45,33
04/01/2019 09:00;44,98;45,31;44,84;45,26
03/01/2019 16:20;45,03;45,28;44,78;44,86
03/01/2019 15:00;44,87;44,95;44,87;44,95
03/01/2019 13:00;44,82;44,94;44,78;44,82
03/01/2019 11:00;44,88;44,88;44,77;44,82
03/01/2019 09:00;44,51;44,88;44,51;44,88
02/01/2019 16:20;44,33;44,43;44,33;44,38
02/01/2019 15:00;44,41;44,54;44,38;44,38
02/01/2019 13:00;44,34;44,45;44,2;44,37
02/01/2019 11:00;44,68;44,87;44,34;44,44
02/01/2019 09:00;44,47;44,76;44,47;44,68
28/12/2018 16:20;44,6;44,71;44,6;44,71
28/12/2018 15:00;44,88;44,88;44,71;44,82
28/12/2018 13:00;44,94;44,94;44,88;44,88
28/12/2018 11:00;45,04;45,05;44,88;44,88
28/12/2018 09:00;44,88;44,94;44,5;44,94
27/12/2018 16:20;44,77;44,82;44,75;44,82
27/12/2018 15:00;44,82;44,88;44,72;44,72
27/12/2018 13:00;44,82;44,93;44,6;44,87
27/12/2018 11:00;44,99;44,99;44,8;44,93
27/12/2018 09:00;45,21;45,22;44,84;44,99
26/12/2018 16:20;44,93;45,11;44,93;45,05
26/12/2018 15:00;45,01;45,11;44,9;45,05
26/12/2018 13:00;45,04;45,06;44,93;44,93
26/12/2018 11:00;45,04;45,06;44,92;45,06
26/12/2018 09:00;44,77;45,14;44,54;44,99
21/12/2018 16:20;44,99;45,05;44,88;44,95
21/12/2018 15:00;44,84;44,9;44,82;44,9
21/12/2018 13:00;44,89;44,89;44,79;44,88
21/12/2018 11:00;44,88;44,89;44,82;44,89
21/12/2018 09:00;44,88;45,22;44,86;44,88
20/12/2018 16:20;44,48;44,64;44,48;44,6
20/12/2018 15:00;44,48;44,54;44,43;44,48
20/12/2018 13:00;44,54;44,56;44,36;44,47
20/12/2018 11:00;44,54;44,65;44,43;44,54
20/12/2018 09:00;43,5;44,71;43,46;44,6
19/12/2018 16:20;44,05;44,09;43,88;43,97
19/12/2018 15:00;43,77;44;43,77;43,92
19/12/2018 13:00;44,16;44,17;43,75;43,75
19/12/2018 11:00;43,99;44,17;43,92;44,17
19/12/2018 09:00;43,94;44,19;43,74;44,02
18/12/2018 16:20;44,09;44,19;44,08;44,14
18/12/2018 15:00;43,86;44,09;43,84;44,03
18/12/2018 13:00;43,7;43,92;43,68;43,92
18/12/2018 11:00;43,63;43,75;43,63;43,74
18/12/2018 09:00;43,23;43,73;43,2;43,63
17/12/2018 16:20;43,22;43,24;43,09;43,12
17/12/2018 15:00;43,06;43,07;42,98;43,07
17/12/2018 13:00;43,01;43,05;42,83;43,05
17/12/2018 11:00;43,07;43,07;42,98;43,01
17/12/2018 09:00;42,98;43,12;42,64;43,07
14/12/2018 16:20;42,8;42,8;42,73;42,73
14/12/2018 15:00;42,83;42,84;42,8;42,8
14/12/2018 13:00;42,83;42,84;42,78;42,82
14/12/2018 11:00;42,74;42,84;42,67;42,82
14/12/2018 09:00;42,69;42,92;42,68;42,74
13/12/2018 16:20;42,58;42,61;42,5;42,58
13/12/2018 15:00;42,65;42,67;42,57;42,58
13/12/2018 13:00;42,8;42,84;42,64;42,64
13/12/2018 11:00;42,77;42,81;42,76;42,81
13/12/2018 09:00;43,05;43,05;42,73;42,76
12/12/2018 16:20;42,65;42,83;42,64;42,67
12/12/2018 15:00;42,78;42,84;42,77;42,78
12/12/2018 13:00;42,83;42,84;42,73;42,78
12/12/2018 11:00;42,68;42,82;42,65;42,82
12/12/2018 09:00;42,82;42,89;42,63;42,68
11/12/2018 16:20;43,14;43,35;43,08;43,12
11/12/2018 15:00;43,18;43,24;43,07;43,12
11/12/2018 13:00;43,08;43,24;43,08;43,24
11/12/2018 11:00;43,01;43,24;43,01;43,12
11/12/2018 09:00;42,73;43,29;42,73;43,01
10/12/2018 16:20;42,84;42,9;42,72;42,72
10/12/2018 15:00;42,82;42,95;42,8;42,81
10/12/2018 13:00;42,58;42,91;42,56;42,84
10/12/2018 11:00;42,39;42,58;42,38;42,58
10/12/2018 09:00;42,65;43,03;42,4;42,4
07/12/2018 16:20;42,86;42,98;42,54;42,75
07/12/2018 15:00;42,39;42,68;42,37;42,64
07/12/2018 13:00;42,16;42,47;42,1;42,39
07/12/2018 11:00;42,56;42,59;42,14;42,14
07/12/2018 09:00;42,61;42,73;42,5;42,56
06/12/2018 16:20;42,37;42,41;42,24;42,31
06/12/2018 15:00;42,76;42,78;42,42;42,5
06/12/2018 13:00;42,82;42,82;42,76;42,78
06/12/2018 11:00;42,73;42,82;42,65;42,78
06/12/2018 09:00;42,78;43,05;42,56;42,74
05/12/2018 16:20;42,46;42,6;42,37;42,4
05/12/2018 15:00;42,31;42,51;42,22;42,5
05/12/2018 13:00;42,17;42,49;42,12;42,3
05/12/2018 11:00;42,16;42,55;42,06;42,16
05/12/2018 09:00;42,29;42,72;42,16;42,16
04/12/2018 16:20;42,94;42,94;42,73;42,8
04/12/2018 15:00;42,56;42,82;42,51;42,82
04/12/2018 13:00;42,41;42,67;42,39;42,61
04/12/2018 11:00;42,27;42,48;42,16;42,39
04/12/2018 09:00;41,76;42,35;41,59;42,27
03/12/2018 16:20;41,95;41,95;41,92;41,93
03/12/2018 15:00;41,9;42,04;41,89;41,9
03/12/2018 13:00;41,8;41,87;41,8;41,87
03/12/2018 11:00;41,83;41,83;41,73;41,82
03/12/2018 09:00;42;42,35;41,72;41,83
30/11/2018 16:20;41,89;42,05;41,81;41,96
30/11/2018 15:00;41,5;41,92;41,46;41,92
30/11/2018 13:00;41,59;41,61;41,44;41,54
30/11/2018 11:00;41,52;41,59;41,47;41,59
30/11/2018 09:00;41,84;41,93;41,37;41,5
29/11/2018 16:20;42,27;42,72;41,93;42,14
29/11/2018 15:00;42,57;42,57;42,06;42,27
29/11/2018 13:00;42,51;42,58;42,5;42,57
29/11/2018 11:00;42,63;42,72;42,3;42,51
29/11/2018 09:00;42,95;43,05;42,61;42,61
28/11/2018 16:20;42,78;42,9;42,78;42,84
28/11/2018 15:00;42,83;42,9;42,64;42,88
28/11/2018 13:00;42,94;43,03;42,81;42,84
28/11/2018 11:00;42,68;42,98;42,68;42,91
28/11/2018 09:00;42,95;43,07;42,56;42,73
27/11/2018 16:20;43,19;43,24;43,19;43,24
27/11/2018 15:00;43,15;43,24;43,12;43,23
27/11/2018 13:00;43,24;43,24;43,15;43,15
27/11/2018 11:00;43,29;43,29;43,02;43,24
27/11/2018 09:00;43,07;43,58;43,07;43,31
26/11/2018 16:20;42,89;43,12;42,89;43,09
26/11/2018 15:00;43,17;43,28;42,95;42,97
26/11/2018 13:00;43,34;43,35;43,12;43,23
26/11/2018 11:00;43,2;43,41;43,18;43,35
26/11/2018 09:00;42,57;43,22;42,27;43,18
23/11/2018 16:20;43,07;43,24;42,98;43,18
23/11/2018 15:00;43,37;43,37;43,09;43,09
23/11/2018 13:00;43,5;43,52;43,37;43,37
23/11/2018 11:00;43,42;43,58;43,41;43,48
23/11/2018 09:00;43,52;43,63;43,26;43,45
22/11/2018 16:20;43,79;43,86;43,63;43,75
22/11/2018 15:00;43,99;44,14;43,8;43,86
22/11/2018 13:00;44,2;44,26;43,97;43,97
22/11/2018 11:00;44,09;44,24;44,01;44,2
22/11/2018 09:00;44,03;44,36;44,03;44,1
21/11/2018 16:20;43,87;44,02;43,87;43,94
21/11/2018 15:00;43,66;43,92;43,58;43,83
21/11/2018 13:00;43,68;43,69;43,53;43,67
21/11/2018 11:00;43,74;43,74;43,52;43,68
21/11/2018 09:00;43,08;43,8;42,99;43,74
19/11/2018 16:20;43,03;43,24;43,03;43,19
19/11/2018 15:00;42,78;43,12;42,78;43,12
19/11/2018 13:00;42,73;42,86;42,68;42,78
19/11/2018 11:00;42,61;42,77;42,61;42,73
19/11/2018 09:00;43,19;43,33;42,56;42,61
16/11/2018 16:20;42,94;43,14;42,94;43,14
16/11/2018 15:00;42,84;42,95;42,73;42,95
16/11/2018 13:00;42,57;43,03;42,55;42,84
16/11/2018 11:00;42,56;42,58;42,5;42,58
16/11/2018 09:00;42,84;42,84;42,52;42,56
14/11/2018 16:20;42,73;42,95;42,69;42,95
14/11/2018 15:00;43,18;43,18;42,9;42,92
14/11/2018 13:00;42,99;43,29;42,99;43,23
14/11/2018 11:00;43,07;43,07;42,68;42,93
14/11/2018 09:00;43,96;44,17;43,07;43,07
13/11/2018 16:20;43,84;43,97;43,84;43,96
13/11/2018 15:00;43,95;43,97;43,75;43,92
13/11/2018 13:00;44,05;44,09;43,92;43,95
13/11/2018 11:00;44,14;44,14;44;44,03
13/11/2018 09:00;43,75;44,31;43,35;44,2
12/11/2018 16:20;43,97;44,03;43,97;43,97
12/11/2018 15:00;44,2;44,2;44;44,02
12/11/2018 13:00;43,86;44,48;43,86;44,2
12/11/2018 11:00;43,99;44,03;43,86;43,86
12/11/2018 09:00;43,93;44,13;43,93;43,99
09/11/2018 16:20;41,14;41,25;41,09;41,11
09/11/2018 15:00;41,14;41,19;41,07;41,14
09/11/2018 13:00;41,05;41,29;41,04;41,15
09/11/2018 11:00;41,14;41,23;40,94;41,02
09/11/2018 09:00;40,51;41,14;40,4;41,14
08/11/2018 16:20;40,55;40,66;40,54;40,66
08/11/2018 15:00;40,27;40,69;40,27;40,66
08/11/2018 13:00;40,27;40,33;40,16;40,22
08/11/2018 11:00;40,07;40,27;40,07;40,26
08/11/2018 09:00;40,13;40,33;40,02;40,05
07/11/2018 16:20;39,88;39,88;39,88;39,88
07/11/2018 15:00;39,85;39,98;39,77;39,79
07/11/2018 13:00;39,94;40,09;39,82;39,82
07/11/2018 11:00;39,8;39,97;39,77;39,88
07/11/2018 09:00;40,18;40,18;39,67;39,82
06/11/2018 16:20;40,05;40,09;39,99;39,99
06/11/2018 15:00;40,15;40,17;40,04;40,04
06/11/2018 13:00;40,04;40,14;40,04;40,1
06/11/2018 11:00;40,1;40,11;39,95;39,96
06/11/2018 09:00;39,96;40,16;39,88;40,06
05/11/2018 16:20;39,77;39,77;39,53;39,63
05/11/2018 15:00;39,53;39,78;39,52;39,71
05/11/2018 13:00;39,32;39,49;39,32;39,49
05/11/2018 11:00;39,49;39,54;39,32;39,32
05/11/2018 09:00;39,23;39,49;39,23;39,49
01/11/2018 16:20;39,59;39,6;39,45;39,59
01/11/2018 15:00;39,32;39,53;39,32;39,48
01/11/2018 13:00;39,37;39,52;39,3;39,3
01/11/2018 11:00;39,15;39,39;39,15;39,39
01/11/2018 09:00;39,43;39,63;39,15;39,16
31/10/2018 16:20;39,64;39,73;39,64;39,73
31/10/2018 15:00;39,65;39,65;39,6;39,61
31/10/2018 13:00;39,57;39,74;39,57;39,63
31/10/2018 11:00;39,59;39,59;39,49;39,52
31/10/2018 09:00;39,49;39,88;39,37;39,6
30/10/2018 16:20;39,34;39,41;39,3;39,33
30/10/2018 15:00;39,33;39,35;39,21;39,34
30/10/2018 13:00;39,22;39,43;39,22;39,35
30/10/2018 11:00;39,26;39,33;39,22;39,22
30/10/2018 09:00;39,14;39,31;38,93;39,26
29/10/2018 16:20;38,76;38,96;38,76;38,94
29/10/2018 15:00;38,88;38,93;38,73;38,93
29/10/2018 13:00;38,97;39,09;38,81;38,81
29/10/2018 11:00;38,81;38,98;38,76;38,97
29/10/2018 09:00;38,53;38,99;38,31;38,81
26/10/2018 16:20;39,2;39,21;39,01;39,08
26/10/2018 15:00;39,05;39,26;38,89;39,14
26/10/2018 13:00;38,97;39,22;38,87;39,07
26/10/2018 11:00;39,03;39,08;38,93;38,97
26/10/2018 09:00;39,43;39,52;38,88;39,06
25/10/2018 16:20;39,22;39,22;39,04;39,05
25/10/2018 15:00;39,2;39,33;39,09;39,26
25/10/2018 13:00;39,25;39,25;39,15;39,16
25/10/2018 11:00;39,27;39,37;39,13;39,24
25/10/2018 09:00;39,37;39,54;39,09;39,29
24/10/2018 16:20;39,37;39,43;39,33;39,37
24/10/2018 15:00;39,25;39,34;39,15;39,34
24/10/2018 13:00;39,14;39,37;39,09;39,29
24/10/2018 11:00;38,98;39,36;38,93;39,18
24/10/2018 09:00;38,93;39,04;38,86;38,95
23/10/2018 16:20;39,15;39,17;39,09;39,09
23/10/2018 15:00;39,08;39,15;38,98;39,15
23/10/2018 13:00;39,06;39,08;38,93;39,08
23/10/2018 11:00;39,09;39,17;39,04;39,09
23/10/2018 09:00;39,21;39,25;38,88;39,05
22/10/2018 16:20;39,18;39,4;39,15;39,15
22/10/2018 15:00;39,06;39,15;38,99;39,15
22/10/2018 13:00;39,04;39,09;38,98;39,04
22/10/2018 11:00;39,24;39,24;39,04;39,04
22/10/2018 09:00;39,65;39,65;39,04;39,26
19/10/2018 16:20;39,77;39,86;39,72;39,72
19/10/2018 15:00;39,43;39,78;39,41;39,65
19/10/2018 13:00;39,42;39,51;39,33;39,43
19/10/2018 11:00;39,33;39,4;39,33;39,4
19/10/2018 09:00;39,43;39,62;39,32;39,36
18/10/2018 16:20;39,57;40,13;39,57;39,67
18/10/2018 15:00;39,65;39,71;39,57;39,65
18/10/2018 13:00;39,68;39,71;39,55;39,71
18/10/2018 11:00;40;40;39,6;39,71
18/10/2018 09:00;39,87;40,1;39,71;40,1
17/10/2018 16:20;40,1;40,24;39,97;39,97
17/10/2018 15:00;40,15;40,22;40,06;40,16
17/10/2018 13:00;40,15;40,22;40,05;40,11
17/10/2018 11:00;40,41;40,41;40,05;40,1
17/10/2018 09:00;40,54;40,65;40,33;40,41
16/10/2018 16:20;40,82;40,83;40,66;40,66
16/10/2018 15:00;40,84;40,88;40,66;40,72
16/10/2018 13:00;40,54;40,85;40,54;40,84
16/10/2018 11:00;40,47;40,56;40,46;40,54
16/10/2018 09:00;40,88;40,88;40,39;40,5
15/10/2018 16:20;41,06;41,11;41,01;41,07
15/10/2018 15:00;41,21;41,21;40,93;41,11
15/10/2018 13:00;41,39;41,39;41,02;41,21
15/10/2018 11:00;41,62;41,63;41,37;41,39
15/10/2018 09:00;41,67;41,94;41,59;41,63
11/10/2018 16:20;41,35;41,51;41,29;41,39
11/10/2018 15:00;41,22;41,53;41,12;41,34
11/10/2018 13:00;41,22;41,5;41,12;41,25
11/10/2018 11:00;41,22;41,22;41,06;41,21
11/10/2018 09:00;41,2;41,55;40,61;41,22
10/10/2018 16:20;41,34;41,45;41,22;41,45
10/10/2018 15:00;41,45;41,45;41,28;41,28
10/10/2018 13:00;41,48;41,6;41,41;41,45
10/10/2018 11:00;41,74;41,77;41,39;41,54
10/10/2018 09:00;41,84;41,97;41,63;41,74
09/10/2018 16:20;42,01;42,07;41,9;41,95
09/10/2018 15:00;42,31;42,32;42,01;42,01
09/10/2018 13:00;42,51;42,51;42,22;42,29
09/10/2018 11:00;42,49;42,57;42,41;42,46
09/10/2018 09:00;42,57;42,74;42,47;42,49
08/10/2018 16:20;42,86;42,86;42,68;42,77
08/10/2018 15:00;42,9;42,91;42,8;42,86
08/10/2018 13:00;43,07;43,12;42,89;42,91
08/10/2018 11:00;43,07;43,54;43,07;43,07
08/10/2018 09:00;43,13;43,14;42,69;43,07
05/10/2018 16:20;43,33;43,33;43,18;43,18
05/10/2018 15:00;43,24;43,31;43,19;43,31
05/10/2018 13:00;43,32;43,41;43,18;43,24
05/10/2018 11:00;43,18;43,33;43,13;43,3
05/10/2018 09:00;43,35;43,35;43,06;43,21
04/10/2018 16:20;43,46;43,46;43,3;43,46
04/10/2018 15:00;43,52;43,55;43,36;43,41
04/10/2018 13:00;43,63;43,67;43,52;43,52
04/10/2018 11:00;43,58;43,63;43,44;43,63
04/10/2018 09:00;43,54;43,73;43,28;43,63
03/10/2018 16:20;43,69;43,69;43,53;43,69
03/10/2018 15:00;43,71;43,81;43,69;43,69
03/10/2018 13:00;43,78;43,78;43,64;43,72
03/10/2018 11:00;43,58;43,83;43,47;43,81
03/10/2018 09:00;43,78;43,8;43,46;43,58
02/10/2018 16:20;44,02;44,08;43,91;44,01
02/10/2018 15:00;44,3;44,3;43,99;44,06
02/10/2018 13:00;44,45;44,58;44,29;44,29
02/10/2018 11:00;44,57;44,64;44,4;44,42
02/10/2018 09:00;44,71;44,93;44,54;44,58
01/10/2018 16:20;44,98;44,98;44,89;44,91
01/10/2018 15:00;44,63;44,92;44,62;44,92
01/10/2018 13:00;44,62;44,75;44,55;44,64
01/10/2018 11:00;44,54;44,64;44,53;44,62
01/10/2018 09:00;44,95;45,24;44,48;44,52
28/09/2018 16:20;44,66;44,7;44,65;44,68
28/09/2018 15:00;44,53;44,65;44,53;44,65
28/09/2018 13:00;44,64;44,68;44,44;44,58
28/09/2018 11:00;44,73;44,74;44,64;44,64
28/09/2018 09:00;44,62;44,81;44,47;44,75
27/09/2018 16:20;44,47;44,53;44,43;44,43
27/09/2018 15:00;44,3;44,57;44,24;44,47
27/09/2018 13:00;44,34;44,36;44,3;44,3
27/09/2018 11:00;44,39;44,42;44,25;44,37
27/09/2018 09:00;44,34;44,53;44,15;44,36
26/09/2018 16:20;44,34;44,38;44,3;44,31
26/09/2018 15:00;44,19;44,34;44,17;44,3
26/09/2018 13:00;44,26;44,33;43,97;44,25
26/09/2018 11:00;44,28;44,39;44,24;44,26
26/09/2018 09:00;44,42;44,58;44,27;44,3
25/09/2018 16:20;44,6;44,81;44,6;44,81
25/09/2018 15:00;44,71;44,75;44,58;44,7
25/09/2018 13:00;44,81;44,88;44,72;44,74
25/09/2018 11:00;44,75;44,86;44,7;44,81
25/09/2018 09:00;44,8;44,98;44,58;44,7
24/09/2018 16:20;44,47;44,79;44,39;44,56
24/09/2018 15:00;44,86;44,92;44,49;44,53
24/09/2018 13:00;44,92;45,12;44,75;44,86
24/09/2018 11:00;45,01;45,26;44,85;44,92
24/09/2018 09:00;44,82;45,37;44,55;45,03
21/09/2018 16:20;44,83;45,1;44,83;45,03
21/09/2018 15:00;44,92;44,92;44,77;44,88
21/09/2018 13:00;44,42;45,04;44,42;44,92
21/09/2018 11:00;44,33;44,47;44,26;44,42
21/09/2018 09:00;44,62;44,62;44,27;44,33
20/09/2018 16:20;44,56;44,68;44,53;44,58
20/09/2018 15:00;44,36;44,65;44,36;44,53
20/09/2018 13:00;44,3;44,4;44,25;44,36
20/09/2018 11:00;44,42;44,42;44,14;44,3
20/09/2018 09:00;44,48;44,75;44,36;44,42
19/09/2018 16:20;44,54;44,54;44,42;44,42
19/09/2018 15:00;44,64;44,7;44,42;44,47
19/09/2018 13:00;44,84;44,85;44,42;44,7
19/09/2018 11:00;45;45,03;44,82;44,89
19/09/2018 09:00;45,31;45,31;44,9;45
18/09/2018 16:20;45,4;45,4;45,29;45,36
18/09/2018 15:00;45,47;45,57;45,31;45,39
18/09/2018 13:00;45,5;45,5;45,37;45,42
18/09/2018 11:00;45,87;45,92;45,41;45,51
18/09/2018 09:00;45,86;45,96;45,73;45,87
17/09/2018 16:20;45,82;45,85;45,7;45,77
17/09/2018 15:00;46,15;46,16;45,87;45,93
17/09/2018 13:00;46,21;46,23;46,1;46,15
17/09/2018 11:00;45,89;46,21;45,89;46,2
17/09/2018 09:00;46,3;46,32;45,82;45,93
14/09/2018 16:20;46,36;46,53;46,3;46,39
14/09/2018 15:00;46,04;46,3;46,04;46,26
14/09/2018 13:00;46,07;46,07;46,04;46,06
14/09/2018 11:00;46,06;46,15;46,06;46,07
14/09/2018 09:00;46,13;46,16;45,98;46,02
13/09/2018 16:20;45,85;45,93;45,84;45,9
13/09/2018 15:00;45,73;45,93;45,73;45,9
13/09/2018 13:00;45,67;45,81;45,67;45,67
13/09/2018 11:00;45,68;45,69;45,56;45,64
13/09/2018 09:00;45,5;45,63;45,41;45,61
12/09/2018 16:20;45,79;45,79;45,5;45,61
12/09/2018 15:00;45,61;45,76;45,56;45,61
12/09/2018 13:00;45,89;45,89;45,56;45,57
12/09/2018 11:00;45,9;45,94;45,71;45,94
12/09/2018 09:00;46,01;46,07;45,84;45,89
11/09/2018 16:20;46,09;46,36;46,07;46,13
11/09/2018 15:00;46,29;46,29;46,07;46,07
11/09/2018 13:00;46,36;46,36;46,18;46,3
11/09/2018 11:00;46,34;46,39;46,3;46,33
11/09/2018 09:00;46,5;46,51;46,18;46,3
10/09/2018 16:20;45,81;45,9;45,81;45,9
10/09/2018 15:00;45,9;45,93;45,76;45,79
10/09/2018 13:00;45,84;45,9;45,83;45,9
10/09/2018 11:00;45,85;45,85;45,73;45,83
10/09/2018 09:00;45,88;46,07;45,61;45,9
06/09/2018 16:20;46,18;46,2;45,96;45,97
06/09/2018 15:00;46,36;46,36;46,18;46,2
06/09/2018 13:00;46,24;46,39;46,24;46,36
06/09/2018 11:00;46,13;46,47;46,13;46,24
06/09/2018 09:00;46,2;46,3;45,9;46,13
05/09/2018 16:20;46,51;46,53;46,41;46,41
05/09/2018 15:00;46,37;46,55;46,32;46,41
05/09/2018 13:00;46,53;46,53;46,26;46,36
05/09/2018 11:00;46,59;46,59;46,45;46,53
05/09/2018 09:00;46,71;46,71;46,42;46,64
04/09/2018 16:20;46,74;46,81;46,74;46,75
04/09/2018 15:00;46,72;46,8;46,64;46,75
04/09/2018 13:00;46,36;46,75;46,2;46,71
04/09/2018 11:00;46,7;46,72;46,36;46,37
04/09/2018 09:00;46,71;46,75;46,65;46,7
03/09/2018 16:20;46,7;46,81;46,7;46,81
03/09/2018 15:00;46,64;46,74;46,61;46,74
03/09/2018 13:00;46,58;46,67;46,58;46,64
03/09/2018 11:00;46,64;46,67;46,48;46,55
03/09/2018 09:00;46,59;46,81;46,53;46,66
31/08/2018 16:20;46,3;46,47;46,3;46,47
31/08/2018 15:00;46,21;46,3;46,13;46,29
31/08/2018 13:00;46,15;46,33;46,14;46,23
31/08/2018 11:00;46,04;46,22;45,9;46,14
31/08/2018 09:00;46,12;46,45;46,01;46,07
30/08/2018 16:20;46,34;46,36;46,22;46,22
30/08/2018 15:00;46,2;46,33;46,2;46,33
30/08/2018 13:00;46,48;46,53;46,13;46,18
30/08/2018 11:00;46,47;46,57;46,41;46,41
30/08/2018 09:00;46,34;46,56;46,04;46,47
29/08/2018 16:20;46,05;46,33;46,01;46,01
29/08/2018 15:00;46,28;46,3;46,08;46,24
29/08/2018 13:00;46,3;46,33;46,24;46,3
29/08/2018 11:00;46,36;46,41;46,33;46,33
29/08/2018 09:00;46,51;46,64;46,18;46,36
28/08/2018 16:20;46,64;46,69;46,56;46,63
28/08/2018 15:00;46,96;46,96;46,54;46,73
28/08/2018 13:00;46,98;47,04;46,94;46,99
28/08/2018 11:00;47,14;47,21;46,95;46,98
28/08/2018 09:00;47,12;47,21;46,87;47,14
27/08/2018 16:20;47,2;47,27;47,15;47,27
27/08/2018 15:00;47,36;47,37;47,21;47,3
27/08/2018 13:00;47,38;47,44;47,32;47,35
27/08/2018 11:00;47,36;47,46;47,32;47,38
27/08/2018 09:00;47,67;47,67;47,26;47,32
24/08/2018 16:20;47,78;47,84;47,68;47,83
24/08/2018 15:00;47,85;47,92;47,84;47,86
24/08/2018 13:00;47,76;47,91;47,76;47,89
24/08/2018 11:00;47,8;47,8;47,7;47,75
24/08/2018 09:00;47,91;47,91;47,51;47,89
23/08/2018 16:20;47,85;47,99;47,81;47,92
23/08/2018 15:00;48,02;48,05;47,79;47,85
23/08/2018 13:00;47,96;48,01;47,8;48,01
23/08/2018 11:00;47,91;48,01;47,89;48
23/08/2018 09:00;48,18;48,19;47,89;47,89
22/08/2018 16:20;48,01;48,01;47,91;47,91
22/08/2018 15:00;47,94;48,05;47,92;48,01
22/08/2018 13:00;48;48,01;47,92;47,95
22/08/2018 11:00;47,97;48,01;47,93;48
22/08/2018 09:00;47,56;48,24;47,56;47,97
21/08/2018 16:20;47,76;48;47,76;48
21/08/2018 15:00;47,61;47,78;47,54;47,77
21/08/2018 13:00;47,68;47,72;47,58;47,58
21/08/2018 11:00;47,67;47,76;47,62;47,72
21/08/2018 09:00;47,44;47,77;47,42;47,67
20/08/2018 16:20;47,48;47,61;47,48;47,6
20/08/2018 15:00;47,56;47,7;47,45;47,45
20/08/2018 13:00;47,46;47,55;47,43;47,55
20/08/2018 11:00;47,32;47,5;47,27;47,45
20/08/2018 09:00;47,75;47,75;47,21;47,32
17/08/2018 16:20;47,75;47,85;47,72;47,81
17/08/2018 15:00;47,55;47,78;47,55;47,75
17/08/2018 13:00;47,62;47,67;47,55;47,56
17/08/2018 11:00;47,5;47,78;47,5;47,61
17/08/2018 09:00;47,21;47,5;47,21;47,44
16/08/2018 16:20;47,05;47,21;47,04;47,15
16/08/2018 15:00;47,01;47,24;46,98;47,1
16/08/2018 13:00;47,28;47,28;46,81;47,03
16/08/2018 11:00;47,27;47,38;47,21;47,34
16/08/2018 09:00;47,3;47,63;47,27;47,27
15/08/2018 16:20;47,37;47,43;47,27;47,27
15/08/2018 15:00;47,32;47,36;47,15;47,32
15/08/2018 13:00;47,38;47,43;47,21;47,35
15/08/2018 11:00;47,27;47,5;47,27;47,37
15/08/2018 09:00;46,72;47,42;46,72;47,27
14/08/2018 16:20;46,86;47,03;46,86;46,96
14/08/2018 15:00;46,86;46,95;46,8;46,85
14/08/2018 13:00;46,89;46,93;46,75;46,87
14/08/2018 11:00;46,91;46,98;46,82;46,9
14/08/2018 09:00;46,75;47,04;46,53;46,82
13/08/2018 16:20;47,04;47,06;46,96;46,98
13/08/2018 15:00;47,04;47,2;47,04;47,1
13/08/2018 13:00;46,98;47,32;46,94;47,05
13/08/2018 11:00;47,05;47,1;46,91;46,94
13/08/2018 09:00;47,46;47,85;46,81;47,04
10/08/2018 16:20;47,35;47,55;47,14;47,4
10/08/2018 15:00;47,68;47,78;47,13;47,42
10/08/2018 13:00;48,01;48,01;47,61;47,67
10/08/2018 11:00;48,18;48,18;48,01;48,01
10/08/2018 09:00;48,24;48,34;48,01;48,18
09/08/2018 16:20;48,17;48,19;47,96;48,18
09/08/2018 15:00;47,89;48,2;47,85;48,2
09/08/2018 13:00;48,07;48,07;47,74;47,84
09/08/2018 11:00;48,11;48,24;48,01;48,07
09/08/2018 09:00;48,39;48,62;47,77;48,07
08/08/2018 16:20;48,18;48,29;48,15;48,28
08/08/2018 15:00;48,1;48,26;47,96;48,25
08/08/2018 13:00;48,18;48,4;47,95;48,11
08/08/2018 11:00;48,43;48,52;48,13;48,17
08/08/2018 09:00;48,82;48,88;48,35;48,46
07/08/2018 16:20;48,05;48,18;48,04;48,12
07/08/2018 15:00;48,1;48,21;48,02;48,07
07/08/2018 13:00;47,88;48,1;47,88;48,09
07/08/2018 11:00;47,95;48,01;47,84;47,87
07/08/2018 09:00;47,54;47,99;47,54;47,95
06/08/2018 16:20;47,21;47,52;47,21;47,51
06/08/2018 15:00;47,32;47,44;47,26;47,32
06/08/2018 13:00;47,43;47,44;47,31;47,32
06/08/2018 11:00;47,47;47,54;47,42;47,44
06/08/2018 09:00;47,3;47,5;47,21;47,46
03/08/2018 16:20;47,31;47,42;47,1;47,32
03/08/2018 15:00;46,93;47,3;46,93;47,2
03/08/2018 13:00;46,86;47,03;46,77;46,96
03/08/2018 11:00;46,78;46,97;46,64;46,83
03/08/2018 09:00;46,97;46,99;46,56;46,77
02/08/2018 16:20;46,81;46,81;46,54;46,64
02/08/2018 15:00;46,9;46,96;46,81;46,87
02/08/2018 13:00;46,89;46,98;46,87;46,93
02/08/2018 11:00;46,86;46,98;46,75;46,93
02/08/2018 09:00;46,89;47,04;46,64;46,87
01/08/2018 16:20;46,93;47,1;46,93;47,09
01/08/2018 15:00;46,66;47,09;46,66;46,93
01/08/2018 13:00;46,72;46,75;46,64;46,66
01/08/2018 11:00;46,59;46,82;46,54;46,71
01/08/2018 09:00;46,88;47,1;45,92;46,63
31/07/2018 16:20;46,85;47,04;46,82;47,01
31/07/2018 15:00;46,69;46,93;46,58;46,8
31/07/2018 13:00;46,83;46,85;46,5;46,67
31/07/2018 11:00;46,93;46,93;46,81;46,83
31/07/2018 09:00;46,98;47,1;46,73;46,87
30/07/2018 16:20;46,87;46,95;46,83;46,95
30/07/2018 15:00;46,74;46,94;46,74;46,87
30/07/2018 13:00;46,58;46,75;46,55;46,75
30/07/2018 11:00;46,62;46,69;46,58;46,58
30/07/2018 09:00;46,57;46,64;46,3;46,58
27/07/2018 16:20;46,48;46,5;46,41;46,47
27/07/2018 15:00;46,31;46,5;46,3;46,41
27/07/2018 13:00;46,25;46,36;46,07;46,36
27/07/2018 11:00;46,24;46,3;46,08;46,24
27/07/2018 09:00;46;46,3;45,74;46,23
26/07/2018 16:20;45,84;46,06;45,68;46,01
26/07/2018 15:00;45,93;46,07;45,91;45,96
26/07/2018 13:00;46,01;46,01;45,9;45,92
26/07/2018 11:00;45,91;46,13;45,79;46,04
26/07/2018 09:00;45,48;45,96;45,48;45,91
25/07/2018 16:20;45,29;45,33;45,27;45,31
25/07/2018 15:00;45,35;45,39;45,32;45,34
25/07/2018 13:00;45,21;45,44;45,16;45,37
25/07/2018 11:00;44,82;45,4;44,82;45,21
25/07/2018 09:00;44,82;44,93;44,71;44,78
24/07/2018 16:20;44,87;44,96;44,82;44,93
24/07/2018 15:00;44,87;44,93;44,79;44,82
24/07/2018 13:00;44,7;44,92;44,68;44,87
24/07/2018 11:00;44,82;44,85;44,64;44,64
24/07/2018 09:00;44,55;44,86;44,47;44,82
23/07/2018 16:20;44,76;44,82;44,63;44,71
23/07/2018 15:00;44,76;44,82;44,75;44,76
23/07/2018 13:00;44,64;44,76;44,64;44,75
23/07/2018 11:00;44,69;44,87;44,64;44,69
23/07/2018 09:00;44,64;44,76;44,53;44,69
20/07/2018 16:20;44,36;44,42;44,2;44,42
20/07/2018 15:00;44,69;44,7;44,26;44,38
20/07/2018 13:00;44,69;44,76;44,69;44,7
20/07/2018 11:00;44,67;44,69;44,63;44,64
20/07/2018 09:00;44,85;44,85;44,49;44,64
19/07/2018 16:20;45,02;45,06;44,9;44,93
19/07/2018 15:00;44,76;45,15;44,76;45,04
19/07/2018 13:00;44,74;44,78;44,63;44,76
19/07/2018 11:00;44,75;44,82;44,58;44,74
19/07/2018 09:00;44,44;44,93;44,44;44,82
18/07/2018 16:20;44,41;44,51;44,39;44,49
18/07/2018 15:00;44,2;44,44;44,19;44,38
18/07/2018 13:00;44,04;44,27;43,85;44,19
18/07/2018 11:00;44,06;44,17;44,02;44,04
18/07/2018 09:00;43,68;44,06;43,65;44,06
17/07/2018 16:20;43,73;43,79;43,68;43,79
17/07/2018 15:00;43,73;43,8;43,7;43,76
17/07/2018 13:00;43,57;43,68;43,57;43,66
17/07/2018 11:00;43,5;43,65;43,42;43,61
17/07/2018 09:00;43,76;43,78;43,45;43,47
16/07/2018 16:20;43,33;43,5;43,32;43,5
16/07/2018 15:00;43,3;43,42;43,3;43,33
16/07/2018 13:00;43,3;43,33;43,24;43,33
16/07/2018 11:00;43,3;43,45;43,28;43,33
16/07/2018 09:00;42,88;43,28;42,76;43,28
13/07/2018 16:20;43,11;43,16;43,05;43,08
13/07/2018 15:00;43,06;43,26;43,05;43,16
13/07/2018 13:00;43,45;43,47;43;43,06
13/07/2018 11:00;43,45;43,58;43,32;43,33
13/07/2018 09:00;43,28;43,73;43,24;43,45
12/07/2018 16:20;43,32;43,33;43,21;43,26
12/07/2018 15:00;43,11;43,33;43,09;43,21
12/07/2018 13:00;42,91;43,16;42,91;43,09
12/07/2018 11:00;42,92;43,03;42,88;42,9
12/07/2018 09:00;42,63;42,93;42,63;42,88
11/07/2018 16:20;42,68;42,68;42,64;42,64
11/07/2018 15:00;42,71;42,76;42,67;42,72
11/07/2018 13:00;42,73;42,75;42,65;42,65
11/07/2018 11:00;42,56;42,76;42,54;42,74
11/07/2018 09:00;42,71;42,9;42,34;42,54
10/07/2018 16:20;42,49;42,6;42,48;42,56
10/07/2018 15:00;42,59;42,71;42,49;42,58
10/07/2018 13:00;42,96;42,99;42,47;42,59
10/07/2018 11:00;43,23;43,3;42,96;42,96
10/07/2018 09:00;43,06;43,33;42,93;43,22
06/07/2018 16:20;43,62;43,62;43,62;43,62
06/07/2018 15:00;43,54;43,56;43,54;43,56
06/07/2018 13:00;43,61;43,68;43,5;43,5
06/07/2018 11:00;43,49;43,9;43,4;43,61
06/07/2018 09:00;42,88;43,53;42,88;43,45
05/07/2018 16:20;42,68;42,81;42,68;42,69
05/07/2018 15:00;42,59;42,73;42,59;42,71
05/07/2018 13:00;42,57;42,63;42,5;42,63
05/07/2018 11:00;42,59;42,59;42,44;42,59
05/07/2018 09:00;42,27;42,65;42,14;42,63
04/07/2018 16:20;42,55;42,55;42,39;42,43
04/07/2018 15:00;42,54;42,76;42,51;42,55
04/07/2018 13:00;42,61;42,68;42,54;42,54
04/07/2018 11:00;42,69;42,77;42,65;42,65
04/07/2018 09:00;42,36;42,75;42,31;42,71
03/07/2018 16:20;42,71;42,74;42,65;42,71
03/07/2018 15:00;42,49;42,64;42,48;42,59
03/07/2018 13:00;42,48;42,54;42,48;42,5
03/07/2018 11:00;42,41;42,68;42,38;42,48
03/07/2018 09:00;42,27;42,42;42,08;42,36
02/07/2018 16:20;42,3;42,3;42,2;42,25
02/07/2018 15:00;42,51;42,51;42,19;42,3
02/07/2018 13:00;42,58;42,65;42,42;42,52
02/07/2018 11:00;42,65;42,65;42,58;42,61
02/07/2018 09:00;42,5;43,11;42,5;42,65
29/06/2018 16:20;42,63;42,65;42,42;42,51
29/06/2018 15:00;42,38;42,77;42,38;42,42
29/06/2018 13:00;42,2;42,4;42,14;42,36
29/06/2018 11:00;42,3;42,3;42,19;42,2
29/06/2018 09:00;41,76;42,42;41,75;42,28
28/06/2018 16:20;42,35;42,36;41,85;41,98
28/06/2018 15:00;42,14;42,17;42,08;42,1
28/06/2018 13:00;42,14;42,18;42,08;42,14
28/06/2018 11:00;42,02;42,19;42,01;42,14
28/06/2018 09:00;41,74;42,48;41,74;42,02
27/06/2018 16:20;41,96;41,96;41,85;41,85
27/06/2018 15:00;41,92;41,96;41,85;41,96
27/06/2018 13:00;41,85;41,96;41,85;41,91
27/06/2018 11:00;41,73;41,96;41,7;41,86
27/06/2018 09:00;41,28;41,75;41,28;41,71
26/06/2018 16:20;41,46;41,46;41,36;41,44
26/06/2018 15:00;41,33;41,45;41,3;41,39
26/06/2018 13:00;41,39;41,39;41,28;41,36
26/06/2018 11:00;41,28;41,44;41,22;41,34
26/06/2018 09:00;41,6;41,6;41,02;41,33
25/06/2018 16:20;41,51;41,51;41,34;41,44
25/06/2018 15:00;41,28;41,55;41,28;41,55
25/06/2018 13:00;41,29;41,38;41,24;41,28
25/06/2018 11:00;41,51;41,51;41,28;41,28
25/06/2018 09:00;41,63;41,74;41,36;41,51
22/06/2018 16:20;42;42,07;41,95;41,96
22/06/2018 15:00;42,04;42,08;41,91;41,96
22/06/2018 13:00;41,9;42,17;41,83;42,08
22/06/2018 11:00;41,85;41,92;41,77;41,85
22/06/2018 09:00;41,61;41,95;41,6;41,85
21/06/2018 16:20;41,61;41,62;41,51;41,51
21/06/2018 15:00;41,63;41,79;41,58;41,62
21/06/2018 13:00;41,61;41,96;41,57;41,57
21/06/2018 11:00;41,42;41,9;41,34;41,62
21/06/2018 09:00;41,05;41,51;40,94;41,39
20/06/2018 16:20;41,31;41,34;41,22;41,22
20/06/2018 15:00;41,47;41,53;41,22;41,22
20/06/2018 13:00;41,34;41,51;41,17;41,47
20/06/2018 11:00;41,19;41,41;41,17;41,38
20/06/2018 09:00;41,47;41,51;40,82;41,17
19/06/2018 16:20;41,86;41,91;41,51;41,57
19/06/2018 15:00;42,03;42,08;41,93;41,96
19/06/2018 13:00;42,01;42,14;41,99;42,02
19/06/2018 11:00;42,23;42,23;41,81;42,01
19/06/2018 09:00;42,65;42,65;42,2;42,34
18/06/2018 16:20;42,6;42,6;42,6;42,6
18/06/2018 15:00;42,65;42,71;42,6;42,65
18/06/2018 13:00;42,71;42,73;42,59;42,63
18/06/2018 11:00;42,88;42,88;42,65;42,76
18/06/2018 09:00;42,42;43,04;42,32;42,88
15/06/2018 16:20;42,48;42,54;42,2;42,54
15/06/2018 15:00;42,87;42,87;42,42;42,54
15/06/2018 13:00;42,83;43,07;42,76;42,88
15/06/2018 11:00;43,15;43,22;42,82;42,88
15/06/2018 09:00;42,25;43,26;42,08;43,16
14/06/2018 16:20;42,5;42,65;42,5;42,59
14/06/2018 15:00;42,19;42,47;42,19;42,36
14/06/2018 13:00;42,16;42,22;41,93;42,19
14/06/2018 11:00;42,39;42,41;41,91;42,16
14/06/2018 09:00;42,15;42,76;41,65;42,41
13/06/2018 16:20;42,71;42,72;42,2;42,22
13/06/2018 15:00;42,64;42,77;42,48;42,59
13/06/2018 13:00;42,47;42,65;42,47;42,65
13/06/2018 11:00;42,07;42,81;42,07;42,44
13/06/2018 09:00;42,82;42,99;41,78;42,04
12/06/2018 16:20;43,01;43,11;42,96;42,99
12/06/2018 15:00;43,15;43,28;42,99;43,11
12/06/2018 13:00;43,33;43,56;43,05;43,21
12/06/2018 11:00;43,79;43,95;43,29;43,33
12/06/2018 09:00;44,2;44,25;43,57;43,85
11/06/2018 16:20;44,68;44,69;44,25;44,36
11/06/2018 15:00;44,71;44,76;44,64;44,68
11/06/2018 13:00;44,71;44,82;44,64;44,75
11/06/2018 11:00;44,78;44,84;44,6;44,7
11/06/2018 09:00;45,21;45,21;44,61;44,78
08/06/2018 16:20;45,4;45,4;45,11;45,25
08/06/2018 15:00;45,61;45,61;45,23;45,47
08/06/2018 13:00;45,51;45,61;45,51;45,61
08/06/2018 11:00;45,9;45,96;45,5;45,51
08/06/2018 09:00;46,04;46,13;45,77;45,9
07/06/2018 16:20;46,38;46,38;46,07;46,13
07/06/2018 15:00;46,4;46,41;46,13;46,18
07/06/2018 13:00;46,23;46,47;46,18;46,39
07/06/2018 11:00;45,94;46,24;45,94;46,2
07/06/2018 09:00;45,65;46,12;45,56;45,96
06/06/2018 16:20;45,36;45,55;45,33;45,5
06/06/2018 15:00;45,39;45,47;45,29;45,29
06/06/2018 13:00;45,5;45,5;45,34;45,39
06/06/2018 11:00;45,47;45,57;45,44;45,5
06/06/2018 09:00;45,51;45,77;45,42;45,45
05/06/2018 16:20;45,39;45,69;45,39;45,61
05/06/2018 15:00;45,39;45,41;45,28;45,34
05/06/2018 13:00;45,36;45,41;45,27;45,39
05/06/2018 11:00;45,33;45,48;45,21;45,43
05/06/2018 09:00;45,44;45,71;45,28;45,33
04/06/2018 16:20;45,76;45,85;45,59;45,67
04/06/2018 15:00;46,18;46,24;45,77;45,77
04/06/2018 13:00;46,53;46,53;46,18;46,18
04/06/2018 11:00;46,59;46,64;46,48;46,53
04/06/2018 09:00;46,23;46,91;46,14;46,64
01/06/2018 16:20;46,45;46,45;46,25;46,25
01/06/2018 15:00;46,26;46,41;46,26;46,31
01/06/2018 13:00;46,34;46,62;46,13;46,24
01/06/2018 11:00;46,07;46,36;46,07;46,36
01/06/2018 09:00;45,97;46,33;45,97;46,07
30/05/2018 16:20;46,09;46,16;46,07;46,13
30/05/2018 15:00;46,18;46,3;46,09;46,18
30/05/2018 13:00;46,29;46,3;46,07;46,18
30/05/2018 11:00;46,24;46,44;46,2;46,24
30/05/2018 09:00;46,53;46,54;46,04;46,29
29/05/2018 16:20;46,32;46,38;46,21;46,24
29/05/2018 15:00;46,37;46,49;46,01;46,36
29/05/2018 13:00;46,49;46,64;46,3;46,4
29/05/2018 11:00;46,54;46,57;46,47;46,5
29/05/2018 09:00;47,02;47,02;46,53;46,58
28/05/2018 16:20;47,07;47,07;46,87;46,87
28/05/2018 15:00;46,9;46,93;46,83;46,91
28/05/2018 13:00;46,87;47,05;46,75;46,97
28/05/2018 11:00;46,81;46,94;46,75;46,81
28/05/2018 09:00;46,93;47,14;46,18;46,87
25/05/2018 16:20;47,4;47,4;47,32;47,34
25/05/2018 15:00;47,34;47,42;47,31;47,38
25/05/2018 13:00;47,48;47,48;47,21;47,36
25/05/2018 11:00;47,54;47,56;47,44;47,48
25/05/2018 09:00;47,6;47,7;47,45;47,56
24/05/2018 16:20;47,39;47,53;47,39;47,47
24/05/2018 15:00;47,38;47,44;47,32;47,44
24/05/2018 13:00;47,45;47,47;47,27;47,39
24/05/2018 11:00;47,5;47,5;47,42;47,45
24/05/2018 09:00;47,22;47,59;47,22;47,5
23/05/2018 16:20;47,14;47,24;47,11;47,22
23/05/2018 15:00;46,94;47,21;46,9;47,11
23/05/2018 13:00;47,4;47,4;46,83;46,93
23/05/2018 11:00;47,28;47,55;47,27;47,44
23/05/2018 09:00;47,67;47,88;47,18;47,29
22/05/2018 16:20;47,5;47,61;47,5;47,61
22/05/2018 15:00;47,42;47,7;47,38;47,55
22/05/2018 13:00;47,55;47,56;47,24;47,42
22/05/2018 11:00;47,87;47,89;47,51;47,55
22/05/2018 09:00;47,99;48,12;47,67;47,81
21/05/2018 16:20;47,76;47,84;47,76;47,84
21/05/2018 15:00;47,67;47,84;47,52;47,78
21/05/2018 13:00;47,84;47,89;47,59;47,69
21/05/2018 11:00;47,75;48,05;47,75;47,85
21/05/2018 09:00;48,4;48,43;47,15;47,72
18/05/2018 16:20;48,24;48,35;48,12;48,17
18/05/2018 15:00;48,12;48,29;48,12;48,2
18/05/2018 13:00;48,12;48,18;48,05;48,08
18/05/2018 11:00;48,07;48,28;47,92;48,17
18/05/2018 09:00;47,44;48,12;47,21;48,07
17/05/2018 16:20;47,39;47,39;47,27;47,38
17/05/2018 15:00;47,28;47,37;47,22;47,37
17/05/2018 13:00;47,09;47,38;47,07;47,32
17/05/2018 11:00;47,15;47,2;46,94;47,04
17/05/2018 09:00;46,87;47,15;46,4;47,13
16/05/2018 16:20;46,81;46,87;46,75;46,81
16/05/2018 15:00;46,77;46,87;46,75;46,81
16/05/2018 13:00;46,75;46,81;46,7;46,78
16/05/2018 11:00;46,74;46,93;46,71;46,71
16/05/2018 09:00;46,74;46,95;46,47;46,74
15/05/2018 16:20;46,53;46,64;46,49;46,61
15/05/2018 15:00;46,51;46,57;46,38;46,53
15/05/2018 13:00;46,57;46,64;46,44;46,51
15/05/2018 11:00;46,69;46,73;46,49;46,54
15/05/2018 09:00;46,01;46,65;45,96;46,65
14/05/2018 16:20;46,01;46,05;46,01;46,05
14/05/2018 15:00;45,96;46,06;45,96;46,02
14/05/2018 13:00;46,07;46,22;45,91;45,92
14/05/2018 11:00;45,83;46,13;45,8;46,07
14/05/2018 09:00;45,84;45,89;45,66;45,79
11/05/2018 16:20;45,61;45,71;45,6;45,67
11/05/2018 15:00;45,55;45,67;45,4;45,56
11/05/2018 13:00;45,6;45,61;45,5;45,5
11/05/2018 11:00;45,5;45,61;45,5;45,61
11/05/2018 09:00;45,61;45,84;45,34;45,48
10/05/2018 16:20;46,47;46,47;45,85;46,01
10/05/2018 15:00;46,23;46,36;45,77;46,18
10/05/2018 13:00;46,3;46,47;46,08;46,14
10/05/2018 11:00;46,31;46,51;46,23;46,24
10/05/2018 09:00;46,58;46,86;46,18;46,36
09/05/2018 16:20;46,62;46,75;46,58;46,62
09/05/2018 15:00;46,28;46,62;46,23;46,62
09/05/2018 13:00;46,17;46,3;46,14;46,23
09/05/2018 11:00;46,33;46,41;46,09;46,17
09/05/2018 09:00;46,36;46,36;45,5;46,33
08/05/2018 16:20;46,46;46,58;46,46;46,58
08/05/2018 15:00;46,39;46,53;46,39;46,47
08/05/2018 13:00;46,49;46,53;46,34;46,34
08/05/2018 11:00;46,46;46,69;46,39;46,5
08/05/2018 09:00;46,13;46,47;46,09;46,45
07/05/2018 16:20;45,79;45,79;45,72;45,79
07/05/2018 15:00;45,86;45,86;45,67;45,77
07/05/2018 13:00;45,69;45,9;45,61;45,86
07/05/2018 11:00;45,56;45,86;45,44;45,67
07/05/2018 09:00;45,31;46,07;45,31;45,56
04/05/2018 16:20;45,26;45,44;45,16;45,41
04/05/2018 15:00;45,51;45,51;45,07;45,27
04/05/2018 13:00;45,59;45,71;45,5;45,59
04/05/2018 11:00;46,53;46,53;45,24;45,5
04/05/2018 09:00;46,64;46,87;46,36;46,53
03/05/2018 16:20;46,75;46,75;46,65;46,75
03/05/2018 15:00;46,62;46,75;46,55;46,73
03/05/2018 13:00;46,67;46,67;46,53;46,58
03/05/2018 11:00;46,47;46,8;46,41;46,7
03/05/2018 09:00;46,86;47,06;46,2;46,47
02/05/2018 16:20;46,72;46,9;46,72;46,81
02/05/2018 15:00;46,64;46,71;46,59;46,65
02/05/2018 13:00;46,29;46,71;46,29;46,65
02/05/2018 11:00;46,06;46,46;46,06;46,24
02/05/2018 09:00;45,01;46,2;45,01;46,06
30/04/2018 16:20;44,47;44,64;44,47;44,59
30/04/2018 15:00;44,47;44,52;44,38;44,47
30/04/2018 13:00;44,25;44,58;44,25;44,47
30/04/2018 11:00;44,29;44,35;44,09;44,25
30/04/2018 09:00;43,79;44,35;43,73;44,29
27/04/2018 16:20;43,36;43,39;43,33;43,38
27/04/2018 15:00;43,5;43,56;43,33;43,37
27/04/2018 13:00;43,3;43,61;43,21;43,5
27/04/2018 11:00;42,88;43,3;42,88;43,3
27/04/2018 09:00;42,76;43,08;42,65;42,88
26/04/2018 16:20;43,04;43,05;42,93;42,93
26/04/2018 15:00;43,03;43,16;42,99;43,06
26/04/2018 13:00;42,99;43,04;42,88;42,99
26/04/2018 11:00;43,22;43,22;42,89;42,91
26/04/2018 09:00;43;43,32;42,65;43,22
25/04/2018 16:20;43,23;43,33;43,23;43,26
25/04/2018 15:00;43,21;43,34;43,21;43,21
25/04/2018 13:00;43,14;43,37;42,99;43,23
25/04/2018 11:00;42,99;43,18;42,99;43,14
25/04/2018 09:00;42,77;43,22;42,7;42,98
24/04/2018 16:20;42,29;42,34;42,23;42,29
24/04/2018 15:00;42,46;42,46;42,29;42,29
24/04/2018 13:00;42,42;42,77;42,42;42,5
24/04/2018 11:00;42,35;42,61;42,35;42,42
24/04/2018 09:00;41,92;42,45;41,68;42,34
23/04/2018 16:20;42,09;42,09;42;42,02
23/04/2018 15:00;42,02;42,09;41,96;41,96
23/04/2018 13:00;42,07;42,07;41,85;42,04
23/04/2018 11:00;41,84;42,12;41,81;42,07
23/04/2018 09:00;41,01;41,95;41,01;41,84
20/04/2018 16:20;41,41;41,47;41,36;41,39
20/04/2018 15:00;41,29;41,36;41,26;41,36
20/04/2018 13:00;41,26;41,3;41,2;41,29
20/04/2018 11:00;41,42;41,42;41,16;41,26
20/04/2018 09:00;41,32;41,46;41,12;41,4
19/04/2018 16:20;41,57;41,58;41,47;41,53
19/04/2018 15:00;41,64;41,72;41,49;41,54
19/04/2018 13:00;41,74;41,74;41,56;41,64
19/04/2018 11:00;41,84;41,84;41,66;41,74
19/04/2018 09:00;41,64;42,07;41,38;41,84
18/04/2018 16:20;41,96;42,05;41,87;42,02
18/04/2018 15:00;42,22;42,23;42,02;42,03
18/04/2018 13:00;42,54;42,54;42,09;42,18
18/04/2018 11:00;42,58;42,62;42,47;42,5
18/04/2018 09:00;42,65;42,65;42,34;42,61
17/04/2018 16:20;42,6;42,61;42,5;42,5
17/04/2018 15:00;42,51;42,65;42,5;42,64
17/04/2018 13:00;42,52;42,57;42,45;42,5
17/04/2018 11:00;42,45;42,59;42,39;42,59
17/04/2018 09:00;42,54;43,37;42,47;42,47
16/04/2018 16:20;42,2;42,28;42,18;42,28
16/04/2018 15:00;42,08;42,29;42,06;42,29
16/04/2018 13:00;41,85;42,1;41,85;42,08
16/04/2018 11:00;41,91;41,91;41,78;41,85
16/04/2018 09:00;41,74;41,98;41,61;41,97
13/04/2018 16:20;42,21;42,21;41,96;42,02
13/04/2018 15:00;42,05;42,31;42,02;42,09
13/04/2018 13:00;42,03;42,06;41,96;42,05
13/04/2018 11:00;41,78;42,24;41,78;42,07
13/04/2018 09:00;41,82;42,05;41,66;41,79
12/04/2018 16:20;42,35;42,35;42,12;42,25
12/04/2018 15:00;42,07;42,29;42,07;42,24
12/04/2018 13:00;42,07;42,23;42,03;42,07
12/04/2018 11:00;42,02;42,07;41,98;42,07
12/04/2018 09:00;42,02;42,45;41,83;42,07
11/04/2018 16:20;42,06;42,06;41,89;42,02
11/04/2018 15:00;42,42;42,44;41,92;41,96
11/04/2018 13:00;42,61;42,67;42,39;42,41
11/04/2018 11:00;43,09;43,1;42,56;42,58
11/04/2018 09:00;42,97;43,25;42,85;43,05
10/04/2018 16:20;43,47;43,47;43,19;43,22
10/04/2018 15:00;43,59;43,64;43,33;43,42
10/04/2018 13:00;43,7;43,7;43,32;43,57
10/04/2018 11:00;43,75;43,75;43,5;43,71
10/04/2018 09:00;44,13;44,13;43,64;43,7
09/04/2018 16:20;44,05;44,24;43,97;44,08
09/04/2018 15:00;44,11;44,13;44,01;44,02
09/04/2018 13:00;44,13;44,22;43,97;44,1
09/04/2018 11:00;43,93;44,13;43,8;44,13
09/04/2018 09:00;44,08;44,15;43,64;43,91
06/04/2018 16:20;44,03;44,03;43,97;43,97
06/04/2018 15:00;44,13;44,22;44,01;44,02
06/04/2018 13:00;44,08;44,13;44,02;44,13
06/04/2018 11:00;44,08;44,18;43,99;44,02
06/04/2018 09:00;43,5;44,18;43,5;44,08
05/04/2018 16:20;43,4;43,42;43,28;43,37
05/04/2018 15:00;43,26;43,48;43,15;43,48
05/04/2018 13:00;43,37;43,45;43,18;43,21
05/04/2018 11:00;42,87;43,37;42,81;43,37
05/04/2018 09:00;43,07;43,15;42,61;42,88
04/04/2018 16:20;42,46;42,55;42,45;42,5
04/04/2018 15:00;42,38;42,46;42,25;42,45
04/04/2018 13:00;42,47;42,5;42,19;42,36
04/04/2018 11:00;42,03;42,83;42,03;42,39
04/04/2018 09:00;41,74;42,05;41,28;42,03
03/04/2018 16:20;41,96;42,07;41,91;42,03
03/04/2018 15:00;41,79;41,93;41,67;41,89
03/04/2018 13:00;41,64;41,82;41,59;41,74
03/04/2018 11:00;41,71;41,83;41,64;41,64
03/04/2018 09:00;41,2;41,85;41,1;41,71
02/04/2018 16:20;41,36;41,68;41,35;41,58
02/04/2018 15:00;41,18;41,42;41,09;41,34
02/04/2018 13:00;41,06;41,18;41,03;41,18
02/04/2018 11:00;41,2;41,23;40,97;41,07
02/04/2018 09:00;40,99;41,26;40,99;41,2
29/03/2018 16:20;40,74;40,88;40,74;40,82
29/03/2018 15:00;40,69;40,77;40,66;40,71
29/03/2018 13:00;40,54;40,93;40,54;40,66
29/03/2018 11:00;40,5;40,51;40,35;40,46
29/03/2018 09:00;40,66;40,71;40,46;40,5
28/03/2018 16:20;40,67;40,75;40,66;40,66
28/03/2018 15:00;40,66;40,82;40,66;40,76
28/03/2018 13:00;40,83;40,83;40,62;40,66
28/03/2018 11:00;40,84;40,9;40,78;40,88
28/03/2018 09:00;40,91;41,04;40,66;40,88
27/03/2018 16:20;40,93;41,04;40,88;41,04
27/03/2018 15:00;41,15;41,2;40,89;41,04
27/03/2018 13:00;41,65;41,67;41,01;41,15
27/03/2018 11:00;41,62;41,73;41,58;41,62
27/03/2018 09:00;41,91;42,12;41,42;41,58
26/03/2018 16:20;41,31;41,35;41,2;41,25
26/03/2018 15:00;41,09;41,2;40,99;41,15
26/03/2018 13:00;41,38;41,42;41,07;41,09
26/03/2018 11:00;41,19;41,48;41,19;41,38
26/03/2018 09:00;40,89;41,26;40,33;41,16
23/03/2018 16:20;40,82;41,04;40,78;41,03
23/03/2018 15:00;40,79;40,99;40,77;40,93
23/03/2018 13:00;40,83;40,92;40,78;40,79
23/03/2018 11:00;40,89;40,99;40,79;40,83
23/03/2018 09:00;40,99;41,57;40,83;40,89
22/03/2018 16:20;41,09;41,26;41,04;41,26
22/03/2018 15:00;41,3;41,47;41,15;41,2
22/03/2018 13:00;41,91;41,94;41,06;41,35
22/03/2018 11:00;42,17;42,18;41,69;41,95
22/03/2018 09:00;41,8;42,5;41,69;42,15
21/03/2018 16:20;41,91;41,96;41,58;41,93
21/03/2018 15:00;42,17;42,18;41,91;41,96
21/03/2018 13:00;42,88;42,88;41,91;42,16
21/03/2018 11:00;42,99;43,01;42,41;42,88
21/03/2018 09:00;43,05;43,32;42,94;42,99
20/03/2018 16:20;42,61;42,84;42,61;42,82
20/03/2018 15:00;42,12;42,65;42,08;42,61
20/03/2018 13:00;41,69;42,29;41,55;42,12
20/03/2018 11:00;41,46;41,83;41,43;41,69
20/03/2018 09:00;41,36;41,57;41,16;41,44
19/03/2018 16:20;40,64;40,74;40,61;40,66
19/03/2018 15:00;40,73;40,82;40,71;40,77
19/03/2018 13:00;40,87;40,88;40,66;40,76
19/03/2018 11:00;41,09;41,12;40,87;40,87
19/03/2018 09:00;40,88;41,18;40,86;41,09
16/03/2018 16:20;41,64;41,9;41,53;41,53
16/03/2018 15:00;41,82;41,84;41,66;41,69
16/03/2018 13:00;41,72;41,89;41,72;41,85
16/03/2018 11:00;41,85;41,96;41,69;41,7
16/03/2018 09:00;41,74;42,02;41,52;41,86
15/03/2018 16:20;42,31;42,41;42,24;42,39
15/03/2018 15:00;42,23;42,56;42,23;42,37
15/03/2018 13:00;42,16;42,33;42,07;42,21
15/03/2018 11:00;42,29;42,29;41,96;42,18
15/03/2018 09:00;42,62;43,15;42,17;42,3
14/03/2018 16:20;43,84;43,9;43,48;43,64
14/03/2018 15:00;43,93;44,08;43,76;43,8
14/03/2018 13:00;44,4;44,45;43,75;43,98
14/03/2018 11:00;44,56;44,58;44,14;44,45
14/03/2018 09:00;45,07;45,24;43,77;44,56
13/03/2018 16:20;44,83;45,17;44,78;44,78
13/03/2018 15:00;44,54;44,54;44,54;44,54
13/03/2018 13:00;43,92;44,54;43,92;44,54
13/03/2018 11:00;43,61;44,24;43,61;43,92
13/03/2018 09:00;43,12;43,71;42,99;43,59
12/03/2018 16:20;42,54;42,77;42,54;42,68
12/03/2018 15:00;41,99;42,5;41,91;42,45
12/03/2018 13:00;41,93;42,07;41,89;42,02
12/03/2018 11:00;41,85;41,96;41,78;41,91
12/03/2018 09:00;41,05;42,07;40,83;41,8
09/03/2018 16:20;41,28;41,29;40,66;40,8
09/03/2018 15:00;41,4;41,44;41,31;41,35
09/03/2018 13:00;41,38;41,42;41,33;41,42
09/03/2018 11:00;41,31;41,44;41,31;41,4
09/03/2018 09:00;41,38;41,57;41,31;41,34
08/03/2018 16:20;40,94;41,19;40,9;41,19
08/03/2018 15:00;41,09;41,17;41,06;41,09
08/03/2018 13:00;41,07;41,2;41,06;41,07
08/03/2018 11:00;40,96;41,31;40,96;41,09
08/03/2018 09:00;40,23;40,97;40,23;40,97
07/03/2018 16:20;40,28;40,49;40,27;40,4
07/03/2018 15:00;40,12;40,39;40,09;40,39
07/03/2018 13:00;40,1;40,17;40,08;40,12
07/03/2018 11:00;39,94;40,07;39,86;40,02
07/03/2018 09:00;40,23;40,37;39,89;39,97
06/03/2018 16:20;40,67;40,8;40,67;40,77
06/03/2018 15:00;40,82;40,87;40,62;40,67
06/03/2018 13:00;40,58;40,82;40,58;40,82
06/03/2018 11:00;40,72;40,75;40,47;40,58
06/03/2018 09:00;41,1;41,11;40,62;40,67
05/03/2018 16:20;40,27;40,52;40,24;40,37
05/03/2018 15:00;40,32;40,37;40,19;40,27
05/03/2018 13:00;40,43;40,52;40,17;40,32
05/03/2018 11:00;40,06;40,51;39,97;40,46
05/03/2018 09:00;40,54;40,54;39,67;40,02
02/03/2018 16:20;40,47;40,57;40,47;40,57
02/03/2018 15:00;40,37;40,57;40,32;40,48
02/03/2018 13:00;40,45;40,52;40,37;40,37
02/03/2018 11:00;40,33;40,45;40,32;40,45
02/03/2018 09:00;40,15;40,6;40,15;40,37
01/03/2018 16:20;39,82;40,01;39,62;40,01
01/03/2018 15:00;39,72;39,87;39,66;39,87
01/03/2018 13:00;39,57;39,83;39,35;39,72
01/03/2018 11:00;39,07;39,6;39,07;39,54
01/03/2018 09:00;39,51;39,82;38,63;39,07
28/02/2018 16:20;39,39;39,39;39,14;39,22
28/02/2018 15:00;39,57;39,57;38,41;39,42
28/02/2018 13:00;40,23;40,23;39,23;39,82
28/02/2018 11:00;40,02;40,32;39,99;40,27
28/02/2018 09:00;40,06;40,38;39,86;40,02
27/02/2018 16:20;39,43;39,57;39,42;39,42
27/02/2018 15:00;39,44;39,67;39,37;39,59
27/02/2018 13:00;38,76;39,57;38,72;39,42
27/02/2018 11:00;38,68;38,89;38,58;38,76
27/02/2018 09:00;39,02;39,02;38,21;38,67
26/02/2018 16:20;39,07;39,19;38,92;39,18
26/02/2018 15:00;39,02;39,18;38,92;38,97
26/02/2018 13:00;39,07;39,18;38,82;38,96
26/02/2018 11:00;38,13;39,11;38,09;39,09
26/02/2018 09:00;37,29;38,17;37,29;38,12
23/02/2018 16:20;36,93;37,6;36,92;37,23
23/02/2018 15:00;37,46;37,58;37,27;37,29
23/02/2018 13:00;37,04;37,46;37,04;37,44
23/02/2018 11:00;37,11;37,15;36,95;37,06
23/02/2018 09:00;36,72;37,19;36,67;37,12
22/02/2018 16:20;36,26;36,32;36,2;36,32
22/02/2018 15:00;36,62;36,63;36,25;36,27
22/02/2018 13:00;36,6;36,77;36,47;36,62
22/02/2018 11:00;36,24;36,57;36,23;36,57
22/02/2018 09:00;36,42;36,61;36,07;36,22
21/02/2018 16:20;36,34;36,51;36,33;36,51
21/02/2018 15:00;36,06;36,5;36,06;36,38
21/02/2018 13:00;35,85;36,06;35,84;36,06
21/02/2018 11:00;35,95;36,09;35,85;35,85
21/02/2018 09:00;35,52;36;35,49;35,93
20/02/2018 16:20;35,39;35,39;35,28;35,32
20/02/2018 15:00;35,09;35,37;35,09;35,33
20/02/2018 13:00;35,11;35,17;35,06;35,1
20/02/2018 11:00;34,95;35,1;34,94;35,1
20/02/2018 09:00;34,92;34,98;34,87;34,94
19/02/2018 16:20;34,72;34,82;34,67;34,82
19/02/2018 15:00;34,87;34,89;34,69;34,72
19/02/2018 13:00;34,89;34,9;34,82;34,86
19/02/2018 11:00;34,79;34,9;34,79;34,88
19/02/2018 09:00;34,67;34,95;34,67;34,8
16/02/2018 16:20;34,69;34,72;34,67;34,67
16/02/2018 15:00;34,64;34,72;34,62;34,67
16/02/2018 13:00;34,53;34,69;34,48;34,62
16/02/2018 11:00;34,46;34,55;34,43;34,54
16/02/2018 09:00;34,38;34,59;34,34;34,46
15/02/2018 16:20;34,16;34,22;34,08;34,17
15/02/2018 15:00;34,3;34,31;34,14;34,17
15/02/2018 13:00;34,14;34,31;34,14;34,28
15/02/2018 11:00;34,12;34,16;34,1;34,15
15/02/2018 09:00;33,84;34,16;33,84;34,09
14/02/2018 16:20;33,79;33,92;33,64;33,68
14/02/2018 15:00;33,88;33,9;33,83;33,83
14/02/2018 13:00;33,82;33,96;33,8;33,92
09/02/2018 16:20;33,68;33,75;33,68;33,75
09/02/2018 15:00;33,94;33,96;33,65;33,68
09/02/2018 13:00;33,87;33,93;33,87;33,93
09/02/2018 11:00;33,99;34,02;33,87;33,87
09/02/2018 09:00;34,14;34,14;33,82;33,97
08/02/2018 16:20;34,04;34,22;34,04;34,22
08/02/2018 15:00;34,23;34,29;34,11;34,11
08/02/2018 13:00;34,14;34,32;34,14;34,23
08/02/2018 11:00;34,09;34,16;34,09;34,16
08/02/2018 09:00;33,92;34,12;33,87;34,09
07/02/2018 16:20;33,98;34,09;33,92;34,01
07/02/2018 15:00;34,02;34,05;33,97;33,98
07/02/2018 13:00;33,95;34,05;33,92;34,03
07/02/2018 11:00;33,98;33,98;33,87;33,92
07/02/2018 09:00;33,92;34,02;33,8;34
06/02/2018 16:20;33,71;33,82;33,67;33,72
06/02/2018 15:00;33,78;33,82;33,69;33,71
06/02/2018 13:00;33,72;33,81;33,72;33,81
06/02/2018 11:00;33,84;33,87;33,72;33,72
06/02/2018 09:00;33,67;33,85;33,52;33,83
05/02/2018 16:20;33,62;33,72;33,62;33,72
05/02/2018 15:00;33,51;33,67;33,51;33,63
05/02/2018 13:00;33,47;33,52;33,43;33,47
05/02/2018 11:00;33,4;33,48;33,39;33,48
05/02/2018 09:00;33,4;33,54;33,35;33,4
02/02/2018 16:20;33,31;33,32;33,23;33,32
02/02/2018 15:00;33,28;33,3;33,28;33,3
02/02/2018 13:00;33,27;33,3;33,22;33,28
02/02/2018 11:00;33,26;33,33;33,26;33,27
02/02/2018 09:00;33,27;33,37;33,14;33,27
01/02/2018 16:20;33,3;33,32;33,27;33,32
01/02/2018 15:00;33,27;33,31;33,22;33,23
01/02/2018 13:00;33,23;33,27;33,2;33,26
01/02/2018 11:00;33,29;33,32;33,22;33,27
01/02/2018 09:00;33,12;33,37;33,12;33,31
31/01/2018 16:20;33,15;33,19;33,15;33,17
31/01/2018 15:00;33,11;33,21;33,03;33,12
31/01/2018 13:00;33,07;33,11;33,03;33,09
31/01/2018 11:00;33,04;33,2;33,04;33,07
31/01/2018 09:00;33,01;33,09;32,82;33,03
30/01/2018 16:20;33,06;33,07;32,97;33,06
30/01/2018 15:00;33,3;33,3;32,94;33,06
30/01/2018 13:00;33,28;33,36;33,22;33,29
30/01/2018 11:00;33,39;33,44;33,27;33,27
30/01/2018 09:00;33,12;33,47;33,07;33,41
29/01/2018 16:20;33,17;33,22;33,13;33,13
29/01/2018 15:00;33,07;33,27;33,04;33,22
29/01/2018 13:00;33,08;33,11;33,06;33,06
29/01/2018 11:00;33;33,22;33;33,12
29/01/2018 09:00;32,98;33,07;32,84;33,02
26/01/2018 16:20;32,64;32,72;32,63;32,69
26/01/2018 15:00;32,69;32,71;32,64;32,66
26/01/2018 13:00;32,75;32,78;32,69;32,7
26/01/2018 11:00;32,84;32,9;32,75;32,77
26/01/2018 09:00;32,82;32,95;32,56;32,84
24/01/2018 16:20;32,87;32,95;32,8;32,82
24/01/2018 15:00;32,99;33,02;32,82;32,84
24/01/2018 13:00;32,93;33,03;32,92;32,99
24/01/2018 11:00;32,87;32,98;32,87;32,92
24/01/2018 09:00;32,85;32,87;32,72;32,85
23/01/2018 16:20;32,84;32,96;32,73;32,96
23/01/2018 15:00;33,06;33,06;32,89;32,91
23/01/2018 13:00;32,94;33,04;32,93;33,04
23/01/2018 11:00;33,01;33,01;32,85;32,97
23/01/2018 09:00;33,18;33,35;32,97;33,02
22/01/2018 16:20;33,2;33,2;33,07;33,07
22/01/2018 15:00;33,12;33,22;33,07;33,22
22/01/2018 13:00;32,88;33,16;32,88;33,09
22/01/2018 11:00;32,97;32,99;32,9;32,91
22/01/2018 09:00;33,13;33,13;32,7;32,98
19/01/2018 16:20;32,87;32,92;32,82;32,91
19/01/2018 15:00;32,97;33,02;32,85;32,91
19/01/2018 13:00;32,93;33,06;32,88;32,98
19/01/2018 11:00;32,84;32,94;32,84;32,93
19/01/2018 09:00;32,58;32,97;32,58;32,86
18/01/2018 16:20;32,62;32,66;32,62;32,63
18/01/2018 15:00;32,61;32,71;32,55;32,68
18/01/2018 13:00;32,48;32,62;32,48;32,6
18/01/2018 11:00;32,64;32,66;32,42;32,48
18/01/2018 09:00;32,38;32,72;32,36;32,63
17/01/2018 16:20;32,12;32,27;32,12;32,27
17/01/2018 15:00;32,29;32,43;32,14;32,14
17/01/2018 13:00;32,08;32,27;31,98;32,27
17/01/2018 11:00;31,95;32,13;31,95;32,07
17/01/2018 09:00;31,71;32,05;31,69;31,95
16/01/2018 16:20;31,83;31,83;31,8;31,81
16/01/2018 15:00;31,89;31,91;31,81;31,88
16/01/2018 13:00;31,91;31,96;31,87;31,87
16/01/2018 11:00;31,91;32,01;31,86;31,9
16/01/2018 09:00;32,12;32,12;31,89;31,9
15/01/2018 16:20;32,22;32,22;32,06;32,12
15/01/2018 15:00;32,27;32,29;32,19;32,26
15/01/2018 13:00;32,42;32,42;32,2;32,27
15/01/2018 11:00;32,38;32,47;32,38;32,42
15/01/2018 09:00;32,42;32,51;32,32;32,38
12/01/2018 16:20;32,03;32,32;32,03;32,31
12/01/2018 15:00;32,27;32,29;32,24;32,24
12/01/2018 13:00;32,25;32,28;32,22;32,28
12/01/2018 11:00;32,33;32,33;32,26;32,26
12/01/2018 09:00;32,34;32,38;32,28;32,33
11/01/2018 16:20;32,19;32,22;32,15;32,22
11/01/2018 15:00;32,28;32,32;32,2;32,2
11/01/2018 13:00;32,28;32,28;32,22;32,28
11/01/2018 11:00;32,33;32,35;32,25;32,28
11/01/2018 09:00;32,37;32,43;32,22;32,33
10/01/2018 16:20;32,11;32,17;32,11;32,17
10/01/2018 15:00;32,14;32,22;32,11;32,12
10/01/2018 13:00;32,35;32,35;32,02;32,12
10/01/2018 11:00;32,44;32,48;32,35;32,35
10/01/2018 09:00;32,55;32,63;32,4;32,45
09/01/2018 16:20;32,62;32,88;32,6;32,84
09/01/2018 15:00;32,98;32,98;32,84;32,86
09/01/2018 13:00;32,84;33,01;32,84;32,98
09/01/2018 11:00;33,02;33,03;32,72;32,85
09/01/2018 09:00;33,08;33,15;32,98;33,02
08/01/2018 16:20;33,09;33,18;33,09;33,12
08/01/2018 15:00;33,18;33,2;33,12;33,18
08/01/2018 13:00;33,15;33,2;33,09;33,18
08/01/2018 11:00;33,18;33,22;33,15;33,18
08/01/2018 09:00;33;33,28;32,93;33,13
05/01/2018 16:20;33,04;33,09;33,04;33,09
05/01/2018 15:00;33,13;33,2;33,09;33,18
05/01/2018 13:00;33,18;33,18;32,84;33,11
05/01/2018 11:00;33,33;33,33;33,15;33,18
05/01/2018 09:00;33,38;33,38;33,3;33,3
04/01/2018 16:20;33,44;33,49;33,41;33,41
04/01/2018 15:00;33,39;33,44;33,38;33,44
04/01/2018 13:00;33,49;33,49;33,31;33,43
04/01/2018 11:00;33,44;33,54;33,44;33,49
04/01/2018 09:00;33,58;33,71;33,36;33,42
03/01/2018 16:20;33,54;33,59;33,49;33,59
03/01/2018 15:00;33,59;33,59;33,54;33,54
03/01/2018 13:00;33,54;33,62;33,54;33,58
03/01/2018 11:00;33,42;33,56;33,42;33,53
03/01/2018 09:00;33,52;33,61;33,39;33,42
02/01/2018 16:20;33,39;33,5;33,03;33,49
02/01/2018 15:00;33,56;33,59;33,55;33,55
02/01/2018 13:00;33,55;33,59;33,5;33,59
02/01/2018 11:00;33,62;33,62;33,55;33,56
02/01/2018 09:00;33,72;33,72;33,49;33,58
28/12/2017 16:20;33,74;33,79;33,69;33,74
28/12/2017 15:00;33,64;33,77;33,59;33,77
28/12/2017 13:00;33,64;33,64;33,62;33,64
28/12/2017 11:00;33,76;33,76;33,64;33,64
28/12/2017 09:00;33,67;33,93;33,63;33,76
27/12/2017 16:20;33,54;33,61;33,54;33,6
27/12/2017 15:00;33,49;33,64;33,48;33,61
27/12/2017 13:00;33,53;33,55;33,48;33,5
27/12/2017 11:00;33,47;33,55;33,46;33,5
27/12/2017 09:00;33,48;33,56;33,3;33,49
26/12/2017 16:20;33,22;33,22;33,14;33,19
26/12/2017 15:00;33,28;33,29;33,25;33,26
26/12/2017 13:00;33,27;33,32;33,27;33,29
26/12/2017 11:00;33,24;33,25;33,24;33,24
26/12/2017 09:00;33,24;33,29;33,23;33,25
22/12/2017 16:20;33,15;33,28;33,13;33,18
22/12/2017 15:00;33,26;33,38;33,22;33,33
22/12/2017 13:00;33,25;33,26;33,23;33,26
22/12/2017 11:00;33,33;33,33;33,23;33,23
22/12/2017 09:00;33,35;33,46;32,78;33,29
21/12/2017 16:20;33,38;33,39;33,38;33,38
21/12/2017 15:00;33,48;33,48;33,38;33,44
21/12/2017 13:00;33,44;33,52;33,43;33,49
21/12/2017 11:00;33,46;33,46;33,33;33,45
21/12/2017 09:00;33,78;33,84;33,39;33,47
20/12/2017 16:20;33,73;33,73;33,73;33,73
20/12/2017 15:00;33,75;33,75;33,52;33,69
20/12/2017 13:00;33,74;33,8;33,73;33,76
20/12/2017 11:00;33,82;33,84;33,7;33,74
20/12/2017 09:00;33,75;33,88;33,75;33,81
19/12/2017 16:20;33,66;33,7;33,64;33,64
19/12/2017 15:00;33,65;33,69;33,64;33,64
19/12/2017 13:00;33,61;33,69;33,6;33,64
19/12/2017 11:00;33,55;33,61;33,54;33,61
19/12/2017 09:00;33,59;33,59;33,51;33,54
18/12/2017 16:20;33,44;33,49;33,35;33,38
18/12/2017 15:00;33,49;33,53;33,42;33,42
18/12/2017 13:00;33,64;33,64;33,33;33,49
18/12/2017 11:00;33,64;33,65;33,59;33,64
18/12/2017 09:00;33,65;33,73;33,59;33,66
15/12/2017 16:20;33,49;33,49;33,48;33,48
15/12/2017 15:00;33,59;33,59;33,49;33,49
15/12/2017 13:00;33,44;33,59;33,44;33,59
15/12/2017 11:00;33,44;33,47;33,42;33,47
15/12/2017 09:00;33,34;33,46;33,23;33,46
14/12/2017 16:20;33,53;33,53;33,44;33,46
14/12/2017 15:00;33,44;33,59;33,43;33,53
14/12/2017 13:00;33,44;33,54;33,44;33,46
14/12/2017 11:00;33,41;33,49;33,37;33,38
14/12/2017 09:00;33,36;33,47;33,28;33,46
13/12/2017 16:20;33,09;33,09;32,98;33,07
13/12/2017 15:00;32,99;33,09;32,96;33,05
13/12/2017 13:00;33,09;33,16;32,96;32,96
13/12/2017 11:00;33,14;33,28;33,03;33,12
13/12/2017 09:00;33,03;33,23;32,91;33,11
12/12/2017 16:20;33,05;33,07;32,68;33,03
12/12/2017 15:00;33,02;33,11;32,98;33,11
12/12/2017 13:00;32,77;33,15;32,75;33,01
12/12/2017 11:00;32,67;32,88;32,67;32,78
12/12/2017 09:00;32,78;32,78;32,63;32,69
11/12/2017 16:20;32,61;32,66;32,61;32,66
11/12/2017 15:00;32,59;32,64;32,58;32,58
11/12/2017 13:00;32,68;32,73;32,58;32,59
11/12/2017 11:00;32,66;32,71;32,61;32,7
11/12/2017 09:00;32,48;32,69;32,48;32,67
08/12/2017 16:20;32,73;32,78;32,68;32,78
08/12/2017 15:00;32,81;32,81;32,66;32,7
08/12/2017 13:00;32,81;32,81;32,77;32,81
08/12/2017 11:00;32,78;32,79;32,75;32,76
08/12/2017 09:00;32,76;32,85;32,56;32,79
07/12/2017 16:20;32,83;32,89;32,6;32,88
07/12/2017 15:00;32,83;32,9;32,82;32,85
07/12/2017 13:00;32,83;32,83;32,81;32,83
07/12/2017 11:00;32,84;32,92;32,74;32,82
07/12/2017 09:00;32,6;33,03;32,59;32,83
06/12/2017 16:20;32,39;32,39;32,35;32,38
06/12/2017 15:00;32,43;32,46;32,38;32,38
06/12/2017 13:00;32,47;32,53;32,39;32,43
06/12/2017 11:00;32,49;32,52;32,48;32,48
06/12/2017 09:00;32,82;32,82;32,33;32,49
05/12/2017 16:20;32,75;32,78;32,73;32,78
05/12/2017 15:00;32,86;32,87;32,81;32,83
05/12/2017 13:00;32,83;32,88;32,79;32,86
05/12/2017 11:00;32,79;32,92;32,79;32,82
05/12/2017 09:00;32,84;32,88;32,66;32,8
04/12/2017 16:20;32,75;32,83;32,68;32,68
04/12/2017 15:00;32,69;32,83;32,68;32,78
04/12/2017 13:00;32,67;32,71;32,67;32,68
04/12/2017 11:00;32,67;32,69;32,64;32,66
04/12/2017 09:00;32,4;32,72;32,4;32,68
01/12/2017 16:20;32,48;32,53;32,48;32,53
01/12/2017 15:00;32,44;32,48;32,4;32,48
01/12/2017 13:00;32,42;32,45;32,41;32,44
01/12/2017 11:00;32,42;32,48;32,4;32,44
01/12/2017 09:00;32,48;32,48;32,22;32,38
30/11/2017 16:20;32,53;32,63;32,48;32,53
30/11/2017 15:00;32,38;32,48;32,36;32,48
30/11/2017 13:00;32,38;32,44;32,28;32,38
30/11/2017 11:00;32,12;32,43;32,12;32,36
30/11/2017 09:00;31,96;32,28;31,93;32,12
29/11/2017 16:20;31,87;31,95;31,85;31,86
29/11/2017 15:00;31,73;31,86;31,73;31,82
29/11/2017 13:00;31,58;31,77;31,58;31,75
29/11/2017 11:00;31,59;31,59;31,57;31,57
29/11/2017 09:00;31,47;31,61;31,46;31,57
28/11/2017 16:20;31,63;31,74;31,53;31,68
28/11/2017 15:00;31,6;31,63;31,58;31,63
28/11/2017 13:00;31,57;31,62;31,57;31,58
28/11/2017 11:00;31,57;31,61;31,48;31,57
28/11/2017 09:00;31,62;31,68;31,53;31,57
27/11/2017 16:20;31,77;31,82;31,76;31,8
27/11/2017 15:00;31,81;31,87;31,8;31,83
27/11/2017 13:00;31,87;31,88;31,81;31,83
27/11/2017 11:00;31,86;31,92;31,85;31,86
27/11/2017 09:00;32,02;32,02;31,76;31,92
24/11/2017 16:20;31,83;31,85;31,77;31,82
24/11/2017 15:00;31,82;31,85;31,78;31,83
24/11/2017 13:00;31,74;31,84;31,73;31,82
24/11/2017 11:00;31,74;31,82;31,72;31,72
24/11/2017 09:00;31,87;31,87;31,68;31,72
23/11/2017 16:20;32,21;32,22;32,05;32,06
23/11/2017 15:00;31,97;32,16;31,96;32,15
23/11/2017 13:00;31,82;31,97;31,82;31,97
23/11/2017 11:00;31,84;31,92;31,82;31,82
23/11/2017 09:00;31,91;32,08;31,68;31,83
22/11/2017 16:20;32,16;32,16;31,97;32,07
22/11/2017 15:00;31,93;32,03;31,92;32,02
22/11/2017 13:00;31,98;31,98;31,88;31,92
22/11/2017 11:00;32;32,03;31,94;31,98
22/11/2017 09:00;32,02;32,11;31,91;32
21/11/2017 16:20;32,28;32,33;32,27;32,33
21/11/2017 15:00;32,26;32,28;32,18;32,27
21/11/2017 13:00;32,46;32,46;32,26;32,26
21/11/2017 11:00;32,34;32,52;32,34;32,43
21/11/2017 09:00;32,54;32,65;32,29;32,36
17/11/2017 16:20;32,71;32,88;32,71;32,78
17/11/2017 15:00;32,75;32,78;32,68;32,68
17/11/2017 13:00;32,81;32,83;32,71;32,72
17/11/2017 11:00;32,88;32,88;32,75;32,81
17/11/2017 09:00;33,03;33,11;32,85;32,88
16/11/2017 16:20;32,97;33,18;32,97;33,09
16/11/2017 15:00;33,01;33,05;33;33,05
16/11/2017 13:00;33,04;33,08;33,01;33,01
16/11/2017 11:00;33,13;33,15;32,98;33,06
16/11/2017 09:00;33,23;33,23;33,11;33,13
14/11/2017 16:20;33,26;33,27;33,2;33,27
14/11/2017 15:00;33,22;33,24;33,2;33,24
14/11/2017 13:00;33,17;33,22;33,17;33,2
14/11/2017 11:00;33,14;33,19;33,12;33,17
14/11/2017 09:00;33,21;33,27;33,13;33,14
13/11/2017 16:20;33,37;33,37;33,3;33,36
13/11/2017 15:00;33,3;33,34;33,27;33,34
13/11/2017 13:00;33,3;33,31;33,21;33,3
13/11/2017 11:00;33,24;33,32;33,23;33,28
13/11/2017 09:00;33,17;33,37;33,17;33,24
10/11/2017 15:00;33,03;33,04;32,87;32,92
10/11/2017 13:00;32,98;33,02;32,97;32,99
10/11/2017 11:00;32,84;33,03;32,83;32,97
10/11/2017 09:00;33,01;33,01;32,81;32,83
09/11/2017 16:20;32,86;32,97;32,86;32,9
09/11/2017 15:00;32,99;33,03;32,9;32,91
09/11/2017 13:00;32,99;33,02;32,97;32,99
09/11/2017 11:00;32,98;33;32,96;33
09/11/2017 09:00;33,35;33,35;32,34;32,99
08/11/2017 16:20;33,14;33,32;33,14;33,27
08/11/2017 15:00;33,32;33,38;33,08;33,18
08/11/2017 13:00;33,32;33,38;33,27;33,33
08/11/2017 11:00;33,43;33,46;33,27;33,32
08/11/2017 09:00;33,44;33,64;33,4;33,43
07/11/2017 16:20;33,27;33,33;33,25;33,28
07/11/2017 15:00;33,31;33,35;33,24;33,27
07/11/2017 13:00;33,28;33,34;33,28;33,31
07/11/2017 11:00;33,37;33,39;33,28;33,28
07/11/2017 09:00;33,22;33,4;33,08;33,36
06/11/2017 16:20;33,49;33,53;33,41;33,41
06/11/2017 15:00;33,58;33,64;33,49;33,51
06/11/2017 13:00;33,53;33,68;33,47;33,6
06/11/2017 11:00;33,55;33,55;33,49;33,53
06/11/2017 09:00;33,57;33,58;33,35;33,53
03/11/2017 16:20;33,69;33,72;33,62;33,68
03/11/2017 15:00;33,69;33,79;33,67;33,67
03/11/2017 13:00;33,69;33,79;33,62;33,69
03/11/2017 11:00;33,65;33,72;33,59;33,68
03/11/2017 09:00;33,53;33,79;33,53;33,66
01/11/2017 16:20;33,21;33,21;33,13;33,17
01/11/2017 15:00;33,16;33,27;33,12;33,17
01/11/2017 13:00;33,16;33,2;33,07;33,16
01/11/2017 11:00;33,18;33,2;33,07;33,16
01/11/2017 09:00;33,13;33,33;33,02;33,18
31/10/2017 16:20;32,94;32,94;32,85;32,85
31/10/2017 15:00;32,89;32,94;32,81;32,94
31/10/2017 13:00;32,86;32,91;32,86;32,88
31/10/2017 11:00;32,99;33,01;32,86;32,89
31/10/2017 09:00;32,75;33,02;32,72;33,02
30/10/2017 16:20;32,62;32,71;32,6;32,68
30/10/2017 15:00;32,73;32,74;32,6;32,6
30/10/2017 13:00;32,73;32,74;32,67;32,71
30/10/2017 11:00;32,71;32,75;32,64;32,73
30/10/2017 09:00;32,82;32,86;32,68;32,69
27/10/2017 16:20;32,63;32,63;32,59;32,59
27/10/2017 15:00;32,63;32,66;32,57;32,65
27/10/2017 13:00;32,64;32,66;32,59;32,6
27/10/2017 11:00;32,6;32,71;32,56;32,59
27/10/2017 09:00;32,55;32,77;32,51;32,62
26/10/2017 16:20;32,75;33,02;32,73;32,97
26/10/2017 15:00;32,58;32,84;32,58;32,75
26/10/2017 13:00;32,56;32,58;32,5;32,54
26/10/2017 11:00;32,59;32,59;32,52;32,53
26/10/2017 09:00;32,76;32,86;32,47;32,59
25/10/2017 16:20;32,55;32,6;32,53;32,53
25/10/2017 15:00;32,67;32,74;32,5;32,55
25/10/2017 13:00;32,71;32,75;32,59;32,69
25/10/2017 11:00;32,72;32,76;32,62;32,71
25/10/2017 09:00;32,92;33,16;32,5;32,74
24/10/2017 16:20;33,15;33,15;33,02;33,07
24/10/2017 15:00;32,97;33,1;32,93;33,07
24/10/2017 13:00;33,19;33,2;32,94;32,97
24/10/2017 11:00;33,21;33,3;33,12;33,15
24/10/2017 09:00;32,98;33,21;32,92;33,21
23/10/2017 16:20;32,86;32,91;32,77;32,81
23/10/2017 15:00;32,76;32,86;32,71;32,81
23/10/2017 13:00;32,53;32,76;32,49;32,76
23/10/2017 11:00;32,57;32,87;32,51;32,55
23/10/2017 09:00;32,46;32,75;32,37;32,59
20/10/2017 16:20;32,41;32,5;32,3;32,3
20/10/2017 15:00;32,19;32,4;32,19;32,35
20/10/2017 13:00;32,2;32,2;32,16;32,19
20/10/2017 11:00;32,12;32,29;32,04;32,22
20/10/2017 09:00;32,3;32,3;32,04;32,11
19/10/2017 16:20;32,38;32,44;32,32;32,38
19/10/2017 15:00;32,5;32,57;32,21;32,3
19/10/2017 13:00;32,89;32,91;32,48;32,5
19/10/2017 11:00;32,94;32,97;32,89;32,89
19/10/2017 09:00;33,2;33,23;32,88;32,97
18/10/2017 16:20;33,38;33,43;33,36;33,41
18/10/2017 15:00;33,44;33,47;33,33;33,36
18/10/2017 13:00;33,52;33,6;33,38;33,47
18/10/2017 11:00;33,38;33,53;33,34;33,52
18/10/2017 09:00;33,57;33,57;33,17;33,4
17/10/2017 16:20;33,68;33,68;33,56;33,68
17/10/2017 15:00;33,74;33,75;33,48;33,53
17/10/2017 13:00;33,77;33,84;33,74;33,74
17/10/2017 11:00;34;34;33,77;33,77
17/10/2017 09:00;33,94;34,09;33,94;34
16/10/2017 16:20;33,81;33,89;33,74;33,84
16/10/2017 15:00;33,7;33,84;33,7;33,81
16/10/2017 13:00;33,65;33,73;33,65;33,69
16/10/2017 11:00;33,47;33,64;33,45;33,62
16/10/2017 09:00;33,65;33,73;33,31;33,48
13/10/2017 16:20;33,79;33,79;33,79;33,79
13/10/2017 15:00;33,62;33,74;33,59;33,69
13/10/2017 13:00;33,54;33,6;33,54;33,58
13/10/2017 11:00;33,69;33,7;33,54;33,54
13/10/2017 09:00;33,49;33,79;33,49;33,67
11/10/2017 16:20;33,5;33,53;33,37;33,43
11/10/2017 15:00;33,69;33,75;33,65;33,65
11/10/2017 13:00;33,74;33,85;33,65;33,67
11/10/2017 11:00;33,69;33,79;33,68;33,74
11/10/2017 09:00;33,77;34;33,6;33,67
10/10/2017 16:20;33,67;33,67;33,49;33,61
10/10/2017 15:00;33,53;33,68;33,53;33,68
10/10/2017 13:00;33,39;33,62;33,38;33,51
10/10/2017 11:00;33,47;33,48;33,38;33,39
10/10/2017 09:00;33,32;33,48;33,27;33,48
09/10/2017 16:20;33,15;33,22;33,12;33,13
09/10/2017 15:00;32,86;33,16;32,86;33,16
09/10/2017 13:00;32,97;33,04;32,81;32,86
09/10/2017 11:00;32,76;33,02;32,74;32,97
09/10/2017 09:00;32,76;32,88;32,66;32,73
06/10/2017 16:20;32,63;32,64;32,44;32,52
06/10/2017 15:00;32,39;32,64;32,39;32,64
06/10/2017 13:00;32,37;32,5;32,35;32,4
06/10/2017 11:00;32,24;32,45;32,22;32,34
06/10/2017 09:00;31,83;32,32;31,83;32,24
05/10/2017 16:20;31,87;31,94;31,84;31,86
05/10/2017 15:00;31,78;31,88;31,74;31,88
05/10/2017 13:00;31,77;31,95;31,77;31,78
05/10/2017 11:00;31,74;31,77;31,7;31,77
05/10/2017 09:00;31,69;31,73;31,65;31,71
04/10/2017 16:20;31,77;31,81;31,73;31,73
04/10/2017 15:00;31,68;31,79;31,67;31,78
04/10/2017 13:00;31,72;31,74;31,64;31,66
04/10/2017 11:00;31,73;31,74;31,68;31,72
04/10/2017 09:00;31,62;31,8;31,53;31,73
03/10/2017 16:20;31,96;32,09;31,86;31,99
03/10/2017 15:00;31,89;31,97;31,81;31,97
03/10/2017 13:00;31,9;31,99;31,88;31,89
03/10/2017 11:00;31,89;31,93;31,85;31,9
03/10/2017 09:00;31,72;31,99;31,62;31,88
02/10/2017 16:20;31,56;31,63;31,52;31,57
02/10/2017 15:00;31,48;31,63;31,43;31,63
02/10/2017 13:00;31,54;31,64;31,37;31,47
02/10/2017 11:00;31,54;31,56;31,52;31,53
02/10/2017 09:00;31,62;31,78;31,52;31,52
29/09/2017 16:20;31,57;31,63;31,53;31,63
29/09/2017 15:00;31,54;31,63;31,5;31,59
29/09/2017 13:00;31,5;31,63;31,5;31,54
29/09/2017 11:00;31,52;31,53;31,46;31,49
29/09/2017 09:00;31,35;31,63;31,29;31,51
28/09/2017 16:20;31,75;31,75;31,61;31,73
28/09/2017 15:00;32,01;32,01;31,66;31,74
28/09/2017 13:00;31,97;32,04;31,96;32
28/09/2017 11:00;32;32,08;31,96;31,97
28/09/2017 09:00;31,4;32,12;31,38;32,02
27/09/2017 16:20;31,61;31,82;31,6;31,6
27/09/2017 15:00;31,64;31,69;31,52;31,63
27/09/2017 13:00;31,49;31,7;31,48;31,65
27/09/2017 11:00;31,28;31,73;31,27;31,5
27/09/2017 09:00;31,09;31,42;30,95;31,27
26/09/2017 16:20;31,37;31,37;31,28;31,29
26/09/2017 15:00;31,31;31,37;31,27;31,37
26/09/2017 13:00;31,44;31,45;31,3;31,32
26/09/2017 11:00;31,44;31,51;31,42;31,45
26/09/2017 09:00;31,68;31,68;31,38;31,42
25/09/2017 16:20;31,85;31,87;31,78;31,78
25/09/2017 15:00;31,88;31,89;31,78;31,81
25/09/2017 13:00;31,86;31,9;31,84;31,88
25/09/2017 11:00;31,9;31,9;31,78;31,88
25/09/2017 09:00;32,54;32,54;31,06;31,91
22/09/2017 16:20;32,31;32,54;32,28;32,28
22/09/2017 15:00;32,42;32,47;32,31;32,31
22/09/2017 13:00;32,38;32,47;32,37;32,43
22/09/2017 11:00;32,33;32,55;32,3;32,38
22/09/2017 09:00;33,02;33,17;32,3;32,3
21/09/2017 16:20;32,77;32,88;32,55;32,67
21/09/2017 15:00;33,07;33,11;32,87;32,91
21/09/2017 13:00;33,12;33,22;33,07;33,07
21/09/2017 11:00;33,17;33,21;32,91;33,13
21/09/2017 09:00;32,66;33,58;32,66;33,16
20/09/2017 16:20;32,75;32,85;32,56;32,71
20/09/2017 15:00;32,3;32,71;32,3;32,65
20/09/2017 13:00;32,11;32,35;32,11;32,29
20/09/2017 11:00;31,69;32,22;31,69;32,09
20/09/2017 09:00;31,49;31,73;31,43;31,68
19/09/2017 16:20;31,52;31,61;31,5;31,5
19/09/2017 15:00;31,6;31,63;31,52;31,55
19/09/2017 13:00;31,57;31,6;31,52;31,6
19/09/2017 11:00;31,62;31,65;31,47;31,57
19/09/2017 09:00;31,62;31,73;31,57;31,61
18/09/2017 16:20;31,83;31,85;31,66;31,73
18/09/2017 15:00;31,73;31,73;31,64;31,65
18/09/2017 13:00;31,7;31,76;31,65;31,72
18/09/2017 11:00;31,68;31,74;31,63;31,7
18/09/2017 09:00;31,72;31,83;31,36;31,68
15/09/2017 16:20;31,73;31,78;31,64;31,68
15/09/2017 15:00;31,82;31,91;31,55;31,78
15/09/2017 13:00;31,44;31,9;31,42;31,84
15/09/2017 11:00;31,37;31,56;31,37;31,47
15/09/2017 09:00;30,93;31,42;30,78;31,37
14/09/2017 16:20;30,74;30,79;30,74;30,77
14/09/2017 15:00;30,76;30,77;30,72;30,75
14/09/2017 13:00;30,72;30,77;30,72;30,77
14/09/2017 11:00;30,77;30,77;30,7;30,71
14/09/2017 09:00;30,72;30,77;30,63;30,77
13/09/2017 16:20;30,69;30,83;30,69;30,83
13/09/2017 15:00;30,69;30,72;30,65;30,72
13/09/2017 13:00;30,65;30,71;30,62;30,66
13/09/2017 11:00;30,63;30,67;30,63;30,64
13/09/2017 09:00;30,57;30,66;30,56;30,65
12/09/2017 16:20;30,63;30,76;30,63;30,71
12/09/2017 15:00;30,55;30,65;30,55;30,65
12/09/2017 13:00;30,56;30,61;30,49;30,56
12/09/2017 11:00;30,57;30,64;30,56;30,56
12/09/2017 09:00;30,61;30,61;30,52;30,56
11/09/2017 16:20;30,4;30,46;30,39;30,39
11/09/2017 15:00;30,46;30,56;30,31;30,42
11/09/2017 13:00;30,43;30,49;30,42;30,48
11/09/2017 11:00;30,39;30,61;30,35;30,45
11/09/2017 09:00;30,52;30,52;30,29;30,37
08/09/2017 16:20;30,58;30,59;30,3;30,5
08/09/2017 15:00;30,57;30,61;30,45;30,57
08/09/2017 13:00;30,69;30,72;30,45;30,59
08/09/2017 11:00;30,62;30,71;30,61;30,69
08/09/2017 09:00;30,61;30,71;30,45;30,66
06/09/2017 16:20;30,72;30,83;30,72;30,83
06/09/2017 15:00;30,6;30,77;30,6;30,72
06/09/2017 13:00;30,57;30,66;30,53;30,59
06/09/2017 11:00;30,51;30,63;30,48;30,56
06/09/2017 09:00;30,59;30,62;30,36;30,5
05/09/2017 16:20;30,65;30,72;30,51;30,61
05/09/2017 15:00;30,44;30,56;30,44;30,56
05/09/2017 13:00;30,46;30,58;30,31;30,43
05/09/2017 11:00;30,13;30,49;30,13;30,46
05/09/2017 09:00;30,14;30,21;30,08;30,12
04/09/2017 16:20;29,81;29,85;29,72;29,85
04/09/2017 15:00;29,8;29,87;29,8;29,81
04/09/2017 13:00;29,82;29,91;29,8;29,8
04/09/2017 11:00;29,74;29,85;29,69;29,85
04/09/2017 09:00;29,82;29,85;29,67;29,71
01/09/2017 16:20;29,85;30;29,83;30
01/09/2017 15:00;29,94;29,98;29,83;29,97
01/09/2017 13:00;29,95;30,02;29,85;29,94
01/09/2017 11:00;29,95;30,05;29,86;29,96
01/09/2017 09:00;30,22;30,36;29,92;29,95
31/08/2017 16:20;29,91;30,02;29,91;30,02
31/08/2017 15:00;29,83;29,91;29,83;29,91
31/08/2017 13:00;29,95;30,02;29,82;29,82
31/08/2017 11:00;29,73;30,02;29,71;29,95
31/08/2017 09:00;29,54;29,77;29,52;29,72
30/08/2017 16:20;29,42;29,47;29,37;29,39
30/08/2017 15:00;29,4;29,47;29,37;29,42
30/08/2017 13:00;29,34;29,41;29,31;29,39
30/08/2017 11:00;29,42;29,42;29,31;29,34
30/08/2017 09:00;29,28;29,43;29,16;29,42
29/08/2017 16:20;29,53;29,6;29,51;29,51
29/08/2017 15:00;29,49;29,61;29,42;29,56
29/08/2017 13:00;29,46;29,47;29,42;29,47
29/08/2017 11:00;29,44;29,45;29,4;29,43
29/08/2017 09:00;29,56;29,56;29,38;29,44
28/08/2017 16:20;29,53;29,61;29,52;29,58
28/08/2017 15:00;29,54;29,56;29,49;29,53
28/08/2017 13:00;29,49;29,59;29,49;29,55
28/08/2017 11:00;29,52;29,53;29,47;29,49
28/08/2017 09:00;29,65;29,65;29,33;29,5
25/08/2017 16:20;29,84;29,91;29,81;29,87
25/08/2017 15:00;29,95;29,96;29,85;29,9
25/08/2017 13:00;29,86;29,95;29,85;29,95
25/08/2017 11:00;29,87;29,89;29,8;29,85
25/08/2017 09:00;29,69;29,96;29,67;29,91
24/08/2017 16:20;30,22;30,29;30,07;30,19
24/08/2017 15:00;30,07;30,18;30,06;30,08
24/08/2017 13:00;29,97;30,07;29,94;30,02
24/08/2017 11:00;30,05;30,06;29,91;30,05
24/08/2017 09:00;29,74;30,17;29,74;30,06
23/08/2017 16:20;29,85;29,85;29,79;29,85
23/08/2017 15:00;29,97;30,14;29,85;29,86
23/08/2017 13:00;29,83;30,02;29,83;30,02
23/08/2017 11:00;29,86;29,91;29,81;29,81
23/08/2017 09:00;29,95;30,02;29,64;29,87
22/08/2017 16:20;30,12;30,18;30,07;30,07
22/08/2017 15:00;30,12;30,29;30,12;30,29
22/08/2017 13:00;30,52;30,52;30,07;30,08
22/08/2017 11:00;30,52;30,52;30,47;30,52
22/08/2017 09:00;30,95;30,95;30,34;30,52
21/08/2017 16:20;31,19;31,2;31,11;31,12
21/08/2017 15:00;31,36;31,39;31,26;31,31
21/08/2017 13:00;31,05;31,48;30,99;31,36
21/08/2017 11:00;30,98;31,14;30,98;31,05
21/08/2017 09:00;31,11;31,13;30,88;30,99
18/08/2017 16:20;31,08;31,11;30,93;30,93
18/08/2017 15:00;30,97;31,05;30,88;31,05
18/08/2017 13:00;30,93;31,03;30,83;30,97
18/08/2017 11:00;30,74;31,05;30,72;30,91
18/08/2017 09:00;30,83;31,18;30,66;30,74
17/08/2017 16:20;30,5;31,26;30,5;31,2
17/08/2017 15:00;30,38;30,55;30,37;30,55
17/08/2017 13:00;30,25;30,5;30,25;30,4
17/08/2017 11:00;30,25;30,29;30,23;30,24
17/08/2017 09:00;30,45;30,45;30,18;30,29
16/08/2017 16:20;30,04;30,1;29,99;30,03
16/08/2017 15:00;30,19;30,19;30,07;30,12
16/08/2017 13:00;30,1;30,2;30,05;30,2
16/08/2017 11:00;30,33;30,34;30,05;30,08
16/08/2017 09:00;30,18;30,49;30,18;30,34
15/08/2017 16:20;30,03;30,07;29,99;30,07
15/08/2017 15:00;29,83;30,13;29,83;30,06
15/08/2017 13:00;29,85;29,85;29,73;29,8
15/08/2017 11:00;29,74;29,85;29,71;29,85
15/08/2017 09:00;29,53;29,94;29,53;29,74
14/08/2017 16:20;29,38;29,73;29,37;29,59
14/08/2017 15:00;29,52;29,69;29,52;29,63
14/08/2017 13:00;29,56;29,57;29,5;29,52
14/08/2017 11:00;29,58;29,59;29,53;29,56
14/08/2017 09:00;29,38;29,69;29,38;29,6
11/08/2017 16:20;29,42;29,63;29,42;29,52
11/08/2017 15:00;29,42;29,46;29,23;29,41
11/08/2017 13:00;29,31;29,47;29,31;29,41
11/08/2017 11:00;29,37;29,38;29,26;29,31
11/08/2017 09:00;29,31;29,41;29,21;29,33
10/08/2017 16:20;29,31;29,37;29,07;29,21
10/08/2017 15:00;29,15;29,29;29,14;29,26
10/08/2017 13:00;29,45;29,45;28,91;29,16
10/08/2017 11:00;29,31;29,53;29,31;29,47
10/08/2017 09:00;28,89;29,46;28,88;29,31
09/08/2017 16:20;29,18;29,28;29,05;29,15
09/08/2017 15:00;29,06;29,17;29,04;29,11
09/08/2017 13:00;29,02;29,08;28,99;29,04
09/08/2017 11:00;29,04;29,18;29,03;29,03
09/08/2017 09:00;28,55;29,05;28,55;29,04
08/08/2017 16:20;28,94;28,94;28,73;28,93
08/08/2017 15:00;28,84;28,84;28,77;28,81
08/08/2017 13:00;28,74;28,86;28,73;28,86
08/08/2017 11:00;28,81;28,83;28,68;28,72
08/08/2017 09:00;28,73;28,91;28,68;28,81
07/08/2017 16:20;28,59;28,59;28,58;28,58
07/08/2017 15:00;28,59;28,74;28,59;28,62
07/08/2017 13:00;28,48;28,6;28,47;28,6
07/08/2017 11:00;28,47;28,53;28,46;28,5
07/08/2017 09:00;28,41;28,6;28,41;28,48
04/08/2017 16:20;28,33;28,33;28,28;28,3
04/08/2017 15:00;28,33;28,34;28,25;28,33
04/08/2017 13:00;28,34;28,34;28,24;28,3
04/08/2017 11:00;28,17;28,63;28,14;28,34
04/08/2017 09:00;28,14;28,17;28,07;28,14
03/08/2017 16:20;28,2;28,34;28,18;28,34
03/08/2017 15:00;28,09;28,22;28,07;28,17
03/08/2017 13:00;28,25;28,28;28,07;28,07
03/08/2017 11:00;27,88;28,34;27,88;28,23
03/08/2017 09:00;27,93;27,98;27,7;27,91
02/08/2017 16:20;28,12;28,15;28,02;28,05
02/08/2017 15:00;28,12;28,18;28,12;28,17
02/08/2017 13:00;28,12;28,14;28,12;28,12
02/08/2017 11:00;28,08;28,19;28,07;28,12
02/08/2017 09:00;28,05;28,19;28,04;28,08
01/08/2017 16:20;28,1;28,18;28,1;28,13
01/08/2017 15:00;27,98;28,1;27,96;28,09
01/08/2017 13:00;28;28,02;27,96;27,98
01/08/2017 11:00;28,08;28,08;27,96;28,01
01/08/2017 09:00;28,12;28,2;28,08;28,09
31/07/2017 16:20;28,24;28,31;28,23;28,27
31/07/2017 15:00;28,28;28,32;28,27;28,27
31/07/2017 13:00;28,23;28,34;28,23;28,31
31/07/2017 11:00;28,21;28,24;28,15;28,23
31/07/2017 09:00;28,02;28,2;27,96;28,17
28/07/2017 16:20;28,39;28,39;28,26;28,31
28/07/2017 15:00;28,22;28,36;28,12;28,31
28/07/2017 13:00;28,15;28,41;28,13;28,23
28/07/2017 11:00;28,12;28,15;28,1;28,12
28/07/2017 09:00;28,13;28,13;28,02;28,12
27/07/2017 16:20;28,15;28,15;28,07;28,07
27/07/2017 15:00;28,17;28,17;28,02;28,05
27/07/2017 13:00;28,14;28,18;28,11;28,18
27/07/2017 11:00;28,1;28,21;28,1;28,15
27/07/2017 09:00;27,96;28,17;27,91;28,12
26/07/2017 16:20;28,14;28,17;28,02;28,07
26/07/2017 15:00;28,18;28,19;28,1;28,17
26/07/2017 13:00;28,17;28,23;28,13;28,21
26/07/2017 11:00;28,11;28,2;28,11;28,17
26/07/2017 09:00;28,02;28,11;27,96;28,11
25/07/2017 16:20;28,17;28,23;28,13;28,14
25/07/2017 15:00;28,19;28,23;28,12;28,13
25/07/2017 13:00;28,21;28,28;28,15;28,17
25/07/2017 11:00;28,17;28,21;28,11;28,2
25/07/2017 09:00;28,12;28,33;28,12;28,18
24/07/2017 16:20;28,28;28,55;28,28;28,55
24/07/2017 15:00;28,23;28,25;28,2;28,24
24/07/2017 13:00;28,2;28,27;28,2;28,21
24/07/2017 11:00;28,21;28,23;28,17;28,19
24/07/2017 09:00;28,15;28,23;28,01;28,23
21/07/2017 16:20;28,44;28,59;28,34;28,49
21/07/2017 15:00;28,5;28,51;28,41;28,5
21/07/2017 13:00;28,57;28,57;28,46;28,5
21/07/2017 11:00;28,6;28,6;28,5;28,55
21/07/2017 09:00;28,57;28,62;28,49;28,58
20/07/2017 16:20;28,77;28,88;28,77;28,88
20/07/2017 15:00;28,87;28,88;28,77;28,78
20/07/2017 13:00;28,76;28,92;28,76;28,87
20/07/2017 11:00;28,65;28,76;28,64;28,74
20/07/2017 09:00;28,77;28,85;28,57;28,65
19/07/2017 16:20;28,55;28,76;28,55;28,66
19/07/2017 15:00;28,45;28,61;28,41;28,5
19/07/2017 13:00;28,55;28,61;28,4;28,45
19/07/2017 11:00;28,57;28,66;28,5;28,52
19/07/2017 09:00;28,57;28,66;28,45;28,55
18/07/2017 16:20;28,49;28,54;28,39;28,47
18/07/2017 15:00;28,7;28,71;28,28;28,39
18/07/2017 13:00;28,88;29,02;28,65;28,71
18/07/2017 11:00;28,99;29,06;28,88;28,93
18/07/2017 09:00;29,16;29,3;28,77;28,93
17/07/2017 16:20;28,52;28,65;28,45;28,65
17/07/2017 15:00;28,4;28,52;28,34;28,52
17/07/2017 13:00;28,31;28,5;28,31;28,41
17/07/2017 11:00;28,3;28,39;28,14;28,35
17/07/2017 09:00;28,34;28,4;28,22;28,3
14/07/2017 16:20;28,55;28,55;28,46;28,46
14/07/2017 15:00;28,38;28,55;28,38;28,55
14/07/2017 13:00;28,5;28,53;28,33;28,37
14/07/2017 11:00;28,26;28,52;28,26;28,5
14/07/2017 09:00;28,12;28,39;28,12;28,27
13/07/2017 16:20;27,97;28,14;27,97;27,99
13/07/2017 15:00;27,96;28,18;27,93;28,15
13/07/2017 13:00;28,13;28,14;27,91;27,97
13/07/2017 11:00;28;28,21;27,95;28,18
13/07/2017 09:00;28,27;28,28;27,96;28,01
12/07/2017 16:20;28,65;28,68;28,55;28,63
12/07/2017 15:00;28,57;28,72;28,49;28,54
12/07/2017 13:00;29,21;29,38;28,45;28,55
12/07/2017 11:00;29,26;29,49;29,21;29,21
12/07/2017 09:00;29,4;29,41;29,13;29,26
11/07/2017 16:20;29,67;29,73;29,61;29,64
11/07/2017 15:00;29,72;29,85;29,68;29,73
11/07/2017 13:00;29,33;29,87;29,21;29,74
11/07/2017 11:00;29,21;29,34;29,11;29,32
11/07/2017 09:00;29,2;29,3;28,85;29,2
10/07/2017 16:20;29,21;29,74;29,21;29,74
10/07/2017 15:00;28,89;29,2;28,86;29,2
10/07/2017 13:00;28,8;28,93;28,73;28,91
10/07/2017 11:00;28,83;28,98;28,78;28,81
10/07/2017 09:00;28,58;28,98;28,58;28,84
07/07/2017 16:20;28,12;28,12;28,07;28,08
07/07/2017 15:00;28,19;28,23;28,18;28,2
07/07/2017 13:00;28,24;28,25;28,17;28,21
07/07/2017 11:00;28,22;28,27;28,19;28,23
07/07/2017 09:00;28,07;28,22;28,07;28,22
06/07/2017 16:20;27,97;28,1;27,97;28,1
06/07/2017 15:00;27,97;28,07;27,87;27,99
06/07/2017 13:00;27,95;28,09;27,95;28,01
06/07/2017 11:00;28,07;28,08;27,94;27,95
06/07/2017 09:00;28,21;28,22;27,93;28,07
05/07/2017 16:20;28,28;28,37;28,02;28,13
05/07/2017 15:00;28,26;28,39;28,26;28,34
05/07/2017 13:00;28,41;28,43;28,23;28,25
05/07/2017 11:00;28,49;28,64;28,39;28,43
05/07/2017 09:00;28,59;28,74;28,49;28,49
04/07/2017 16:20;28,66;28,71;28,52;28,71
04/07/2017 15:00;28,7;28,74;28,66;28,67
04/07/2017 13:00;28,53;28,72;28,52;28,7
04/07/2017 11:00;28,5;28,55;28,46;28,52
04/07/2017 09:00;28,58;28,68;28,28;28,52
03/07/2017 16:20;28,33;28,49;28,33;28,49
03/07/2017 15:00;28,33;28,44;28,33;28,39
03/07/2017 13:00;28,46;28,53;28,27;28,34
03/07/2017 11:00;28,25;28,53;28,23;28,46
03/07/2017 09:00;27,81;28,41;27,74;28,21
30/06/2017 16:20;27,95;27,96;27,7;27,84
30/06/2017 15:00;27,91;27,98;27,86;27,94
30/06/2017 13:00;27,53;27,96;27,47;27,93
30/06/2017 11:00;27,58;27,66;27,54;27,57
30/06/2017 09:00;27,48;27,62;27,42;27,58
29/06/2017 16:20;27,67;27,68;27,58;27,58
29/06/2017 15:00;27,69;27,74;27,68;27,68
29/06/2017 13:00;27,61;27,74;27,59;27,69
29/06/2017 11:00;27,58;27,64;27,51;27,61
29/06/2017 09:00;27,35;27,72;27,35;27,57
28/06/2017 16:20;27,49;27,55;27,39;27,46
28/06/2017 15:00;27,32;27,49;27,3;27,47
28/06/2017 13:00;27,2;27,35;27,17;27,35
28/06/2017 11:00;27,14;27,24;27,12;27,17
28/06/2017 09:00;27,2;27,26;27,07;27,15
27/06/2017 16:20;27,26;27,31;27,09;27,31
27/06/2017 15:00;27,32;27,35;27,2;27,2
27/06/2017 13:00;27,45;27,45;27,32;27,35
27/06/2017 11:00;27,45;27,51;27,42;27,46
27/06/2017 09:00;27,53;27,58;27,26;27,47
26/06/2017 16:20;27,74;27,8;27,73;27,74
26/06/2017 15:00;27,7;27,73;27,66;27,69
26/06/2017 13:00;28,01;28,01;27,71;27,72
26/06/2017 11:00;28,13;28,13;28,01;28,01
26/06/2017 09:00;28,4;28,43;28,07;28,12
23/06/2017 16:20;28,25;28,34;28,25;28,34
23/06/2017 15:00;28,32;28,39;28,25;28,34
23/06/2017 13:00;28,31;28,39;28,3;28,34
23/06/2017 11:00;28,33;28,37;28,31;28,34
23/06/2017 09:00;28,45;28,5;28,26;28,33
22/06/2017 16:20;28,51;28,63;28,45;28,52
22/06/2017 15:00;28,6;28,6;28,5;28,52
22/06/2017 13:00;28,65;28,65;28,58;28,6
22/06/2017 11:00;28,63;28,72;28,63;28,66
22/06/2017 09:00;28,75;28,77;28,46;28,62
21/06/2017 16:20;28,81;28,83;28,77;28,78
21/06/2017 15:00;28,83;28,88;28,77;28,77
21/06/2017 13:00;28,88;28,88;28,79;28,79
21/06/2017 11:00;28,77;28,89;28,74;28,88
21/06/2017 09:00;28,94;28,99;28,67;28,73
20/06/2017 16:20;28,9;28,92;28,86;28,88
20/06/2017 15:00;28,97;29,03;28,88;28,89
20/06/2017 13:00;28,97;29,08;28,87;28,99
20/06/2017 11:00;28,84;28,99;28,79;28,99
20/06/2017 09:00;28,88;29,1;28,79;28,85
19/06/2017 16:20;28,94;28,94;28,84;28,84
19/06/2017 15:00;28,97;29,06;28,96;29,04
19/06/2017 13:00;29,1;29,1;28,93;28,97
19/06/2017 11:00;29,11;29,15;29,06;29,06
19/06/2017 09:00;29,19;29,2;29,1;29,15
16/06/2017 16:20;29,2;29,23;29,18;29,18
16/06/2017 15:00;29,23;29,31;29,15;29,26
16/06/2017 13:00;29,15;29,25;29,12;29,24
16/06/2017 11:00;29,16;29,16;29,12;29,13
16/06/2017 09:00;29,06;29,17;29,03;29,14
14/06/2017 16:20;29,19;29,23;29,11;29,11
14/06/2017 15:00;29,21;29,26;29,14;29,14
14/06/2017 13:00;29,26;29,31;29,21;29,21
14/06/2017 11:00;29,31;29,31;29,23;29,26
14/06/2017 09:00;29,53;29,56;29,27;29,31
13/06/2017 16:20;29,4;29,47;29,39;29,4
13/06/2017 15:00;29,36;29,42;29,34;29,41
13/06/2017 13:00;29,34;29,38;29,28;29,36
13/06/2017 11:00;29,32;29,38;29,29;29,34
13/06/2017 09:00;29,27;29,36;29,07;29,36
12/06/2017 16:20;29,27;29,33;29,25;29,29
12/06/2017 15:00;29,43;29,44;29,25;29,29
12/06/2017 13:00;29,41;29,47;29,37;29,47
12/06/2017 11:00;29,37;29,41;29,37;29,4
12/06/2017 09:00;29,52;29,55;29,33;29,39
09/06/2017 16:20;29,6;29,69;29,5;29,64
09/06/2017 15:00;29,65;29,83;29,57;29,6
09/06/2017 13:00;29,58;29,79;29,53;29,66
09/06/2017 11:00;29,7;29,74;29,59;29,67
09/06/2017 09:00;29,82;29,94;29,5;29,69
08/06/2017 16:20;29,72;29,74;29,49;29,74
08/06/2017 15:00;29,8;29,84;29,69;29,74
08/06/2017 13:00;29,85;29,89;29,76;29,8
08/06/2017 11:00;29,71;29,91;29,71;29,85
08/06/2017 09:00;29,64;29,95;29,49;29,74
07/06/2017 16:20;29,63;29,69;29,58;29,69
07/06/2017 15:00;29,58;29,64;29,58;29,64
07/06/2017 13:00;29,56;29,64;29,55;29,58
07/06/2017 11:00;29,57;29,63;29,52;29,58
07/06/2017 09:00;29,39;29,61;29,39;29,54
06/06/2017 16:20;29,15;29,74;29;29,3
06/06/2017 15:00;29,24;29,25;29,12;29,17
06/06/2017 13:00;29,26;29,26;29,24;29,26
06/06/2017 11:00;29,25;29,31;29,24;29,26
06/06/2017 09:00;29,29;29,31;29,2;29,25
05/06/2017 16:20;29,2;29,31;29,1;29,2
05/06/2017 15:00;29,16;29,2;29,15;29,15
05/06/2017 13:00;29,2;29,31;29,16;29,18
05/06/2017 11:00;29,15;29,26;29,14;29,2
05/06/2017 09:00;28,91;29,32;28,88;29,16
02/06/2017 16:20;28,89;28,91;28,88;28,91
02/06/2017 15:00;28,98;28,99;28,94;28,94
02/06/2017 13:00;29;29;28,89;28,98
02/06/2017 11:00;28,99;29,08;28,99;29,01
02/06/2017 09:00;28,88;29,07;28,78;29,01
01/06/2017 16:20;28,91;28,96;28,77;28,88
01/06/2017 15:00;28,83;28,99;28,81;28,96
01/06/2017 13:00;28,7;28,87;28,7;28,83
01/06/2017 11:00;28,77;28,77;28,6;28,7
01/06/2017 09:00;28,87;28,89;28,73;28,75
31/05/2017 16:20;29,06;29,07;29,03;29,07
31/05/2017 15:00;29,08;29,1;29,05;29,1
31/05/2017 13:00;29,05;29,1;28,99;29,08
31/05/2017 11:00;28,98;29,1;28,98;29,1
31/05/2017 09:00;29,08;29,18;28,89;28,96
30/05/2017 16:20;28,97;29,26;28,93;29,15
30/05/2017 15:00;29,04;29,04;28,93;28,97
30/05/2017 13:00;29,12;29,14;29,03;29,05
30/05/2017 11:00;29,13;29,13;29,07;29,1
30/05/2017 09:00;29,11;29,26;29,06;29,12
29/05/2017 16:20;29,29;29,31;29,2;29,25
29/05/2017 15:00;29,31;29,36;29,29;29,3
29/05/2017 13:00;29,3;29,31;29,27;29,31
29/05/2017 11:00;29,38;29,39;29,29;29,32
29/05/2017 09:00;29,31;29,42;29,21;29,39
26/05/2017 16:20;29,13;29,3;29,13;29,2
26/05/2017 15:00;29,08;29,19;29,04;29,15
26/05/2017 13:00;28,99;29,08;28,98;29,08
26/05/2017 11:00;28,99;29,02;28,99;28,99
26/05/2017 09:00;29,01;29,07;28,93;28,99
25/05/2017 16:20;29,1;29,24;29,07;29,24
25/05/2017 15:00;29,2;29,2;29,12;29,13
25/05/2017 13:00;29,19;29,25;29,16;29,24
25/05/2017 11:00;29,11;29,2;29,08;29,2
25/05/2017 09:00;29,12;29,16;29;29,1
24/05/2017 16:20;29,11;29,31;29,1;29,31
24/05/2017 15:00;29,21;29,31;29,11;29,11
24/05/2017 13:00;29,2;29,31;29,17;29,21
24/05/2017 11:00;29,19;29,26;29,16;29,24
24/05/2017 09:00;29,41;29,47;29,14;29,15
23/05/2017 16:20;29,31;29,55;29,24;29,41
23/05/2017 15:00;29,46;29,52;29,43;29,43
23/05/2017 13:00;29,51;29,54;29,41;29,43
23/05/2017 11:00;29,44;29,58;29,43;29,51
23/05/2017 09:00;29,54;29,54;29,31;29,44
22/05/2017 16:20;29,89;29,89;29,64;29,69
22/05/2017 15:00;30,02;30,06;29,89;29,96
22/05/2017 13:00;30,09;30,16;30,02;30,02
22/05/2017 11:00;30,14;30,23;30,09;30,12
22/05/2017 09:00;30,06;30,23;29,99;30,12
19/05/2017 16:20;29,85;30,06;29,85;30,06
19/05/2017 15:00;30,07;30,07;29,92;29,92
19/05/2017 13:00;29,87;30,08;29,87;30,08
19/05/2017 11:00;29,87;29,99;29,8;29,87
19/05/2017 09:00;30,25;30,29;29,87;29,87
18/05/2017 16:20;30,39;30,61;30,29;30,4
18/05/2017 15:00;30,31;30,38;30,2;30,29
18/05/2017 13:00;30,23;30,39;30,13;30,3
18/05/2017 11:00;30,45;30,45;30,11;30,22
18/05/2017 09:00;29,7;30,45;29,7;30,45
17/05/2017 16:20;28,88;28,98;28,88;28,98
17/05/2017 15:00;28,93;29,04;28,92;28,93
17/05/2017 13:00;28,93;28,98;28,9;28,93
17/05/2017 11:00;28,85;28,98;28,85;28,93
17/05/2017 09:00;28,84;28,91;28,72;28,88
16/05/2017 16:20;28,99;28,99;28,85;28,85
16/05/2017 15:00;28,96;29,02;28,92;28,99
16/05/2017 13:00;28,96;28,97;28,9;28,97
16/05/2017 11:00;28,94;28,97;28,89;28,97
16/05/2017 09:00;29,16;29,16;28,94;28,94
15/05/2017 16:20;29,04;29,04;28,99;29,03
15/05/2017 15:00;29,1;29,15;29;29
15/05/2017 13:00;29,04;29,11;29,02;29,1
15/05/2017 11:00;29,05;29,1;29,04;29,04
15/05/2017 09:00;29,05;29,12;28,94;29,08
12/05/2017 16:20;28,92;28,93;28,57;28,93
12/05/2017 15:00;28,9;28,93;28,88;28,92
12/05/2017 13:00;28,84;28,9;28,79;28,9
12/05/2017 11:00;28,94;28,97;28,83;28,83
12/05/2017 09:00;28,92;28,96;28,83;28,92
11/05/2017 16:20;29,1;29,15;29,05;29,05
11/05/2017 15:00;29,06;29,1;29,04;29,1
11/05/2017 13:00;29,06;29,1;29,04;29,05
11/05/2017 11:00;29,06;29,15;29,03;29,1
11/05/2017 09:00;29,07;29,19;28,99;29,1
10/05/2017 16:20;28,83;28,9;28,77;28,88
10/05/2017 15:00;28,86;28,9;28,83;28,83
10/05/2017 13:00;28,79;28,93;28,79;28,88
10/05/2017 11:00;28,83;28,86;28,81;28,83
10/05/2017 09:00;28,9;29,03;28,77;28,83
09/05/2017 16:20;29,08;29,12;29,08;29,1
09/05/2017 15:00;29,04;29,08;29,02;29,08
09/05/2017 13:00;29,07;29,07;29,02;29,05
09/05/2017 11:00;29,02;29,1;29,01;29,06
09/05/2017 09:00;29,17;29,2;28,99;29,02
08/05/2017 16:20;29,2;29,2;29,05;29,17
08/05/2017 15:00;29,31;29,33;29,21;29,21
08/05/2017 13:00;29,38;29,39;29,24;29,31
08/05/2017 11:00;29,53;29,53;29,42;29,42
08/05/2017 09:00;29,43;29,58;29,42;29,47
05/05/2017 16:20;29,47;29,53;29,42;29,53
05/05/2017 15:00;29,54;29,64;29,49;29,49
05/05/2017 13:00;29,59;29,7;29,53;29,58
05/05/2017 11:00;29,59;29,68;29,51;29,65
05/05/2017 09:00;29,66;30,06;29,59;29,64
04/05/2017 16:20;29,78;29,78;29,67;29,68
04/05/2017 15:00;29,86;29,9;29,54;29,74
04/05/2017 13:00;29,96;29,97;29,86;29,91
04/05/2017 11:00;29,96;30;29,94;29,96
04/05/2017 09:00;29,94;30,11;29,85;29,96
03/05/2017 16:20;29,84;29,93;29,77;29,87
03/05/2017 15:00;29,78;29,85;29,77;29,85
03/05/2017 13:00;29,74;29,8;29,74;29,8
03/05/2017 11:00;29,85;29,85;29,7;29,74
03/05/2017 09:00;29,64;29,85;29,64;29,85
02/05/2017 16:20;29,72;29,74;29,69;29,69
02/05/2017 15:00;29,64;29,74;29,64;29,74
02/05/2017 13:00;29,7;29,7;29,64;29,64
02/05/2017 11:00;29,64;29,7;29,58;29,7
02/05/2017 09:00;29,63;29,83;29,47;29,67
28/04/2017 16:20;29,47;29,51;29,42;29,45
28/04/2017 15:00;29,47;29,47;29,45;29,47
28/04/2017 13:00;29,39;29,47;29,39;29,46
28/04/2017 11:00;29,47;29,5;29,39;29,42
28/04/2017 09:00;29,28;29,52;29,28;29,44
27/04/2017 16:20;29,42;29,57;29,37;29,46
27/04/2017 15:00;29,37;29,42;29,36;29,41
27/04/2017 13:00;29,26;29,37;29,26;29,37
27/04/2017 11:00;29,26;29,34;29,2;29,32
27/04/2017 09:00;29,31;29,31;29,01;29,28
26/04/2017 16:20;29,2;29,25;28,98;29,2
26/04/2017 15:00;29,33;29,39;29,3;29,3
26/04/2017 13:00;29,42;29,42;29,33;29,34
26/04/2017 11:00;29,36;29,47;29,36;29,47
26/04/2017 09:00;29,26;29,41;29,2;29,33
25/04/2017 16:20;29,47;29,47;29,4;29,47
25/04/2017 15:00;29,52;29,53;29,47;29,47
25/04/2017 13:00;29,61;29,61;29,49;29,52
25/04/2017 11:00;29,49;29,61;29,44;29,61
25/04/2017 09:00;29,5;29,6;29,47;29,53
24/04/2017 16:20;29,49;29,51;29,32;29,41
24/04/2017 15:00;29,58;29,59;29,52;29,53
24/04/2017 13:00;29,64;29,64;29,58;29,58
24/04/2017 11:00;29,72;29,72;29,59;29,64
24/04/2017 09:00;29,77;29,79;29,64;29,72
20/04/2017 16:20;29,72;29,74;29,53;29,61
20/04/2017 15:00;29,57;29,64;29,56;29,64
20/04/2017 13:00;29,58;29,68;29,5;29,53
20/04/2017 11:00;29,7;29,7;29,58;29,58
20/04/2017 09:00;30,11;30,11;29,64;29,66
19/04/2017 16:20;30,17;30,17;30,08;30,08
19/04/2017 15:00;30,18;30,22;30,12;30,17
19/04/2017 13:00;30,18;30,18;30,11;30,18
19/04/2017 11:00;30,13;30,23;30,12;30,18
19/04/2017 09:00;30,27;30,29;30,14;30,18
18/04/2017 16:20;30,12;30,13;29,98;30,07
18/04/2017 15:00;30,09;30,12;30,05;30,07
18/04/2017 13:00;30;30,12;30;30,05
18/04/2017 11:00;30,02;30,12;29,99;30,02
18/04/2017 09:00;29,96;30,07;29,91;30,03
17/04/2017 16:20;29,9;29,9;29,85;29,85
17/04/2017 15:00;29,8;29,91;29,79;29,85
17/04/2017 13:00;29,87;29,89;29,76;29,78
17/04/2017 11:00;29,93;29,96;29,85;29,95
17/04/2017 09:00;30,13;30,29;29,96;29,96
13/04/2017 16:20;29,91;29,91;29,8;29,8
13/04/2017 15:00;29,84;29,89;29,8;29,8
13/04/2017 13:00;29,81;29,91;29,8;29,85
13/04/2017 11:00;29,85;29,87;29,82;29,84
13/04/2017 09:00;29,64;30,14;29,64;29,85
12/04/2017 16:20;29,61;29,71;29,37;29,71
12/04/2017 15:00;29,64;29,73;29,63;29,69
12/04/2017 13:00;29,63;29,66;29,53;29,64
12/04/2017 11:00;29,69;29,74;29,64;29,64
12/04/2017 09:00;29,39;29,69;29,39;29,69
11/04/2017 16:20;29,64;29,66;29,58;29,58
11/04/2017 15:00;29,43;29,68;29,42;29,64
11/04/2017 13:00;29,5;29,56;29,36;29,45
11/04/2017 11:00;29,54;29,63;29,53;29,53
11/04/2017 09:00;29,43;29,63;29,43;29,57
10/04/2017 16:20;29,73;29,74;29,64;29,72
10/04/2017 15:00;29,73;29,8;29,7;29,7
10/04/2017 13:00;29,64;29,76;29,64;29,71
10/04/2017 11:00;29,58;29,69;29,53;29,64
10/04/2017 09:00;29,53;29,7;29,53;29,58
07/04/2017 16:20;29,55;29,57;29,42;29,52
07/04/2017 15:00;29,54;29,56;29,41;29,47
07/04/2017 13:00;29,57;29,57;29,43;29,53
07/04/2017 11:00;29,44;29,63;29,39;29,55
07/04/2017 09:00;29,46;29,47;29,26;29,44
06/04/2017 16:20;29,37;29,46;29,31;29,38
06/04/2017 15:00;29,52;29,57;29,31;29,44
06/04/2017 13:00;29,64;29,64;29,51;29,51
06/04/2017 11:00;29,57;29,69;29,55;29,69
06/04/2017 09:00;29,81;29,83;29,53;29,58
05/04/2017 16:20;29,51;29,72;29,51;29,72
05/04/2017 15:00;29,66;29,69;29,51;29,51
05/04/2017 13:00;29,58;29,69;29,53;29,67
05/04/2017 11:00;29,62;29,68;29,57;29,57
05/04/2017 09:00;29,68;29,72;29,47;29,62
04/04/2017 16:20;29,84;29,94;29,58;29,58
04/04/2017 15:00;29,75;29,83;29,66;29,8
04/04/2017 13:00;29,78;29,84;29,68;29,74
04/04/2017 11:00;29,93;29,93;29,74;29,8
04/04/2017 09:00;30,08;30,21;29,95;29,95
03/04/2017 16:20;30,4;30,41;30,29;30,38
03/04/2017 15:00;30,51;30,56;30,42;30,45
03/04/2017 13:00;30,76;30,78;30,4;30,51
03/04/2017 11:00;31,01;31,01;30,63;30,73
03/04/2017 09:00;31,18;31,27;31;31,03
31/03/2017 16:20;31,07;31,16;31,07;31,12
31/03/2017 15:00;31,04;31,07;31,02;31,05
31/03/2017 13:00;31,06;31,11;30,98;31,08
31/03/2017 11:00;31,05;31,19;30,94;31
31/03/2017 09:00;31,21;31,76;31,05;31,11
30/03/2017 16:20;30,75;30,89;30,73;30,89
30/03/2017 15:00;30,82;30,91;30,8;30,87
30/03/2017 13:00;30,9;30,94;30,78;30,82
30/03/2017 11:00;31,03;31,05;30,8;30,94
30/03/2017 09:00;30,95;31,32;30,89;31,05
29/03/2017 16:20;30,89;31;30,89;30,99
29/03/2017 15:00;30,91;30,99;30,89;30,92
29/03/2017 13:00;30,79;30,93;30,79;30,89
29/03/2017 11:00;30,8;30,94;30,79;30,81
29/03/2017 09:00;30,83;31,05;30,79;30,84
28/03/2017 16:20;30,57;30,64;30,52;30,59
28/03/2017 15:00;30,56;30,62;30,5;30,54
28/03/2017 13:00;30,52;30,62;30,52;30,56
28/03/2017 11:00;30,67;30,67;30,41;30,52
28/03/2017 09:00;30,56;30,78;30,56;30,67
27/03/2017 16:20;30,93;31;30,78;30,94
27/03/2017 15:00;30,99;31;30,89;30,89
27/03/2017 13:00;31,11;31,11;30,91;31
27/03/2017 11:00;31,09;31,14;30,98;31,11
27/03/2017 09:00;30,56;31,7;30,56;31,05
24/03/2017 16:20;30,34;30,55;30,17;30,24
24/03/2017 15:00;30,36;30,38;30,26;30,29
24/03/2017 13:00;30,62;30,62;30,3;30,34
24/03/2017 11:00;30,57;30,62;30,5;30,62
24/03/2017 09:00;30,36;30,64;30,24;30,56
23/03/2017 16:20;30,75;30,95;30,7;30,78
23/03/2017 15:00;30,66;30,76;30,63;30,74
23/03/2017 13:00;30,78;30,83;30,56;30,63
23/03/2017 11:00;31,09;31,11;30,78;30,78
23/03/2017 09:00;31,13;31,2;30,93;31,06
22/03/2017 16:20;31,3;31,36;31,16;31,21
22/03/2017 15:00;31,5;31,5;31,16;31,27
22/03/2017 13:00;31,53;31,65;31,51;31,51
22/03/2017 11:00;31,74;31,74;31,43;31,54
22/03/2017 09:00;31,99;32,13;31,68;31,74
21/03/2017 16:20;32,65;32,65;32,41;32,45
21/03/2017 15:00;32,55;32,63;32,51;32,63
21/03/2017 13:00;32,57;32,58;32,48;32,52
21/03/2017 11:00;32,63;32,7;32,52;32,62
21/03/2017 09:00;32,41;32,72;32,33;32,63
20/03/2017 16:20;32,39;32,5;32,36;32,41
20/03/2017 15:00;32,43;32,43;32,36;32,37
20/03/2017 13:00;32,57;32,57;32,4;32,42
20/03/2017 11:00;32,63;32,68;32,55;32,57
20/03/2017 09:00;32,65;32,74;32,43;32,68
17/03/2017 16:20;32,86;32,87;32,72;32,74
17/03/2017 15:00;32,9;32,99;32,8;32,9
17/03/2017 13:00;33,18;33,23;32,86;32,9
17/03/2017 11:00;33,23;33,23;33,18;33,18
17/03/2017 09:00;33,31;33,5;33,06;33,23
16/03/2017 16:20;33,39;33,44;33,18;33,28
16/03/2017 15:00;33,55;33,55;33,34;33,34
16/03/2017 13:00;33,63;33,69;33,55;33,6
16/03/2017 11:00;33,5;33,62;33,48;33,61
16/03/2017 09:00;33,44;33,82;33,39;33,51
15/03/2017 16:20;33,31;33,39;33,25;33,36
15/03/2017 15:00;33,4;33,44;33,35;33,39
15/03/2017 13:00;33,22;33,51;33,17;33,4
15/03/2017 11:00;33,23;33,28;33,19;33,2
15/03/2017 09:00;33,53;33,66;32,98;33,23
14/03/2017 16:20;33,2;33,27;33,03;33,27
14/03/2017 15:00;33,23;33,28;33,2;33,2
14/03/2017 13:00;33,32;33,32;33,22;33,25
14/03/2017 11:00;33,28;33,36;33,23;33,31
14/03/2017 09:00;33,44;33,49;33,2;33,28
13/03/2017 16:20;33,72;33,77;33,72;33,73
13/03/2017 15:00;33,76;33,77;33,66;33,72
13/03/2017 13:00;33,79;33,79;33,72;33,76
13/03/2017 11:00;33,67;33,8;33,63;33,71
13/03/2017 09:00;33,87;33,9;33,55;33,68
10/03/2017 16:20;33,66;33,69;33,66;33,68
10/03/2017 15:00;33,65;33,7;33,61;33,69
10/03/2017 13:00;33,66;33,69;33,62;33,64
10/03/2017 11:00;33,64;33,66;33,61;33,66
10/03/2017 09:00;33,64;33,68;33,56;33,62
09/03/2017 16:20;33,32;33,47;33,32;33,47
09/03/2017 15:00;33,42;33,5;33,4;33,43
09/03/2017 13:00;33,43;33,51;33,39;33,42
09/03/2017 11:00;33,42;33,51;33,37;33,43
09/03/2017 09:00;33,57;33,68;33,39;33,43
08/03/2017 16:20;33,71;33,77;33,64;33,75
08/03/2017 15:00;33,9;33,9;33,8;33,8
08/03/2017 13:00;33,9;33,99;33,88;33,88
08/03/2017 11:00;33,88;33,93;33,81;33,88
08/03/2017 09:00;33,96;33,96;33,67;33,82
07/03/2017 16:20;33,85;34,02;33,77;33,93
07/03/2017 15:00;33,85;33,9;33,82;33,9
07/03/2017 13:00;34,12;34,14;33,76;33,83
07/03/2017 11:00;34,09;34,12;34,01;34,09
07/03/2017 09:00;34,17;34,22;33,96;34,08
06/03/2017 16:20;34,34;34,42;34,33;34,38
06/03/2017 15:00;34,41;34,42;34,32;34,35
06/03/2017 13:00;34,33;34,42;34,33;34,42
06/03/2017 11:00;34,41;34,47;34,32;34,34
06/03/2017 09:00;34,33;34,47;34,24;34,33
03/03/2017 16:20;34;34,06;33,94;34,05
03/03/2017 15:00;34,04;34,14;33,96;34,06
03/03/2017 13:00;34,09;34,12;33,95;34,04
03/03/2017 11:00;33,98;34,21;33,94;34,12
03/03/2017 09:00;33,97;34;33,85;33,96
02/03/2017 16:20;33,8;33,84;33,74;33,8
02/03/2017 15:00;33,85;33,89;33,78;33,82
02/03/2017 13:00;33,7;33,91;33,7;33,85
02/03/2017 11:00;33,7;33,75;33,59;33,75
02/03/2017 09:00;33,63;33,81;33,52;33,7
01/03/2017 16:20;33,38;33,79;33,38;33,79
01/03/2017 15:00;33,45;33,45;33,34;33,38
01/03/2017 13:00;33,32;33,56;33,23;33,46
24/02/2017 16:20;33,09;33,18;33,03;33,18
24/02/2017 15:00;33,14;33,2;33,13;33,13
24/02/2017 13:00;33,18;33,21;33,13;33,13
24/02/2017 11:00;33,23;33,23;33,15;33,15
24/02/2017 09:00;33;33,34;32,99;33,27
23/02/2017 16:20;33,37;33,45;33,22;33,24
23/02/2017 15:00;33,26;33,35;33,19;33,35
23/02/2017 13:00;33,23;33,36;33,2;33,2
23/02/2017 11:00;33,27;33,32;33,16;33,18
23/02/2017 09:00;33,15;33,35;33,07;33,32
22/02/2017 16:20;32,84;32,88;32,7;32,75
22/02/2017 15:00;32,75;32,86;32,75;32,86
22/02/2017 13:00;32,81;32,81;32,68;32,75
22/02/2017 11:00;32,97;33,03;32,76;32,77
22/02/2017 09:00;33,08;33,08;32,86;32,98
21/02/2017 16:20;32,79;32,85;32,75;32,84
21/02/2017 15:00;32,83;32,84;32,72;32,79